Date,ConsensusTarget,StockPrice,ForwardDate,StockPrice12mForward
2018-07-23,46.0,45.14631652832031,2019-07-23,49.95498275756836
2018-07-24,52.0,45.47383117675781,2019-07-24,49.91432571411133
2018-07-25,52.0,45.902652740478516,2019-07-25,49.519649505615234
2018-07-26,52.0,45.758907318115234,2019-07-26,49.691871643066406
2018-07-27,52.0,44.99787902832031,2019-07-29,50.15591812133789
2018-07-30,52.0,44.74577713012695,2019-07-30,49.940650939941406
2018-07-31,52.0,44.835304260253906,2019-07-31,50.95963668823242
2018-08-01,50.5,47.476558685302734,2019-08-01,49.856910705566406
2018-08-02,51.666666666666664,48.86433029174805,2019-08-02,48.80203628540039
2018-08-03,51.666666666666664,49.005706787109375,2019-08-05,46.24736022949219
2018-08-06,51.666666666666664,49.26017379760742,2019-08-06,47.12282943725586
2018-08-07,51.666666666666664,48.798362731933594,2019-08-07,47.61081314086914
2018-08-08,51.666666666666664,48.83135223388672,2019-08-08,48.66090393066406
2018-08-09,51.666666666666664,49.21540451049805,2019-08-09,48.259925842285156
2018-08-10,51.666666666666664,49.06880569458008,2019-08-12,48.13747024536133
2018-08-13,51.666666666666664,49.385643005371094,2019-08-13,50.17601013183594
2018-08-14,51.666666666666664,49.59370040893555,2019-08-14,48.6825065612793
2018-08-15,51.666666666666664,49.70956039428711,2019-08-15,48.440006256103516
2018-08-16,51.666666666666664,50.43781280517578,2019-08-16,49.582942962646484
2018-08-17,51.666666666666664,51.445045471191406,2019-08-19,50.507362365722656
2018-08-20,51.666666666666664,50.94380187988281,2019-08-20,50.50975799560547
2018-08-21,53.214285714285715,50.84449768066406,2019-08-21,51.057220458984375
2018-08-22,53.214285714285715,50.84685134887695,2019-08-22,51.013999938964844
2018-08-23,53.214285714285715,50.950897216796875,2019-08-23,48.65610122680664
2018-08-24,53.214285714285715,51.10929870605469,2019-08-26,49.580535888671875
2018-08-27,53.214285714285715,51.53015899658203,2019-08-27,49.02107238769531
2018-08-28,53.214285714285715,51.94631576538086,2019-08-28,49.350032806396484
2018-08-29,53.214285714285715,52.721839904785156,2019-08-29,50.185611724853516
2018-08-30,53.214285714285715,53.20654296875,2019-08-30,50.120784759521484
2018-08-31,53.125,53.82129669189453,2019-09-03,49.39084243774414
2018-09-04,54.166666666666664,53.993900299072266,2019-09-04,50.22883224487305
2018-09-05,55.90909090909091,53.64159393310547,2019-09-05,51.21088790893555
2018-09-06,55.90909090909091,52.75020980834961,2019-09-06,51.20608139038086
2018-09-07,55.90909090909091,52.32461929321289,2019-09-09,51.42457580566406
2018-09-10,55.90909090909091,51.622379302978516,2019-09-10,52.032073974609375
2018-09-11,55.90909090909091,52.92754364013672,2019-09-11,53.68642807006836
2018-09-12,55.90909090909091,52.27023696899414,2019-09-12,53.56637191772461
2018-09-13,56.98076923076923,53.532833099365234,2019-09-13,52.524295806884766
2018-09-14,56.98076923076923,52.925174713134766,2019-09-16,52.8004264831543
2018-09-17,56.98076923076923,51.51598358154297,2019-09-17,52.99251174926758
2018-09-18,56.98076923076923,51.60110855102539,2019-09-18,53.48954772949219
2018-09-19,56.98076923076923,51.631839752197266,2019-09-19,53.054935455322266
2018-09-20,56.98076923076923,52.02434158325195,2019-09-20,52.27937698364258
2018-09-21,56.98076923076923,51.46397018432617,2019-09-23,52.517093658447266
2018-09-24,56.98076923076923,52.204036712646484,2019-09-24,52.26737976074219
2018-09-25,56.98076923076923,52.53504943847656,2019-09-25,53.071754455566406
2018-09-26,56.98076923076923,52.116546630859375,2019-09-26,52.79801940917969
2018-09-27,57.767857142857146,53.1876335144043,2019-09-27,52.54110336303711
2018-09-28,57.5,53.374420166015625,2019-09-30,53.77766799926758
2018-10-01,57.5,53.73381423950195,2019-10-01,53.92654800415039
2018-10-02,57.5,54.21141815185547,2019-10-02,52.5747184753418
2018-10-03,57.5,54.87109375,2019-10-03,53.02132797241211
2018-10-04,57.5,53.90640640258789,2019-10-04,54.50761413574219
2018-10-05,57.5,53.03157424926758,2019-10-07,54.51962661743164
2018-10-08,57.5,52.908634185791016,2019-10-08,53.880916595458984
2018-10-09,57.5,53.64159393310547,2019-10-09,54.51240539550781
2018-10-10,57.5,51.156585693359375,2019-10-10,55.24715042114258
2018-10-11,57.5,50.704994201660156,2019-10-11,56.71662521362305
2018-10-12,57.5,52.51613998413086,2019-10-14,56.635005950927734
2018-10-15,57.5,51.39304733276367,2019-10-15,56.5029296875
2018-10-16,57.5,52.525596618652344,2019-10-16,56.27482604980469
2018-10-17,57.5,52.29861831665039,2019-10-17,56.49332809448242
2018-10-18,57.5,51.07621383666992,2019-10-18,56.7646598815918
2018-10-19,58.75,51.854095458984375,2019-10-21,57.74911880493164
2018-10-22,58.75,52.170928955078125,2019-10-22,57.61705017089844
2018-10-23,58.75,52.66273880004883,2019-10-23,58.39021682739258
2018-10-24,58.75,50.85630416870117,2019-10-24,58.48624801635742
2018-10-25,58.75,51.9699592590332,2019-10-25,59.20658493041992
2018-10-26,58.75,51.14241027832031,2019-10-28,59.79966354370117
2018-10-29,59.19117647058823,50.18244934082031,2019-10-29,58.41661834716797
2018-10-30,59.19117647058823,50.433074951171875,2019-10-30,58.40940475463867
2018-10-31,59.19117647058823,51.7476921081543,2019-10-31,59.73002243041992
2018-11-01,59.19117647058823,52.54214096069336,2019-11-01,61.425209045410156
2018-11-02,58.51086956521739,49.0569953918457,2019-11-04,61.82859420776367
2018-11-05,58.51086956521739,47.664337158203125,2019-11-05,61.73975372314453
2018-11-06,58.51086956521739,48.179779052734375,2019-11-06,61.76617431640625
2018-11-07,58.51086956521739,49.640995025634766,2019-11-07,62.47903060913086
2018-11-08,58.708333333333336,49.467796325683594,2019-11-08,62.65003204345703
2018-11-09,58.708333333333336,48.51398468017578,2019-11-11,63.1461296081543
2018-11-12,58.708333333333336,46.07013702392578,2019-11-12,63.08832931518555
2018-11-13,58.708333333333336,45.60983657836914,2019-11-13,63.69284439086914
2018-11-14,58.61,44.32148742675781,2019-11-14,63.25209426879883
2018-11-15,58.61,45.41529083251953,2019-11-15,64.00350189208984
2018-11-16,58.61,45.918296813964844,2019-11-18,64.32622528076172
2018-11-19,58.61,44.09843826293945,2019-11-19,64.1311264038086
2018-11-20,58.10576923076923,41.99150848388672,2019-11-20,63.38455581665039
2018-11-21,58.10576923076923,41.94404602050781,2019-11-21,63.10036849975586
2018-11-23,58.10576923076923,40.87872314453125,2019-11-25,64.15040588378906
2018-11-26,58.10576923076923,41.43155288696289,2019-11-26,63.64947509765625
2018-11-27,58.10576923076923,41.341400146484375,2019-11-27,64.50442504882812
2018-11-28,58.10576923076923,42.93109130859375,2019-11-29,64.36231994628906
2018-11-29,58.03703703703704,42.60129928588867,2019-11-29,64.36231994628906
2018-11-30,58.03703703703704,42.37114334106445,2019-12-02,63.61817932128906
2018-12-03,58.03703703703704,43.85167694091797,2019-12-03,62.483863830566406
2018-12-04,57.75,41.92270278930664,2019-12-04,63.03532409667969
2018-12-06,57.18103448275862,41.45528793334961,2019-12-06,65.19563293457031
2018-12-07,57.24166666666667,39.97711944580078,2019-12-09,64.2828598022461
2018-12-10,57.00806451612903,40.24048614501953,2019-12-10,64.65856170654297
2018-12-11,57.00806451612903,40.01032257080078,2019-12-11,65.21003723144531
2018-12-12,57.00806451612903,40.12184524536133,2019-12-12,65.37622833251953
2018-12-13,57.00806451612903,40.56079864501953,2019-12-13,66.26490783691406
2018-12-14,57.4140625,39.262943267822266,2019-12-16,67.39920806884766
2018-12-17,57.4140625,38.897544860839844,2019-12-17,67.53168487548828
2018-12-18,57.4140625,39.40293502807617,2019-12-18,67.37033081054688
2018-12-19,57.4140625,38.173885345458984,2019-12-19,67.43775177001953
2018-12-20,57.4140625,37.21057891845703,2019-12-20,67.29808044433594
2018-12-21,57.4140625,35.763248443603516,2019-12-23,68.39627838134766
2018-12-24,57.4140625,34.837921142578125,2019-12-24,68.4612808227539
2018-12-26,57.4140625,37.29125213623047,2019-12-26,69.81959533691406
2018-12-27,57.4140625,37.04924011230469,2019-12-27,69.79309844970703
2018-12-28,57.4140625,37.0682258605957,2019-12-30,70.20729064941406
2018-12-31,57.4140625,37.42649841308594,2019-12-31,70.72029876708984
2019-01-02,57.4140625,37.46919631958008,2020-01-02,72.33386993408203
2019-01-03,55.225,33.737003326416016,2020-01-03,71.63065338134766
2019-01-04,54.91463414634146,35.177207946777344,2020-01-06,72.20143127441406
2019-01-07,54.91463414634146,35.098907470703125,2020-01-07,71.86186218261719
2019-01-08,54.91463414634146,35.76801300048828,2020-01-08,73.01783752441406
2019-01-09,54.91463414634146,36.37540054321289,2020-01-09,74.56880187988281
2019-01-10,54.91463414634146,36.49165725708008,2020-01-10,74.73738098144531
2019-01-11,54.91463414634146,36.133392333984375,2020-01-13,76.3341064453125
2019-01-14,54.91463414634146,35.59004211425781,2020-01-14,75.30335235595703
2019-01-15,54.91463414634146,36.31846237182617,2020-01-15,74.98062133789062
2019-01-16,54.91463414634146,36.76214599609375,2020-01-16,75.91985321044922
2019-01-17,54.91463414634146,36.980438232421875,2020-01-17,76.76036071777344
2019-01-18,54.91463414634146,37.20820617675781,2020-01-21,76.24015045166016
2019-01-22,55.06410256410256,36.37303161621094,2020-01-22,76.51231384277344
2019-01-23,55.06410256410256,36.5201416015625,2020-01-23,76.88077545166016
2019-01-24,55.06410256410256,36.23067092895508,2020-01-24,76.65921020507812
2019-01-25,55.06410256410256,37.431236267089844,2020-01-27,74.40503692626953
2019-01-28,55.06410256410256,37.08483123779297,2020-01-28,76.5099105834961
2019-01-29,55.52777777777778,36.700462341308594,2020-01-29,78.1114501953125
2019-01-30,52.924107142857146,39.2083740234375,2020-01-30,77.99824523925781
2019-01-31,52.924107142857146,39.49072265625,2020-01-31,74.5398941040039
2019-02-01,52.924107142857146,39.50969314575195,2020-02-03,74.33517456054688
2019-02-04,52.924107142857146,40.63197326660156,2020-02-04,76.7892837524414
2019-02-05,52.924107142857146,41.32716751098633,2020-02-05,77.41544342041016
2019-02-06,52.924107142857146,41.341400146484375,2020-02-06,78.32095336914062
2019-02-07,52.924107142857146,40.55842971801758,2020-02-07,77.25638580322266
2019-02-08,52.924107142857146,40.606075286865234,2020-02-10,77.62329864501953
2019-02-11,52.924107142857146,40.372562408447266,2020-02-11,77.15499114990234
2019-02-12,52.924107142857146,40.7204475402832,2020-02-12,78.98723602294922
2019-02-13,52.924107142857146,40.55126953125,2020-02-13,78.42475128173828
2019-02-14,52.924107142857146,40.699005126953125,2020-02-14,78.44404602050781
2019-02-15,52.924107142857146,40.60845947265625,2020-02-18,77.00772857666016
2019-02-19,52.6905487804878,40.72998809814453,2020-02-19,78.12300109863281
2019-02-20,52.6905487804878,40.992095947265625,2020-02-20,77.32154846191406
2019-02-21,52.6905487804878,40.76095962524414,2020-02-21,75.57135772705078
2019-02-22,52.6905487804878,41.21609115600586,2020-02-24,71.98169708251953
2019-02-25,52.6905487804878,41.516319274902344,2020-02-25,69.54352569580078
2019-02-26,52.6905487804878,41.5401611328125,2020-02-26,70.646728515625
2019-02-27,52.6905487804878,41.668819427490234,2020-02-27,66.0286865234375
2019-02-28,52.6953125,41.25898361206055,2020-02-28,65.99006652832031
2019-03-01,52.6953125,41.692657470703125,2020-03-02,72.13378143310547
2019-03-04,52.443910256410255,41.902347564697266,2020-03-03,69.84286499023438
2019-03-05,51.832770270270274,41.82609176635742,2020-03-04,73.08251953125
2019-03-06,51.832770270270274,41.5854377746582,2020-03-05,70.71192932128906
2019-03-07,51.832770270270274,41.104095458984375,2020-03-06,69.7728500366211
2019-03-08,51.832770270270274,41.201805114746094,2020-03-09,64.25436401367188
2019-03-11,51.832770270270274,42.62910842895508,2020-03-10,68.88208770751953
2019-03-12,51.832770270270274,43.10805892944336,2020-03-11,66.48977661132812
2019-03-13,51.20178571428571,43.298702239990234,2020-03-12,59.92359161376953
2019-03-14,51.307291666666664,43.780029296875,2020-03-13,67.1029281616211
2019-03-15,51.307291666666664,44.349525451660156,2020-03-16,58.470340728759766
2019-03-18,51.307291666666664,44.80228042602539,2020-03-17,61.041290283203125
2019-03-19,51.307291666666664,44.44721984863281,2020-03-18,59.5470085144043
2019-03-20,51.307291666666664,44.835628509521484,2020-03-19,59.09075164794922
2019-03-21,51.59134615384615,46.486934661865234,2020-03-20,55.33933639526367
2019-03-22,51.59134615384615,45.524269104003906,2020-03-23,54.1637077331543
2019-03-25,51.59134615384615,44.97383499145508,2020-03-24,59.597694396972656
2019-03-26,51.821220930232556,44.509178161621094,2020-03-25,59.269378662109375
2019-03-27,51.436011904761905,44.90949249267578,2020-03-26,62.3883171081543
2019-03-28,51.37957317073171,44.96906661987305,2020-03-27,59.8052978515625
2019-03-29,51.37957317073171,45.262149810791016,2020-03-30,61.512027740478516
2019-04-01,51.37957317073171,45.569557189941406,2020-03-31,61.38649368286133
2019-04-02,51.37957317073171,46.23197937011719,2020-04-01,58.156524658203125
2019-04-03,51.37957317073171,46.54889678955078,2020-04-02,59.126956939697266
2019-04-04,51.37957317073171,46.62991714477539,2020-04-03,58.27722930908203
2019-04-05,51.37957317073171,46.94205856323242,2020-04-06,63.36119079589844
2019-04-08,51.37957317073171,47.68075180053711,2020-04-07,62.6273193359375
2019-04-09,51.37957317073171,47.53778076171875,2020-04-08,64.230224609375
2019-04-10,51.315406976744185,47.80465316772461,2020-04-09,64.6937255859375
2019-04-11,51.33664772727273,47.406707763671875,2020-04-13,65.96351623535156
2019-04-12,51.33664772727273,47.38766098022461,2020-04-13,65.96351623535156
2019-04-15,51.33664772727273,47.47343063354492,2020-04-14,69.29487609863281
2019-04-16,51.33664772727273,47.47819137573242,2020-04-15,68.66240692138672
2019-04-17,51.33664772727273,48.402748107910156,2020-04-16,69.20797729492188
2019-04-18,50.7281976744186,48.57669448852539,2020-04-17,68.26891326904297
2019-04-22,50.7281976744186,48.73634338378906,2020-04-21,64.78545379638672
2019-04-23,50.7281976744186,49.439300537109375,2020-04-22,66.65149688720703
2019-04-24,50.90482954545455,49.363033294677734,2020-04-23,66.3932113647461
2019-04-25,51.079166666666666,48.91505813598633,2020-04-24,68.30995178222656
2019-04-26,51.079166666666666,48.68154525756836,2020-04-27,68.35821533203125
2019-04-29,50.734375,48.755401611328125,2020-04-28,67.25019073486328
2019-04-30,50.734375,47.816566467285156,2020-04-29,69.45903778076172
2019-05-01,51.50127551020408,50.16368103027344,2020-04-30,70.92432403564453
2019-05-02,50.792151162790695,49.83721923828125,2020-05-01,69.78252410888672
2019-05-03,50.792151162790695,50.45677185058594,2020-05-04,70.76985168457031
2019-05-06,50.792151162790695,49.67757034301758,2020-05-05,71.83202362060547
2019-05-07,50.792151162790695,48.33840560913086,2020-05-06,72.57315063476562
2019-05-08,50.495535714285715,48.34794616699219,2020-05-07,73.32389831542969
2019-05-09,50.495535714285715,47.82848358154297,2020-05-08,75.0691146850586
2019-05-10,50.495535714285715,47.1658821105957,2020-05-11,76.25038146972656
2019-05-13,50.495535714285715,44.42464065551758,2020-05-12,75.37896728515625
2019-05-14,50.355182926829265,45.12788391113281,2020-05-13,74.46882629394531
2019-05-15,50.355182926829265,45.668495178222656,2020-05-14,74.92633056640625
2019-05-16,50.355182926829265,45.467552185058594,2020-05-15,74.48332977294922
2019-05-17,50.197916666666664,45.209228515625,2020-05-18,76.23827362060547
2019-05-20,50.3125,43.795536041259766,2020-05-19,75.79772186279297
2019-05-21,50.3125,44.6351432800293,2020-05-20,77.2718505859375
2019-05-22,50.3125,43.72138595581055,2020-05-21,76.69575500488281
2019-05-23,50.45386904761905,42.975059509277344,2020-05-22,77.1895523071289
2019-05-24,50.45386904761905,42.810020446777344,2020-05-26,76.66670989990234
2019-05-28,49.57848837209303,42.63301086425781,2020-05-27,77.00074005126953
2019-05-29,49.419642857142854,42.42969512939453,2020-05-28,77.03462219238281
2019-05-30,49.79829545454545,42.64975357055664,2020-05-29,76.9595947265625
2019-05-31,49.79829545454545,41.877132415771484,2020-06-01,77.90604400634766
2019-06-03,49.79360465116279,41.4537467956543,2020-06-02,78.26669311523438
2019-06-04,49.80965909090909,42.970279693603516,2020-06-03,78.69757080078125
2019-06-05,50.008720930232556,43.66397476196289,2020-06-04,78.01980590820312
2019-06-06,49.82848837209303,44.3050422668457,2020-06-05,80.24187469482422
2019-06-07,49.82848837209303,45.48430633544922,2020-06-08,80.7163314819336
2019-06-10,49.82440476190476,46.065574645996094,2020-06-09,83.26516723632812
2019-06-11,49.82440476190476,46.59897994995117,2020-06-10,85.40737915039062
2019-06-12,49.82440476190476,46.45068359375,2020-06-11,81.30693054199219
2019-06-13,49.332317073170735,46.44111633300781,2020-06-12,82.00890350341797
2019-06-14,49.332317073170735,46.10382843017578,2020-06-15,83.02310943603516
2019-06-17,49.332317073170735,46.37891387939453,2020-06-16,85.22340393066406
2019-06-18,49.332317073170735,47.469688415527344,2020-06-17,85.10480499267578
2019-06-19,49.332317073170735,47.33095169067383,2020-06-18,85.13871002197266
2019-06-20,49.37797619047619,47.71126937866211,2020-06-19,84.65217590332031
2019-06-21,49.37797619047619,47.548614501953125,2020-06-22,86.86700439453125
2019-06-24,49.37797619047619,47.50077438354492,2020-06-23,88.72113800048828
2019-06-25,49.37797619047619,46.78076934814453,2020-06-24,87.15504455566406
2019-06-26,49.37797619047619,47.792606353759766,2020-06-25,88.31205749511719
2019-06-27,49.37797619047619,47.77824783325195,2020-06-26,85.59861755371094
2019-06-28,49.37797619047619,47.34291076660156,2020-06-29,87.57137298583984
2019-07-01,49.37797619047619,48.21120834350586,2020-06-30,88.3023910522461
2019-07-02,49.37797619047619,48.49346923828125,2020-07-01,88.13534545898438
2019-07-03,50.0625,48.895328521728516,2020-07-02,88.13534545898438
2019-07-05,50.291666666666664,48.852272033691406,2020-07-06,90.49300384521484
2019-07-08,50.291666666666664,47.84524154663086,2020-07-07,90.21221923828125
2019-07-09,50.56985294117647,48.137062072753906,2020-07-08,92.31328582763672
2019-07-10,50.56985294117647,48.61305618286133,2020-07-09,92.71023559570312
2019-07-11,50.56985294117647,48.25904846191406,2020-07-10,92.87242126464844
2019-07-12,50.56985294117647,48.62980651855469,2020-07-13,92.44398498535156
2019-07-15,50.56985294117647,49.086692810058594,2020-07-14,93.9737777709961
2019-07-16,50.56985294117647,48.91685485839844,2020-07-15,94.62007904052734
2019-07-17,50.46071428571429,48.64176940917969,2020-07-16,93.45578002929688
2019-07-18,50.46071428571429,49.19432067871094,2020-07-17,93.26697540283203
2019-07-19,50.30902777777778,48.4599723815918,2020-07-20,95.23246765136719
2019-07-22,50.61824324324324,49.56748962402344,2020-07-21,93.9180908203125
2019-07-23,50.61824324324324,49.95498275756836,2020-07-22,94.18195343017578
2019-07-24,50.61824324324324,49.91432571411133,2020-07-23,89.8951416015625
2019-07-25,50.61824324324324,49.519649505615234,2020-07-24,89.67242431640625
2019-07-26,50.61824324324324,49.691871643066406,2020-07-27,91.79769134521484
2019-07-29,50.83223684210526,50.15591812133789,2020-07-28,90.2896957397461
2019-07-30,53.23588709677419,49.940650939941406,2020-07-29,92.02037811279297
2019-07-31,54.25801282051282,50.95963668823242,2020-07-30,93.13384246826172
2019-08-01,54.25801282051282,49.856910705566406,2020-07-31,102.88390350341797
2019-08-02,54.25801282051282,48.80203628540039,2020-08-03,105.476318359375
2019-08-05,54.25801282051282,46.24736022949219,2020-08-04,106.18073272705078
2019-08-06,54.25801282051282,47.12282943725586,2020-08-05,106.56560516357422
2019-08-07,54.25801282051282,47.61081314086914,2020-08-06,110.2835922241211
2019-08-08,54.1015625,48.66090393066406,2020-08-07,107.77619934082031
2019-08-09,54.1015625,48.259925842285156,2020-08-10,109.34270477294922
2019-08-12,54.1015625,48.13747024536133,2020-08-11,106.09087371826172
2019-08-13,54.1015625,50.17601013183594,2020-08-12,109.61669921875
2019-08-14,54.1015625,48.6825065612793,2020-08-13,111.55664825439453
2019-08-15,54.1015625,48.440006256103516,2020-08-14,111.4572525024414
2019-08-16,54.1015625,49.582942962646484,2020-08-17,111.166259765625
2019-08-19,54.1015625,50.507362365722656,2020-08-18,112.09257507324219
2019-08-20,54.1015625,50.50975799560547,2020-08-19,112.23322296142578
2019-08-21,54.1015625,51.057220458984375,2020-08-20,114.7236328125
2019-08-22,54.1015625,51.013999938964844,2020-08-21,120.6356201171875
2019-08-23,54.1015625,48.65610122680664,2020-08-24,122.07846069335938
2019-08-26,54.1015625,49.580535888671875,2020-08-25,121.07697296142578
2019-08-27,54.1015625,49.02107238769531,2020-08-26,122.72347259521484
2019-08-28,54.1015625,49.350032806396484,2020-08-27,121.25641632080078
2019-08-29,54.1015625,50.185611724853516,2020-08-28,121.05998229980469
2019-08-30,54.1015625,50.120784759521484,2020-08-31,125.16537475585938
2019-09-03,54.1015625,49.39084243774414,2020-09-02,127.4544906616211
2019-09-04,54.1015625,50.22883224487305,2020-09-03,117.25040435791016
2019-09-05,54.1015625,51.21088790893555,2020-09-04,117.32801818847656
2019-09-06,54.1015625,51.20608139038086,2020-09-08,109.43241882324219
2019-09-09,54.1015625,51.42457580566406,2020-09-08,109.43241882324219
2019-09-10,54.1015625,52.032073974609375,2020-09-09,113.79730987548828
2019-09-11,54.424107142857146,53.68642807006836,2020-09-10,110.0822982788086
2019-09-12,54.424107142857146,53.56637191772461,2020-09-11,108.63704681396484
2019-09-13,54.11773255813954,52.524295806884766,2020-09-14,111.89615631103516
2019-09-16,54.11773255813954,52.8004264831543,2020-09-15,112.07074737548828
2019-09-17,54.11773255813954,52.99251174926758,2020-09-16,108.76313781738281
2019-09-18,54.0515625,53.48954772949219,2020-09-17,107.0268783569336
2019-09-19,54.0515625,53.054935455322266,2020-09-18,103.63196563720703
2019-09-20,54.37957317073171,52.27937698364258,2020-09-21,106.77470397949219
2019-09-23,54.413851351351354,52.517093658447266,2020-09-22,108.45274353027344
2019-09-24,54.413851351351354,52.26737976074219,2020-09-23,103.9035873413086
2019-09-25,54.413851351351354,53.071754455566406,2020-09-24,104.97055053710938
2019-09-26,54.413851351351354,52.79801940917969,2020-09-25,108.90864562988281
2019-09-27,54.413851351351354,52.54110336303711,2020-09-28,111.50817108154297
2019-09-30,54.72532894736842,53.77766799926758,2020-09-29,110.66429901123047
2019-10-01,54.72532894736842,53.92654800415039,2020-09-30,112.33264923095703
2019-10-02,54.72532894736842,52.5747184753418,2020-10-01,113.28321075439453
2019-10-03,54.72532894736842,53.02132797241211,2020-10-02,109.62639617919922
2019-10-04,54.72532894736842,54.50761413574219,2020-10-05,113.00193786621094
2019-10-07,54.63621794871795,54.51962661743164,2020-10-06,109.76223754882812
2019-10-08,54.88682432432432,53.880916595458984,2020-10-07,111.62455749511719
2019-10-09,55.23141891891892,54.51240539550781,2020-10-08,111.51786804199219
2019-10-10,54.20559210526316,55.24715042114258,2020-10-09,113.45781707763672
2019-10-11,54.51442307692308,56.71662521362305,2020-10-12,120.66472625732422
2019-10-14,54.51442307692308,56.635005950927734,2020-10-13,117.46381378173828
2019-10-15,54.51442307692308,56.5029296875,2020-10-14,117.55110931396484
2019-10-16,54.51442307692308,56.27482604980469,2020-10-15,117.08552551269531
2019-10-17,54.5515625,56.49332809448242,2020-10-16,115.44624328613281
2019-10-18,54.5515625,56.7646598815918,2020-10-19,112.49756622314453
2019-10-21,54.92835365853659,57.74911880493164,2020-10-20,113.98160552978516
2019-10-22,54.90396341463415,57.61705017089844,2020-10-21,113.36080169677734
2019-10-23,55.233231707317074,58.39021682739258,2020-10-22,112.27447509765625
2019-10-24,55.555059523809526,58.48624801635742,2020-10-23,111.58576965332031
2019-10-25,55.832848837209305,59.20658493041992,2020-10-26,111.59548950195312
2019-10-28,56.618351063829785,59.79966354370117,2020-10-27,113.09891510009766
2019-10-29,56.424107142857146,58.41661834716797,2020-10-28,107.86106872558594
2019-10-30,56.424107142857146,58.40940475463867,2020-10-29,111.85735321044922
2019-10-31,58.8502358490566,59.73002243041992,2020-10-30,105.59134674072266
2019-11-01,58.8502358490566,61.425209045410156,2020-11-02,105.5040283203125
2019-11-04,58.8502358490566,61.82859420776367,2020-11-03,107.12389373779297
2019-11-05,58.8502358490566,61.73975372314453,2020-11-04,111.49848937988281
2019-11-06,58.8502358490566,61.76617431640625,2020-11-05,115.45597839355469
2019-11-07,58.8502358490566,62.47903060913086,2020-11-06,115.3248062133789
2019-11-08,58.8502358490566,62.65003204345703,2020-11-09,113.02198028564453
2019-11-11,58.8502358490566,63.1461296081543,2020-11-10,112.68192291259766
2019-11-12,58.8502358490566,63.08832931518555,2020-11-11,116.10211181640625
2019-11-13,59.126157407407405,63.69284439086914,2020-11-12,115.83006286621094
2019-11-14,59.195601851851855,63.25209426879883,2020-11-13,115.87861633300781
2019-11-15,59.0953947368421,64.00350189208984,2020-11-16,116.8891372680664
2019-11-18,59.0953947368421,64.32622528076172,2020-11-17,116.00494384765625
2019-11-19,59.0953947368421,64.1311264038086,2020-11-18,114.68350219726562
2019-11-20,59.146205357142854,63.38455581665039,2020-11-19,115.27621459960938
2019-11-21,59.146205357142854,63.10036849975586,2020-11-20,114.01304626464844
2019-11-22,59.146205357142854,63.04498291015625,2020-11-23,110.62202453613281
2019-11-25,59.98863636363637,64.15040588378906,2020-11-24,111.90460968017578
2019-11-26,60.21205357142857,63.64947509765625,2020-11-25,112.74021911621094
2019-11-27,60.30324074074074,64.50442504882812,2020-11-27,113.2843246459961
2019-11-29,60.30324074074074,64.36231994628906,2020-11-30,115.67456817626953
2019-12-02,60.738425925925924,63.61817932128906,2020-12-01,119.24052429199219
2019-12-03,60.738425925925924,62.483863830566406,2020-12-02,119.59033966064453
2019-12-04,60.91745283018868,63.03532409667969,2020-12-03,119.45428466796875
2019-12-05,60.91745283018868,63.96012878417969,2020-12-04,118.78386688232422
2019-12-06,60.91745283018868,65.19563293457031,2020-12-07,120.24132537841797
2019-12-09,60.18518518518518,64.2828598022461,2020-12-08,120.85344696044922
2019-12-10,60.18518518518518,64.65856170654297,2020-12-09,118.32717895507812
2019-12-11,60.47727272727273,65.21003723144531,2020-12-10,119.74578094482422
2019-12-12,60.47727272727273,65.37622833251953,2020-12-11,118.9393310546875
2019-12-13,60.47727272727273,66.26490783691406,2020-12-14,118.32717895507812
2019-12-16,60.47727272727273,67.39920806884766,2020-12-15,124.25421905517578
2019-12-17,60.848214285714285,67.53168487548828,2020-12-16,124.18621826171875
2019-12-18,61.02272727272727,67.37033081054688,2020-12-17,125.05096435546875
2019-12-19,61.02272727272727,67.43775177001953,2020-12-18,123.06884002685547
2019-12-20,60.2734375,67.29808044433594,2020-12-21,124.59430694580078
2019-12-23,60.75109649122807,68.39627838134766,2020-12-22,128.1408233642578
2019-12-24,60.75109649122807,68.4612808227539,2020-12-23,127.24691009521484
2019-12-26,60.75109649122807,69.81959533691406,2020-12-28,132.81442260742188
2019-12-27,60.75109649122807,69.79309844970703,2020-12-28,132.81442260742188
2019-12-30,60.75109649122807,70.20729064941406,2020-12-29,131.04600524902344
2019-12-31,60.75109649122807,70.72029876708984,2020-12-30,129.9286346435547
2020-01-02,60.75109649122807,72.33386993408203,2021-01-04,125.7408447265625
2020-01-03,61.48834745762712,71.63065338134766,2021-01-04,125.7408447265625
2020-01-06,62.384375,72.20143127441406,2021-01-05,127.29551696777344
2020-01-07,62.384375,71.86186218261719,2021-01-06,123.0105209350586
2020-01-08,62.384375,73.01783752441406,2021-01-07,127.20802307128906
2020-01-09,62.79610655737705,74.56880187988281,2021-01-08,128.30601501464844
2020-01-10,63.38194444444444,74.73738098144531,2021-01-11,125.32304382324219
2020-01-13,64.0125,76.3341064453125,2021-01-12,125.14814758300781
2020-01-14,64.65865384615384,75.30335235595703,2021-01-13,127.17888641357422
2020-01-15,65.02367424242425,74.98062133789062,2021-01-14,125.25505828857422
2020-01-16,65.33173076923077,75.91985321044922,2021-01-15,123.53522491455078
2020-01-17,65.86121323529412,76.76036071777344,2021-01-19,124.20565032958984
2020-01-21,65.92257462686567,76.24015045166016,2021-01-20,128.28656005859375
2020-01-22,65.92257462686567,76.51231384277344,2021-01-21,132.9893035888672
2020-01-23,66.203125,76.88077545166016,2021-01-22,135.126953125
2020-01-24,66.38802083333333,76.65921020507812,2021-01-25,138.86781311035156
2020-01-27,66.57899305555556,74.40503692626953,2021-01-26,139.1010284423828
2020-01-28,67.6240234375,76.5099105834961,2021-01-27,138.03219604492188
2020-01-29,70.03463855421687,78.1114501953125,2021-01-28,133.203125
2020-01-30,70.25744047619048,77.99824523925781,2021-01-29,128.2185516357422
2020-01-31,70.25744047619048,74.5398941040039,2021-02-01,130.33673095703125
2020-02-03,70.25744047619048,74.33517456054688,2021-02-02,131.16261291503906
2020-02-04,70.25744047619048,76.7892837524414,2021-02-03,130.1424102783203
2020-02-05,70.52560240963855,77.41544342041016,2021-02-04,133.49459838867188
2020-02-06,70.52560240963855,78.32095336914062,2021-02-05,133.0810089111328
2020-02-07,70.52560240963855,77.25638580322266,2021-02-08,133.2269744873047
2020-02-10,70.52560240963855,77.62329864501953,2021-02-09,132.35122680664062
2020-02-11,70.52560240963855,77.15499114990234,2021-02-10,131.74789428710938
2020-02-12,70.52560240963855,78.98723602294922,2021-02-11,131.49490356445312
2020-02-13,70.52560240963855,78.42475128173828,2021-02-12,131.72842407226562
2020-02-14,70.52560240963855,78.44404602050781,2021-02-16,129.6070556640625
2020-02-18,70.46519886363636,77.00772857666016,2021-02-17,127.32023620605469
2020-02-19,70.46519886363636,78.12300109863281,2021-02-18,126.22065734863281
2020-02-20,70.46519886363636,77.32154846191406,2021-02-19,126.37638092041016
2020-02-21,70.46519886363636,75.57135772705078,2021-02-22,122.61046600341797
2020-02-24,70.46519886363636,71.98169708251953,2021-02-23,122.4742431640625
2020-02-25,70.46519886363636,69.54352569580078,2021-02-24,121.97796630859375
2020-02-26,70.46519886363636,70.646728515625,2021-02-25,117.73524475097656
2020-02-27,70.46519886363636,66.0286865234375,2021-02-26,117.99797821044922
2020-02-28,70.46519886363636,65.99006652832031,2021-03-01,124.3523178100586
2020-03-02,70.09375,72.13378143310547,2021-03-02,121.75415802001953
2020-03-03,70.42239010989012,69.84286499023438,2021-03-03,118.77647399902344
2020-03-04,70.4585597826087,73.08251953125,2021-03-04,116.89837646484375
2020-03-05,70.4585597826087,70.71192932128906,2021-03-05,118.1536636352539
2020-03-06,70.6748670212766,69.7728500366211,2021-03-08,113.22981262207031
2020-03-09,70.98355263157895,64.25436401367188,2021-03-09,117.83255004882812
2020-03-10,71.5100806451613,68.88208770751953,2021-03-10,116.75242614746094
2020-03-11,71.60039893617021,66.48977661132812,2021-03-11,118.67915344238281
2020-03-12,71.92674731182795,59.92359161376953,2021-03-12,117.77417755126953
2020-03-13,71.99933510638297,67.1029281616211,2021-03-15,120.65454864501953
2020-03-16,71.99933510638297,58.470340728759766,2021-03-16,122.19203186035156
2020-03-17,71.50708762886597,61.041290283203125,2021-03-17,121.40381622314453
2020-03-18,71.53977272727273,59.5470085144043,2021-03-18,117.28762817382812
2020-03-19,71.6155303030303,59.09075164794922,2021-03-19,116.76215362548828
2020-03-20,71.649375,55.33933639526367,2021-03-22,120.0707015991211
2020-03-23,71.34742647058823,54.1637077331543,2021-03-23,119.24356079101562
2020-03-24,71.28580097087378,59.597694396972656,2021-03-24,116.85945892333984
2020-03-25,71.24939903846153,59.269378662109375,2021-03-25,117.34602355957031
2020-03-26,71.28511904761905,62.3883171081543,2021-03-26,117.9493179321289
2020-03-27,71.28511904761905,59.8052978515625,2021-03-29,118.12450408935547
2020-03-30,71.34464285714286,61.512027740478516,2021-03-30,116.67457580566406
2020-03-31,71.34464285714286,61.38649368286133,2021-03-31,118.86404418945312
2020-04-01,71.49705188679245,58.156524658203125,2021-04-01,119.6911849975586
2020-04-02,71.49705188679245,59.126956939697266,2021-04-05,122.5131607055664
2020-04-03,71.46469907407408,58.27722930908203,2021-04-05,122.5131607055664
2020-04-06,71.6536214953271,63.36119079589844,2021-04-06,122.81483459472656
2020-04-07,71.71639150943396,62.6273193359375,2021-04-07,124.45936584472656
2020-04-08,72.35318396226415,64.230224609375,2021-04-08,126.85317993164062
2020-04-09,71.75876168224299,64.6937255859375,2021-04-09,129.4221649169922
2020-04-13,71.79529816513761,65.96351623535156,2021-04-13,130.81369018554688
2020-04-14,71.79529816513761,69.29487609863281,2021-04-14,128.47825622558594
2020-04-15,71.94155092592592,68.66240692138672,2021-04-15,130.88180541992188
2020-04-16,71.9971590909091,69.20797729492188,2021-04-16,130.55096435546875
2020-04-17,71.47972972972973,68.26891326904297,2021-04-19,131.21266174316406
2020-04-20,71.62155963302752,66.85188293457031,2021-04-20,129.52923583984375
2020-04-21,71.5091743119266,64.78545379638672,2021-04-21,129.9087677001953
2020-04-22,71.53472222222223,66.65149688720703,2021-04-22,128.3906707763672
2020-04-23,71.08159722222223,66.3932113647461,2021-04-23,130.7066650390625
2020-04-24,71.08159722222223,68.30995178222656,2021-04-26,131.09591674804688
2020-04-27,71.37202380952381,68.35821533203125,2021-04-27,130.77479553222656
2020-04-28,71.37202380952381,67.25019073486328,2021-04-28,129.98660278320312
2020-04-29,71.75332446808511,69.45903778076172,2021-04-29,129.88922119140625
2020-04-30,71.75332446808511,70.92432403564453,2021-04-30,127.92359924316406
2020-05-01,70.90420560747664,69.78252410888672,2021-05-03,128.9745330810547
2020-05-04,70.90420560747664,70.76985168457031,2021-05-04,124.41070556640625
2020-05-05,70.90420560747664,71.83202362060547,2021-05-05,124.65400695800781
2020-05-06,70.98842592592592,72.57315063476562,2021-05-06,126.24987030029297
2020-05-07,70.9908256880734,73.32389831542969,2021-05-07,126.9224624633789
2020-05-08,70.9908256880734,75.0691146850586,2021-05-10,123.64727020263672
2020-05-11,70.9908256880734,76.25038146972656,2021-05-11,122.73099517822266
2020-05-12,71.11697247706422,75.37896728515625,2021-05-12,119.67029571533203
2020-05-13,71.33564814814815,74.46882629394531,2021-05-13,121.81473541259766
2020-05-14,71.73690476190477,74.92633056640625,2021-05-14,124.23213195800781
2020-05-15,71.73690476190477,74.48332977294922,2021-05-17,123.08191680908203
2020-05-18,71.73690476190477,76.23827362060547,2021-05-18,121.69776153564453
2020-05-19,71.73690476190477,75.79772186279297,2021-05-19,121.54181671142578
2020-05-20,71.73690476190477,77.2718505859375,2021-05-20,124.09567260742188
2020-05-21,71.73690476190477,76.69575500488281,2021-05-21,122.26312255859375
2020-05-22,71.73690476190477,77.1895523071289,2021-05-24,123.89096069335938
2020-05-26,71.7295673076923,76.66670989990234,2021-05-26,123.64727020263672
2020-05-27,71.93278301886792,77.00074005126953,2021-05-27,122.11690521240234
2020-05-28,71.93278301886792,77.03462219238281,2021-05-28,121.46385192871094
2020-05-29,71.93278301886792,76.9595947265625,2021-06-01,121.14216613769531
2020-06-01,71.91309523809524,77.90604400634766,2021-06-01,121.14216613769531
2020-06-02,71.91309523809524,78.26669311523438,2021-06-02,121.90247344970703
2020-06-03,72.03655660377359,78.69757080078125,2021-06-03,120.42084503173828
2020-06-04,72.03655660377359,78.01980590820312,2021-06-04,122.71150970458984
2020-06-05,72.25347222222223,80.24187469482422,2021-06-07,122.72126007080078
2020-06-08,72.72897196261682,80.7163314819336,2021-06-08,123.54005432128906
2020-06-09,72.69575471698113,83.26516723632812,2021-06-09,123.92021942138672
2020-06-10,72.83411214953271,85.40737915039062,2021-06-10,122.92598724365234
2020-06-11,72.77670454545455,81.30693054199219,2021-06-11,124.13465881347656
2020-06-12,72.77670454545455,82.00890350341797,2021-06-14,127.18563079833984
2020-06-15,72.69896788990826,83.02310943603516,2021-06-15,126.36681365966797
2020-06-16,72.9471590909091,85.22340393066406,2021-06-16,126.86394500732422
2020-06-17,72.50957207207207,85.10480499267578,2021-06-17,128.4625701904297
2020-06-18,72.99545454545455,85.13871002197266,2021-06-18,127.16614532470703
2020-06-19,72.99545454545455,84.65217590332031,2021-06-21,128.95970153808594
2020-06-22,73.10909090909091,86.86700439453125,2021-06-22,130.59725952148438
2020-06-23,72.08189655172414,88.72113800048828,2021-06-23,130.32432556152344
2020-06-24,72.08189655172414,87.15504455566406,2021-06-24,130.04164123535156
2020-06-25,72.45127118644068,88.31205749511719,2021-06-25,129.74925231933594
2020-06-26,72.45127118644068,85.59861755371094,2021-06-28,131.3770751953125
2020-06-29,72.45127118644068,87.57137298583984,2021-06-29,132.887939453125
2020-06-30,72.45127118644068,88.3023910522461,2021-06-30,133.5020294189453
2020-07-01,72.45127118644068,88.13534545898438,2021-07-01,133.80419921875
2020-07-02,72.27801724137932,88.13534545898438,2021-07-02,136.42626953125
2020-07-06,72.0109649122807,90.49300384521484,2021-07-06,138.43426513671875
2020-07-07,72.40732758620689,90.21221923828125,2021-07-07,140.919921875
2020-07-08,72.51508620689656,92.31328582763672,2021-07-08,139.6234588623047
2020-07-09,72.36184210526316,92.71023559570312,2021-07-09,141.44625854492188
2020-07-10,72.36184210526316,92.87242126464844,2021-07-12,140.85165405273438
2020-07-13,72.65486725663717,92.44398498535156,2021-07-13,141.9628448486328
2020-07-14,72.51116071428571,93.9737777709961,2021-07-14,145.38421630859375
2020-07-15,72.38486842105263,94.62007904052734,2021-07-15,144.7311553955078
2020-07-16,72.59709821428571,93.45578002929688,2021-07-16,142.69390869140625
2020-07-17,72.59709821428571,93.26697540283203,2021-07-19,138.85345458984375
2020-07-20,72.59709821428571,95.23246765136719,2021-07-20,142.45997619628906
2020-07-21,72.59709821428571,93.9180908203125,2021-07-21,141.72886657714844
2020-07-22,72.48536036036036,94.18195343017578,2021-07-22,143.0935821533203
2020-07-23,72.59579439252336,89.8951416015625,2021-07-23,144.8091583251953
2020-07-24,72.59034090909091,89.67242431640625,2021-07-26,145.2283172607422
2020-07-27,72.59116972477064,91.79769134521484,2021-07-27,143.06436157226562
2020-07-28,71.64835164835165,90.2896957397461,2021-07-28,141.31954956054688
2020-07-29,71.60714285714286,92.02037811279297,2021-07-29,141.9628448486328
2020-07-30,71.60714285714286,93.13384246826172,2021-07-30,142.1772918701172
2020-07-31,72.94155092592592,102.88390350341797,2021-08-02,141.84588623046875
2020-08-03,72.94155092592592,105.476318359375,2021-08-03,143.63943481445312
2020-08-04,72.94155092592592,106.18073272705078,2021-08-04,143.2397918701172
2020-08-05,73.20270270270271,106.56560516357422,2021-08-05,143.34698486328125
2020-08-06,73.20270270270271,110.2835922241211,2021-08-06,142.66368103027344
2020-08-07,73.20270270270271,107.77619934082031,2021-08-09,142.6148681640625
2020-08-10,73.69866071428571,109.34270477294922,2021-08-10,142.13653564453125
2020-08-11,73.69866071428571,106.09087371826172,2021-08-11,142.39031982421875
2020-08-12,73.69866071428571,109.61669921875,2021-08-12,145.3482666015625
2020-08-13,73.69866071428571,111.55664825439453,2021-08-13,145.5532684326172
2020-08-14,73.93141592920354,111.4572525024414,2021-08-16,147.5251922607422
2020-08-17,74.13831018518519,111.166259765625,2021-08-17,146.61732482910156
2020-08-18,74.13831018518519,112.09257507324219,2021-08-18,142.87843322753906
2020-08-19,74.13831018518519,112.23322296142578,2021-08-19,143.21034240722656
2020-08-20,74.13831018518519,114.7236328125,2021-08-20,144.6648712158203
2020-08-21,74.13831018518519,120.6356201171875,2021-08-23,146.14874267578125
2020-08-24,73.75630733944953,122.07846069335938,2021-08-24,146.06088256835938
2020-08-25,74.07713963963964,121.07697296142578,2021-08-25,144.8308563232422
2020-08-26,74.07713963963964,122.72347259521484,2021-08-26,144.0303955078125
2020-08-27,74.07713963963964,121.25641632080078,2021-08-27,145.06515502929688
2020-08-28,74.07713963963964,121.05998229980469,2021-08-30,149.47760009765625
2020-08-31,76.20777027027027,125.16537475585938,2021-08-31,148.2183380126953
2020-09-01,78.01161504424779,130.1510772705078,2021-09-01,148.8821258544922
2020-09-02,78.01161504424779,127.4544906616211,2021-09-02,149.99501037597656
2020-09-03,77.96452702702703,117.25040435791016,2021-09-03,150.62954711914062
2020-09-04,77.96452702702703,117.32801818847656,2021-09-07,152.96270751953125
2020-09-08,77.68807870370371,109.43241882324219,2021-09-08,151.4202880859375
2020-09-09,77.68807870370371,113.79730987548828,2021-09-09,150.405029296875
2020-09-10,78.19039351851852,110.0822982788086,2021-09-10,145.42636108398438
2020-09-11,78.19039351851852,108.63704681396484,2021-09-13,145.99252319335938
2020-09-14,78.82202380952381,111.89615631103516,2021-09-14,144.59652709960938
2020-09-15,78.93264563106796,112.07074737548828,2021-09-15,145.48492431640625
2020-09-16,79.56371359223301,108.76313781738281,2021-09-16,145.2506103515625
2020-09-17,80.14623786407768,107.0268783569336,2021-09-17,142.58555603027344
2020-09-18,80.14623786407768,103.63196563720703,2021-09-20,139.53981018066406
2020-09-21,81.64276960784314,106.77470397949219,2021-09-21,140.0181427001953
2020-09-22,82.15747549019608,108.45274353027344,2021-09-22,142.38058471679688
2020-09-23,82.22834158415841,103.9035873413086,2021-09-23,143.33724975585938
2020-09-24,82.22834158415841,104.97055053710938,2021-09-24,143.4250946044922
2020-09-25,82.22834158415841,108.90864562988281,2021-09-27,141.91197204589844
2020-09-28,82.325625,111.50817108154297,2021-09-28,138.53431701660156
2020-09-29,82.27335858585859,110.66429901123047,2021-09-29,139.4324188232422
2020-09-30,82.27335858585859,112.33264923095703,2021-09-30,138.13404846191406
2020-10-01,82.53157216494846,113.28321075439453,2021-10-01,139.2567138671875
2020-10-02,82.53157216494846,109.62639617919922,2021-10-04,135.83018493652344
2020-10-05,82.53157216494846,113.00193786621094,2021-10-05,137.75331115722656
2020-10-06,82.51888020833333,109.76223754882812,2021-10-06,138.62213134765625
2020-10-07,83.47672872340425,111.62455749511719,2021-10-07,139.88145446777344
2020-10-08,83.47672872340425,111.51786804199219,2021-10-08,139.500732421875
2020-10-09,83.47672872340425,113.45781707763672,2021-10-11,139.412841796875
2020-10-12,84.20766129032258,120.66472625732422,2021-10-12,138.14381408691406
2020-10-13,84.69481382978724,117.46381378173828,2021-10-13,137.55807495117188
2020-10-14,86.2453947368421,117.55110931396484,2021-10-14,140.34027099609375
2020-10-15,87.00797872340425,117.08552551269531,2021-10-15,141.39459228515625
2020-10-16,87.00797872340425,115.44624328613281,2021-10-18,143.06393432617188
2020-10-19,87.29838709677419,112.49756622314453,2021-10-19,145.22134399414062
2020-10-20,87.29838709677419,113.98160552978516,2021-10-20,145.70945739746094
2020-10-21,88.60416666666667,113.36080169677734,2021-10-21,145.92420959472656
2020-10-22,89.09773936170212,112.27447509765625,2021-10-22,145.15301513671875
2020-10-23,89.09773936170212,111.58576965332031,2021-10-25,145.1042022705078
2020-10-26,89.49667553191489,111.59548950195312,2021-10-26,145.7679901123047
2020-10-27,89.49667553191489,113.09891510009766,2021-10-27,145.30921936035156
2020-10-28,89.49667553191489,107.86106872558594,2021-10-28,148.9407501220703
2020-10-29,93.46604938271605,111.85735321044922,2021-10-29,146.2366180419922
2020-10-30,94.98511904761905,105.59134674072266,2021-11-01,145.41661071777344
2020-11-02,94.98511904761905,105.5040283203125,2021-11-02,146.45138549804688
2020-11-03,95.16566265060241,107.12389373779297,2021-11-03,147.88641357421875
2020-11-04,95.45731707317073,111.49848937988281,2021-11-04,147.36903381347656
2020-11-05,95.45731707317073,115.45597839355469,2021-11-05,147.8969268798828
2020-11-06,95.45731707317073,115.3248062133789,2021-11-08,147.0757598876953
2020-11-09,95.55555555555556,113.02198028564453,2021-11-09,147.4374542236328
2020-11-10,95.55555555555556,112.68192291259766,2021-11-10,144.6121063232422
2020-11-11,95.55555555555556,116.10211181640625,2021-11-11,144.56317138671875
2020-11-12,95.55555555555556,115.83006286621094,2021-11-12,146.6357879638672
2020-11-13,95.55555555555556,115.87861633300781,2021-11-15,146.64553833007812
2020-11-16,95.55555555555556,116.8891372680664,2021-11-16,147.6232147216797
2020-11-17,95.55555555555556,116.00494384765625,2021-11-17,150.05752563476562
2020-11-18,95.55555555555556,114.68350219726562,2021-11-18,154.33956909179688
2020-11-19,95.55555555555556,115.27621459960938,2021-11-19,156.95962524414062
2020-11-20,95.55555555555556,114.01304626464844,2021-11-22,157.4191131591797
2020-11-23,95.55555555555556,110.62202453613281,2021-11-23,157.8004150390625
2020-11-24,95.88607594936708,111.90460968017578,2021-11-24,158.3185577392578
2020-11-25,95.88607594936708,112.74021911621094,2021-11-26,153.30325317382812
2020-11-27,95.88607594936708,113.2843246459961,2021-11-29,156.65660095214844
2020-11-30,95.88607594936708,115.67456817626953,2021-11-30,161.6033935546875
2020-12-01,96.02564102564102,119.24052429199219,2021-12-01,161.08523559570312
2020-12-02,96.02564102564102,119.59033966064453,2021-12-02,160.09783935546875
2020-12-03,96.34868421052632,119.45428466796875,2021-12-03,158.2207489013672
2020-12-04,96.34868421052632,118.78386688232422,2021-12-06,161.62295532226562
2020-12-07,96.34868421052632,120.24132537841797,2021-12-07,167.35191345214844
2020-12-08,96.46666666666667,120.85344696044922,2021-12-08,171.1647186279297
2020-12-09,98.39469178082192,118.32717895507812,2021-12-09,170.65634155273438
2020-12-10,98.39469178082192,119.74578094482422,2021-12-10,175.43695068359375
2020-12-11,98.39469178082192,118.9393310546875,2021-12-13,171.8099365234375
2020-12-14,98.94263698630137,118.32717895507812,2021-12-14,170.4314727783203
2020-12-15,100.52654109589041,124.25421905517578,2021-12-15,175.29034423828125
2020-12-16,101.11402027027027,124.18621826171875,2021-12-16,168.40774536132812
2020-12-17,101.11402027027027,125.05096435546875,2021-12-17,167.31280517578125
2020-12-18,101.11402027027027,123.06884002685547,2021-12-20,165.95388793945312
2020-12-21,105.4169776119403,124.59430694580078,2021-12-21,169.12144470214844
2020-12-22,105.4169776119403,128.1408233642578,2021-12-22,171.712158203125
2020-12-23,105.77211538461539,127.24691009521484,2021-12-23,172.33786010742188
2020-12-24,105.77211538461539,128.22830200195312,2021-12-27,176.29730224609375
2020-12-28,105.77211538461539,132.81442260742188,2021-12-28,175.28054809570312
2020-12-29,105.77211538461539,131.04600524902344,2021-12-29,175.3685302734375
2020-12-30,105.77211538461539,129.9286346435547,2021-12-30,174.2149200439453
2020-12-31,105.77211538461539,128.92784118652344,2021-12-31,173.59902954101562
2021-01-04,106.1140873015873,125.7408447265625,2022-01-04,175.68141174316406
2021-01-05,107.1123046875,127.29551696777344,2022-01-05,171.00828552246094
2021-01-06,107.31057692307692,123.0105209350586,2022-01-06,168.15357971191406
2021-01-07,107.31057692307692,127.20802307128906,2022-01-07,168.3197784423828
2021-01-08,107.31057692307692,128.30601501464844,2022-01-10,168.3393096923828
2021-01-11,106.9990234375,125.32304382324219,2022-01-11,171.1647186279297
2021-01-12,109.08432539682539,125.14814758300781,2022-01-12,171.60464477539062
2021-01-13,109.05342741935483,127.17888641357422,2022-01-13,168.3393096923828
2021-01-14,109.16369047619048,125.25505828857422,2022-01-14,169.19964599609375
2021-01-15,109.8798828125,123.53522491455078,2022-01-18,166.00277709960938
2021-01-19,109.8798828125,124.20565032958984,2022-01-19,162.5126190185547
2021-01-20,109.8798828125,128.28656005859375,2022-01-20,160.83103942871094
2021-01-21,112.37298387096774,132.9893035888672,2022-01-21,158.77806091308594
2021-01-22,113.01785714285714,135.126953125,2022-01-24,158.00570678710938
2021-01-25,115.57884615384616,138.86781311035156,2022-01-25,156.2068634033203
2021-01-26,117.80037313432835,139.1010284423828,2022-01-26,156.11883544921875
2021-01-27,117.80037313432835,138.03219604492188,2022-01-27,155.65939331054688
2021-01-28,136.0341796875,133.203125,2022-01-28,166.5209197998047
2021-01-29,136.0341796875,128.2185516357422,2022-01-31,170.8714141845703
2021-02-01,136.0341796875,130.33673095703125,2022-02-01,170.7052001953125
2021-02-02,138.66188524590163,131.16261291503906,2022-02-02,171.90769958496094
2021-02-03,138.66188524590163,130.1424102783203,2022-02-03,169.033447265625
2021-02-04,138.66188524590163,133.49459838867188,2022-02-04,168.74957275390625
2021-02-05,138.66188524590163,133.0810089111328,2022-02-07,168.03497314453125
2021-02-08,138.82708333333332,133.2269744873047,2022-02-08,171.1380615234375
2021-02-09,138.82708333333332,132.35122680664062,2022-02-09,172.5574188232422
2021-02-10,138.82708333333332,131.74789428710938,2022-02-10,168.4852752685547
2021-02-11,139.48516949152543,131.49490356445312,2022-02-11,165.07876586914062
2021-02-12,139.48516949152543,131.72842407226562,2022-02-14,165.31373596191406
2021-02-16,139.48516949152543,129.6070556640625,2022-02-16,168.90621948242188
2021-02-17,139.48516949152543,127.32023620605469,2022-02-17,165.31373596191406
2021-02-18,139.48516949152543,126.22065734863281,2022-02-18,163.76702880859375
2021-02-19,139.48516949152543,126.37638092041016,2022-02-22,160.85000610351562
2021-02-22,143.10714285714286,122.61046600341797,2022-02-22,160.85000610351562
2021-02-23,143.10714285714286,122.4742431640625,2022-02-23,156.6897430419922
2021-02-24,143.10714285714286,121.97796630859375,2022-02-24,159.30335998535156
2021-02-25,143.10714285714286,117.73524475097656,2022-02-25,161.36880493164062
2021-02-26,143.10714285714286,117.99797821044922,2022-02-28,161.6331024169922
2021-03-01,142.8,124.3523178100586,2022-03-01,159.75363159179688
2021-03-02,142.8,121.75415802001953,2022-03-02,163.04269409179688
2021-03-03,142.8,118.77647399902344,2022-03-03,162.71963500976562
2021-03-04,142.8,116.89837646484375,2022-03-04,159.72430419921875
2021-03-05,142.8,118.1536636352539,2022-03-07,155.93600463867188
2021-03-08,142.8,113.22981262207031,2022-03-08,154.11529541015625
2021-03-09,142.8,117.83255004882812,2022-03-09,159.50894165039062
2021-03-10,143.64,116.75242614746094,2022-03-10,155.1724853515625
2021-03-11,143.64,118.67915344238281,2022-03-11,151.4625244140625
2021-03-12,143.64,117.77417755126953,2022-03-14,147.4392852783203
2021-03-15,143.64,120.65454864501953,2022-03-15,151.8148956298828
2021-03-16,144.34,122.19203186035156,2022-03-16,156.21983337402344
2021-03-17,144.53061224489795,121.40381622314453,2022-03-17,157.2281036376953
2021-03-18,144.53061224489795,117.28762817382812,2022-03-18,160.5171661376953
2021-03-19,144.53061224489795,116.76215362548828,2022-03-21,161.88760375976562
2021-03-22,145.91304347826087,120.0707015991211,2022-03-22,165.25497436523438
2021-03-23,145.91304347826087,119.24356079101562,2022-03-23,166.61563110351562
2021-03-24,146.10638297872342,116.85945892333984,2022-03-24,170.3941192626953
2021-03-25,146.10638297872342,117.34602355957031,2022-03-25,171.03036499023438
2021-03-26,146.10638297872342,117.9493179321289,2022-03-28,171.89175415039062
2021-03-29,146.10638297872342,118.12450408935547,2022-03-29,175.1808624267578
2021-03-30,146.10638297872342,116.67457580566406,2022-03-30,174.0159912109375
2021-03-31,146.02083333333334,118.86404418945312,2022-03-31,170.9226837158203
2021-04-01,146.02083333333334,119.6911849975586,2022-04-01,170.62899780273438
2021-04-05,146.02083333333334,122.5131607055664,2022-04-05,171.36317443847656
2021-04-06,146.22448979591837,122.81483459472656,2022-04-06,168.20140075683594
2021-04-07,146.22448979591837,124.45936584472656,2022-04-07,168.50485229492188
2021-04-08,146.14,126.85317993164062,2022-04-08,166.4981231689453
2021-04-09,146.14,129.4221649169922,2022-04-11,162.24978637695312
2021-04-12,146.77083333333334,127.70951080322266,2022-04-12,164.11947631835938
2021-04-13,148.06666666666666,130.81369018554688,2022-04-13,166.80160522460938
2021-04-14,148.06666666666666,128.47825622558594,2022-04-14,161.79953002929688
2021-04-15,148.06666666666666,130.88180541992188,2022-04-18,161.58416748046875
2021-04-16,148.2608695652174,130.55096435546875,2022-04-18,161.58416748046875
2021-04-19,148.2608695652174,131.21266174316406,2022-04-19,163.86495971679688
2021-04-20,148.44444444444446,129.52923583984375,2022-04-20,163.6985321044922
2021-04-21,148.2173913043478,129.9087677001953,2022-04-21,162.90567016601562
2021-04-22,148.2173913043478,128.3906707763672,2022-04-22,158.3734130859375
2021-04-23,148.2173913043478,130.7066650390625,2022-04-25,159.4404296875
2021-04-26,148.95555555555555,131.09591674804688,2022-04-26,153.48878479003906
2021-04-27,148.97826086956522,130.77479553222656,2022-04-27,153.26368713378906
2021-04-28,148.97826086956522,129.98660278320312,2022-04-28,160.1843719482422
2021-04-29,152.35087719298247,129.88922119140625,2022-04-29,154.32089233398438
2021-04-30,152.35087719298247,127.92359924316406,2022-05-02,154.6243133544922
2021-05-03,152.35087719298247,128.9745330810547,2022-05-03,156.11221313476562
2021-05-04,152.35087719298247,124.41070556640625,2022-05-04,162.51409912109375
2021-05-05,152.35087719298247,124.65400695800781,2022-05-05,153.45944213867188
2021-05-06,152.35087719298247,126.24987030029297,2022-05-06,154.1848602294922
2021-05-07,152.35087719298247,126.9224624633789,2022-05-09,149.06761169433594
2021-05-10,152.35087719298247,123.64727020263672,2022-05-10,151.4693603515625
2021-05-11,152.35087719298247,122.73099517822266,2022-05-11,143.6169891357422
2021-05-12,152.35087719298247,119.67029571533203,2022-05-12,139.75453186035156
2021-05-13,152.35087719298247,121.81473541259766,2022-05-13,144.2150115966797
2021-05-14,152.35087719298247,124.23213195800781,2022-05-16,142.67588806152344
2021-05-17,152.35087719298247,123.08191680908203,2022-05-17,146.30311584472656
2021-05-18,152.35087719298247,121.69776153564453,2022-05-18,138.048828125
2021-05-19,152.0344827586207,121.54181671142578,2022-05-19,134.64710998535156
2021-05-20,152.0344827586207,124.09567260742188,2022-05-20,134.88233947753906
2021-05-21,152.0344827586207,122.26312255859375,2022-05-23,140.29373168945312
2021-05-24,152.0344827586207,123.89096069335938,2022-05-24,137.59783935546875
2021-05-25,152.0344827586207,123.6960220336914,2022-05-25,137.75469970703125
2021-05-26,152.0344827586207,123.64727020263672,2022-05-26,140.95054626464844
2021-05-27,152.0344827586207,122.11690521240234,2022-05-27,146.69520568847656
2021-05-28,150.98305084745763,121.46385192871094,2022-05-31,145.91094970703125
2021-06-01,150.98305084745763,121.14216613769531,2022-06-01,145.7834930419922
2021-06-02,150.98305084745763,121.90247344970703,2022-06-02,148.23431396484375
2021-06-03,150.98305084745763,120.42084503173828,2022-06-03,142.51904296875
2021-06-04,150.98305084745763,122.71150970458984,2022-06-06,143.26409912109375
2021-06-07,150.98305084745763,122.72126007080078,2022-06-07,145.7834930419922
2021-06-08,150.82758620689654,123.54005432128906,2022-06-08,145.04827880859375
2021-06-09,150.82758620689654,123.92021942138672,2022-06-09,139.8329620361328
2021-06-10,150.82758620689654,122.92598724365234,2022-06-10,134.43141174316406
2021-06-11,150.82758620689654,124.13465881347656,2022-06-13,129.28469848632812
2021-06-14,151.21428571428572,127.18563079833984,2022-06-14,130.1473846435547
2021-06-15,151.34545454545454,126.36681365966797,2022-06-15,132.7648162841797
2021-06-16,151.34545454545454,126.86394500732422,2022-06-16,127.50052642822266
2021-06-17,151.34545454545454,128.4625701904297,2022-06-17,128.97100830078125
2021-06-18,151.34545454545454,127.16614532470703,2022-06-21,133.19622802734375
2021-06-21,151.34545454545454,128.95970153808594,2022-06-21,133.19622802734375
2021-06-22,151.34545454545454,130.59725952148438,2022-06-22,132.68643188476562
2021-06-23,151.34545454545454,130.32432556152344,2022-06-23,135.5489959716797
2021-06-24,151.53571428571428,130.04164123535156,2022-06-24,138.87225341796875
2021-06-25,151.53571428571428,129.74925231933594,2022-06-27,138.87225341796875
2021-06-28,151.53571428571428,131.3770751953125,2022-06-28,134.73532104492188
2021-06-29,151.53571428571428,132.887939453125,2022-06-29,136.49005126953125
2021-06-30,151.59649122807016,133.5020294189453,2022-06-30,134.02944946289062
2021-07-01,151.59649122807016,133.80419921875,2022-07-01,136.1959686279297
2021-07-02,151.59649122807016,136.42626953125,2022-07-05,138.7742156982422
2021-07-06,153.1090909090909,138.43426513671875,2022-07-06,140.10743713378906
2021-07-07,153.1090909090909,140.919921875,2022-07-07,143.469970703125
2021-07-08,153.1090909090909,139.6234588623047,2022-07-08,144.1463623046875
2021-07-09,153.1090909090909,141.44625854492188,2022-07-11,142.0190887451172
2021-07-12,154.26415094339623,140.85165405273438,2022-07-12,142.98959350585938
2021-07-13,154.26415094339623,141.9628448486328,2022-07-13,142.62692260742188
2021-07-14,155.37735849056602,145.38421630859375,2022-07-14,145.54824829101562
2021-07-15,155.58490566037736,144.7311553955078,2022-07-15,147.21478271484375
2021-07-16,155.58490566037736,142.69390869140625,2022-07-18,144.17581176757812
2021-07-19,155.58490566037736,138.85345458984375,2022-07-19,148.02845764160156
2021-07-20,155.77777777777777,142.45997619628906,2022-07-20,150.02833557128906
2021-07-21,155.8490566037736,141.72886657714844,2022-07-21,152.29287719726562
2021-07-22,156.26415094339623,143.0935821533203,2022-07-22,151.05764770507812
2021-07-23,156.26415094339623,144.8091583251953,2022-07-25,149.9400634765625
2021-07-26,156.0,145.2283172607422,2022-07-26,148.61666870117188
2021-07-27,156.0,143.06436157226562,2022-07-27,153.70449829101562
2021-07-28,158.30232558139534,141.31954956054688,2022-07-28,154.25350952148438
2021-07-29,158.30232558139534,141.9628448486328,2022-07-29,159.3119354248047
2021-07-30,158.30232558139534,142.1772918701172,2022-08-01,158.33163452148438
2021-08-02,158.30232558139534,141.84588623046875,2022-08-02,156.86114501953125
2021-08-03,158.30232558139534,143.63943481445312,2022-08-03,162.8607177734375
2021-08-04,158.30232558139534,143.2397918701172,2022-08-04,162.54696655273438
2021-08-05,158.30232558139534,143.34698486328125,2022-08-05,162.3212432861328
2021-08-06,158.30232558139534,142.66368103027344,2022-08-08,161.8500213623047
2021-08-09,158.30232558139534,142.6148681640625,2022-08-09,161.8991241455078
2021-08-10,158.30232558139534,142.13653564453125,2022-08-10,166.13995361328125
2021-08-11,158.30232558139534,142.39031982421875,2022-08-11,165.40370178222656
2021-08-12,158.30232558139534,145.3482666015625,2022-08-12,168.9475555419922
2021-08-13,158.3409090909091,145.5532684326172,2022-08-15,170.01760864257812
2021-08-16,158.3409090909091,147.5251922607422,2022-08-16,169.8605499267578
2021-08-17,158.3409090909091,146.61732482910156,2022-08-17,171.3527069091797
2021-08-18,158.3409090909091,142.87843322753906,2022-08-18,170.9600067138672
2021-08-19,158.3409090909091,143.21034240722656,2022-08-19,168.37818908691406
2021-08-20,158.3409090909091,144.6648712158203,2022-08-22,164.50054931640625
2021-08-23,158.3409090909091,146.14874267578125,2022-08-23,164.166748046875
2021-08-24,158.3409090909091,146.06088256835938,2022-08-24,164.4613037109375
2021-08-25,158.3409090909091,144.8308563232422,2022-08-25,166.91551208496094
2021-08-26,158.3409090909091,144.0303955078125,2022-08-26,160.62290954589844
2021-08-27,158.3409090909091,145.06515502929688,2022-08-29,158.4239044189453
2021-08-30,158.3409090909091,149.47760009765625,2022-08-30,155.9991912841797
2021-08-31,158.3409090909091,148.2183380126953,2022-08-31,154.3401336669922
2021-09-01,158.26666666666668,148.8821258544922,2022-09-01,155.0666046142578
2021-09-02,158.26666666666668,149.99501037597656,2022-09-02,152.9559783935547
2021-09-03,158.26666666666668,150.62954711914062,2022-09-06,151.6994171142578
2021-09-07,157.88636363636363,152.96270751953125,2022-09-07,153.10321044921875
2021-09-08,158.15555555555557,151.4202880859375,2022-09-08,151.63070678710938
2021-09-09,158.52173913043478,150.405029296875,2022-09-09,154.48736572265625
2021-09-10,158.52173913043478,145.42636108398438,2022-09-12,160.43637084960938
2021-09-13,158.15555555555557,145.99252319335938,2022-09-13,151.0220489501953
2021-09-14,158.15555555555557,144.59652709960938,2022-09-14,152.46511840820312
2021-09-15,158.15555555555557,145.48492431640625,2022-09-15,149.5789794921875
2021-09-16,158.15555555555557,145.2506103515625,2022-09-16,147.93955993652344
2021-09-17,158.15555555555557,142.58555603027344,2022-09-19,151.65036010742188
2021-09-20,158.15555555555557,139.53981018066406,2022-09-20,154.02601623535156
2021-09-21,158.22727272727272,140.0181427001953,2022-09-21,150.9042510986328
2021-09-22,159.11111111111111,142.38058471679688,2022-09-22,149.94219970703125
2021-09-23,159.11111111111111,143.33724975585938,2022-09-23,147.67453002929688
2021-09-24,159.11111111111111,143.4250946044922,2022-09-26,148.00830078125
2021-09-27,159.11111111111111,141.91197204589844,2022-09-27,148.98016357421875
2021-09-28,159.5,138.53431701660156,2022-09-28,147.09532165527344
2021-09-29,159.5,139.4324188232422,2022-09-29,139.8701171875
2021-09-30,159.5,138.13404846191406,2022-09-30,135.6685333251953
2021-10-01,159.5,139.2567138671875,2022-10-03,139.84066772460938
2021-10-04,159.58139534883722,135.83018493652344,2022-10-04,143.42384338378906
2021-10-05,159.58139534883722,137.75331115722656,2022-10-05,143.7183074951172
2021-10-06,160.0,138.62213134765625,2022-10-06,142.7660675048828
2021-10-07,160.0,139.88145446777344,2022-10-07,137.52392578125
2021-10-08,160.0,139.500732421875,2022-10-10,137.8478546142578
2021-10-11,160.34883720930233,139.412841796875,2022-10-11,136.43423461914062
2021-10-12,160.34883720930233,138.14381408691406,2022-10-12,135.8059844970703
2021-10-13,160.34883720930233,137.55807495117188,2022-10-13,140.37075805664062
2021-10-14,160.42857142857142,140.34027099609375,2022-10-14,135.84524536132812
2021-10-15,160.42857142857142,141.39459228515625,2022-10-17,139.8014373779297
2021-10-18,160.42857142857142,143.06393432617188,2022-10-18,141.11688232421875
2021-10-19,161.625,145.22134399414062,2022-10-19,141.224853515625
2021-10-20,161.625,145.70945739746094,2022-10-20,140.76345825195312
2021-10-21,161.625,145.92420959472656,2022-10-21,144.57237243652344
2021-10-22,161.625,145.15301513671875,2022-10-24,146.7124481201172
2021-10-25,161.92307692307693,145.1042022705078,2022-10-25,149.5495147705078
2021-10-26,161.92307692307693,145.7679901123047,2022-10-26,146.61431884765625
2021-10-27,163.15384615384616,145.30921936035156,2022-10-27,142.1476287841797
2021-10-28,163.77777777777777,148.9407501220703,2022-10-28,152.8872528076172
2021-10-29,163.36666666666667,146.2366180419922,2022-10-31,150.5312042236328
2021-11-01,163.36666666666667,145.41661071777344,2022-11-01,147.89048767089844
2021-11-02,163.36666666666667,146.45138549804688,2022-11-02,142.37339782714844
2021-11-03,163.36666666666667,147.88641357421875,2022-11-03,136.33609008789062
2021-11-04,163.36666666666667,147.36903381347656,2022-11-04,136.07057189941406
2021-11-05,163.36666666666667,147.8969268798828,2022-11-07,136.60154724121094
2021-11-08,163.36666666666667,147.0757598876953,2022-11-08,137.17190551757812
2021-11-09,164.48387096774192,147.4374542236328,2022-11-09,132.61915588378906
2021-11-10,164.48387096774192,144.6121063232422,2022-11-10,144.41891479492188
2021-11-11,164.48387096774192,144.56317138671875,2022-11-11,147.20164489746094
2021-11-12,164.48387096774192,146.6357879638672,2022-11-14,145.8053741455078
2021-11-15,164.48387096774192,146.64553833007812,2022-11-15,147.53598022460938
2021-11-16,165.5,147.6232147216797,2022-11-16,146.3068389892578
2021-11-17,163.06451612903226,150.05752563476562,2022-11-17,148.20465087890625
2021-11-18,163.06451612903226,154.33956909179688,2022-11-18,148.76512145996094
2021-11-19,163.06451612903226,156.95962524414062,2022-11-21,145.53985595703125
2021-11-22,163.06451612903226,157.4191131591797,2022-11-22,147.67364501953125
2021-11-23,163.59375,157.8004150390625,2022-11-23,148.548828125
2021-11-24,163.59375,158.3185577392578,2022-11-25,145.63821411132812
2021-11-26,165.96774193548387,153.30325317382812,2022-11-28,141.81314086914062
2021-11-29,165.96774193548387,156.65660095214844,2022-11-29,138.8140411376953
2021-11-30,165.96774193548387,161.6033935546875,2022-11-30,145.55953979492188
2021-12-01,165.96774193548387,161.08523559570312,2022-12-01,145.83486938476562
2021-12-02,167.03125,160.09783935546875,2022-12-02,145.34320068359375
2021-12-03,166.8181818181818,158.2207489013672,2022-12-05,144.18289184570312
2021-12-06,167.52941176470588,161.62295532226562,2022-12-06,140.52496337890625
2021-12-07,168.45714285714286,167.35191345214844,2022-12-07,138.58786010742188
2021-12-08,168.45714285714286,171.1647186279297,2022-12-08,140.26930236816406
2021-12-09,168.45714285714286,170.65634155273438,2022-12-09,139.78749084472656
2021-12-10,168.45714285714286,175.43695068359375,2022-12-12,142.07862854003906
2021-12-13,169.61111111111111,171.8099365234375,2022-12-13,143.0422821044922
2021-12-14,171.47368421052633,170.4314727783203,2022-12-14,140.82000732421875
2021-12-15,171.47368421052633,175.29034423828125,2022-12-15,134.2219696044922
2021-12-16,171.47368421052633,168.40774536132812,2022-12-16,132.26516723632812
2021-12-17,171.47368421052633,167.31280517578125,2022-12-19,130.16087341308594
2021-12-20,171.47368421052633,165.95388793945312,2022-12-20,130.09207153320312
2021-12-21,171.47368421052633,169.12144470214844,2022-12-21,133.18948364257812
2021-12-22,172.47368421052633,171.712158203125,2022-12-22,130.0232391357422
2021-12-23,172.47368421052633,172.33786010742188,2022-12-23,129.65940856933594
2021-12-27,172.47368421052633,176.29730224609375,2022-12-27,127.85994720458984
2021-12-28,172.94594594594594,175.28054809570312,2022-12-28,123.93653869628906
2021-12-29,172.94594594594594,175.3685302734375,2022-12-29,127.44694519042969
2021-12-30,172.94594594594594,174.2149200439453,2022-12-30,127.7615966796875
2021-12-31,172.94594594594594,173.59902954101562,2023-01-03,122.98271942138672
2022-01-03,173.02777777777777,177.93971252441406,2023-01-03,122.98271942138672
2022-01-04,173.02777777777777,175.68141174316406,2023-01-04,124.25120544433594
2022-01-05,173.75675675675674,171.00828552246094,2023-01-05,122.93354034423828
2022-01-06,173.75675675675674,168.15357971191406,2023-01-06,127.45677185058594
2022-01-07,174.44736842105263,168.3197784423828,2023-01-09,127.9779281616211
2022-01-10,174.44736842105263,168.3393096923828,2023-01-10,128.54824829101562
2022-01-11,174.43243243243242,171.1647186279297,2023-01-11,131.26220703125
2022-01-12,174.66666666666666,171.60464477539062,2023-01-12,131.18353271484375
2022-01-13,174.66666666666666,168.3393096923828,2023-01-13,132.51101684570312
2022-01-14,175.6216216216216,169.19964599609375,2023-01-17,133.6713104248047
2022-01-18,176.54054054054055,166.00277709960938,2023-01-18,132.9534912109375
2022-01-19,177.48648648648648,162.5126190185547,2023-01-19,133.0124969482422
2022-01-20,177.48648648648648,160.83103942871094,2023-01-20,135.56907653808594
2022-01-21,178.21052631578948,158.77806091308594,2023-01-23,138.75503540039062
2022-01-24,179.02564102564102,158.00570678710938,2023-01-24,140.15133666992188
2022-01-25,183.86206896551724,156.2068634033203,2023-01-25,139.49249267578125
2022-01-26,183.86206896551724,156.11883544921875,2023-01-26,141.5574951171875
2022-01-27,183.86206896551724,155.65939331054688,2023-01-27,143.49459838867188
2022-01-28,186.275,166.5209197998047,2023-01-30,140.6134796142578
2022-01-31,185.82926829268294,170.8714141845703,2023-01-31,141.88194274902344
2022-02-01,185.82926829268294,170.7052001953125,2023-02-01,143.00289916992188
2022-02-02,185.82926829268294,171.90769958496094,2023-02-02,148.302978515625
2022-02-03,185.82926829268294,169.033447265625,2023-02-03,151.92152404785156
2022-02-04,185.82926829268294,168.74957275390625,2023-02-06,149.1977996826172
2022-02-07,185.82926829268294,168.03497314453125,2023-02-07,152.06906127929688
2022-02-08,185.82926829268294,171.1380615234375,2023-02-08,149.38462829589844
2022-02-09,185.82926829268294,172.5574188232422,2023-02-09,148.35214233398438
2022-02-10,186.475,168.4852752685547,2023-02-10,148.7165069580078
2022-02-11,186.475,165.07876586914062,2023-02-13,151.51341247558594
2022-02-14,186.475,165.31373596191406,2023-02-14,150.87326049804688
2022-02-15,187.0487804878049,169.14109802246094,2023-02-15,152.970947265625
2022-02-16,187.0487804878049,168.90621948242188,2023-02-16,151.3755340576172
2022-02-17,187.0487804878049,165.31373596191406,2023-02-17,150.233154296875
2022-02-18,187.0487804878049,163.76702880859375,2023-02-21,146.22494506835938
2022-02-22,187.0487804878049,160.85000610351562,2023-02-22,146.64840698242188
2022-02-23,187.0487804878049,156.6897430419922,2023-02-23,147.1309814453125
2022-02-24,187.0487804878049,159.30335998535156,2023-02-24,144.48184204101562
2022-02-25,187.0487804878049,161.36880493164062,2023-02-27,145.6734619140625
2022-02-28,187.0487804878049,161.6331024169922,2023-02-28,145.1711883544922
2022-03-01,187.85,159.75363159179688,2023-03-01,143.10308837890625
2022-03-02,187.85,163.04269409179688,2023-03-02,143.6939697265625
2022-03-03,187.85,162.71963500976562,2023-03-03,148.7362060546875
2022-03-04,187.85,159.72430419921875,2023-03-06,151.4936981201172
2022-03-07,187.85,155.93600463867188,2023-03-07,149.2975616455078
2022-03-08,188.30769230769232,154.11529541015625,2023-03-08,150.54827880859375
2022-03-09,189.2051282051282,159.50894165039062,2023-03-09,148.30288696289062
2022-03-10,189.2051282051282,155.1724853515625,2023-03-10,146.24461364746094
2022-03-11,188.725,151.4625244140625,2023-03-13,148.18470764160156
2022-03-14,188.725,147.4392852783203,2023-03-14,150.27252197265625
2022-03-15,188.725,151.8148956298828,2023-03-15,150.6664581298828
2022-03-16,188.725,156.21983337402344,2023-03-16,153.4830322265625
2022-03-17,188.725,157.2281036376953,2023-03-17,152.6459197998047
2022-03-18,188.725,160.5171661376953,2023-03-20,155.0094451904297
2022-03-21,188.725,161.88760375976562,2023-03-21,156.86093139648438
2022-03-22,188.48717948717947,165.25497436523438,2023-03-22,155.4329376220703
2022-03-23,188.48717948717947,166.61563110351562,2023-03-23,156.51622009277344
2022-03-24,189.025,170.3941192626953,2023-03-24,157.81622314453125
2022-03-25,189.025,171.03036499023438,2023-03-27,155.87612915039062
2022-03-28,189.025,171.89175415039062,2023-03-28,155.25567626953125
2022-03-29,189.025,175.1808624267578,2023-03-29,158.32830810546875
2022-03-30,189.025,174.0159912109375,2023-03-30,159.8941650390625
2022-03-31,189.53658536585365,170.9226837158203,2023-03-31,162.39556884765625
2022-04-01,189.53658536585365,170.62899780273438,2023-04-03,163.64625549316406
2022-04-04,189.53658536585365,174.67181396484375,2023-04-04,163.11447143554688
2022-04-05,189.53658536585365,171.36317443847656,2023-04-05,161.2728729248047
2022-04-06,189.53658536585365,168.20140075683594,2023-04-06,162.1592254638672
2022-04-07,189.53658536585365,168.50485229492188,2023-04-10,159.56915283203125
2022-04-08,189.53658536585365,166.4981231689453,2023-04-10,159.56915283203125
2022-04-11,189.9,162.24978637695312,2023-04-11,158.3578338623047
2022-04-12,189.9,164.11947631835938,2023-04-12,157.66847229003906
2022-04-13,189.9,166.80160522460938,2023-04-13,163.04554748535156
2022-04-14,189.9,161.79953002929688,2023-04-14,162.7008819580078
2022-04-18,189.9,161.58416748046875,2023-04-18,163.94174194335938
2022-04-19,189.7560975609756,163.86495971679688,2023-04-19,165.08413696289062
2022-04-20,189.7560975609756,163.6985321044922,2023-04-20,164.11895751953125
2022-04-21,189.7560975609756,162.90567016601562,2023-04-21,162.51373291015625
2022-04-22,189.7560975609756,158.3734130859375,2023-04-24,162.81903076171875
2022-04-25,190.11904761904762,159.4404296875,2023-04-25,161.28274536132812
2022-04-26,190.70731707317074,153.48878479003906,2023-04-26,161.2728729248047
2022-04-27,190.975,153.26368713378906,2023-04-27,165.85226440429688
2022-04-28,193.51351351351352,160.1843719482422,2023-04-28,167.1029815673828
2022-04-29,193.3095238095238,154.32089233398438,2023-05-01,167.01434326171875
2022-05-02,192.72093023255815,154.6243133544922,2023-05-02,165.98028564453125
2022-05-03,192.72093023255815,156.11221313476562,2023-05-03,164.90682983398438
2022-05-04,192.72093023255815,162.51409912109375,2023-05-04,163.27203369140625
2022-05-05,192.72093023255815,153.45944213867188,2023-05-05,170.93389892578125
2022-05-06,192.72093023255815,154.1848602294922,2023-05-08,170.8649444580078
2022-05-09,192.5952380952381,149.06761169433594,2023-05-09,169.16122436523438
2022-05-10,191.8372093023256,151.4693603515625,2023-05-10,170.92405700683594
2022-05-11,191.8372093023256,143.6169891357422,2023-05-11,171.1111297607422
2022-05-12,191.8372093023256,139.75453186035156,2023-05-12,170.1841278076172
2022-05-13,191.8372093023256,144.2150115966797,2023-05-15,169.69105529785156
2022-05-16,191.8372093023256,142.67588806152344,2023-05-16,169.69105529785156
2022-05-17,194.62790697674419,146.30311584472656,2023-05-17,170.302490234375
2022-05-18,194.62790697674419,138.048828125,2023-05-18,172.62986755371094
2022-05-19,194.75,134.64710998535156,2023-05-19,172.7383575439453
2022-05-20,194.75,134.88233947753906,2023-05-22,171.7916259765625
2022-05-23,195.09302325581396,140.29373168945312,2023-05-23,169.18812561035156
2022-05-24,195.09302325581396,137.59783935546875,2023-05-24,169.4642333984375
2022-05-25,195.09302325581396,137.75469970703125,2023-05-25,170.59832763671875
2022-05-26,195.09302325581396,140.95054626464844,2023-05-26,173.00460815429688
2022-05-27,195.09302325581396,146.69520568847656,2023-05-30,174.84873962402344
2022-05-31,195.09302325581396,145.91094970703125,2023-05-31,174.79946899414062
2022-06-01,194.97619047619048,145.7834930419922,2023-06-01,177.60018920898438
2022-06-02,195.82926829268294,148.23431396484375,2023-06-02,178.44830322265625
2022-06-03,195.82926829268294,142.51904296875,2023-06-05,177.09725952148438
2022-06-06,195.84615384615384,143.26409912109375,2023-06-06,176.7323455810547
2022-06-07,196.02439024390245,145.7834930419922,2023-06-07,175.36155700683594
2022-06-08,196.02439024390245,145.04827880859375,2023-06-08,178.07354736328125
2022-06-09,196.02439024390245,139.8329620361328,2023-06-09,178.45816040039062
2022-06-10,196.02439024390245,134.43141174316406,2023-06-12,181.24905395507812
2022-06-13,195.18421052631578,129.28469848632812,2023-06-13,180.77566528320312
2022-06-14,194.66666666666666,130.1473846435547,2023-06-14,181.40679931640625
2022-06-15,194.425,132.7648162841797,2023-06-15,183.43832397460938
2022-06-16,194.425,127.50052642822266,2023-06-16,182.36337280273438
2022-06-17,194.425,128.97100830078125,2023-06-20,182.45216369628906
2022-06-21,194.28205128205127,133.19622802734375,2023-06-21,181.4166717529297
2022-06-22,194.28205128205127,132.68643188476562,2023-06-22,184.41464233398438
2022-06-23,194.28205128205127,135.5489959716797,2023-06-23,184.09906005859375
2022-06-24,194.28205128205127,138.87225341796875,2023-06-26,182.70855712890625
2022-06-27,194.28205128205127,138.87225341796875,2023-06-27,185.4600067138672
2022-06-28,193.925,134.73532104492188,2023-06-28,186.633544921875
2022-06-29,193.925,136.49005126953125,2023-06-29,186.96885681152344
2022-06-30,194.3170731707317,134.02944946289062,2023-06-30,191.28826904296875
2022-07-01,194.3170731707317,136.1959686279297,2023-07-03,189.79917907714844
2022-07-05,194.175,138.7742156982422,2023-07-05,188.68479919433594
2022-07-06,194.175,140.10743713378906,2023-07-06,189.15814208984375
2022-07-07,194.02564102564102,143.469970703125,2023-07-07,188.04376220703125
2022-07-08,194.02564102564102,144.1463623046875,2023-07-10,186.0023956298828
2022-07-11,193.525,142.0190887451172,2023-07-11,185.47970581054688
2022-07-12,193.1904761904762,142.98959350585938,2023-07-12,187.14637756347656
2022-07-13,192.1590909090909,142.62692260742188,2023-07-13,187.9057159423828
2022-07-14,191.74418604651163,145.54824829101562,2023-07-14,188.05364990234375
2022-07-15,191.74418604651163,147.21478271484375,2023-07-17,191.3080291748047
2022-07-18,191.54761904761904,144.17581176757812,2023-07-18,191.05162048339844
2022-07-19,189.64285714285714,148.02845764160156,2023-07-19,192.40267944335938
2022-07-20,189.3181818181818,150.02833557128906,2023-07-20,190.4599151611328
2022-07-21,188.95348837209303,152.29287719726562,2023-07-21,189.28636169433594
2022-07-22,188.95348837209303,151.05764770507812,2023-07-24,190.08517456054688
2022-07-25,188.45238095238096,149.9400634765625,2023-07-25,190.943115234375
2022-07-26,188.37209302325581,148.61666870117188,2023-07-26,191.8109588623047
2022-07-27,188.37209302325581,153.70449829101562,2023-07-27,190.5486297607422
2022-07-28,186.90625,154.25350952148438,2023-07-28,193.12257385253906
2022-07-29,184.71794871794873,159.3119354248047,2023-07-31,193.73399353027344
2022-08-01,185.1578947368421,158.33163452148438,2023-08-01,192.90562438964844
2022-08-02,184.94871794871796,156.86114501953125,2023-08-02,189.91749572753906
2022-08-03,184.94871794871796,162.8607177734375,2023-08-03,188.52700805664062
2022-08-04,184.94871794871796,162.54696655273438,2023-08-04,179.47393798828125
2022-08-05,184.94871794871796,162.3212432861328,2023-08-07,176.37733459472656
2022-08-08,184.94871794871796,161.8500213623047,2023-08-08,177.31417846679688
2022-08-09,184.94871794871796,161.8991241455078,2023-08-09,175.72647094726562
2022-08-10,184.94871794871796,166.13995361328125,2023-08-10,175.50949096679688
2022-08-11,184.94871794871796,165.40370178222656,2023-08-11,175.56874084472656
2022-08-12,184.94871794871796,168.9475555419922,2023-08-14,177.21788024902344
2022-08-15,183.92307692307693,170.01760864257812,2023-08-15,175.23297119140625
2022-08-16,183.92307692307693,169.8605499267578,2023-08-16,174.36399841308594
2022-08-17,185.21951219512195,171.3527069091797,2023-08-17,171.8260955810547
2022-08-18,185.21951219512195,170.9600067138672,2023-08-18,172.3099822998047
2022-08-19,185.21428571428572,168.37818908691406,2023-08-21,173.6431121826172
2022-08-22,185.2093023255814,164.50054931640625,2023-08-22,175.01573181152344
2022-08-23,185.2093023255814,164.166748046875,2023-08-23,178.85714721679688
2022-08-24,185.2093023255814,164.4613037109375,2023-08-24,174.1763916015625
2022-08-25,185.2093023255814,166.91551208496094,2023-08-25,176.37852478027344
2022-08-26,185.2093023255814,160.62290954589844,2023-08-28,177.93878173828125
2022-08-29,185.2093023255814,158.4239044189453,2023-08-29,181.81968688964844
2022-08-30,185.2093023255814,155.9991912841797,2023-08-30,185.30555725097656
2022-08-31,185.2093023255814,154.3401336669922,2023-08-31,185.52281188964844
2022-09-01,185.2093023255814,155.0666046142578,2023-09-01,187.0929718017578
2022-09-02,185.2093023255814,152.9559783935547,2023-09-05,187.3299102783203
2022-09-06,184.04545454545453,151.6994171142578,2023-09-06,180.62477111816406
2022-09-07,184.04545454545453,153.10321044921875,2023-09-07,175.3415985107422
2022-09-08,184.37209302325581,151.63070678710938,2023-09-08,175.9539031982422
2022-09-09,184.37209302325581,154.48736572265625,2023-09-11,177.11915588378906
2022-09-12,184.37209302325581,160.43637084960938,2023-09-12,174.0973663330078
2022-09-13,184.37209302325581,151.0220489501953,2023-09-13,172.03347778320312
2022-09-14,184.37209302325581,152.46511840820312,2023-09-14,173.5443572998047
2022-09-15,184.37209302325581,149.5789794921875,2023-09-15,172.82345581054688
2022-09-16,184.37209302325581,147.93955993652344,2023-09-18,175.74649047851562
2022-09-19,184.37209302325581,151.65036010742188,2023-09-19,176.83277893066406
2022-09-20,184.5,154.02601623535156,2023-09-20,173.29745483398438
2022-09-21,183.90697674418604,150.9042510986328,2023-09-21,171.75694274902344
2022-09-22,183.90697674418604,149.94219970703125,2023-09-22,172.60621643066406
2022-09-23,183.90697674418604,147.67453002929688,2023-09-25,173.880126953125
2022-09-26,183.90697674418604,148.00830078125,2023-09-26,169.81161499023438
2022-09-27,183.90697674418604,148.98016357421875,2023-09-27,168.3007049560547
2022-09-28,183.28571428571428,147.09532165527344,2023-09-28,168.5574493408203
2022-09-29,182.88636363636363,139.8701171875,2023-09-29,169.07098388671875
2022-09-30,182.88636363636363,135.6685333251953,2023-10-02,171.5792236328125
2022-10-03,182.88636363636363,139.84066772460938,2023-10-03,170.24610900878906
2022-10-04,182.88636363636363,143.42384338378906,2023-10-04,171.4903564453125
2022-10-05,182.88636363636363,143.7183074951172,2023-10-05,172.72474670410156
2022-10-06,182.88636363636363,142.7660675048828,2023-10-06,175.2725067138672
2022-10-07,182.88636363636363,137.52392578125,2023-10-09,176.75375366210938
2022-10-10,182.88636363636363,137.8478546142578,2023-10-10,176.16123962402344
2022-10-11,182.26666666666668,136.43423461914062,2023-10-11,177.5536346435547
2022-10-12,182.26666666666668,135.8059844970703,2023-10-12,178.45228576660156
2022-10-13,182.43478260869566,140.37075805664062,2023-10-13,176.6155242919922
2022-10-14,182.43478260869566,135.84524536132812,2023-10-16,176.4871368408203
2022-10-17,182.2826086956522,139.8014373779297,2023-10-17,174.93675231933594
2022-10-18,182.2826086956522,141.11688232421875,2023-10-18,173.6431121826172
2022-10-19,182.2826086956522,141.224853515625,2023-10-19,173.2678680419922
2022-10-20,182.2826086956522,140.76345825195312,2023-10-20,170.7200927734375
2022-10-21,182.10638297872342,144.57237243652344,2023-10-23,170.83860778808594
2022-10-24,181.6086956521739,146.7124481201172,2023-10-24,171.27308654785156
2022-10-25,181.6086956521739,149.5495147705078,2023-10-25,168.96234130859375
2022-10-26,181.6086956521739,146.61431884765625,2023-10-26,164.804931640625
2022-10-27,180.3658536585366,142.1476287841797,2023-10-27,166.11831665039062
2022-10-28,179.55102040816325,152.8872528076172,2023-10-30,168.1624755859375
2022-10-31,179.79166666666666,150.5312042236328,2023-10-31,168.63644409179688
2022-11-01,179.79166666666666,147.89048767089844,2023-11-01,171.79647827148438
2022-11-02,179.79166666666666,142.37339782714844,2023-11-02,175.35150146484375
2022-11-03,179.79166666666666,136.33609008789062,2023-11-03,174.4429931640625
2022-11-04,179.79166666666666,136.07057189941406,2023-11-06,176.99073791503906
2022-11-07,178.9387755102041,136.60154724121094,2023-11-07,179.5483856201172
2022-11-08,178.88235294117646,137.17190551757812,2023-11-08,180.60504150390625
2022-11-09,178.88235294117646,132.61915588378906,2023-11-09,180.1310272216797
2022-11-10,178.88235294117646,144.41891479492188,2023-11-10,184.3136749267578
2022-11-11,178.88235294117646,147.20164489746094,2023-11-13,182.73159790039062
2022-11-14,178.26,145.8053741455078,2023-11-14,185.34205627441406
2022-11-15,178.26,147.53598022460938,2023-11-15,185.9056396484375
2022-11-16,177.81632653061226,146.3068389892578,2023-11-16,187.586669921875
2022-11-17,177.81632653061226,148.20465087890625,2023-11-17,187.56686401367188
2022-11-18,177.81632653061226,148.76512145996094,2023-11-20,189.3071746826172
2022-11-21,177.81632653061226,145.53985595703125,2023-11-21,188.5062255859375
2022-11-22,177.81632653061226,147.67364501953125,2023-11-22,189.16871643066406
2022-11-23,177.81632653061226,148.548828125,2023-11-24,187.84371948242188
2022-11-25,177.81632653061226,145.63821411132812,2023-11-27,187.6657257080078
2022-11-28,177.81632653061226,141.81314086914062,2023-11-28,188.26890563964844
2022-11-29,177.81632653061226,138.8140411376953,2023-11-29,187.25042724609375
2022-11-30,177.81632653061226,145.55953979492188,2023-11-30,187.82391357421875
2022-12-01,177.81632653061226,145.83486938476562,2023-12-01,189.09951782226562
2022-12-02,177.81632653061226,145.34320068359375,2023-12-04,187.30975341796875
2022-12-05,176.89361702127658,144.18289184570312,2023-12-05,191.25511169433594
2022-12-06,176.89361702127658,140.52496337890625,2023-12-06,190.16741943359375
2022-12-07,176.89361702127658,138.58786010742188,2023-12-07,192.09559631347656
2022-12-08,176.89361702127658,140.26930236816406,2023-12-08,193.51947021484375
2022-12-09,176.89361702127658,139.78749084472656,2023-12-11,191.01780700683594
2022-12-12,176.7872340425532,142.07862854003906,2023-12-12,192.5306854248047
2022-12-13,176.6086956521739,143.0422821044922,2023-12-13,195.74432373046875
2022-12-14,176.6086956521739,140.82000732421875,2023-12-14,195.8926239013672
2022-12-15,176.6086956521739,134.2219696044922,2023-12-15,195.35865783691406
2022-12-16,176.6086956521739,132.26516723632812,2023-12-18,193.69744873046875
2022-12-19,176.6086956521739,130.16087341308594,2023-12-19,194.73570251464844
2022-12-20,176.89361702127658,130.09207153320312,2023-12-20,192.6493377685547
2022-12-21,176.89361702127658,133.18948364257812,2023-12-21,192.5009765625
2022-12-22,176.89361702127658,130.0232391357422,2023-12-22,191.43312072753906
2022-12-23,176.89361702127658,129.65940856933594,2023-12-26,190.88926696777344
2022-12-27,176.82608695652175,127.85994720458984,2023-12-27,190.9881134033203
2022-12-28,176.0888888888889,123.93653869628906,2023-12-28,191.4132843017578
2022-12-29,176.0888888888889,127.44694519042969,2023-12-29,190.3750457763672
2022-12-30,176.0888888888889,127.7615966796875,2024-01-02,183.56219482421875
2023-01-03,175.30434782608697,122.98271942138672,2024-01-03,182.18775939941406
2023-01-04,176.02083333333334,124.25120544433594,2024-01-04,179.8739471435547
2023-01-05,176.02083333333334,122.93354034423828,2024-01-05,179.15208435058594
2023-01-06,176.02083333333334,127.45677185058594,2024-01-08,183.4830780029297
2023-01-09,174.5,127.9779281616211,2024-01-09,183.06777954101562
2023-01-10,174.6818181818182,128.54824829101562,2024-01-10,184.10601806640625
2023-01-11,173.75555555555556,131.26220703125,2024-01-11,183.51275634765625
2023-01-12,173.75555555555556,131.18353271484375,2024-01-12,183.83908081054688
2023-01-13,173.56521739130434,132.51101684570312,2024-01-16,181.57469177246094
2023-01-17,174.1627906976744,133.6713104248047,2024-01-17,180.63531494140625
2023-01-18,174.06666666666666,132.9534912109375,2024-01-18,186.5187225341797
2023-01-19,174.19565217391303,133.0124969482422,2024-01-19,189.41590881347656
2023-01-20,174.19565217391303,135.56907653808594,2024-01-22,191.71983337402344
2023-01-23,173.65217391304347,138.75503540039062,2024-01-23,192.9954071044922
2023-01-24,173.65217391304347,140.15133666992188,2024-01-24,192.32301330566406
2023-01-25,173.65217391304347,139.49249267578125,2024-01-25,191.9967041015625
2023-01-26,173.46153846153845,141.5574951171875,2024-01-26,190.2663116455078
2023-01-27,172.95,143.49459838867188,2024-01-29,189.58404541015625
2023-01-30,172.84615384615384,140.6134796142578,2024-01-30,185.935302734375
2023-01-31,172.84615384615384,141.88194274902344,2024-01-31,182.33604431152344
2023-02-01,172.84615384615384,143.00289916992188,2024-02-01,184.7685546875
2023-02-02,172.84615384615384,148.302978515625,2024-02-02,183.7698516845703
2023-02-03,171.51923076923077,151.92152404785156,2024-02-05,185.579345703125
2023-02-06,171.8679245283019,149.1977996826172,2024-02-06,187.18121337890625
2023-02-07,171.8679245283019,152.06906127929688,2024-02-07,187.2899932861328
2023-02-08,171.8679245283019,149.38462829589844,2024-02-08,186.21221923828125
2023-02-09,171.8679245283019,148.35214233398438,2024-02-09,186.97454833984375
2023-02-10,171.8679245283019,148.7165069580078,2024-02-12,185.2914276123047
2023-02-13,171.90384615384616,151.51341247558594,2024-02-13,183.20237731933594
2023-02-14,170.36,150.87326049804688,2024-02-14,182.3212127685547
2023-02-15,170.36,152.970947265625,2024-02-15,182.0341033935547
2023-02-16,170.0612244897959,151.3755340576172,2024-02-16,180.49948120117188
2023-02-17,170.0612244897959,150.233154296875,2024-02-20,179.7569580078125
2023-02-21,169.75,146.22494506835938,2024-02-21,180.50938415527344
2023-02-22,169.75,146.64840698242188,2024-02-22,182.53904724121094
2023-02-23,169.75,147.1309814453125,2024-02-23,180.70741271972656
2023-02-24,169.75,144.48184204101562,2024-02-26,179.3609161376953
2023-02-27,169.75,145.6734619140625,2024-02-27,180.81631469726562
2023-02-28,169.75,145.1711883544922,2024-02-28,179.6183319091797
2023-03-01,169.75,143.10308837890625,2024-02-29,178.9549560546875
2023-03-02,170.26530612244898,143.6939697265625,2024-03-01,177.87579345703125
2023-03-03,170.26530612244898,148.7362060546875,2024-03-04,173.36109924316406
2023-03-06,170.79166666666666,151.4936981201172,2024-03-05,168.4305419921875
2023-03-07,170.79166666666666,149.2975616455078,2024-03-06,167.44046020507812
2023-03-08,171.18367346938774,150.54827880859375,2024-03-07,167.32167053222656
2023-03-09,171.18367346938774,148.30288696289062,2024-03-08,169.03448486328125
2023-03-10,170.15686274509804,146.24461364746094,2024-03-11,171.03443908691406
2023-03-13,170.15686274509804,148.18470764160156,2024-03-12,171.50965881347656
2023-03-14,170.15686274509804,150.27252197265625,2024-03-13,169.43051147460938
2023-03-15,170.15686274509804,150.6664581298828,2024-03-14,171.28195190429688
2023-03-16,170.15686274509804,153.4830322265625,2024-03-15,170.90570068359375
2023-03-17,170.15686274509804,152.6459197998047,2024-03-18,171.9947967529297
2023-03-20,169.76,155.0094451904297,2024-03-19,174.3313446044922
2023-03-21,169.76,156.86093139648438,2024-03-20,176.89564514160156
2023-03-22,169.76,155.4329376220703,2024-03-21,169.6681365966797
2023-03-23,169.76,156.51622009277344,2024-03-22,170.56910705566406
2023-03-24,169.76,157.81622314453125,2024-03-25,169.1533203125
2023-03-27,169.76,155.87612915039062,2024-03-26,168.02462768554688
2023-03-28,169.76,155.25567626953125,2024-03-27,171.5888671875
2023-03-29,169.5625,158.32830810546875,2024-03-28,169.77700805664062
2023-03-30,169.57142857142858,159.8941650390625,2024-04-01,168.3414306640625
2023-03-31,169.57142857142858,162.39556884765625,2024-04-01,168.3414306640625
2023-04-03,169.57142857142858,163.64625549316406,2024-04-02,167.16323852539062
2023-04-04,169.57142857142858,163.11447143554688,2024-04-03,167.9652099609375
2023-04-05,170.0392156862745,161.2728729248047,2024-04-04,167.14344787597656
2023-04-06,170.0392156862745,162.1592254638672,2024-04-05,167.8959197998047
2023-04-10,170.34,159.56915283203125,2024-04-09,167.98500061035156
2023-04-11,170.34,158.3578338623047,2024-04-10,166.11378479003906
2023-04-12,169.9387755102041,157.66847229003906,2024-04-11,173.3016815185547
2023-04-13,170.49019607843138,163.04554748535156,2024-04-12,174.7967071533203
2023-04-14,170.49019607843138,162.7008819580078,2024-04-15,170.97503662109375
2023-04-17,171.0392156862745,162.72055053710938,2024-04-16,167.6979217529297
2023-04-18,171.0392156862745,163.94174194335938,2024-04-17,166.33160400390625
2023-04-19,171.40384615384616,165.08413696289062,2024-04-18,165.38111877441406
2023-04-20,171.35294117647058,164.11895751953125,2024-04-19,163.3614044189453
2023-04-21,171.35294117647058,162.51373291015625,2024-04-22,164.1930389404297
2023-04-24,171.35294117647058,162.81903076171875,2024-04-23,165.2425079345703
2023-04-25,171.35294117647058,161.28274536132812,2024-04-24,167.34146118164062
2023-04-26,170.9056603773585,161.2728729248047,2024-04-25,168.20281982421875
2023-04-27,169.1304347826087,165.85226440429688,2024-04-26,167.61868286132812
2023-04-28,169.2127659574468,167.1029815673828,2024-04-29,171.7769775390625
2023-05-01,169.3877551020408,167.01434326171875,2024-04-30,168.6384735107422
2023-05-02,169.6,165.98028564453125,2024-05-01,167.61868286132812
2023-05-03,169.6,164.90682983398438,2024-05-02,171.31166076660156
2023-05-04,169.96153846153845,163.27203369140625,2024-05-03,181.55886840820312
2023-05-05,172.96875,170.93389892578125,2024-05-06,179.9054718017578
2023-05-08,173.61666666666667,170.8649444580078,2024-05-07,180.5885772705078
2023-05-09,173.61666666666667,169.16122436523438,2024-05-08,180.92523193359375
2023-05-10,173.61666666666667,170.92405700683594,2024-05-09,182.737060546875
2023-05-11,173.61666666666667,171.1111297607422,2024-05-10,181.4779815673828
2023-05-12,173.63934426229508,170.1841278076172,2024-05-13,184.68020629882812
2023-05-15,173.63934426229508,169.69105529785156,2024-05-14,185.82034301757812
2023-05-16,173.63934426229508,169.69105529785156,2024-05-15,188.09068298339844
2023-05-17,173.63934426229508,170.302490234375,2024-05-16,188.2096405029297
2023-05-18,173.63934426229508,172.62986755371094,2024-05-17,188.2393798828125
2023-05-19,173.63934426229508,172.7383575439453,2024-05-20,189.3993377685547
2023-05-22,173.76190476190476,171.7916259765625,2024-05-21,190.69808959960938
2023-05-23,173.76190476190476,169.18812561035156,2024-05-22,189.26052856445312
2023-05-24,173.76190476190476,169.4642333984375,2024-05-23,185.27503967285156
2023-05-25,173.76190476190476,170.59832763671875,2024-05-24,188.34844970703125
2023-05-26,173.76190476190476,173.00460815429688,2024-05-28,188.35836791992188
2023-05-30,173.76190476190476,174.84873962402344,2024-05-29,188.65579223632812
2023-05-31,174.25,174.79946899414062,2024-05-30,189.6471710205078
2023-06-01,174.25,177.60018920898438,2024-05-31,190.5989532470703
2023-06-02,175.03030303030303,178.44830322265625,2024-06-03,192.36367797851562
2023-06-05,176.18840579710144,177.09725952148438,2024-06-04,192.680908203125
2023-06-06,177.86666666666667,176.7323455810547,2024-06-05,194.1878662109375
2023-06-07,178.42105263157896,175.36155700683594,2024-06-06,192.80979919433594
2023-06-08,178.42105263157896,178.07354736328125,2024-06-07,195.19911193847656
2023-06-09,178.42105263157896,178.45816040039062,2024-06-10,191.46145629882812
2023-06-12,178.53333333333333,181.24905395507812,2024-06-11,205.37098693847656
2023-06-13,178.68421052631578,180.77566528320312,2024-06-12,211.24014282226562
2023-06-14,178.63636363636363,181.40679931640625,2024-06-13,212.4001007080078
2023-06-15,178.63636363636363,183.43832397460938,2024-06-14,210.6651153564453
2023-06-16,178.63636363636363,182.36337280273438,2024-06-17,214.8092041015625
2023-06-20,178.48684210526315,182.45216369628906,2024-06-20,207.87924194335938
2023-06-21,178.48684210526315,181.4166717529297,2024-06-20,207.87924194335938
2023-06-22,178.48684210526315,184.41464233398438,2024-06-21,205.70806884765625
2023-06-23,179.0909090909091,184.09906005859375,2024-06-24,206.3524627685547
2023-06-26,179.0909090909091,182.70855712890625,2024-06-25,207.27450561523438
2023-06-27,179.0909090909091,185.4600067138672,2024-06-26,211.4185791015625
2023-06-28,179.0909090909091,186.633544921875,2024-06-27,212.26129150390625
2023-06-29,179.0909090909091,186.96885681152344,2024-06-28,208.81118774414062
2023-06-30,179.87179487179486,191.28826904296875,2024-07-01,214.88853454589844
2023-07-03,180.3896103896104,189.79917907714844,2024-07-02,218.37832641601562
2023-07-05,180.19736842105263,188.68479919433594,2024-07-05,224.39617919921875
2023-07-06,180.19736842105263,189.15814208984375,2024-07-05,224.39617919921875
2023-07-07,180.19736842105263,188.04376220703125,2024-07-08,225.8634796142578
2023-07-10,180.93333333333334,186.0023956298828,2024-07-09,226.71607971191406
2023-07-11,181.82666666666665,185.47970581054688,2024-07-10,230.97914123535156
2023-07-12,181.82666666666665,187.14637756347656,2024-07-11,225.61563110351562
2023-07-13,182.05405405405406,187.9057159423828,2024-07-12,228.56008911132812
2023-07-14,182.05405405405406,188.05364990234375,2024-07-15,232.386962890625
2023-07-17,182.56,191.3080291748047,2024-07-16,232.80335998535156
2023-07-18,182.84931506849315,191.05162048339844,2024-07-17,226.9143829345703
2023-07-19,183.26027397260273,192.40267944335938,2024-07-18,222.25473022460938
2023-07-20,184.50666666666666,190.4599151611328,2024-07-19,222.3836212158203
2023-07-21,184.50666666666666,189.28636169433594,2024-07-22,222.03660583496094
2023-07-24,185.69736842105263,190.08517456054688,2024-07-23,223.07760620117188
2023-07-25,186.14285714285714,190.943115234375,2024-07-24,216.66314697265625
2023-07-26,186.14285714285714,191.8109588623047,2024-07-25,215.6221923828125
2023-07-27,186.6883116883117,190.5486297607422,2024-07-26,216.08815002441406
2023-07-28,186.6883116883117,193.12257385253906,2024-07-29,216.36573791503906
2023-07-31,187.1153846153846,193.73399353027344,2024-07-30,216.92095947265625
2023-08-01,187.7375,192.90562438964844,2024-07-31,220.17274475097656
2023-08-02,188.320987654321,189.91749572753906,2024-08-01,216.48471069335938
2023-08-03,192.2941176470588,188.52700805664062,2024-08-02,217.97181701660156
2023-08-04,193.28,179.47393798828125,2024-08-05,207.4727783203125
2023-08-07,193.32432432432432,176.37733459472656,2024-08-06,205.45028686523438
2023-08-08,193.32432432432432,177.31417846679688,2024-08-07,208.01806640625
2023-08-09,193.32432432432432,175.72647094726562,2024-08-08,211.4781036376953
2023-08-10,193.32432432432432,175.50949096679688,2024-08-09,214.38290405273438
2023-08-11,193.32432432432432,175.56874084472656,2024-08-12,215.91148376464844
2023-08-14,193.32432432432432,177.21788024902344,2024-08-13,219.62364196777344
2023-08-15,193.32432432432432,175.23297119140625,2024-08-14,220.07028198242188
2023-08-16,193.32432432432432,174.36399841308594,2024-08-15,223.0479736328125
2023-08-17,193.81333333333333,171.8260955810547,2024-08-16,224.3680877685547
2023-08-18,193.81333333333333,172.3099822998047,2024-08-19,224.20925903320312
2023-08-21,193.81333333333333,173.6431121826172,2024-08-20,224.8246612548828
2023-08-22,193.81333333333333,175.01573181152344,2024-08-21,224.71548461914062
2023-08-23,193.81333333333333,178.85714721679688,2024-08-22,222.85939025878906
2023-08-24,193.81333333333333,174.1763916015625,2024-08-23,225.15219116210938
2023-08-25,193.81333333333333,176.37852478027344,2024-08-26,225.48965454101562
2023-08-28,193.81333333333333,177.93878173828125,2024-08-27,226.33334350585938
2023-08-29,193.81333333333333,181.81968688964844,2024-08-28,224.80479431152344
2023-08-30,193.7972972972973,185.30555725097656,2024-08-29,228.0802459716797
2023-08-31,193.7972972972973,185.52281188964844,2024-08-30,227.29612731933594
2023-09-01,193.7972972972973,187.0929718017578,2024-09-03,221.11248779296875
2023-09-05,193.77777777777777,187.3299102783203,2024-09-04,219.20677185058594
2023-09-06,193.77777777777777,180.62477111816406,2024-09-05,220.7253875732422
2023-09-07,195.65277777777777,175.3415985107422,2024-09-06,219.17698669433594
2023-09-08,196.12328767123287,175.9539031982422,2024-09-09,219.26632690429688
2023-09-11,196.12328767123287,177.11915588378906,2024-09-10,218.47227478027344
2023-09-12,196.6,174.0973663330078,2024-09-11,221.00331115722656
2023-09-13,197.28205128205127,172.03347778320312,2024-09-12,221.11248779296875
2023-09-14,197.31645569620252,173.5443572998047,2024-09-13,220.844482421875
2023-09-15,197.6,172.82345581054688,2024-09-16,214.71047973632812
2023-09-18,198.12345679012347,175.74649047851562,2024-09-17,215.17697143554688
2023-09-19,197.89156626506025,176.83277893066406,2024-09-18,219.04794311523438
2023-09-20,197.89156626506025,173.29745483398438,2024-09-19,227.16708374023438
2023-09-21,197.89156626506025,171.75694274902344,2024-09-20,226.50209045410156
2023-09-22,198.01190476190476,172.60621643066406,2024-09-23,224.78492736816406
2023-09-25,198.21176470588236,173.880126953125,2024-09-24,225.67823791503906
2023-09-26,198.32558139534885,169.81161499023438,2024-09-25,224.68569946289062
2023-09-27,198.5581395348837,168.3007049560547,2024-09-26,225.82711791992188
2023-09-28,198.68965517241378,168.5574493408203,2024-09-27,226.09510803222656
2023-09-29,198.68965517241378,169.07098388671875,2024-09-30,231.26638793945312
2023-10-02,198.68965517241378,171.5792236328125,2024-10-01,224.52687072753906
2023-10-03,199.09411764705882,170.24610900878906,2024-10-02,225.09263610839844
2023-10-04,199.09411764705882,171.4903564453125,2024-10-03,223.9908905029297
2023-10-05,199.09411764705882,172.72474670410156,2024-10-04,225.11251831054688
2023-10-06,199.09411764705882,175.2725067138672,2024-10-07,220.04051208496094
2023-10-09,198.67816091954023,176.75375366210938,2024-10-08,224.09014892578125
2023-10-10,198.67816091954023,176.16123962402344,2024-10-09,227.83212280273438
2023-10-11,199.0235294117647,177.5536346435547,2024-10-10,227.33580017089844
2023-10-12,199.0235294117647,178.45228576660156,2024-10-11,225.85690307617188
2023-10-13,199.0235294117647,176.6155242919922,2024-10-14,229.57901000976562
2023-10-16,199.08235294117648,176.4871368408203,2024-10-15,232.1100616455078
2023-10-17,199.1904761904762,174.93675231933594,2024-10-16,230.05543518066406
2023-10-18,199.1904761904762,173.6431121826172,2024-10-17,230.42266845703125
2023-10-19,199.1904761904762,173.2678680419922,2024-10-18,233.25146484375
2023-10-20,199.1904761904762,170.7200927734375,2024-10-21,234.72047424316406
2023-10-23,199.1904761904762,170.83860778808594,2024-10-22,234.10508728027344
2023-10-24,199.83132530120483,171.27308654785156,2024-10-23,229.04302978515625
2023-10-25,200.7439024390244,168.96234130859375,2024-10-24,228.85443115234375
2023-10-26,201.08641975308643,164.804931640625,2024-10-25,229.68820190429688
2023-10-27,201.08641975308643,166.11831665039062,2024-10-28,231.6633758544922
2023-10-30,201.5875,168.1624755859375,2024-10-29,231.9313507080078
2023-10-31,201.50617283950618,168.63644409179688,2024-10-30,228.38792419433594
2023-11-01,202.55,171.79647827148438,2024-10-31,224.22914123535156
2023-11-02,205.47058823529412,175.35150146484375,2024-11-01,221.25144958496094
2023-11-03,205.7887323943662,174.4429931640625,2024-11-04,220.35812377929688
2023-11-06,205.7887323943662,176.99073791503906,2024-11-05,221.7874298095703
2023-11-07,205.7887323943662,179.5483856201172,2024-11-06,221.06285095214844
2023-11-08,205.7887323943662,180.60504150390625,2024-11-07,225.7874298095703
2023-11-09,206.22857142857143,180.1310272216797,2024-11-08,225.51914978027344
2023-11-10,206.22857142857143,184.3136749267578,2024-11-11,222.8064727783203
2023-11-13,206.22857142857143,182.73159790039062,2024-11-12,222.8064727783203
2023-11-14,206.22857142857143,185.34205627441406,2024-11-13,223.69082641601562
2023-11-15,206.22857142857143,185.9056396484375,2024-11-14,226.77113342285156
2023-11-16,206.70422535211267,187.586669921875,2024-11-15,223.5715789794922
2023-11-17,206.70422535211267,187.56686401367188,2024-11-18,226.57241821289062
2023-11-20,207.55072463768116,189.3071746826172,2024-11-19,226.8307647705078
2023-11-21,207.55072463768116,188.5062255859375,2024-11-20,227.5461883544922
2023-11-22,207.55072463768116,189.16871643066406,2024-11-21,227.06922912597656
2023-11-24,208.0142857142857,187.84371948242188,2024-11-25,231.39163208007812
2023-11-27,208.0142857142857,187.6657257080078,2024-11-26,233.56771850585938
2023-11-28,208.05797101449275,188.26890563964844,2024-11-27,233.4385528564453
2023-11-29,208.05797101449275,187.25042724609375,2024-11-29,235.8233184814453
2023-11-30,208.29850746268656,187.82391357421875,2024-11-29,235.8233184814453
2023-12-01,208.29850746268656,189.09951782226562,2024-12-02,238.06895446777344
2023-12-04,209.79310344827587,187.30975341796875,2024-12-03,241.10952758789062
2023-12-05,209.6140350877193,191.25511169433594,2024-12-04,241.4672393798828
2023-12-06,209.6140350877193,190.16741943359375,2024-12-05,241.49705505371094
2023-12-07,209.6140350877193,192.09559631347656,2024-12-06,241.29832458496094
2023-12-08,209.79310344827587,193.51947021484375,2024-12-09,245.18350219726562
2023-12-11,210.82758620689654,191.01780700683594,2024-12-10,246.19703674316406
2023-12-12,211.4561403508772,192.5306854248047,2024-12-11,244.92515563964844
2023-12-13,211.4561403508772,195.74432373046875,2024-12-12,246.38583374023438
2023-12-14,211.4561403508772,195.8926239013672,2024-12-13,246.55474853515625
2023-12-15,211.4561403508772,195.35865783691406,2024-12-16,249.44627380371094
2023-12-18,211.4561403508772,193.69744873046875,2024-12-17,251.87075805664062
2023-12-19,211.4561403508772,194.73570251464844,2024-12-18,246.47525024414062
2023-12-20,212.1206896551724,192.6493377685547,2024-12-19,248.20420837402344
2023-12-21,211.89473684210526,192.5009765625,2024-12-20,252.8743896484375
2023-12-22,211.89473684210526,191.43312072753906,2024-12-23,253.64944458007812
2023-12-26,211.89473684210526,190.88926696777344,2024-12-26,257.37554931640625
2023-12-27,211.89473684210526,190.9881134033203,2024-12-26,257.37554931640625
2023-12-28,211.39285714285714,191.4132843017578,2024-12-27,253.96739196777344
2023-12-29,211.39285714285714,190.3750457763672,2024-12-30,250.59890747070312
2024-01-02,210.85714285714286,183.56219482421875,2025-01-02,242.3019256591797
2024-01-03,210.0701754385965,182.18775939941406,2025-01-02,242.3019256591797
2024-01-04,209.98275862068965,179.8739471435547,2025-01-03,241.8150177001953
2024-01-05,209.98275862068965,179.15208435058594,2025-01-06,243.4446258544922
2024-01-08,210.1578947368421,183.4830780029297,2025-01-07,240.67234802246094
2024-01-09,210.1578947368421,183.06777954101562,2025-01-08,241.15921020507812
2024-01-10,209.98275862068965,184.10601806640625,2025-01-10,235.34634399414062
2024-01-11,209.98275862068965,183.51275634765625,2025-01-10,235.34634399414062
2024-01-12,209.98275862068965,183.83908081054688,2025-01-13,232.9119110107422
2024-01-16,209.80357142857142,181.57469177246094,2025-01-15,236.35989379882812
2024-01-17,209.05555555555554,180.63531494140625,2025-01-16,226.8109130859375
2024-01-18,209.34545454545454,186.5187225341797,2025-01-17,228.5199737548828
2024-01-19,209.34545454545454,189.41590881347656,2025-01-21,221.2265625
2024-01-22,208.82692307692307,191.71983337402344,2025-01-21,221.2265625
2024-01-23,208.82692307692307,192.9954071044922,2025-01-22,222.4090118408203
2024-01-24,209.09803921568627,192.32301330566406,2025-01-23,222.24009704589844
2024-01-25,209.09803921568627,191.9967041015625,2025-01-24,221.3656768798828
2024-01-26,209.09803921568627,190.2663116455078,2025-01-27,228.40074157714844
2024-01-29,208.75,189.58404541015625,2025-01-28,236.7473907470703
2024-01-30,209.0625,185.935302734375,2025-01-29,237.84043884277344
2024-01-31,209.48,182.33604431152344,2025-01-30,236.08168029785156
2024-02-01,210.5581395348837,184.7685546875,2025-01-31,234.5017547607422
2024-02-02,210.6530612244898,183.7698516845703,2025-02-03,226.56246948242188
2024-02-05,210.14,185.579345703125,2025-02-04,231.3220672607422
2024-02-06,210.14,187.18121337890625,2025-02-05,230.99417114257812
2024-02-07,209.94117647058823,187.2899932861328,2025-02-06,231.73941040039062
2024-02-08,209.94117647058823,186.21221923828125,2025-02-07,226.1848907470703
2024-02-09,209.94117647058823,186.97454833984375,2025-02-10,226.45346069335938
2024-02-12,210.71153846153845,185.2914276123047,2025-02-11,231.3973388671875
2024-02-13,210.71153846153845,183.20237731933594,2025-02-12,235.62501525878906
2024-02-14,210.33333333333334,182.3212127685547,2025-02-13,240.26051330566406
2024-02-15,210.33333333333334,182.0341033935547,2025-02-14,243.3143768310547
2024-02-16,210.33333333333334,180.49948120117188,2025-02-18,243.18504333496094
2024-02-20,210.33333333333334,179.7569580078125,2025-02-19,243.5829620361328
2024-02-21,210.33333333333334,180.50938415527344,2025-02-20,244.53793334960938
2024-02-22,210.33333333333334,182.53904724121094,2025-02-21,244.25938415527344
2024-02-23,210.33333333333334,180.70741271972656,2025-02-24,245.80123901367188
2024-02-26,210.33333333333334,179.3609161376953,2025-02-25,245.74156188964844
2024-02-27,210.33333333333334,180.81631469726562,2025-02-26,239.09666442871094
2024-02-28,211.09615384615384,179.6183319091797,2025-02-27,236.05276489257812
2024-02-29,211.09615384615384,178.9549560546875,2025-02-28,240.5688934326172
2024-03-01,211.09615384615384,177.87579345703125,2025-03-03,236.77890014648438
2024-03-04,211.09615384615384,173.36109924316406,2025-03-04,234.68995666503906
2024-03-05,210.67924528301887,168.4305419921875,2025-03-05,234.50094604492188
2024-03-06,210.6078431372549,167.44046020507812,2025-03-06,234.09310913085938
2024-03-07,210.22,167.32167053222656,2025-03-07,237.81346130371094
2024-03-08,210.41176470588235,169.03448486328125,2025-03-10,226.28436279296875
2024-03-11,210.26530612244898,171.03443908691406,2025-03-11,219.67926025390625
2024-03-12,210.31914893617022,171.50965881347656,2025-03-12,215.8395538330078
2024-03-13,210.54347826086956,169.43051147460938,2025-03-13,208.57791137695312
2024-03-14,210.33333333333334,171.28195190429688,2025-03-14,212.36790466308594
2024-03-15,210.33333333333334,170.90570068359375,2025-03-17,212.87521362304688
2024-03-18,210.66666666666666,171.9947967529297,2025-03-18,211.5720977783203
2024-03-19,210.66666666666666,174.3313446044922,2025-03-19,214.1087188720703
2024-03-20,210.66666666666666,176.89564514160156,2025-03-20,212.97470092773438
2024-03-21,211.86046511627907,169.6681365966797,2025-03-21,217.12277221679688
2024-03-22,212.04545454545453,170.56910705566406,2025-03-24,219.56985473632812
2024-03-25,211.5581395348837,169.1533203125,2025-03-25,222.573974609375
2024-03-26,212.07142857142858,168.02462768554688,2025-03-26,220.36563110351562
2024-03-27,212.1219512195122,171.5888671875,2025-03-27,222.67344665527344
2024-03-28,211.35714285714286,169.77700805664062,2025-03-28,216.75473022460938
2024-04-01,210.3953488372093,168.3414306640625,2025-04-01,222.0169219970703
2024-04-02,210.3953488372093,167.16323852539062,2025-04-02,222.71324157714844
2024-04-03,210.3953488372093,167.9652099609375,2025-04-03,202.1220245361328
2024-04-04,210.3953488372093,167.14344787597656,2025-04-04,187.38987731933594
2024-04-05,210.3953488372093,167.8959197998047,2025-04-07,180.50625610351562
2024-04-08,211.82926829268294,166.7771453857422,2025-04-08,171.51376342773438
2024-04-09,212.73809523809524,167.98500061035156,2025-04-09,197.80484008789062
2024-04-10,212.73809523809524,166.11378479003906,2025-04-10,189.41915893554688
2024-04-11,212.67441860465115,173.3016815185547,2025-04-11,197.1085205078125
2024-04-12,212.67441860465115,174.7967071533203,2025-04-14,201.45553588867188
2024-04-15,212.73809523809524,170.97503662109375,2025-04-15,201.07754516601562
2024-04-16,212.90697674418604,167.6979217529297,2025-04-16,193.24891662597656
2024-04-17,212.11363636363637,166.33160400390625,2025-04-17,195.94467163085938
2024-04-18,212.11363636363637,165.38111877441406,2025-04-21,192.14476013183594
2024-04-19,212.11363636363637,163.3614044189453,2025-04-21,192.14476013183594
2024-04-22,212.95454545454547,164.1930389404297,2025-04-22,198.69017028808594
2024-04-23,212.95454545454547,165.2425079345703,2025-04-23,203.52462768554688
2024-04-24,212.95454545454547,167.34146118164062,2025-04-24,207.27481079101562
2024-04-25,212.95454545454547,168.20281982421875,2025-04-25,208.18002319335938
2024-04-26,212.95454545454547,167.61868286132812,2025-04-28,209.03550720214844
2024-04-29,214.27906976744185,171.7769775390625,2025-04-29,210.09988403320312
2024-04-30,213.66666666666666,168.6384735107422,2025-04-30,211.3831024169922
2024-05-01,213.66666666666666,167.61868286132812,2025-05-01,212.19879150390625
2024-05-02,213.71794871794873,171.31166076660156,2025-05-02,204.27069091796875
2024-05-03,213.3125,181.55886840820312,2025-05-05,197.8446502685547
2024-05-06,213.3125,179.9054718017578,2025-05-06,197.46661376953125
2024-05-07,213.3125,180.5885772705078,2025-05-07,195.21852111816406
2024-05-08,213.3125,180.92523193359375,2025-05-08,196.45201110839844
2024-05-09,213.3125,182.737060546875,2025-05-09,197.4865264892578
2024-05-10,213.3125,181.4779815673828,2025-05-12,209.95704650878906
2024-05-13,214.0612244897959,184.68020629882812,2025-05-13,212.08860778808594
2024-05-14,214.0612244897959,185.82034301757812,2025-05-14,211.490966796875
2024-05-15,213.52083333333334,188.09068298339844,2025-05-15,210.61444091796875
2024-05-16,213.52083333333334,188.2096405029297,2025-05-16,210.42520141601562
2024-05-17,213.52083333333334,188.2393798828125,2025-05-19,207.95501708984375
2024-05-20,213.52083333333334,189.3993377685547,2025-05-20,206.04258728027344
2024-05-21,213.52083333333334,190.69808959960938,2025-05-21,201.2914276123047
2024-05-22,213.52083333333334,189.26052856445312,2025-05-22,200.56431579589844
2024-05-23,212.95744680851064,185.27503967285156,2025-05-23,194.49838256835938
2024-05-24,214.25,188.34844970703125,2025-05-27,199.4188690185547
2024-05-28,214.25,188.35836791992188,2025-05-28,199.62803649902344
2024-05-29,214.57142857142858,188.65579223632812,2025-05-29,199.15988159179688
2024-05-30,215.18,189.6471710205078,2025-05-30,200.05633544921875
2024-05-31,215.18,190.5989532470703,2025-06-02,200.90298461914062
2024-06-03,215.18,192.36367797851562,2025-06-03,202.46678161621094
2024-06-04,215.19607843137254,192.680908203125,2025-06-04,202.0185546875
2024-06-05,215.19607843137254,194.1878662109375,2025-06-05,199.8372039794922
2024-06-06,215.1,192.80979919433594,2025-06-06,203.11419677734375
2024-06-07,215.1,195.19911193847656,2025-06-09,200.65396118164062
2024-06-10,214.3877551020408,191.46145629882812,2025-06-10,201.86912536621094
2024-06-11,213.32142857142858,205.37098693847656,2025-06-11,197.99452209472656
2024-06-12,213.6140350877193,211.24014282226562,2025-06-12,198.41285705566406
2024-06-13,213.6140350877193,212.4001007080078,2025-06-13,195.67372131347656
2024-06-14,213.6140350877193,210.6651153564453,2025-06-16,197.6359405517578
2024-06-17,213.6140350877193,214.8092041015625,2025-06-17,194.86692810058594
2024-06-18,213.52631578947367,212.4496612548828,2025-06-18,195.80320739746094
2024-06-20,213.52631578947367,207.87924194335938,2025-06-20,200.20574951171875
2024-06-21,213.98275862068965,205.70806884765625,2025-06-23,200.70376586914062
2024-06-24,214.76271186440678,206.3524627685547,2025-06-24,199.5084991455078
2024-06-25,215.35,207.27450561523438,2025-06-25,200.76351928710938
2024-06-26,216.30645161290323,211.4185791015625,2025-06-26,200.20574951171875
2024-06-27,216.30645161290323,212.26129150390625,2025-06-27,200.28543090820312
2024-06-28,216.84126984126985,208.81118774414062,2025-06-30,204.35926818847656
2024-07-01,217.359375,214.88853454589844,2025-07-01,206.99879455566406
2024-07-02,218.17460317460316,218.37832641601562,2025-07-02,211.6005401611328
2024-07-03,218.38709677419354,219.64732360839844,2025-07-03,212.70616149902344
2024-07-05,218.38709677419354,224.39617919921875,2025-07-07,209.12037658691406
2024-07-08,218.38709677419354,225.8634796142578,2025-07-08,209.18014526367188
2024-07-09,218.8709677419355,226.71607971191406,2025-07-09,210.30564880371094
2024-07-10,219.52380952380952,230.97914123535156,2025-07-10,211.57066345214844
2024-07-11,220.93846153846152,225.61563110351562,2025-07-11,210.32559204101562
2024-07-12,220.93846153846152,228.56008911132812,2025-07-14,207.79562377929688
2024-07-15,222.8955223880597,232.386962890625,2025-07-15,208.28370666503906
2024-07-16,222.8955223880597,232.80335998535156,2025-07-16,209.32952880859375
2024-07-17,223.4179104477612,226.9143829345703,2025-07-17,209.1901092529297
2024-07-18,224.02941176470588,222.25473022460938,2025-07-18,210.3455047607422
2024-07-19,224.02941176470588,222.3836212158203,2025-07-21,211.64036560058594
2024-07-22,224.02941176470588,222.03660583496094,2025-07-22,213.5527801513672
2024-07-23,224.02941176470588,223.07760620117188,2025-07-23,213.30377197265625
2024-07-24,224.0857142857143,216.66314697265625,2025-07-24,212.91531372070312
2024-07-25,224.30985915492957,215.6221923828125,2025-07-25,213.0348663330078
2024-07-26,224.66666666666666,216.08815002441406,2025-07-28,213.20416259765625
2024-07-29,224.66666666666666,216.36573791503906,2025-07-29,210.43516540527344
2024-07-30,224.81428571428572,216.92095947265625,2025-07-30,208.2239227294922
2024-07-31,224.81428571428572,220.17274475097656,2025-07-31,206.74977111816406
2024-08-01,226.078125,216.48471069335938,2025-08-01,201.58030700683594
2024-08-02,227.62857142857143,217.97181701660156,2025-08-04,202.5464630126953
2024-08-05,228.7,207.4727783203125,2025-08-05,202.11814880371094
2024-08-06,229.74285714285713,205.45028686523438,2025-08-06,212.40733337402344
2024-08-07,229.74285714285713,208.01806640625,2025-08-07,219.16055297851562
2024-08-08,229.74285714285713,211.4781036376953,2025-08-08,228.4437255859375
2024-08-09,229.74285714285713,214.38290405273438,2025-08-11,226.53909301757812
2024-08-12,229.44927536231884,215.91148376464844,2025-08-12,229.00210571289062
2024-08-13,229.44927536231884,219.62364196777344,2025-08-13,232.6717529296875
2024-08-14,229.44927536231884,220.07028198242188,2025-08-14,232.12330627441406
2024-08-15,229.44927536231884,223.0479736328125,2025-08-15,230.93666076660156
2024-08-16,229.44927536231884,224.3680877685547,2025-08-18,230.23863220214844
2024-08-19,229.18571428571428,224.20925903320312,2025-08-19,229.90957641601562
2024-08-20,229.18571428571428,224.8246612548828,2025-08-20,225.3723907470703
2024-08-21,229.18571428571428,224.71548461914062,2025-08-21,224.26551818847656
2024-08-22,229.18571428571428,222.85939025878906,2025-08-22,227.11744689941406
2024-08-23,229.18571428571428,225.15219116210938,2025-08-25,226.5191650390625
2024-08-26,229.18571428571428,225.48965454101562,2025-08-26,228.6630859375
2024-08-27,230.97297297297297,226.33334350585938,2025-08-27,229.8397674560547
2024-08-28,231.82666666666665,224.80479431152344,2025-08-28,231.90391540527344
2024-08-29,231.82666666666665,228.0802459716797,2025-08-29,231.485107421875
2024-08-30,231.82666666666665,227.29612731933594,2025-09-02,229.07192993164062
2024-09-03,232.40540540540542,221.11248779296875,2025-09-03,237.79725646972656
2024-09-04,232.45333333333335,219.20677185058594,2025-09-04,239.1035614013672
2024-09-05,232.93333333333334,220.7253875732422,2025-09-05,239.0137939453125
2024-09-06,232.93333333333334,219.17698669433594,2025-09-08,237.2089080810547
2024-09-09,233.73333333333332,219.26632690429688,2025-09-09,233.68887329101562
2024-09-10,236.12048192771084,218.47227478027344,2025-09-10,226.15020751953125
2024-09-11,236.12048192771084,221.00331115722656,2025-09-11,229.3810577392578
2024-09-12,236.12048192771084,221.11248779296875,2025-09-12,233.40966796875
2024-09-13,236.12048192771084,220.844482421875,2025-09-15,236.03224182128906
2024-09-16,236.28571428571428,214.71047973632812,2025-09-16,237.4781494140625
2024-09-17,236.28571428571428,215.17697143554688,2025-09-17,238.3157958984375
2024-09-18,236.3170731707317,219.04794311523438,2025-09-18,237.2089080810547
2024-09-19,236.8048780487805,227.16708374023438,2025-09-19,244.80740356445312
2024-09-20,236.8048780487805,226.50209045410156,2025-09-22,255.35755920410156
2024-09-23,237.3827160493827,224.78492736816406,2025-09-23,253.71221923828125
2024-09-24,237.65853658536585,225.67823791503906,2025-09-24,251.59820556640625
2024-09-25,238.20731707317074,224.68569946289062,2025-09-25,256.1453552246094
2024-09-26,238.20731707317074,225.82711791992188,2025-09-26,254.73931884765625
2024-09-27,238.20731707317074,226.09510803222656,2025-09-29,253.71221923828125
2024-09-30,239.0493827160494,231.26638793945312,2025-09-30,253.9116668701172
2024-10-01,238.40243902439025,224.52687072753906,2025-10-01,254.72935485839844
2024-10-02,238.40243902439025,225.09263610839844,2025-10-02,256.40460205078125
2024-10-03,238.6144578313253,223.9908905029297,2025-10-03,257.2920837402344
2024-10-04,238.6144578313253,225.11251831054688,2025-10-06,255.96585083007812
2024-10-07,238.47560975609755,220.04051208496094,2025-10-07,255.75643920898438
2024-10-08,238.47560975609755,224.09014892578125,2025-10-08,257.3320007324219
2024-10-09,238.82716049382717,227.83212280273438,2025-10-09,253.3233184814453
2024-10-10,238.82716049382717,227.33580017089844,2025-10-10,244.57806396484375
2024-10-11,238.82716049382717,225.85690307617188,2025-10-13,246.96131896972656
2024-10-14,239.0625,229.57901000976562,2025-10-14,247.07101440429688
2024-10-15,239.83544303797467,232.1100616455078,2025-10-15,248.63658142089844
2024-10-16,239.83544303797467,230.05543518066406,2025-10-16,246.75192260742188
2024-10-17,239.83544303797467,230.42266845703125,2025-10-17,251.5782470703125
2024-10-18,239.83544303797467,233.25146484375,2025-10-20,261.50018310546875
2024-10-21,240.46835443037975,234.72047424316406,2025-10-21,262.0287170410156
2024-10-22,240.46835443037975,234.10508728027344,2025-10-22,257.72088623046875
2024-10-23,240.46835443037975,229.04302978515625,2025-10-23,258.8476867675781
2024-10-24,240.46835443037975,228.85443115234375,2025-10-24,262.07855224609375
2024-10-25,239.9625,229.68820190429688,2025-10-27,268.0516662597656
2024-10-28,240.92307692307693,231.6633758544922,2025-10-28,268.2411193847656
2024-10-29,240.92307692307693,231.9313507080078,2025-10-29,268.93914794921875
2024-10-30,240.92307692307693,228.38792419433594,2025-10-30,270.63433837890625
2024-10-31,244.7536231884058,224.22914123535156,2025-10-31,269.6072692871094
2024-11-01,243.53947368421052,221.25144958496094,2025-11-03,268.29095458984375
2024-11-04,243.94805194805195,220.35812377929688,2025-11-04,269.2781982421875
2024-11-05,243.94805194805195,221.7874298095703,2025-11-05,269.3779296875
2024-11-06,243.94805194805195,221.06285095214844,2025-11-06,269.0089416503906
2024-11-07,243.94805194805195,225.7874298095703,2025-11-07,267.7126159667969
2024-11-08,243.94805194805195,225.51914978027344,2025-11-10,268.93035888671875
2024-11-11,243.8684210526316,222.8064727783203,2025-11-11,274.73956298828125
2024-11-12,243.8684210526316,222.8064727783203,2025-11-12,272.9628601074219
2024-11-13,243.8684210526316,223.69082641601562,2025-11-13,272.44384765625
2024-11-14,243.8684210526316,226.77113342285156,2025-11-14,271.9048156738281
2024-11-15,243.45246753246752,223.5715789794922,2025-11-17,266.9639892578125
2024-11-18,243.45246753246752,226.57241821289062,2025-11-18,266.9440612792969
2024-11-19,243.45246753246752,226.8307647705078,2025-11-19,268.06195068359375
2024-11-20,243.02358974358975,227.5461883544922,2025-11-20,265.7562561035156
2024-11-21,242.6083116883117,227.06922912597656,2025-11-21,270.98651123046875
2024-11-22,242.6083116883117,228.41065979003906,2025-11-24,275.4083251953125
2024-11-25,242.99794871794873,231.39163208007812,2025-11-25,276.4563903808594
2024-11-26,243.16675324675325,233.56771850585938,2025-11-26,277.0352783203125
2024-11-27,243.14263157894737,233.4385528564453,2025-11-28,278.3328857421875
2024-11-29,243.88103896103897,235.8233184814453,2025-12-01,282.57501220703125
2024-12-02,243.82701298701298,238.06895446777344,2025-12-02,285.6592712402344
2024-12-03,242.7523076923077,241.10952758789062,2025-12-03,283.623046875
2024-12-04,242.7523076923077,241.4672393798828,2025-12-04,280.179443359375
2024-12-05,242.7523076923077,241.49705505371094,2025-12-05,278.26300048828125
2024-12-06,242.7523076923077,241.29832458496094,2025-12-08,277.3746643066406
2024-12-09,246.38985915492958,245.18350219726562,2025-12-09,276.66595458984375
2024-12-10,246.8123943661972,246.19703674316406,2025-12-10,278.26300048828125
2024-12-11,246.8123943661972,244.92515563964844,2025-12-11,277.514404296875
2024-12-12,246.8123943661972,246.38583374023438,2025-12-12,277.7639465332031
2024-12-13,247.1761111111111,246.55474853515625,2025-12-15,273.6016540527344
2024-12-16,247.2067605633803,249.44627380371094,2025-12-16,274.1007385253906
2024-12-17,247.2067605633803,251.87075805664062,2025-12-17,271.33587646484375
2024-12-18,247.59277777777777,246.47525024414062,2025-12-18,271.68524169921875
2024-12-19,247.69971830985915,248.20420837402344,2025-12-19,273.1625061035156
2024-12-20,247.69971830985915,252.8743896484375,2025-12-22,270.4674987792969
2024-12-23,247.488115942029,253.64944458007812,2025-12-23,271.85491943359375
2024-12-24,247.5623880597015,256.5608215332031,2025-12-24,273.3022155761719
2024-12-26,248.68179104477613,257.37554931640625,2025-12-26,272.8929748535156
2024-12-27,248.68179104477613,253.96739196777344,2025-12-29,273.2523498535156
2024-12-30,250.02584615384615,250.59890747070312,2025-12-30,272.5735778808594
2024-12-31,250.02584615384615,248.83023071289062,2025-12-31,271.3558349609375
2025-01-02,250.02584615384615,242.3019256591797,2026-01-02,270.5074157714844
2025-01-03,250.26388059701492,241.8150177001953,2026-01-05,266.7643737792969
2025-01-06,250.57090909090908,243.4446258544922,2026-01-06,261.8734436035156
2025-01-07,249.48000000000002,240.67234802246094,2026-01-07,259.8471984863281
2025-01-08,248.979375,241.15921020507812,2026-01-08,258.55963134765625
2025-01-10,248.979375,235.34634399414062,2026-01-12,259.76739501953125
2025-01-13,247.76903225806453,232.9119110107422,2026-01-13,260.5658874511719
2025-01-14,247.56852459016395,231.7990264892578,2026-01-14,259.4779052734375
2025-01-15,247.278,236.35989379882812,2026-01-15,257.73114013671875
2025-01-16,247.278,226.8109130859375,2026-01-16,255.05613708496094
2025-01-17,247.278,228.5199737548828,2026-01-20,246.2425079345703
2025-01-21,247.34564516129032,221.2265625,2026-01-21,247.1907501220703
2025-01-22,246.42629032258066,222.4090118408203,2026-01-22,247.8894500732422
2025-01-23,248.14968253968254,222.24009704589844,2026-01-23,247.58001708984375
2025-01-24,248.22546875,221.3656768798828,2026-01-26,254.9363555908203
2025-01-27,248.41296875,228.40074157714844,2026-01-27,257.791015625
2025-01-28,248.43738461538462,236.7473907470703,2026-01-28,255.96446228027344
2025-01-29,248.43738461538462,237.84043884277344,2026-01-29,257.801025390625
2025-01-30,249.55716666666666,236.08168029785156,2026-01-30,258.9988098144531
2025-01-31,250.88228571428576,234.5017547607422,2026-02-02,269.5093078613281
2025-02-03,250.42294117647063,226.56246948242188,2026-02-03,268.98028564453125
2025-02-04,250.42294117647063,231.3220672607422,2026-02-04,275.97723388671875
2025-02-05,250.42294117647063,230.99417114257812,2026-02-05,275.3983459472656
2025-02-06,250.42294117647063,231.73941040039062,2026-02-06,277.6042175292969
2025-02-07,250.42294117647063,226.1848907470703,2026-02-09,274.3672180175781
2025-02-10,250.42294117647063,226.45346069335938,2026-02-10,273.4280700683594
2025-02-11,250.42294117647063,231.3973388671875,2026-02-11,275.24639892578125
2025-02-12,250.42294117647063,235.62501525878906,2026-02-12,261.4891052246094
2025-02-13,250.42294117647063,240.26051330566406,2026-02-13,255.5445556640625
2025-02-14,250.42294117647063,243.3143768310547,2026-02-17,263.6371154785156
2025-02-18,251.0113432835821,243.18504333496094,2026-02-18,264.106689453125
2025-02-19,251.64352941176475,243.5829620361328,2026-02-19,260.3401184082031
2025-02-20,251.64352941176475,244.53793334960938,2026-02-20,264.3364562988281
2025-02-21,251.64352941176475,244.25938415527344,2026-02-23,265.9349670410156
2025-02-24,250.9961904761905,245.80123901367188,2026-02-24,271.8895263671875
2025-02-25,250.28645161290322,245.74156188964844,2026-02-25,273.97760009765625
2025-02-26,250.28645161290322,239.09666442871094,2026-02-26,272.6987609863281
2025-02-27,250.28645161290322,236.05276489257812,2026-02-27,263.93682861328125
2025-02-28,250.28645161290322,240.5688934326172,2026-03-02,264.476318359375
2025-03-03,251.47238095238095,236.77890014648438,2026-03-03,263.5072326660156
2025-03-04,251.72193548387096,234.68995666503906,2026-03-04,262.2783508300781
2025-03-05,251.65180327868853,234.50094604492188,2026-03-05,260.0504150390625
2025-03-06,251.65180327868853,234.09310913085938,2026-03-06,257.2229919433594
2025-03-07,251.65180327868853,237.81346130371094,2026-03-09,259.6407775878906
2025-03-10,249.9569230769231,226.28436279296875,2026-03-10,260.58990478515625
2025-03-11,249.9569230769231,219.67926025390625,2026-03-11,260.5699157714844
2025-03-12,249.99547169811322,215.8395538330078,2026-03-12,255.52456665039062
2025-03-13,249.99547169811322,208.57791137695312,2026-03-13,249.8897705078125
2025-03-14,251.38444444444445,212.36790466308594,2026-03-16,252.58729553222656
2025-03-17,251.41056603773586,212.87521362304688,2026-03-17,253.99598693847656
2025-03-18,251.84740740740742,211.5720977783203,2026-03-18,249.70994567871094
2025-03-19,251.69358490566037,214.1087188720703,2026-03-19,248.73085021972656
2025-03-20,251.69358490566037,212.97470092773438,2026-03-20,247.76173400878906
2025-03-21,251.69358490566037,217.12277221679688,2026-03-23,251.25851440429688
2025-03-24,251.53384615384616,219.56985473632812,2026-03-24,251.4083709716797
2025-03-25,252.05411764705883,222.573974609375,2026-03-25,252.38746643066406
2025-03-26,252.05411764705883,220.36563110351562,2026-03-26,252.6572265625
2025-03-27,252.05411764705883,222.67344665527344,2026-03-27,248.57098388671875
2025-03-28,252.05411764705883,216.75473022460938,2026-03-30,246.40298461914062
2025-03-31,254.17176470588237,220.9624786376953,2026-03-31,253.55638122558594
2025-04-01,254.17176470588237,222.0169219970703,2026-04-01,255.3946990966797
2025-04-02,254.1352,222.71324157714844,2026-04-02,255.68443298339844
2025-04-03,254.11277777777778,202.1220245361328,2026-04-06,258.6217041015625
2025-04-04,254.2198181818182,187.38987731933594,2026-04-06,258.6217041015625
2025-04-07,254.1444642857143,180.50625610351562,2026-04-07,253.26666259765625
2025-04-08,251.93372881355933,171.51376342773438,2026-04-08,258.66168212890625
2025-04-09,250.53283333333331,197.80484008789062,2026-04-09,260.2502136230469
2025-04-10,250.53283333333331,189.41915893554688,2026-04-10,260.240234375
2025-04-11,250.53283333333331,197.1085205078125,2026-04-13,258.96142578125
2025-04-14,249.78415384615386,201.45553588867188,2026-04-14,258.59173583984375
2025-04-15,249.78415384615386,201.07754516601562,2026-04-15,266.18475341796875
2025-04-16,249.78415384615386,193.24891662597656,2026-04-16,263.15753173828125
2025-04-17,249.78415384615386,195.94467163085938,2026-04-17,269.98126220703125
2025-04-21,249.62453125000002,192.14476013183594,2026-04-21,265.9250183105469
2025-04-22,249.62453125000002,198.69017028808594,2026-04-22,272.9185791015625
2025-04-23,249.12075757575758,203.52462768554688,2026-04-23,273.1783142089844
2025-04-24,249.7268181818182,207.27481079101562,2026-04-24,270.81048583984375
2025-04-25,249.7268181818182,208.18002319335938,2026-04-27,267.3636474609375
2025-04-28,249.7268181818182,209.03550720214844,2026-04-28,270.4608154296875
2025-04-29,249.50701492537314,210.09988403320312,2026-04-29,269.92132568359375
2025-04-30,247.64242857142858,211.3831024169922,2026-04-30,271.1002502441406
2025-05-01,249.64569230769231,212.19879150390625,2026-05-01,279.88214111328125
2025-05-02,247.56375,204.27069091796875,2026-05-04,276.5751647949219
2025-05-05,247.07763888888888,197.8446502685547,2026-05-05,283.9184265136719
2025-05-06,247.07763888888888,197.46661376953125,2026-05-06,287.245361328125
2025-05-07,247.07763888888888,195.21852111816406,2026-05-07,287.1754150390625
2025-05-08,247.07763888888888,196.45201110839844,2026-05-08,293.0500183105469
2025-05-09,247.07763888888888,197.4865264892578,2026-05-11,292.67999267578125
2025-05-12,247.07763888888888,209.95704650878906,2026-05-12,294.79998779296875
2025-05-13,247.07763888888888,212.08860778808594,2026-05-13,298.8699951171875
2025-05-14,247.07763888888888,211.490966796875,2026-05-14,298.2099914550781
2025-05-15,247.57394366197184,210.61444091796875,2026-05-15,300.2300109863281
2025-05-16,247.88541666666666,210.42520141601562,2026-05-18,297.8399963378906
2025-05-19,247.88541666666666,207.95501708984375,2026-05-19,298.9700012207031
2025-05-20,248.41901408450704,206.04258728027344,2026-05-20,302.25
2025-05-21,248.41901408450704,201.2914276123047,2026-05-21,304.989990234375
2025-05-22,248.41901408450704,200.56431579589844,2026-05-22,308.82000732421875
2025-05-23,248.41901408450704,194.49838256835938,2026-05-26,308.3299865722656
2025-05-27,248.06785714285715,199.4188690185547,2026-05-27,310.8500061035156
2025-05-28,248.06785714285715,199.62803649902344,2026-05-28,312.510009765625
2025-05-29,247.31521739130434,199.15988159179688,2026-05-29,312.05999755859375
2025-05-30,247.31521739130434,200.05633544921875,2026-06-01,306.30999755859375
2025-06-02,249.1479104477612,200.90298461914062,2026-06-02,315.20001220703125
2025-06-03,249.1479104477612,202.46678161621094,2026-06-03,310.260009765625
2025-06-04,248.79279411764705,202.0185546875,2026-06-04,311.2300109863281
2025-06-05,248.59289855072464,199.8372039794922,2026-06-05,307.3399963378906
2025-06-06,248.59289855072464,203.11419677734375,2026-06-08,301.5400085449219
2025-06-09,248.42514705882354,200.65396118164062,2026-06-09,290.54998779296875
2025-06-10,248.35084507042254,201.86912536621094,2026-06-10,291.5799865722656
2025-06-11,248.35084507042254,197.99452209472656,2026-06-11,295.6300048828125
2025-06-12,247.99871428571427,198.41285705566406,2026-06-12,291.1300048828125
2025-06-13,247.99871428571427,195.67372131347656,2026-06-15,296.4200134277344
2025-06-16,247.99871428571427,197.6359405517578,2026-06-16,299.239990234375
2025-06-17,247.60739130434783,194.86692810058594,2026-06-17,295.95001220703125
2025-06-18,247.60739130434783,195.80320739746094,2026-06-18,298.010009765625
2025-06-20,247.60739130434783,200.20574951171875,2026-06-22,297.010009765625
2025-06-23,247.60739130434783,200.70376586914062,2026-06-23,294.29998779296875
2025-06-24,247.60739130434783,199.5084991455078,2026-06-24,293.0799865722656
2025-06-25,246.46926470588235,200.76351928710938,2026-06-25,275.1499938964844
2025-06-26,246.23057971014492,200.20574951171875,2026-06-26,283.7799987792969
2025-06-27,246.23057971014492,200.28543090820312,2026-06-29,281.739990234375
2025-06-30,246.23057971014492,204.35926818847656,2026-06-30,289.3599853515625
2025-07-01,245.40328571428572,206.99879455566406,2026-07-01,294.3800048828125
2025-07-02,245.40328571428572,211.6005401611328,2026-07-02,308.6300048828125
2025-07-03,245.03279411764706,212.70616149902344,2026-07-06,312.6600036621094
2025-07-07,245.88402985074626,209.12037658691406,2026-07-07,310.6600036621094
2025-07-08,245.88402985074626,209.18014526367188,2026-07-08,313.3900146484375
2025-07-09,246.23867647058822,210.30564880371094,2026-07-09,316.2200012207031
2025-07-10,246.23867647058822,211.57066345214844,2026-07-10,315.32000732421875
2025-07-11,246.23867647058822,210.32559204101562,2026-07-13,317.30999755859375
2025-07-14,246.23867647058822,207.79562377929688,2026-07-14,314.8599853515625
2025-07-15,246.23867647058822,208.28370666503906,2026-07-15,327.5
2025-07-16,246.23867647058822,209.32952880859375,,
2025-07-17,246.29318840579708,209.1901092529297,,
2025-07-18,246.29318840579708,210.3455047607422,,
2025-07-21,246.8227692307692,211.64036560058594,,
2025-07-22,247.82,213.5527801513672,,
2025-07-23,246.05612903225807,213.30377197265625,,
2025-07-24,245.94229508196722,212.91531372070312,,
2025-07-25,245.94229508196722,213.0348663330078,,
2025-07-28,245.60135593220338,213.20416259765625,,
2025-07-29,245.12466666666666,210.43516540527344,,
2025-07-30,244.7913333333333,208.2239227294922,,
2025-07-31,241.983,206.74977111816406,,
2025-08-01,241.03583333333333,201.58030700683594,,
2025-08-04,241.03583333333333,202.5464630126953,,
2025-08-05,241.03583333333333,202.11814880371094,,
2025-08-06,241.03583333333333,212.40733337402344,,
2025-08-07,241.70079365079366,219.16055297851562,,
2025-08-08,242.26384615384615,228.4437255859375,,
2025-08-11,242.26384615384615,226.53909301757812,,
2025-08-12,242.26384615384615,229.00210571289062,,
2025-08-13,242.3810606060606,232.6717529296875,,
2025-08-14,242.64402985074625,232.12330627441406,,
2025-08-15,242.64402985074625,230.93666076660156,,
2025-08-18,242.64402985074625,230.23863220214844,,
2025-08-19,241.8659090909091,229.90957641601562,,
2025-08-20,241.8659090909091,225.3723907470703,,
2025-08-21,241.62910447761195,224.26551818847656,,
2025-08-22,241.62910447761195,227.11744689941406,,
2025-08-25,241.75220588235297,226.5191650390625,,
2025-08-26,241.75220588235297,228.6630859375,,
2025-08-27,242.1036231884058,229.8397674560547,,
2025-08-28,242.1036231884058,231.90391540527344,,
2025-08-29,242.1036231884058,231.485107421875,,
2025-09-02,240.8845588235294,229.07192993164062,,
2025-09-03,241.57357142857146,237.79725646972656,,
2025-09-04,241.34014084507044,239.1035614013672,,
2025-09-05,241.34014084507044,239.0137939453125,,
2025-09-08,240.84680555555556,237.2089080810547,,
2025-09-09,241.09680555555556,233.68887329101562,,
2025-09-10,242.36802631578948,226.15020751953125,,
2025-09-11,240.84376623376625,229.3810577392578,,
2025-09-12,240.84376623376625,233.40966796875,,
2025-09-15,240.39434210526318,236.03224182128906,,
2025-09-16,241.03857142857143,237.4781494140625,,
2025-09-17,241.85858974358976,238.3157958984375,,
2025-09-18,241.85858974358976,237.2089080810547,,
2025-09-19,241.85858974358976,244.80740356445312,,
2025-09-22,242.72113924050635,255.35755920410156,,
2025-09-23,242.72113924050635,253.71221923828125,,
2025-09-24,242.72113924050635,251.59820556640625,,
2025-09-25,242.72113924050635,256.1453552246094,,
2025-09-26,243.312125,254.73931884765625,,
2025-09-29,242.67050632911395,253.71221923828125,,
2025-09-30,242.67050632911395,253.9116668701172,,
2025-10-01,242.96894736842106,254.72935485839844,,
2025-10-02,243.46894736842106,256.40460205078125,,
2025-10-03,242.97142857142856,257.2920837402344,,
2025-10-06,244.20273972602737,255.96585083007812,,
2025-10-07,245.26277777777776,255.75643920898438,,
2025-10-08,245.26277777777776,257.3320007324219,,
2025-10-09,245.26277777777776,253.3233184814453,,
2025-10-10,245.26277777777776,244.57806396484375,,
2025-10-13,245.59582089552237,246.96131896972656,,
2025-10-14,245.59582089552237,247.07101440429688,,
2025-10-15,245.59582089552237,248.63658142089844,,
2025-10-16,245.59582089552237,246.75192260742188,,
2025-10-17,245.59582089552237,251.5782470703125,,
2025-10-20,246.61647058823527,261.50018310546875,,
2025-10-21,248.1311764705882,262.0287170410156,,
2025-10-22,248.2525373134328,257.72088623046875,,
2025-10-23,248.2525373134328,258.8476867675781,,
2025-10-24,248.2525373134328,262.07855224609375,,
2025-10-27,249.07343283582088,268.0516662597656,,
2025-10-28,251.53723076923075,268.2411193847656,,
2025-10-29,252.45187499999997,268.93914794921875,,
2025-10-30,255.42631578947368,270.63433837890625,,
2025-10-31,263.08985714285717,269.6072692871094,,
2025-11-03,263.08985714285717,268.29095458984375,,
2025-11-04,262.9054929577465,269.2781982421875,,
2025-11-05,262.9054929577465,269.3779296875,,
2025-11-06,262.9054929577465,269.0089416503906,,
2025-11-07,262.9054929577465,267.7126159667969,,
2025-11-10,262.9054929577465,268.93035888671875,,
2025-11-11,262.9054929577465,274.73956298828125,,
2025-11-12,262.9054929577465,272.9628601074219,,
2025-11-13,262.8041428571429,272.44384765625,,
2025-11-14,262.8041428571429,271.9048156738281,,
2025-11-17,262.8041428571429,266.9639892578125,,
2025-11-18,262.8041428571429,266.9440612792969,,
2025-11-19,262.8041428571429,268.06195068359375,,
2025-11-20,262.8041428571429,265.7562561035156,,
2025-11-21,262.8041428571429,270.98651123046875,,
2025-11-24,262.8041428571429,275.4083251953125,,
2025-11-25,262.8041428571429,276.4563903808594,,
2025-11-26,262.8041428571429,277.0352783203125,,
2025-11-28,262.8041428571429,278.3328857421875,,
2025-12-01,262.8041428571429,282.57501220703125,,
2025-12-02,264.2327142857143,285.6592712402344,,
2025-12-03,264.6563768115942,283.623046875,,
2025-12-04,264.6563768115942,280.179443359375,,
2025-12-05,265.58985714285717,278.26300048828125,,
2025-12-08,268.49695652173915,277.3746643066406,,
2025-12-09,269.37557142857145,276.66595458984375,,
2025-12-10,269.37557142857145,278.26300048828125,,
2025-12-11,269.37557142857145,277.514404296875,,
2025-12-12,269.37557142857145,277.7639465332031,,
2025-12-15,269.37557142857145,273.6016540527344,,
2025-12-16,269.37557142857145,274.1007385253906,,
2025-12-17,270.0181690140845,271.33587646484375,,
2025-12-18,270.0181690140845,271.68524169921875,,
2025-12-19,270.0181690140845,273.1625061035156,,
2025-12-22,270.0181690140845,270.4674987792969,,
2025-12-23,270.0181690140845,271.85491943359375,,
2025-12-24,270.58985714285717,273.3022155761719,,
2025-12-26,270.58985714285717,272.8929748535156,,
2025-12-29,271.7821739130435,273.2523498535156,,
2025-12-30,271.7821739130435,272.5735778808594,,
2025-12-31,271.7821739130435,271.3558349609375,,
2026-01-02,271.7821739130435,270.5074157714844,,
2026-01-05,271.7821739130435,266.7643737792969,,
2026-01-06,271.8083823529412,261.8734436035156,,
2026-01-07,271.8083823529412,259.8471984863281,,
2026-01-08,271.8083823529412,258.55963134765625,,
2026-01-09,272.6517391304348,258.8890075683594,,
2026-01-12,273.7567142857143,259.76739501953125,,
2026-01-13,274.8305633802817,260.5658874511719,,
2026-01-14,275.1852857142857,259.4779052734375,,
2026-01-15,275.1852857142857,257.73114013671875,,
2026-01-16,275.1852857142857,255.05613708496094,,
2026-01-20,276.49958333333336,246.2425079345703,,
2026-01-21,276.49958333333336,247.1907501220703,,
2026-01-22,276.49958333333336,247.8894500732422,,
2026-01-23,276.49958333333336,247.58001708984375,,
2026-01-26,277.8416438356164,254.9363555908203,,
2026-01-27,277.9505555555555,257.791015625,,
2026-01-28,277.9505555555555,255.96446228027344,,
2026-01-29,284.6683870967742,257.801025390625,,
2026-01-30,285.8854285714286,258.9988098144531,,
2026-02-02,285.8854285714286,269.5093078613281,,
2026-02-03,285.8854285714286,268.98028564453125,,
2026-02-04,287.2683582089552,275.97723388671875,,
2026-02-05,288.1073846153846,275.3983459472656,,
2026-02-06,288.1073846153846,277.6042175292969,,
2026-02-09,288.1073846153846,274.3672180175781,,
2026-02-10,288.7028125,273.4280700683594,,
2026-02-11,289.1584126984127,275.24639892578125,,
2026-02-12,289.1584126984127,261.4891052246094,,
2026-02-13,289.1584126984127,255.5445556640625,,
2026-02-17,290.1090625,263.6371154785156,,
2026-02-18,291.12666666666667,264.106689453125,,
2026-02-19,291.12666666666667,260.3401184082031,,
2026-02-20,291.12666666666667,264.3364562988281,,
2026-02-23,291.79,265.9349670410156,,
2026-02-24,292.2127868852459,271.8895263671875,,
2026-02-25,292.2127868852459,273.97760009765625,,
2026-02-26,292.2127868852459,272.6987609863281,,
2026-02-27,292.2127868852459,263.93682861328125,,
2026-03-02,292.2127868852459,264.476318359375,,
2026-03-03,292.383,263.5072326660156,,
2026-03-04,293.5250847457627,262.2783508300781,,
2026-03-05,294.03245901639343,260.0504150390625,,
2026-03-06,294.03245901639343,257.2229919433594,,
2026-03-09,295.9349152542373,259.6407775878906,,
2026-03-10,298.1665454545454,260.58990478515625,,
2026-03-11,300.9275471698113,260.5699157714844,,
2026-03-12,300.9275471698113,255.52456665039062,,
2026-03-13,300.9275471698113,249.8897705078125,,
2026-03-16,301.1376923076923,252.58729553222656,,
2026-03-17,301.0619607843137,253.99598693847656,,
2026-03-18,301.0619607843137,249.70994567871094,,
2026-03-19,301.0619607843137,248.73085021972656,,
2026-03-20,301.0619607843137,247.76173400878906,,
2026-03-23,301.52230769230766,251.25851440429688,,
2026-03-24,301.52230769230766,251.4083709716797,,
2026-03-25,301.52230769230766,252.38746643066406,,
2026-03-26,301.74823529411765,252.6572265625,,
2026-03-27,302.67615384615385,248.57098388671875,,
2026-03-30,302.67615384615385,246.40298461914062,,
2026-03-31,303.4453846153846,253.55638122558594,,
2026-04-01,303.5521568627451,255.3946990966797,,
2026-04-02,305.52,255.68443298339844,,
2026-04-06,305.52,258.6217041015625,,
2026-04-07,305.52,253.26666259765625,,
2026-04-08,305.52,258.66168212890625,,
2026-04-09,305.52,260.2502136230469,,
2026-04-10,305.52,260.240234375,,
2026-04-13,305.52,258.96142578125,,
2026-04-14,305.9019607843137,258.59173583984375,,
2026-04-15,305.9019607843137,266.18475341796875,,
2026-04-16,305.9019607843137,263.15753173828125,,
2026-04-17,305.78846153846155,269.98126220703125,,
2026-04-20,306.46938775510205,272.79864501953125,,
2026-04-21,306.5686274509804,265.9250183105469,,
2026-04-22,306.5686274509804,272.9185791015625,,
2026-04-23,306.5686274509804,273.1783142089844,,
2026-04-24,306.5686274509804,270.81048583984375,,
2026-04-27,307.44897959183675,267.3636474609375,,
2026-04-28,306.7755102040816,270.4608154296875,,
2026-04-29,306.7755102040816,269.92132568359375,,
2026-04-30,312.42885714285717,271.1002502441406,,
2026-05-01,310.5684090909091,279.88214111328125,,
2026-05-04,311.97697674418606,276.5751647949219,,
2026-05-05,311.97697674418606,283.9184265136719,,
2026-05-06,311.97697674418606,287.245361328125,,
2026-05-07,311.97697674418606,287.1754150390625,,
2026-05-08,313.9775,293.0500183105469,,
2026-05-11,313.9775,292.67999267578125,,
2026-05-12,313.9775,294.79998779296875,,
2026-05-13,313.9775,298.8699951171875,,
2026-05-14,316.41326086956525,298.2099914550781,,
2026-05-15,316.41326086956525,300.2300109863281,,
2026-05-18,316.41326086956525,297.8399963378906,,
2026-05-19,316.41326086956525,298.9700012207031,,
2026-05-20,316.41326086956525,302.25,,
2026-05-21,316.41326086956525,304.989990234375,,
2026-05-22,316.41326086956525,308.82000732421875,,
2026-05-26,317.766170212766,308.3299865722656,,
2026-05-27,317.766170212766,310.8500061035156,,
2026-05-28,317.766170212766,312.510009765625,,
2026-05-29,317.766170212766,312.05999755859375,,
2026-06-01,317.60891304347825,306.30999755859375,,
2026-06-02,317.60891304347825,315.20001220703125,,
2026-06-03,317.60891304347825,310.260009765625,,
2026-06-04,317.33355555555556,311.2300109863281,,
2026-06-05,319.13065217391306,307.3399963378906,,
2026-06-08,318.023488372093,301.5400085449219,,
2026-06-09,319.3831914893617,290.54998779296875,,
2026-06-10,319.3831914893617,291.5799865722656,,
2026-06-11,319.3831914893617,295.6300048828125,,
2026-06-12,319.3831914893617,291.1300048828125,,
2026-06-15,319.3831914893617,296.4200134277344,,
2026-06-16,319.47847826086957,299.239990234375,,
2026-06-17,319.47847826086957,295.95001220703125,,
2026-06-18,320.766170212766,298.010009765625,,
2026-06-22,320.6460416666667,297.010009765625,,
2026-06-23,320.6460416666667,294.29998779296875,,
2026-06-24,320.6460416666667,293.0799865722656,,
2026-06-25,321.5512244897959,275.1499938964844,,
2026-06-26,321.5512244897959,283.7799987792969,,
2026-06-29,321.5512244897959,281.739990234375,,
2026-06-30,321.5512244897959,289.3599853515625,,
2026-07-01,321.5512244897959,294.3800048828125,,
2026-07-02,321.5512244897959,308.6300048828125,,
2026-07-06,321.5512244897959,312.6600036621094,,
2026-07-07,321.5512244897959,310.6600036621094,,
2026-07-08,321.5512244897959,313.3900146484375,,
2026-07-09,321.3752083333333,316.2200012207031,,
2026-07-10,321.3752083333333,315.32000732421875,,
2026-07-13,321.08531914893615,317.30999755859375,,
2026-07-14,319.604375,314.8599853515625,,
2026-07-15,319.604375,327.5,,
