Date,ConsensusTarget,StockPrice,ForwardDate,StockPrice12mForward
2020-01-10,102.5,94.15799713134766,2021-01-11,155.7104949951172
2020-01-13,102.5,94.56500244140625,2021-01-12,156.04150390625
2020-01-14,102.5,93.47200012207031,2021-01-13,158.29449462890625
2020-01-15,102.5,93.10099792480469,2021-01-14,156.37350463867188
2020-01-16,106.25,93.89700317382812,2021-01-15,155.21249389648438
2020-01-17,109.25,93.23600006103516,2021-01-19,156.03799438476562
2020-01-21,109.25,94.5999984741211,2021-01-20,163.16900634765625
2020-01-22,110.0625,94.37300109863281,2021-01-21,165.34950256347656
2020-01-23,110.55,94.22899627685547,2021-01-22,164.6114959716797
2020-01-24,110.55,93.08200073242188,2021-01-25,164.6999969482422
2020-01-27,111.29166666666667,91.41699981689453,2021-01-26,166.30650329589844
2020-01-28,111.29166666666667,92.6624984741211,2021-01-27,161.62899780273438
2020-01-29,111.125,92.9000015258789,2021-01-28,161.88099670410156
2020-01-30,111.125,93.53399658203125,2021-01-29,160.30999755859375
2020-01-31,119.66666666666667,100.43599700927734,2021-02-01,167.1439971923828
2020-02-03,119.66666666666667,100.20999908447266,2021-02-02,169.0
2020-02-04,119.66666666666667,102.4834976196289,2021-02-03,165.62649536132812
2020-02-05,119.6774193548387,101.99349975585938,2021-02-04,166.5500030517578
2020-02-06,119.6774193548387,102.5114974975586,2021-02-05,167.6074981689453
2020-02-07,119.6774193548387,103.96399688720703,2021-02-08,166.14700317382812
2020-02-10,119.6774193548387,106.69550323486328,2021-02-09,165.25
2020-02-11,119.6774193548387,107.54000091552734,2021-02-10,164.32899475097656
2020-02-12,119.6774193548387,108.0,2021-02-11,163.10650634765625
2020-02-13,119.8828125,107.49349975585938,2021-02-12,163.885498046875
2020-02-14,119.8828125,106.74349975585938,2021-02-16,163.44749450683594
2020-02-18,119.8828125,107.78350067138672,2021-02-17,165.4320068359375
2020-02-19,119.8828125,108.51100158691406,2021-02-18,166.4114990234375
2020-02-20,119.8828125,107.65499877929688,2021-02-19,162.4949951171875
2020-02-21,119.8828125,104.79850006103516,2021-02-22,159.03700256347656
2020-02-24,119.8828125,100.4645004272461,2021-02-23,159.72500610351562
2020-02-25,119.8828125,98.63700103759766,2021-02-24,157.97650146484375
2020-02-26,119.8828125,98.97949981689453,2021-02-25,152.85800170898438
2020-02-27,119.8828125,94.21499633789062,2021-02-26,154.64649963378906
2020-02-28,119.8828125,94.1875,2021-03-01,157.3070068359375
2020-03-02,119.8828125,97.69750213623047,2021-03-02,154.72650146484375
2020-03-03,119.8828125,95.44950103759766,2021-03-03,150.25
2020-03-04,119.8828125,98.79149627685547,2021-03-04,148.8784942626953
2020-03-05,119.8828125,96.20149993896484,2021-03-05,150.0229949951172
2020-03-06,119.8828125,95.05449676513672,2021-03-08,147.59750366210938
2020-03-09,119.8828125,90.03050231933594,2021-03-09,153.1425018310547
2020-03-10,119.8828125,94.59100341796875,2021-03-10,152.8820037841797
2020-03-11,119.8828125,91.04299926757812,2021-03-11,155.67950439453125
2020-03-12,119.8828125,83.83049774169922,2021-03-12,154.47450256347656
2020-03-13,119.8828125,89.25,2021-03-15,154.08399963378906
2020-03-16,119.8828125,84.4574966430664,2021-03-16,154.59300231933594
2020-03-17,119.77272727272727,90.39199829101562,2021-03-17,156.7864990234375
2020-03-18,119.77272727272727,91.5,2021-03-18,151.39950561523438
2020-03-19,119.77272727272727,94.04650115966797,2021-03-19,153.7480010986328
2020-03-20,119.77272727272727,92.30449676513672,2021-03-22,155.5435028076172
2020-03-23,119.77272727272727,95.1415023803711,2021-03-23,156.875
2020-03-24,119.77272727272727,97.00499725341797,2021-03-24,154.35350036621094
2020-03-25,119.63235294117646,94.29199981689453,2021-03-25,152.31300354003906
2020-03-26,119.5,97.77449798583984,2021-03-26,152.60150146484375
2020-03-27,119.5,95.00499725341797,2021-03-29,153.7864990234375
2020-03-30,119.86111111111111,98.19750213623047,2021-03-30,152.76449584960938
2020-03-31,119.86111111111111,97.48600006103516,2021-03-31,154.70399475097656
2020-04-01,119.86111111111111,95.38500213623047,2021-04-01,158.0500030517578
2020-04-02,119.86111111111111,95.94149780273438,2021-04-05,161.3365020751953
2020-04-03,119.86111111111111,95.32949829101562,2021-04-05,161.3365020751953
2020-04-06,119.86111111111111,99.87950134277344,2021-04-06,161.1909942626953
2020-04-07,119.86111111111111,100.58000183105469,2021-04-07,163.96949768066406
2020-04-08,119.86111111111111,102.1500015258789,2021-04-08,164.96499633789062
2020-04-09,119.86111111111111,102.13800048828125,2021-04-09,168.61000061035156
2020-04-13,119.86111111111111,108.44349670410156,2021-04-13,170.0
2020-04-14,119.72972972972973,114.16600036621094,2021-04-14,166.64999389648438
2020-04-15,119.9342105263158,115.38400268554688,2021-04-15,168.95449829101562
2020-04-16,119.9342105263158,120.40950012207031,2021-04-16,169.9720001220703
2020-04-17,119.9342105263158,118.75,2021-04-19,168.60049438476562
2020-04-20,119.9342105263158,119.68049621582031,2021-04-20,166.7344970703125
2020-04-21,119.9342105263158,116.40599822998047,2021-04-21,168.1009979248047
2020-04-22,120.875,118.17449951171875,2021-04-22,165.45199584960938
2020-04-23,121.46341463414635,119.97250366210938,2021-04-23,167.04400634765625
2020-04-24,121.74418604651163,120.51100158691406,2021-04-26,170.4499969482422
2020-04-27,122.79347826086956,118.80000305175781,2021-04-27,170.8715057373047
2020-04-28,122.73404255319149,115.7040023803711,2021-04-28,172.9250030517578
2020-04-29,122.73404255319149,118.635498046875,2021-04-29,173.5655059814453
2020-04-30,122.98958333333333,123.69999694824219,2021-04-30,173.37100219726562
2020-05-01,126.75,114.302001953125,2021-05-03,169.32449340820312
2020-05-04,126.75,115.79949951171875,2021-05-04,165.593505859375
2020-05-05,126.75,115.88999938964844,2021-05-05,163.52699279785156
2020-05-06,126.47971014492754,117.56300354003906,2021-05-06,165.31849670410156
2020-05-07,126.47971014492754,118.38050079345703,2021-05-07,164.58050537109375
2020-05-08,126.47971014492754,118.98049926757812,2021-05-10,159.52450561523438
2020-05-11,126.47971014492754,120.44999694824219,2021-05-11,161.19549560546875
2020-05-12,126.47971014492754,117.84750366210938,2021-05-12,157.5970001220703
2020-05-13,126.47971014492754,118.39600372314453,2021-05-13,158.07350158691406
2020-05-14,126.47971014492754,119.44249725341797,2021-05-14,161.14500427246094
2020-05-15,126.47971014492754,120.48899841308594,2021-05-17,163.51950073242188
2020-05-18,126.47971014492754,121.31300354003906,2021-05-18,161.61399841308594
2020-05-19,126.47971014492754,122.46649932861328,2021-05-19,161.58999633789062
2020-05-20,126.47971014492754,124.89700317382812,2021-05-20,162.38400268554688
2020-05-21,126.47971014492754,122.33699798583984,2021-05-21,160.1540069580078
2020-05-22,126.47971014492754,121.84400177001953,2021-05-24,162.24949645996094
2020-05-26,126.53,121.09300231933594,2021-05-26,163.25799560546875
2020-05-27,126.53,120.51950073242188,2021-05-27,161.5054931640625
2020-05-28,126.53,120.05500030517578,2021-05-28,161.15350341796875
2020-05-29,126.53,122.11849975585938,2021-06-01,160.9324951171875
2020-06-01,126.71971830985916,123.552001953125,2021-06-01,160.9324951171875
2020-06-02,126.71971830985916,123.62049865722656,2021-06-02,161.69949340820312
2020-06-03,126.71971830985916,123.91999816894531,2021-06-03,159.35049438476562
2020-06-04,126.71971830985916,123.02999877929688,2021-06-04,160.31100463867188
2020-06-05,126.83472222222223,124.1500015258789,2021-06-07,159.90049743652344
2020-06-08,127.79466666666667,126.2030029296875,2021-06-08,163.20550537109375
2020-06-09,127.79466666666667,130.04299926757812,2021-06-09,164.0574951171875
2020-06-10,128.15263157894736,132.37249755859375,2021-06-10,167.4824981689453
2020-06-11,128.15263157894736,127.89800262451172,2021-06-11,167.3415069580078
2020-06-12,128.15263157894736,127.2509994506836,2021-06-14,169.19349670410156
2020-06-15,128.15263157894736,128.63400268554688,2021-06-15,169.156494140625
2020-06-16,128.15263157894736,130.7635040283203,2021-06-16,170.7624969482422
2020-06-17,128.56623376623378,132.0489959716797,2021-06-17,174.46200561523438
2020-06-18,128.56623376623378,132.69900512695312,2021-06-18,174.34500122070312
2020-06-19,128.56623376623378,133.75050354003906,2021-06-21,172.697998046875
2020-06-22,128.56623376623378,135.6909942626953,2021-06-22,175.27200317382812
2020-06-23,128.56623376623378,138.2205047607422,2021-06-23,175.1909942626953
2020-06-24,128.87307692307692,136.72000122070312,2021-06-24,172.45399475097656
2020-06-25,128.87307692307692,137.72900390625,2021-06-25,170.072998046875
2020-06-26,129.859375,134.64349365234375,2021-06-28,172.1945037841797
2020-06-29,130.10802469135803,134.0189971923828,2021-06-29,172.40699768066406
2020-06-30,130.41158536585365,137.9409942626953,2021-06-30,172.00799560546875
2020-07-01,130.82831325301206,143.93499755859375,2021-07-01,171.64849853515625
2020-07-02,130.82831325301206,144.51499938964844,2021-07-02,175.5489959716797
2020-07-06,130.82831325301206,152.8520050048828,2021-07-06,183.78700256347656
2020-07-07,131.23511904761904,150.00599670410156,2021-07-07,184.82899475097656
2020-07-08,131.23511904761904,154.0554962158203,2021-07-08,186.57049560546875
2020-07-09,131.58132530120483,159.13150024414062,2021-07-09,185.9669952392578
2020-07-10,131.86011904761904,160.0,2021-07-12,185.92750549316406
2020-07-13,132.79360465116278,155.1999969482422,2021-07-13,183.8679962158203
2020-07-14,132.79360465116278,154.1999969482422,2021-07-14,184.08399963378906
2020-07-15,133.06176470588235,150.44349670410156,2021-07-15,181.55999755859375
2020-07-16,133.73529411764707,149.9949951171875,2021-07-16,178.68150329589844
2020-07-17,133.73529411764707,148.09849548339844,2021-07-19,177.47950744628906
2020-07-20,134.77011494252875,159.8419952392578,2021-07-20,178.6595001220703
2020-07-21,135.02906976744185,156.9145050048828,2021-07-21,179.25999450683594
2020-07-22,135.2941176470588,154.99549865722656,2021-07-22,181.90150451660156
2020-07-23,135.2941176470588,149.32749938964844,2021-07-23,182.83200073242188
2020-07-24,136.35511363636363,150.44549560546875,2021-07-26,184.99099731445312
2020-07-27,137.33988764044943,152.760498046875,2021-07-27,181.3195037841797
2020-07-28,137.95402298850576,150.01649475097656,2021-07-28,181.51600646972656
2020-07-29,137.95402298850576,151.67649841308594,2021-07-29,179.99600219726562
2020-07-30,143.57575757575756,152.593994140625,2021-07-30,166.37950134277344
2020-07-31,149.93987341772151,158.23399353027344,2021-08-02,166.57400512695312
2020-08-03,149.93987341772151,155.59449768066406,2021-08-03,168.31199645996094
2020-08-04,150.32371794871796,156.94149780273438,2021-08-04,167.73599243164062
2020-08-05,150.32371794871796,160.25149536132812,2021-08-05,168.79949951171875
2020-08-06,150.32371794871796,161.25,2021-08-06,167.2469940185547
2020-08-07,150.32371794871796,158.3730010986328,2021-08-09,167.093505859375
2020-08-10,150.32371794871796,157.4080047607422,2021-08-10,166.03399658203125
2020-08-11,150.32371794871796,154.0334930419922,2021-08-11,164.60549926757812
2020-08-12,150.63636363636363,158.11199951171875,2021-08-12,165.1750030517578
2020-08-13,150.63636363636363,158.05099487304688,2021-08-13,164.69850158691406
2020-08-14,150.63636363636363,157.4010009765625,2021-08-16,164.94949340820312
2020-08-17,150.63636363636363,159.12049865722656,2021-08-17,162.09800720214844
2020-08-18,150.63636363636363,165.62449645996094,2021-08-18,160.06100463867188
2020-08-19,150.63636363636363,163.0240020751953,2021-08-19,159.3874969482422
2020-08-20,150.63636363636363,164.86849975585938,2021-08-20,159.99749755859375
2020-08-21,150.63636363636363,164.23599243164062,2021-08-23,163.2935028076172
2020-08-24,150.63636363636363,165.3730010986328,2021-08-24,165.28900146484375
2020-08-25,150.63636363636363,167.32449340820312,2021-08-25,164.95899963378906
2020-08-26,150.63636363636363,172.09249877929688,2021-08-26,165.8000030517578
2020-08-27,150.63636363636363,170.0,2021-08-27,167.48150634765625
2020-08-28,150.63636363636363,170.08999633789062,2021-08-30,171.07850646972656
2020-08-31,150.63636363636363,172.54800415039062,2021-08-31,173.5395050048828
2020-09-01,150.63636363636363,174.95599365234375,2021-09-01,173.9499969482422
2020-09-02,150.63636363636363,176.57249450683594,2021-09-02,173.156005859375
2020-09-03,150.63636363636363,168.39999389648438,2021-09-03,173.90249633789062
2020-09-04,150.63636363636363,164.7310028076172,2021-09-07,175.46449279785156
2020-09-08,150.63636363636363,157.49200439453125,2021-09-08,176.27499389648438
2020-09-09,150.63636363636363,163.4304962158203,2021-09-09,174.20799255371094
2020-09-10,150.63636363636363,158.7554931640625,2021-09-10,173.45750427246094
2020-09-11,150.63636363636363,155.81100463867188,2021-09-13,172.85850524902344
2020-09-14,151.08881578947367,155.14849853515625,2021-09-14,172.5
2020-09-15,151.08881578947367,157.80650329589844,2021-09-15,173.7895050048828
2020-09-16,151.08881578947367,153.90499877929688,2021-09-16,174.41200256347656
2020-09-17,151.08881578947367,150.43649291992188,2021-09-17,173.12600708007812
2020-09-18,151.08881578947367,147.74549865722656,2021-09-20,167.7864990234375
2020-09-21,151.08881578947367,148.02349853515625,2021-09-21,167.18150329589844
2020-09-22,151.8125,156.44949340820312,2021-09-22,169.00250244140625
2020-09-23,152.30333333333334,149.9929962158203,2021-09-23,170.8000030517578
2020-09-24,152.30333333333334,150.989501953125,2021-09-24,171.2760009765625
2020-09-25,152.30333333333334,154.75650024414062,2021-09-27,170.2899932861328
2020-09-28,152.57094594594594,158.70249938964844,2021-09-28,165.79800415039062
2020-09-29,152.57094594594594,157.24400329589844,2021-09-29,165.05599975585938
2020-09-30,152.57094594594594,157.43649291992188,2021-09-30,164.2519989013672
2020-10-01,153.53666666666666,161.06300354003906,2021-10-01,164.16299438476562
2020-10-02,153.53666666666666,156.25,2021-10-04,159.48899841308594
2020-10-05,153.53666666666666,159.9600067138672,2021-10-05,161.0500030517578
2020-10-06,153.53666666666666,154.9980010986328,2021-10-06,163.10049438476562
2020-10-07,154.01644736842104,159.7845001220703,2021-10-07,165.1215057373047
2020-10-08,154.01644736842104,159.52749633789062,2021-10-08,164.43099975585938
2020-10-09,154.61363636363637,164.33250427246094,2021-10-11,162.31500244140625
2020-10-12,155.13486842105263,172.14649963378906,2021-10-12,162.3665008544922
2020-10-13,155.50333333333333,172.18150329589844,2021-10-13,164.21400451660156
2020-10-14,155.50333333333333,168.1855010986328,2021-10-14,164.9929962158203
2020-10-15,155.91776315789474,166.9324951171875,2021-10-15,170.4510040283203
2020-10-16,156.32792207792207,163.635498046875,2021-10-18,172.33700561523438
2020-10-19,156.32792207792207,160.36050415039062,2021-10-19,172.20750427246094
2020-10-20,156.79666666666665,160.85049438476562,2021-10-20,170.7530059814453
2020-10-21,156.9560810810811,159.2469940185547,2021-10-21,171.75050354003906
2020-10-22,157.77430555555554,158.82000732421875,2021-10-22,166.77749633789062
2020-10-23,158.21575342465752,160.22000122070312,2021-10-25,166.01849365234375
2020-10-26,159.65579710144928,160.3520050048828,2021-10-26,168.80349731445312
2020-10-27,160.6161971830986,164.31649780273438,2021-10-27,169.62449645996094
2020-10-28,160.98214285714286,158.13900756835938,2021-10-28,172.32850646972656
2020-10-29,171.065,160.55050659179688,2021-10-29,168.6215057373047
2020-10-30,173.81724137931033,151.8074951171875,2021-11-01,165.90550231933594
2020-11-02,173.81724137931033,150.2239990234375,2021-11-02,165.6374969482422
2020-11-03,175.05689655172412,152.42050170898438,2021-11-03,169.1999969482422
2020-11-04,175.47966101694914,162.05799865722656,2021-11-04,173.85000610351562
2020-11-05,175.47966101694914,166.10000610351562,2021-11-05,175.94949340820312
2020-11-06,175.47966101694914,165.56849670410156,2021-11-08,174.44900512695312
2020-11-09,175.47966101694914,157.18699645996094,2021-11-09,178.81149291992188
2020-11-10,175.47966101694914,151.75100708007812,2021-11-10,174.1024932861328
2020-11-11,175.47966101694914,156.8695068359375,2021-11-11,173.625
2020-11-12,175.47966101694914,155.51400756835938,2021-11-12,176.25750732421875
2020-11-13,175.47966101694914,156.4405059814453,2021-11-15,177.28399658203125
2020-11-16,175.47966101694914,156.55299377441406,2021-11-16,177.03500366210938
2020-11-17,175.47966101694914,156.7830047607422,2021-11-17,177.4499969482422
2020-11-18,175.47966101694914,155.2729949951172,2021-11-18,184.80299377441406
2020-11-19,175.47966101694914,155.8509979248047,2021-11-19,183.82850646972656
2020-11-20,175.47966101694914,154.97000122070312,2021-11-22,178.6284942626953
2020-11-23,176.26379310344825,154.91949462890625,2021-11-23,179.0019989013672
2020-11-24,176.26379310344825,155.9029998779297,2021-11-24,179.02049255371094
2020-11-25,176.26379310344825,159.2534942626953,2021-11-26,175.22799682617188
2020-11-27,176.26379310344825,159.76699829101562,2021-11-29,178.07850646972656
2020-11-30,176.89999999999998,158.40199279785156,2021-11-30,175.35350036621094
2020-12-01,176.89999999999998,161.00399780273438,2021-12-01,172.18600463867188
2020-12-02,176.89999999999998,160.17649841308594,2021-12-02,171.8679962158203
2020-12-03,177.64821428571426,159.3365020751953,2021-12-03,169.489501953125
2020-12-04,177.64821428571426,158.12899780273438,2021-12-06,171.36849975585938
2020-12-07,179.16603773584905,157.89999389648438,2021-12-07,176.1645050048828
2020-12-08,179.6307692307692,158.864501953125,2021-12-08,176.1580047607422
2020-12-09,179.6307692307692,155.2100067138672,2021-12-09,174.17100524902344
2020-12-10,179.6307692307692,155.07449340820312,2021-12-10,172.21200561523438
2020-12-11,179.6307692307692,155.8209991455078,2021-12-13,169.5675048828125
2020-12-14,179.6307692307692,157.84849548339844,2021-12-14,169.0915069580078
2020-12-15,180.0156862745098,158.25599670410156,2021-12-15,173.31500244140625
2020-12-16,180.0156862745098,162.04800415039062,2021-12-16,168.87100219726562
2020-12-17,180.0156862745098,161.8040008544922,2021-12-17,170.0175018310547
2020-12-18,180.0156862745098,160.08250427246094,2021-12-20,167.07899475097656
2020-12-21,180.0156862745098,160.3090057373047,2021-12-21,170.41700744628906
2020-12-22,180.56599999999997,160.3260040283203,2021-12-22,171.03700256347656
2020-12-23,180.56599999999997,159.2635040283203,2021-12-23,171.06849670410156
2020-12-24,181.07604166666667,158.63450622558594,2021-12-27,169.66949462890625
2020-12-28,182.31847826086957,164.197998046875,2021-12-28,170.66099548339844
2020-12-29,182.70333333333332,166.10000610351562,2021-12-29,169.2010040283203
2020-12-30,182.70333333333332,164.29249572753906,2021-12-30,168.64450073242188
2020-12-31,182.70333333333332,162.84649658203125,2021-12-31,166.7169952392578
2021-01-04,183.1056818181818,159.3314971923828,2022-01-04,167.52200317382812
2021-01-05,183.1056818181818,160.92550659179688,2022-01-05,164.35699462890625
2021-01-06,183.1056818181818,156.91900634765625,2022-01-06,163.25399780273438
2021-01-07,183.7593023255814,158.10800170898438,2022-01-07,162.5540008544922
2021-01-08,183.7593023255814,159.13499450683594,2022-01-10,161.48599243164062
2021-01-11,184.3488095238095,155.7104949951172,2022-01-11,165.36199951171875
2021-01-12,184.3488095238095,156.04150390625,2022-01-12,165.20700073242188
2021-01-13,184.63780487804877,158.29449462890625,2022-01-13,161.21400451660156
2021-01-14,184.63780487804877,156.37350463867188,2022-01-14,162.13800048828125
2021-01-15,184.8845238095238,155.21249389648438,2022-01-18,158.91749572753906
2021-01-19,185.19125,156.03799438476562,2022-01-19,156.2989959716797
2021-01-20,185.19125,163.16900634765625,2022-01-20,151.66749572753906
2021-01-21,186.7135135135135,165.34950256347656,2022-01-21,142.64300537109375
2021-01-22,186.87894736842105,164.6114959716797,2022-01-24,144.54400634765625
2021-01-25,187.84444444444443,164.6999969482422,2022-01-25,139.98599243164062
2021-01-26,187.84444444444443,166.30650329589844,2022-01-26,138.87249755859375
2021-01-27,187.98333333333332,161.62899780273438,2022-01-27,139.6374969482422
2021-01-28,191.22391304347823,161.88099670410156,2022-01-28,143.97799682617188
2021-01-29,191.22391304347823,160.30999755859375,2022-01-31,149.57350158691406
2021-02-01,191.79791666666665,167.1439971923828,2022-02-01,151.19349670410156
2021-02-02,191.79791666666665,169.0,2022-02-02,150.6125030517578
2021-02-03,198.225,165.62649536132812,2022-02-03,138.8455047607422
2021-02-04,198.225,166.5500030517578,2022-02-04,157.63949584960938
2021-02-05,198.225,167.6074981689453,2022-02-07,157.9355010986328
2021-02-08,198.225,166.14700317382812,2022-02-08,161.4134979248047
2021-02-09,198.225,165.25,2022-02-09,161.1894989013672
2021-02-10,198.225,164.32899475097656,2022-02-10,159.0034942626953
2021-02-11,198.225,163.10650634765625,2022-02-11,153.2935028076172
2021-02-12,198.225,163.885498046875,2022-02-14,155.16700744628906
2021-02-16,198.225,163.44749450683594,2022-02-16,158.10049438476562
2021-02-17,197.98666666666665,165.4320068359375,2022-02-17,154.65249633789062
2021-02-18,197.98666666666665,166.4114990234375,2022-02-18,152.60150146484375
2021-02-19,197.98666666666665,162.4949951171875,2022-02-22,150.19749450683594
2021-02-22,197.98666666666665,159.03700256347656,2022-02-22,150.19749450683594
2021-02-23,197.98666666666665,159.72500610351562,2022-02-23,144.82699584960938
2021-02-24,197.98666666666665,157.97650146484375,2022-02-24,151.35800170898438
2021-02-25,197.98666666666665,152.85800170898438,2022-02-25,153.7884979248047
2021-02-26,197.98666666666665,154.64649963378906,2022-02-28,153.56300354003906
2021-03-01,197.98666666666665,157.3070068359375,2022-03-01,151.14199829101562
2021-03-02,197.98666666666665,154.72650146484375,2022-03-02,152.05250549316406
2021-03-03,197.98666666666665,150.25,2022-03-03,147.89849853515625
2021-03-04,197.98666666666665,148.8784942626953,2022-03-04,145.64100646972656
2021-03-05,197.98666666666665,150.0229949951172,2022-03-07,137.4530029296875
2021-03-08,197.98666666666665,147.59750366210938,2022-03-08,136.01449584960938
2021-03-09,197.98666666666665,153.1425018310547,2022-03-09,139.2790069580078
2021-03-10,197.98666666666665,152.8820037841797,2022-03-10,146.8175048828125
2021-03-11,197.98666666666665,155.67950439453125,2022-03-11,145.52450561523438
2021-03-12,197.98666666666665,154.47450256347656,2022-03-14,141.85299682617188
2021-03-15,197.98666666666665,154.08399963378906,2022-03-15,147.3665008544922
2021-03-16,197.98666666666665,154.59300231933594,2022-03-16,153.10400390625
2021-03-17,197.98666666666665,156.7864990234375,2022-03-17,157.23899841308594
2021-03-18,197.98666666666665,151.39950561523438,2022-03-18,161.25050354003906
2021-03-19,197.98666666666665,153.7480010986328,2022-03-21,161.4915008544922
2021-03-22,198.62272727272727,155.5435028076172,2022-03-22,164.88900756835938
2021-03-23,198.62272727272727,156.875,2022-03-23,163.4080047607422
2021-03-24,198.62272727272727,154.35350036621094,2022-03-24,163.64950561523438
2021-03-25,198.62272727272727,152.31300354003906,2022-03-25,164.77349853515625
2021-03-26,198.9311111111111,152.60150146484375,2022-03-28,168.99049377441406
2021-03-29,198.9311111111111,153.7864990234375,2022-03-29,169.31500244140625
2021-03-30,198.9311111111111,152.76449584960938,2022-03-30,166.30099487304688
2021-03-31,198.33863636363637,154.70399475097656,2022-03-31,162.99749755859375
2021-04-01,198.37555555555554,158.0500030517578,2022-04-01,163.55999755859375
2021-04-05,198.37555555555554,161.3365020751953,2022-04-05,164.05499267578125
2021-04-06,198.5659090909091,161.1909942626953,2022-04-06,158.75599670410156
2021-04-07,198.48999999999998,163.96949768066406,2022-04-07,157.7845001220703
2021-04-08,198.4556818181818,164.96499633789062,2022-04-08,154.4604949951172
2021-04-09,198.4556818181818,168.61000061035156,2022-04-11,151.1219940185547
2021-04-12,198.4556818181818,168.96949768066406,2022-04-12,150.78750610351562
2021-04-13,198.4556818181818,170.0,2022-04-13,155.54100036621094
2021-04-14,198.7220930232558,166.64999389648438,2022-04-14,151.7064971923828
2021-04-15,198.9892857142857,168.95449829101562,2022-04-18,152.78500366210938
2021-04-16,198.95465116279067,169.9720001220703,2022-04-18,152.78500366210938
2021-04-19,198.95465116279067,168.60049438476562,2022-04-19,158.11549377441406
2021-04-20,198.95465116279067,166.7344970703125,2022-04-20,153.9980010986328
2021-04-21,199.2056818181818,168.1009979248047,2022-04-21,148.29600524902344
2021-04-22,199.41976744186044,165.45199584960938,2022-04-22,144.35000610351562
2021-04-23,199.66022727272727,167.04400634765625,2022-04-25,146.07400512695312
2021-04-26,199.94166666666666,170.4499969482422,2022-04-26,139.39100646972656
2021-04-27,199.94166666666666,170.8715057373047,2022-04-27,138.16700744628906
2021-04-28,199.94166666666666,172.9250030517578,2022-04-28,144.59649658203125
2021-04-29,202.04117647058823,173.5655059814453,2022-04-29,124.28150177001953
2021-04-30,206.6867924528302,173.37100219726562,2022-05-02,124.5
2021-05-03,207.53584905660378,169.32449340820312,2022-05-03,124.25350189208984
2021-05-04,207.68076923076922,165.593505859375,2022-05-04,125.92849731445312
2021-05-05,207.68076923076922,163.52699279785156,2022-05-05,116.40699768066406
2021-05-06,207.68076923076922,165.31849670410156,2022-05-06,114.77249908447266
2021-05-07,207.68076923076922,164.58050537109375,2022-05-09,108.78900146484375
2021-05-10,207.68076923076922,159.52450561523438,2022-05-10,108.85900115966797
2021-05-11,207.68076923076922,161.19549560546875,2022-05-11,105.37200164794922
2021-05-12,207.70094339622642,157.5970001220703,2022-05-12,106.93049621582031
2021-05-13,207.70094339622642,158.07350158691406,2022-05-13,113.05500030517578
2021-05-14,207.70094339622642,161.14500427246094,2022-05-16,110.81050109863281
2021-05-17,207.70094339622642,163.51950073242188,2022-05-17,115.36849975585938
2021-05-18,207.70094339622642,161.61399841308594,2022-05-18,107.11250305175781
2021-05-19,207.70094339622642,161.58999633789062,2022-05-19,107.31900024414062
2021-05-20,207.70094339622642,162.38400268554688,2022-05-20,107.59100341796875
2021-05-21,207.70094339622642,160.1540069580078,2022-05-23,107.55699920654297
2021-05-24,207.70094339622642,162.24949645996094,2022-05-24,104.0999984741211
2021-05-25,207.70094339622642,162.95249938964844,2022-05-25,106.7750015258789
2021-05-26,207.70094339622642,163.25799560546875,2022-05-26,111.07749938964844
2021-05-27,207.70094339622642,161.5054931640625,2022-05-27,115.14649963378906
2021-05-28,207.70094339622642,161.15350341796875,2022-05-31,120.20950317382812
2021-06-01,207.70094339622642,160.9324951171875,2022-06-01,121.68399810791016
2021-06-02,207.70094339622642,161.69949340820312,2022-06-02,125.51100158691406
2021-06-03,207.70094339622642,159.35049438476562,2022-06-03,122.3499984741211
2021-06-04,207.70094339622642,160.31100463867188,2022-06-06,124.79000091552734
2021-06-07,207.70094339622642,159.90049743652344,2022-06-07,123.0
2021-06-08,207.70094339622642,163.20550537109375,2022-06-08,121.18000030517578
2021-06-09,207.70094339622642,164.0574951171875,2022-06-09,116.1500015258789
2021-06-10,207.70094339622642,167.4824981689453,2022-06-10,109.6500015258789
2021-06-11,207.70094339622642,167.3415069580078,2022-06-13,103.66999816894531
2021-06-14,207.70094339622642,169.19349670410156,2022-06-14,102.30999755859375
2021-06-15,207.70094339622642,169.156494140625,2022-06-15,107.66999816894531
2021-06-16,207.70094339622642,170.7624969482422,2022-06-16,103.66000366210938
2021-06-17,207.90092592592592,174.46200561523438,2022-06-17,106.22000122070312
2021-06-18,208.60089285714284,174.34500122070312,2022-06-21,108.68000030517578
2021-06-21,208.28275862068966,172.697998046875,2022-06-21,108.68000030517578
2021-06-22,208.28275862068966,175.27200317382812,2022-06-22,108.94999694824219
2021-06-23,208.28275862068966,175.1909942626953,2022-06-23,112.44000244140625
2021-06-24,208.28275862068966,172.45399475097656,2022-06-24,116.45999908447266
2021-06-25,208.28275862068966,170.072998046875,2022-06-27,113.22000122070312
2021-06-28,208.31186440677965,172.1945037841797,2022-06-28,107.4000015258789
2021-06-29,208.31186440677965,172.40699768066406,2022-06-29,108.91999816894531
2021-06-30,208.31186440677965,172.00799560546875,2022-06-30,106.20999908447266
2021-07-01,208.31186440677965,171.64849853515625,2022-07-01,109.55999755859375
2021-07-02,208.31186440677965,175.5489959716797,2022-07-05,113.5
2021-07-06,208.31186440677965,183.78700256347656,2022-07-06,114.33000183105469
2021-07-07,208.31186440677965,184.82899475097656,2022-07-07,116.33000183105469
2021-07-08,208.31186440677965,186.57049560546875,2022-07-08,115.54000091552734
2021-07-09,208.31186440677965,185.9669952392578,2022-07-11,111.75
2021-07-12,208.71379310344827,185.92750549316406,2022-07-12,109.22000122070312
2021-07-13,208.71379310344827,183.8679962158203,2022-07-13,110.4000015258789
2021-07-14,208.71379310344827,184.08399963378906,2022-07-14,110.62999725341797
2021-07-15,208.95438596491226,181.55999755859375,2022-07-15,113.55000305175781
2021-07-16,208.95438596491226,178.68150329589844,2022-07-18,113.76000213623047
2021-07-19,208.95438596491226,177.47950744628906,2022-07-19,118.20999908447266
2021-07-20,208.95438596491226,178.6595001220703,2022-07-20,122.7699966430664
2021-07-21,208.97241379310344,179.25999450683594,2022-07-21,124.62999725341797
2021-07-22,209.25263157894736,181.90150451660156,2022-07-22,122.41999816894531
2021-07-23,209.25263157894736,182.83200073242188,2022-07-25,121.13999938964844
2021-07-26,209.8258620689655,184.99099731445312,2022-07-26,114.80999755859375
2021-07-27,210.34912280701755,181.3195037841797,2022-07-27,120.97000122070312
2021-07-28,210.34912280701755,181.51600646972656,2022-07-28,122.27999877929688
2021-07-29,210.34912280701755,179.99600219726562,2022-07-29,134.9499969482422
2021-07-30,209.8710144927536,166.37950134277344,2022-08-01,135.38999938964844
2021-08-02,209.94264705882352,166.57400512695312,2022-08-02,134.16000366210938
2021-08-03,211.61145833333333,168.31199645996094,2022-08-03,139.52000427246094
2021-08-04,211.61145833333333,167.73599243164062,2022-08-04,142.57000732421875
2021-08-05,211.61145833333333,168.79949951171875,2022-08-05,140.8000030517578
2021-08-06,211.61145833333333,167.2469940185547,2022-08-08,139.41000366210938
2021-08-09,211.61145833333333,167.093505859375,2022-08-09,137.8300018310547
2021-08-10,211.61145833333333,166.03399658203125,2022-08-10,142.69000244140625
2021-08-11,211.61145833333333,164.60549926757812,2022-08-11,140.63999938964844
2021-08-12,211.61145833333333,165.1750030517578,2022-08-12,143.5500030517578
2021-08-13,211.61145833333333,164.69850158691406,2022-08-15,143.17999267578125
2021-08-16,211.61145833333333,164.94949340820312,2022-08-16,144.77999877929688
2021-08-17,212.12446808510634,162.09800720214844,2022-08-17,142.10000610351562
2021-08-18,212.12446808510634,160.06100463867188,2022-08-18,142.3000030517578
2021-08-19,212.12446808510634,159.3874969482422,2022-08-19,138.22999572753906
2021-08-20,212.12446808510634,159.99749755859375,2022-08-22,133.22000122070312
2021-08-23,212.12446808510634,163.2935028076172,2022-08-23,133.6199951171875
2021-08-24,212.12446808510634,165.28900146484375,2022-08-24,133.8000030517578
2021-08-25,212.12446808510634,164.95899963378906,2022-08-25,137.27999877929688
2021-08-26,212.12446808510634,165.8000030517578,2022-08-26,130.75
2021-08-27,212.12446808510634,167.48150634765625,2022-08-29,129.7899932861328
2021-08-30,212.12446808510634,171.07850646972656,2022-08-30,128.72999572753906
2021-08-31,212.12446808510634,173.5395050048828,2022-08-31,126.7699966430664
2021-09-01,212.12446808510634,173.9499969482422,2022-09-01,127.81999969482422
2021-09-02,212.12446808510634,173.156005859375,2022-09-02,127.51000213623047
2021-09-03,212.12446808510634,173.90249633789062,2022-09-06,126.11000061035156
2021-09-07,212.12446808510634,175.46449279785156,2022-09-07,129.47999572753906
2021-09-08,212.12446808510634,176.27499389648438,2022-09-08,129.82000732421875
2021-09-09,212.12446808510634,174.20799255371094,2022-09-09,133.27000427246094
2021-09-10,212.12446808510634,173.45750427246094,2022-09-12,136.4499969482422
2021-09-13,212.13229166666665,172.85850524902344,2022-09-13,126.81999969482422
2021-09-14,212.5989795918367,172.5,2022-09-14,128.5500030517578
2021-09-15,212.5989795918367,173.7895050048828,2022-09-15,126.27999877929688
2021-09-16,212.5989795918367,174.41200256347656,2022-09-16,123.52999877929688
2021-09-17,212.5989795918367,173.12600708007812,2022-09-19,124.66000366210938
2021-09-20,212.5989795918367,167.7864990234375,2022-09-20,122.19000244140625
2021-09-21,212.5989795918367,167.18150329589844,2022-09-21,118.54000091552734
2021-09-22,212.5989795918367,169.00250244140625,2022-09-22,117.30999755859375
2021-09-23,212.60104166666665,170.8000030517578,2022-09-23,113.77999877929688
2021-09-24,212.60104166666665,171.2760009765625,2022-09-26,115.1500015258789
2021-09-27,212.4459183673469,170.2899932861328,2022-09-27,114.41000366210938
2021-09-28,212.4459183673469,165.79800415039062,2022-09-28,118.01000213623047
2021-09-29,212.80306122448977,165.05599975585938,2022-09-29,114.80000305175781
2021-09-30,212.80306122448977,164.2519989013672,2022-09-30,113.0
2021-10-01,212.69699999999997,164.16299438476562,2022-10-03,115.87999725341797
2021-10-04,212.69699999999997,159.48899841308594,2022-10-04,121.08999633789062
2021-10-05,212.644,161.0500030517578,2022-10-05,120.94999694824219
2021-10-06,212.644,163.10049438476562,2022-10-06,120.30000305175781
2021-10-07,212.6901960784314,165.1215057373047,2022-10-07,114.55999755859375
2021-10-08,212.6901960784314,164.43099975585938,2022-10-10,113.66999816894531
2021-10-11,212.6901960784314,162.31500244140625,2022-10-11,112.20999908447266
2021-10-12,212.6901960784314,162.3665008544922,2022-10-12,112.9000015258789
2021-10-13,212.6901960784314,164.21400451660156,2022-10-13,112.52999877929688
2021-10-14,213.42549019607844,164.9929962158203,2022-10-14,106.9000015258789
2021-10-15,213.42549019607844,170.4510040283203,2022-10-17,113.79000091552734
2021-10-18,213.42549019607844,172.33700561523438,2022-10-18,116.36000061035156
2021-10-19,213.49400000000003,172.20750427246094,2022-10-19,115.06999969482422
2021-10-20,213.49400000000003,170.7530059814453,2022-10-20,115.25
2021-10-21,213.565306122449,171.75050354003906,2022-10-21,119.31999969482422
2021-10-22,213.32745098039217,166.77749633789062,2022-10-24,119.81999969482422
2021-10-25,213.32745098039217,166.01849365234375,2022-10-25,120.5999984741211
2021-10-26,213.32745098039217,168.80349731445312,2022-10-26,115.66000366210938
2021-10-27,213.32745098039217,169.62449645996094,2022-10-27,110.95999908447266
2021-10-28,212.334375,172.32850646972656,2022-10-28,103.41000366210938
2021-10-29,208.30744680851066,168.6215057373047,2022-10-31,102.44000244140625
2021-11-01,207.94456521739133,165.90550231933594,2022-11-01,96.79000091552734
2021-11-02,207.94456521739133,165.6374969482422,2022-11-02,92.12000274658203
2021-11-03,207.94456521739133,169.1999969482422,2022-11-03,89.30000305175781
2021-11-04,207.94456521739133,173.85000610351562,2022-11-04,90.9800033569336
2021-11-05,207.94456521739133,175.94949340820312,2022-11-07,90.52999877929688
2021-11-08,207.94456521739133,174.44900512695312,2022-11-08,89.9800033569336
2021-11-09,207.92666666666668,178.81149291992188,2022-11-09,86.13999938964844
2021-11-10,208.25434782608698,174.1024932861328,2022-11-10,96.62999725341797
2021-11-11,208.25434782608698,173.625,2022-11-11,100.79000091552734
2021-11-12,208.25434782608698,176.25750732421875,2022-11-14,98.48999786376953
2021-11-15,208.25434782608698,177.28399658203125,2022-11-15,98.94000244140625
2021-11-16,208.25434782608698,177.03500366210938,2022-11-16,97.12000274658203
2021-11-17,208.25434782608698,177.4499969482422,2022-11-17,94.8499984741211
2021-11-18,208.25434782608698,184.80299377441406,2022-11-18,94.13999938964844
2021-11-19,208.25434782608698,183.82850646972656,2022-11-21,92.45999908447266
2021-11-22,208.25434782608698,178.6284942626953,2022-11-22,93.19999694824219
2021-11-23,208.25434782608698,179.0019989013672,2022-11-23,94.12999725341797
2021-11-24,208.25434782608698,179.02049255371094,2022-11-25,93.41000366210938
2021-11-26,208.25434782608698,175.22799682617188,2022-11-28,93.94999694824219
2021-11-29,208.25434782608698,178.07850646972656,2022-11-29,92.41999816894531
2021-11-30,208.25434782608698,175.35350036621094,2022-11-30,96.54000091552734
2021-12-01,208.25434782608698,172.18600463867188,2022-12-01,95.5
2021-12-02,208.39787234042555,171.8679962158203,2022-12-02,94.12999725341797
2021-12-03,208.39787234042555,169.489501953125,2022-12-05,91.01000213623047
2021-12-06,208.39787234042555,171.36849975585938,2022-12-06,88.25
2021-12-07,208.39787234042555,176.1645050048828,2022-12-07,88.45999908447266
2021-12-08,208.39787234042555,176.1580047607422,2022-12-08,90.3499984741211
2021-12-09,208.39787234042555,174.17100524902344,2022-12-09,89.08999633789062
2021-12-10,208.39787234042555,172.21200561523438,2022-12-12,90.55000305175781
2021-12-13,208.39787234042555,169.5675048828125,2022-12-13,92.48999786376953
2021-12-14,208.39787234042555,169.0915069580078,2022-12-14,91.58000183105469
2021-12-15,208.17826086956524,173.31500244140625,2022-12-15,88.44999694824219
2021-12-16,207.3,168.87100219726562,2022-12-16,87.86000061035156
2021-12-17,207.69333333333336,170.0175018310547,2022-12-19,84.91999816894531
2021-12-20,208.08023255813956,167.07899475097656,2022-12-20,85.19000244140625
2021-12-21,208.08023255813956,170.41700744628906,2022-12-21,86.7699966430664
2021-12-22,208.08023255813956,171.03700256347656,2022-12-22,83.79000091552734
2021-12-23,208.08023255813956,171.06849670410156,2022-12-23,85.25
2021-12-27,208.03452380952382,169.66949462890625,2022-12-27,83.04000091552734
2021-12-28,208.03452380952382,170.66099548339844,2022-12-28,81.81999969482422
2021-12-29,208.03452380952382,169.2010040283203,2022-12-29,84.18000030517578
2021-12-30,208.03452380952382,168.64450073242188,2022-12-30,84.0
2021-12-31,208.03452380952382,166.7169952392578,2023-01-03,85.81999969482422
2022-01-03,208.03452380952382,170.4044952392578,2023-01-03,85.81999969482422
2022-01-04,207.78295454545457,167.52200317382812,2023-01-04,85.13999938964844
2022-01-05,207.78295454545457,164.35699462890625,2023-01-05,83.12000274658203
2022-01-06,207.78295454545457,163.25399780273438,2023-01-06,86.08000183105469
2022-01-07,207.78295454545457,162.5540008544922,2023-01-09,87.36000061035156
2022-01-10,207.78295454545457,161.48599243164062,2023-01-10,89.87000274658203
2022-01-11,207.83222222222224,165.36199951171875,2023-01-11,95.08999633789062
2022-01-12,207.83222222222224,165.20700073242188,2023-01-12,95.2699966430664
2022-01-13,207.83222222222224,161.21400451660156,2023-01-13,98.12000274658203
2022-01-14,207.83222222222224,162.13800048828125,2023-01-17,96.05000305175781
2022-01-18,207.78295454545457,158.91749572753906,2023-01-18,95.45999908447266
2022-01-19,207.78295454545457,156.2989959716797,2023-01-19,93.68000030517578
2022-01-20,207.78295454545457,151.66749572753906,2023-01-20,97.25
2022-01-21,207.78295454545457,142.64300537109375,2023-01-23,97.5199966430664
2022-01-24,206.97558139534885,144.54400634765625,2023-01-24,96.31999969482422
2022-01-25,206.97558139534885,139.98599243164062,2023-01-25,97.18000030517578
2022-01-26,206.97558139534885,138.87249755859375,2023-01-26,99.22000122070312
2022-01-27,205.8984375,139.6374969482422,2023-01-27,102.23999786376953
2022-01-28,205.5514705882353,143.97799682617188,2023-01-30,100.55000305175781
2022-01-31,205.5514705882353,149.57350158691406,2023-01-31,103.12999725341797
2022-02-01,205.5514705882353,151.19349670410156,2023-02-01,105.1500015258789
2022-02-02,206.17857142857142,150.6125030517578,2023-02-02,112.91000366210938
2022-02-03,206.17857142857142,138.8455047607422,2023-02-03,103.38999938964844
2022-02-04,206.48936170212767,157.63949584960938,2023-02-06,102.18000030517578
2022-02-07,206.48936170212767,157.9355010986328,2023-02-07,102.11000061035156
2022-02-08,206.48936170212767,161.4134979248047,2023-02-08,100.05000305175781
2022-02-09,206.48936170212767,161.1894989013672,2023-02-09,98.23999786376953
2022-02-10,206.48936170212767,159.0034942626953,2023-02-10,97.61000061035156
2022-02-11,206.48936170212767,153.2935028076172,2023-02-13,99.54000091552734
2022-02-14,206.48936170212767,155.16700744628906,2023-02-14,99.69999694824219
2022-02-15,206.48936170212767,156.510498046875,2023-02-15,101.16000366210938
2022-02-16,206.48936170212767,158.10049438476562,2023-02-16,98.1500015258789
2022-02-17,206.48936170212767,154.65249633789062,2023-02-17,97.19999694824219
2022-02-18,207.03645833333334,152.60150146484375,2023-02-21,94.58000183105469
2022-02-22,207.03645833333334,150.19749450683594,2023-02-22,95.79000091552734
2022-02-23,207.03645833333334,144.82699584960938,2023-02-23,95.81999969482422
2022-02-24,207.03645833333334,151.35800170898438,2023-02-24,93.5
2022-02-25,207.03645833333334,153.7884979248047,2023-02-27,93.76000213623047
2022-02-28,207.03645833333334,153.56300354003906,2023-02-28,94.2300033569336
2022-03-01,207.03645833333334,151.14199829101562,2023-03-01,92.16999816894531
2022-03-02,207.03645833333334,152.05250549316406,2023-03-02,92.12999725341797
2022-03-03,207.03645833333334,147.89849853515625,2023-03-03,94.9000015258789
2022-03-04,207.03645833333334,145.64100646972656,2023-03-06,93.75
2022-03-07,207.03645833333334,137.4530029296875,2023-03-07,93.55000305175781
2022-03-08,207.03645833333334,136.01449584960938,2023-03-08,93.91999816894531
2022-03-09,207.03645833333334,139.2790069580078,2023-03-09,92.25
2022-03-10,207.03645833333334,146.8175048828125,2023-03-10,90.7300033569336
2022-03-11,206.99489795918367,145.52450561523438,2023-03-13,92.43000030517578
2022-03-14,206.28191489361703,141.85299682617188,2023-03-14,94.87999725341797
2022-03-15,206.28191489361703,147.3665008544922,2023-03-15,96.19999694824219
2022-03-16,206.28191489361703,153.10400390625,2023-03-16,100.04000091552734
2022-03-17,206.28191489361703,157.23899841308594,2023-03-17,98.94999694824219
2022-03-18,206.28191489361703,161.25050354003906,2023-03-20,97.70999908447266
2022-03-21,206.28191489361703,161.4915008544922,2023-03-21,100.61000061035156
2022-03-22,206.28191489361703,164.88900756835938,2023-03-22,98.69999694824219
2022-03-23,206.28191489361703,163.4080047607422,2023-03-23,98.70999908447266
2022-03-24,206.28191489361703,163.64950561523438,2023-03-24,98.12999725341797
2022-03-25,206.28191489361703,164.77349853515625,2023-03-27,98.04000091552734
2022-03-28,206.30978260869566,168.99049377441406,2023-03-28,97.23999786376953
2022-03-29,206.0611111111111,169.31500244140625,2023-03-29,100.25
2022-03-30,204.625,166.30099487304688,2023-03-30,102.0
2022-03-31,204.5611111111111,162.99749755859375,2023-03-31,103.29000091552734
2022-04-01,204.5611111111111,163.55999755859375,2023-04-03,102.41000366210938
2022-04-04,204.7277777777778,168.34649658203125,2023-04-04,103.94999694824219
2022-04-05,204.7277777777778,164.05499267578125,2023-04-05,101.0999984741211
2022-04-06,204.4943181818182,158.75599670410156,2023-04-06,102.05999755859375
2022-04-07,204.4943181818182,157.7845001220703,2023-04-10,102.16999816894531
2022-04-08,204.4943181818182,154.4604949951172,2023-04-10,102.16999816894531
2022-04-11,204.4943181818182,151.1219940185547,2023-04-11,99.91999816894531
2022-04-12,204.4943181818182,150.78750610351562,2023-04-12,97.83000183105469
2022-04-13,203.78488372093022,155.54100036621094,2023-04-13,102.4000015258789
2022-04-14,203.78488372093022,151.7064971923828,2023-04-14,102.51000213623047
2022-04-18,203.78488372093022,152.78500366210938,2023-04-18,102.30000305175781
2022-04-19,202.37222222222223,158.11549377441406,2023-04-19,104.30000305175781
2022-04-20,203.21354166666666,153.9980010986328,2023-04-20,103.80999755859375
2022-04-21,202.85638297872342,148.29600524902344,2023-04-21,106.95999908447266
2022-04-22,202.85638297872342,144.35000610351562,2023-04-24,106.20999908447266
2022-04-25,202.85638297872342,146.07400512695312,2023-04-25,102.56999969482422
2022-04-26,202.85638297872342,139.39100646972656,2023-04-26,104.9800033569336
2022-04-27,202.85638297872342,138.16700744628906,2023-04-27,109.81999969482422
2022-04-28,204.1969696969697,144.59649658203125,2023-04-28,105.44999694824219
2022-04-29,195.30263157894737,124.28150177001953,2023-05-01,102.05000305175781
2022-05-02,195.30263157894737,124.5,2023-05-02,103.62999725341797
2022-05-03,195.30263157894737,124.25350189208984,2023-05-03,103.6500015258789
2022-05-04,195.30263157894737,125.92849731445312,2023-05-04,104.0
2022-05-05,195.30263157894737,116.40699768066406,2023-05-05,105.66000366210938
2022-05-06,195.30263157894737,114.77249908447266,2023-05-08,105.83000183105469
2022-05-09,195.30263157894737,108.78900146484375,2023-05-09,106.62000274658203
2022-05-10,194.80803571428572,108.85900115966797,2023-05-10,110.19000244140625
2022-05-11,194.80803571428572,105.37200164794922,2023-05-11,112.18000030517578
2022-05-12,194.80803571428572,106.93049621582031,2023-05-12,110.26000213623047
2022-05-13,194.80803571428572,113.05500030517578,2023-05-15,111.19999694824219
2022-05-16,194.6359649122807,110.81050109863281,2023-05-16,113.4000015258789
2022-05-17,193.7801724137931,115.36849975585938,2023-05-17,115.5
2022-05-18,193.7801724137931,107.11250305175781,2023-05-18,118.1500015258789
2022-05-19,193.7801724137931,107.31900024414062,2023-05-19,116.25
2022-05-20,193.7801724137931,107.59100341796875,2023-05-22,115.01000213623047
2022-05-23,193.7801724137931,107.55699920654297,2023-05-23,114.98999786376953
2022-05-24,193.7801724137931,104.0999984741211,2023-05-24,116.75
2022-05-25,193.7801724137931,106.7750015258789,2023-05-25,115.0
2022-05-26,193.7801724137931,111.07749938964844,2023-05-26,120.11000061035156
2022-05-27,192.88983050847457,115.14649963378906,2023-05-30,121.66000366210938
2022-05-31,192.38333333333333,120.20950317382812,2023-05-31,120.58000183105469
2022-06-01,191.4016393442623,121.68399810791016,2023-06-01,122.7699966430664
2022-06-02,191.4016393442623,125.51100158691406,2023-06-02,124.25
2022-06-03,191.4016393442623,122.3499984741211,2023-06-05,125.30000305175781
2022-06-06,190.96031746031747,124.79000091552734,2023-06-06,126.61000061035156
2022-06-07,190.18076923076924,123.0,2023-06-07,121.2300033569336
2022-06-08,189.91287878787878,121.18000030517578,2023-06-08,124.25
2022-06-09,189.91287878787878,116.1500015258789,2023-06-09,123.43000030517578
2022-06-10,189.61567164179104,109.6500015258789,2023-06-12,126.56999969482422
2022-06-13,189.22426470588235,103.66999816894531,2023-06-13,126.66000366210938
2022-06-14,188.20357142857142,102.30999755859375,2023-06-14,126.41999816894531
2022-06-15,188.20357142857142,107.66999816894531,2023-06-15,127.11000061035156
2022-06-16,187.67028985507247,103.66000366210938,2023-06-16,125.48999786376953
2022-06-17,187.67028985507247,106.22000122070312,2023-06-20,125.77999877929688
2022-06-21,187.67028985507247,108.68000030517578,2023-06-21,124.83000183105469
2022-06-22,187.63214285714287,108.94999694824219,2023-06-22,130.14999389648438
2022-06-23,187.63214285714287,112.44000244140625,2023-06-23,129.3300018310547
2022-06-24,187.52464788732394,116.45999908447266,2023-06-26,127.33000183105469
2022-06-27,187.52464788732394,113.22000122070312,2023-06-27,129.17999267578125
2022-06-28,187.23958333333334,107.4000015258789,2023-06-28,129.0399932861328
2022-06-29,188.13486842105263,108.91999816894531,2023-06-29,127.9000015258789
2022-06-30,187.89935064935065,106.20999908447266,2023-06-30,130.36000061035156
2022-07-01,187.89935064935065,109.55999755859375,2023-07-03,130.22000122070312
2022-07-05,187.51,113.5,2023-07-05,130.3800048828125
2022-07-06,187.51,114.33000183105469,2023-07-06,128.36000061035156
2022-07-07,187.51,116.33000183105469,2023-07-07,129.77999877929688
2022-07-08,187.51,115.54000091552734,2023-07-10,127.12999725341797
2022-07-11,187.2060810810811,111.75,2023-07-11,128.77999877929688
2022-07-12,186.97666666666666,109.22000122070312,2023-07-12,130.8000030517578
2022-07-13,186.42434210526315,110.4000015258789,2023-07-13,134.3000030517578
2022-07-14,186.3409090909091,110.62999725341797,2023-07-14,134.67999267578125
2022-07-15,186.43354430379748,113.55000305175781,2023-07-17,133.55999755859375
2022-07-18,186.43354430379748,113.76000213623047,2023-07-18,132.8300018310547
2022-07-19,186.43354430379748,118.20999908447266,2023-07-19,135.36000061035156
2022-07-20,185.978125,122.7699966430664,2023-07-20,129.9600067138672
2022-07-21,184.86011904761904,124.62999725341797,2023-07-21,130.0
2022-07-22,184.86011904761904,122.41999816894531,2023-07-24,128.8000030517578
2022-07-25,184.56764705882352,121.13999938964844,2023-07-25,129.1300048828125
2022-07-26,184.39825581395348,114.80999755859375,2023-07-26,128.14999389648438
2022-07-27,184.45,120.97000122070312,2023-07-27,128.25
2022-07-28,184.07530120481928,122.27999877929688,2023-07-28,132.2100067138672
2022-07-29,182.77475247524754,134.9499969482422,2023-07-31,133.67999267578125
2022-08-01,182.74754901960785,135.38999938964844,2023-08-01,131.69000244140625
2022-08-02,182.30445544554456,134.16000366210938,2023-08-02,128.2100067138672
2022-08-03,182.30445544554456,139.52000427246094,2023-08-03,128.91000366210938
2022-08-04,178.92134831460675,142.57000732421875,2023-08-04,139.57000732421875
2022-08-05,178.92134831460675,140.8000030517578,2023-08-07,142.22000122070312
2022-08-08,178.92134831460675,139.41000366210938,2023-08-08,139.94000244140625
2022-08-09,178.92134831460675,137.8300018310547,2023-08-09,137.85000610351562
2022-08-10,178.92134831460675,142.69000244140625,2023-08-10,138.55999755859375
2022-08-11,178.92134831460675,140.63999938964844,2023-08-11,138.41000366210938
2022-08-12,178.92134831460675,143.5500030517578,2023-08-14,140.57000732421875
2022-08-15,178.92134831460675,143.17999267578125,2023-08-15,137.6699981689453
2022-08-16,178.92134831460675,144.77999877929688,2023-08-16,135.07000732421875
2022-08-17,178.92134831460675,142.10000610351562,2023-08-17,133.97999572753906
2022-08-18,178.3096590909091,142.3000030517578,2023-08-18,133.22000122070312
2022-08-19,178.3096590909091,138.22999572753906,2023-08-21,134.67999267578125
2022-08-22,178.3096590909091,133.22000122070312,2023-08-22,134.25
2022-08-23,178.3096590909091,133.6199951171875,2023-08-23,135.52000427246094
2022-08-24,178.3096590909091,133.8000030517578,2023-08-24,131.83999633789062
2022-08-25,178.3096590909091,137.27999877929688,2023-08-25,133.25999450683594
2022-08-26,178.3096590909091,130.75,2023-08-28,133.13999938964844
2022-08-29,178.3096590909091,129.7899932861328,2023-08-29,134.91000366210938
2022-08-30,178.3096590909091,128.72999572753906,2023-08-30,135.07000732421875
2022-08-31,178.3096590909091,126.7699966430664,2023-08-31,138.00999450683594
2022-09-01,178.3096590909091,127.81999969482422,2023-09-01,138.1199951171875
2022-09-02,178.3096590909091,127.51000213623047,2023-09-05,137.27000427246094
2022-09-06,178.3096590909091,126.11000061035156,2023-09-06,135.36000061035156
2022-09-07,178.3096590909091,129.47999572753906,2023-09-07,137.85000610351562
2022-09-08,178.0028735632184,129.82000732421875,2023-09-08,138.22999572753906
2022-09-09,178.0028735632184,133.27000427246094,2023-09-11,143.10000610351562
2022-09-12,177.69602272727272,136.4499969482422,2023-09-12,141.22999572753906
2022-09-13,177.69602272727272,126.81999969482422,2023-09-13,144.85000610351562
2022-09-14,177.69602272727272,128.5500030517578,2023-09-14,144.72000122070312
2022-09-15,177.69602272727272,126.27999877929688,2023-09-15,140.38999938964844
2022-09-16,177.69602272727272,123.52999877929688,2023-09-18,139.97999572753906
2022-09-19,177.69602272727272,124.66000366210938,2023-09-19,137.6300048828125
2022-09-20,177.69602272727272,122.19000244140625,2023-09-20,135.2899932861328
2022-09-21,177.69602272727272,118.54000091552734,2023-09-21,129.3300018310547
2022-09-22,177.69602272727272,117.30999755859375,2023-09-22,129.1199951171875
2022-09-23,177.69602272727272,113.77999877929688,2023-09-25,131.27000427246094
2022-09-26,177.69602272727272,115.1500015258789,2023-09-26,125.9800033569336
2022-09-27,178.1293103448276,114.41000366210938,2023-09-27,125.9800033569336
2022-09-28,178.0369318181818,118.01000213623047,2023-09-28,125.9800033569336
2022-09-29,178.0369318181818,114.80000305175781,2023-09-29,127.12000274658203
2022-09-30,178.0369318181818,113.0,2023-10-02,129.4600067138672
2022-10-03,177.54829545454547,115.87999725341797,2023-10-03,124.72000122070312
2022-10-04,177.34722222222223,121.08999633789062,2023-10-04,127.0
2022-10-05,177.34722222222223,120.94999694824219,2023-10-05,125.95999908447266
2022-10-06,177.34722222222223,120.30000305175781,2023-10-06,127.95999908447266
2022-10-07,177.34722222222223,114.55999755859375,2023-10-09,128.25999450683594
2022-10-10,177.34722222222223,113.66999816894531,2023-10-10,129.47999572753906
2022-10-11,177.34722222222223,112.20999908447266,2023-10-11,131.8300018310547
2022-10-12,177.34722222222223,112.9000015258789,2023-10-12,132.3300018310547
2022-10-13,177.34722222222223,112.52999877929688,2023-10-13,129.7899932861328
2022-10-14,177.34722222222223,106.9000015258789,2023-10-16,132.5500030517578
2022-10-17,177.46875,113.79000091552734,2023-10-17,131.47000122070312
2022-10-18,176.11470588235295,116.36000061035156,2023-10-18,128.1300048828125
2022-10-19,175.58529411764707,115.06999969482422,2023-10-19,128.39999389648438
2022-10-20,175.27298850574712,115.25,2023-10-20,125.16999816894531
2022-10-21,175.26988636363637,119.31999969482422,2023-10-23,126.55999755859375
2022-10-24,175.23314606741573,119.81999969482422,2023-10-24,128.55999755859375
2022-10-25,175.23314606741573,120.5999984741211,2023-10-25,121.38999938964844
2022-10-26,174.95170454545453,115.66000366210938,2023-10-26,119.56999969482422
2022-10-27,171.84848484848484,110.95999908447266,2023-10-27,127.73999786376953
2022-10-28,162.69662921348313,103.41000366210938,2023-10-30,132.7100067138672
2022-10-31,162.69662921348313,102.44000244140625,2023-10-31,133.08999633789062
2022-11-01,162.69662921348313,96.79000091552734,2023-11-01,137.0
2022-11-02,163.0222222222222,92.12000274658203,2023-11-02,138.07000732421875
2022-11-03,163.0222222222222,89.30000305175781,2023-11-03,138.60000610351562
2022-11-04,163.0222222222222,90.9800033569336,2023-11-06,139.74000549316406
2022-11-07,163.0222222222222,90.52999877929688,2023-11-07,142.7100067138672
2022-11-08,163.0222222222222,89.9800033569336,2023-11-08,142.0800018310547
2022-11-09,163.0222222222222,86.13999938964844,2023-11-09,140.60000610351562
2022-11-10,163.0222222222222,96.62999725341797,2023-11-10,143.55999755859375
2022-11-11,163.0222222222222,100.79000091552734,2023-11-13,142.58999633789062
2022-11-14,162.30337078651687,98.48999786376953,2023-11-14,145.8000030517578
2022-11-15,161.8111111111111,98.94000244140625,2023-11-15,143.1999969482422
2022-11-16,161.8111111111111,97.12000274658203,2023-11-16,142.8300018310547
2022-11-17,161.8111111111111,94.8499984741211,2023-11-17,145.17999267578125
2022-11-18,161.84615384615384,94.13999938964844,2023-11-20,146.1300048828125
2022-11-21,161.84615384615384,92.45999908447266,2023-11-21,143.89999389648438
2022-11-22,161.3804347826087,93.19999694824219,2023-11-22,146.7100067138672
2022-11-23,161.3804347826087,94.12999725341797,2023-11-24,146.74000549316406
2022-11-25,161.60164835164835,93.41000366210938,2023-11-27,147.72999572753906
2022-11-28,161.59166666666667,93.94999694824219,2023-11-28,147.02999877929688
2022-11-29,161.3153409090909,92.41999816894531,2023-11-29,146.32000732421875
2022-11-30,161.3153409090909,96.54000091552734,2023-11-30,146.08999633789062
2022-12-01,161.3005617977528,95.5,2023-12-01,147.02999877929688
2022-12-02,161.3005617977528,94.12999725341797,2023-12-04,144.83999633789062
2022-12-05,160.5174418604651,91.01000213623047,2023-12-05,146.8800048828125
2022-12-06,160.3764705882353,88.25,2023-12-06,144.52000427246094
2022-12-07,160.3764705882353,88.45999908447266,2023-12-07,146.8800048828125
2022-12-08,160.26190476190476,90.3499984741211,2023-12-08,147.4199981689453
2022-12-09,160.26190476190476,89.08999633789062,2023-12-11,145.88999938964844
2022-12-12,160.39506172839506,90.55000305175781,2023-12-12,147.47999572753906
2022-12-13,160.39506172839506,92.48999786376953,2023-12-13,148.83999633789062
2022-12-14,160.39506172839506,91.58000183105469,2023-12-14,147.4199981689453
2022-12-15,160.39506172839506,88.44999694824219,2023-12-15,149.97000122070312
2022-12-16,159.73493975903614,87.86000061035156,2023-12-18,154.07000732421875
2022-12-19,159.61904761904762,84.91999816894531,2023-12-19,153.7899932861328
2022-12-20,159.3132530120482,85.19000244140625,2023-12-20,152.1199951171875
2022-12-21,159.3132530120482,86.7699966430664,2023-12-21,153.83999633789062
2022-12-22,158.59036144578315,83.79000091552734,2023-12-22,153.4199981689453
2022-12-23,158.59036144578315,85.25,2023-12-26,153.41000366210938
2022-12-27,156.14102564102564,83.04000091552734,2023-12-27,153.33999633789062
2022-12-28,155.96103896103895,81.81999969482422,2023-12-28,153.3800048828125
2022-12-29,155.96103896103895,84.18000030517578,2023-12-29,151.94000244140625
2022-12-30,155.96103896103895,84.0,2024-01-02,149.92999267578125
2023-01-03,155.96103896103895,85.81999969482422,2024-01-03,148.47000122070312
2023-01-04,155.2405063291139,85.13999938964844,2024-01-04,144.57000732421875
2023-01-05,155.2405063291139,83.12000274658203,2024-01-05,145.24000549316406
2023-01-06,155.2405063291139,86.08000183105469,2024-01-08,149.10000610351562
2023-01-09,155.05128205128204,87.36000061035156,2024-01-09,151.3699951171875
2023-01-10,155.1818181818182,89.87000274658203,2024-01-10,153.72999572753906
2023-01-11,154.66233766233765,95.08999633789062,2024-01-11,155.17999267578125
2023-01-12,152.97402597402598,95.2699966430664,2024-01-12,154.6199951171875
2023-01-13,152.87179487179486,98.12000274658203,2024-01-16,153.16000366210938
2023-01-17,152.9090909090909,96.05000305175781,2024-01-17,151.7100067138672
2023-01-18,152.3835616438356,95.45999908447266,2024-01-18,153.5
2023-01-19,152.3835616438356,93.68000030517578,2024-01-19,155.33999633789062
2023-01-20,152.3835616438356,97.25,2024-01-22,154.77999877929688
2023-01-23,152.0281690140845,97.5199966430664,2024-01-23,156.02000427246094
2023-01-24,151.65277777777777,96.31999969482422,2024-01-24,156.8699951171875
2023-01-25,151.1917808219178,97.18000030517578,2024-01-25,157.75
2023-01-26,142.2982456140351,99.22000122070312,2024-01-26,159.1199951171875
2023-01-27,142.2982456140351,102.23999786376953,2024-01-29,161.25999450683594
2023-01-30,141.93103448275863,100.55000305175781,2024-01-30,159.0
2023-01-31,141.93103448275863,103.12999725341797,2024-01-31,155.1999969482422
2023-02-01,141.93103448275863,105.1500015258789,2024-02-01,159.27999877929688
2023-02-02,141.89830508474577,112.91000366210938,2024-02-02,171.80999755859375
2023-02-03,140.46153846153845,103.38999938964844,2024-02-05,170.30999755859375
2023-02-06,140.46153846153845,102.18000030517578,2024-02-06,169.14999389648438
2023-02-07,140.46153846153845,102.11000061035156,2024-02-07,170.52999877929688
2023-02-08,140.46153846153845,100.05000305175781,2024-02-08,169.83999633789062
2023-02-09,141.1139240506329,98.23999786376953,2024-02-09,174.4499969482422
2023-02-10,141.1139240506329,97.61000061035156,2024-02-12,172.33999633789062
2023-02-13,141.1139240506329,99.54000091552734,2024-02-13,168.63999938964844
2023-02-14,141.1,99.69999694824219,2024-02-14,170.97999572753906
2023-02-15,141.1,101.16000366210938,2024-02-15,169.8000030517578
2023-02-16,141.1,98.1500015258789,2024-02-16,169.50999450683594
2023-02-17,141.1,97.19999694824219,2024-02-20,167.0800018310547
2023-02-21,141.1,94.58000183105469,2024-02-21,168.58999633789062
2023-02-22,141.1,95.79000091552734,2024-02-22,174.5800018310547
2023-02-23,141.1,95.81999969482422,2024-02-23,174.99000549316406
2023-02-24,141.1,93.5,2024-02-26,174.72999572753906
2023-02-27,141.1,93.76000213623047,2024-02-27,173.5399932861328
2023-02-28,141.1,94.2300033569336,2024-02-28,173.16000366210938
2023-03-01,141.1,92.16999816894531,2024-02-29,176.75999450683594
2023-03-02,141.1,92.12999725341797,2024-03-01,178.22000122070312
2023-03-03,141.1,94.9000015258789,2024-03-04,177.5800018310547
2023-03-06,141.1,93.75,2024-03-05,174.1199951171875
2023-03-07,141.1,93.55000305175781,2024-03-06,173.50999450683594
2023-03-08,141.1,93.91999816894531,2024-03-07,176.82000732421875
2023-03-09,141.1,92.25,2024-03-08,175.35000610351562
2023-03-10,140.90123456790124,90.7300033569336,2024-03-11,171.9600067138672
2023-03-13,140.775,92.43000030517578,2024-03-12,175.38999938964844
2023-03-14,140.775,94.87999725341797,2024-03-13,176.55999755859375
2023-03-15,140.775,96.19999694824219,2024-03-14,178.75
2023-03-16,140.6951219512195,100.04000091552734,2024-03-15,174.4199981689453
2023-03-17,140.6951219512195,98.94999694824219,2024-03-18,174.47999572753906
2023-03-20,140.44578313253012,97.70999908447266,2024-03-19,175.89999389648438
2023-03-21,140.44578313253012,100.61000061035156,2024-03-20,178.14999389648438
2023-03-22,140.44578313253012,98.69999694824219,2024-03-21,178.14999389648438
2023-03-23,140.44578313253012,98.70999908447266,2024-03-22,178.8699951171875
2023-03-24,140.44578313253012,98.12999725341797,2024-03-25,179.7100067138672
2023-03-27,140.44578313253012,98.04000091552734,2024-03-26,178.3000030517578
2023-03-28,140.08536585365854,97.23999786376953,2024-03-27,179.8300018310547
2023-03-29,139.90361445783134,100.25,2024-03-28,180.3800048828125
2023-03-30,139.90361445783134,102.0,2024-04-01,180.97000122070312
2023-03-31,139.90361445783134,103.29000091552734,2024-04-01,180.97000122070312
2023-04-03,139.17283950617283,102.41000366210938,2024-04-02,180.69000244140625
2023-04-04,138.9277108433735,103.94999694824219,2024-04-03,182.41000366210938
2023-04-05,138.70238095238096,101.0999984741211,2024-04-04,180.0
2023-04-06,138.54117647058823,102.05999755859375,2024-04-05,185.07000732421875
2023-04-10,138.54117647058823,102.16999816894531,2024-04-09,185.6699981689453
2023-04-11,138.38372093023256,99.91999816894531,2024-04-10,185.9499969482422
2023-04-12,138.23863636363637,97.83000183105469,2024-04-11,189.0500030517578
2023-04-13,138.23863636363637,102.4000015258789,2024-04-12,186.1300048828125
2023-04-14,138.23863636363637,102.51000213623047,2024-04-15,183.6199951171875
2023-04-17,138.23863636363637,102.73999786376953,2024-04-16,183.32000732421875
2023-04-18,138.10344827586206,102.30000305175781,2024-04-17,181.27999877929688
2023-04-19,137.56976744186048,104.30000305175781,2024-04-18,179.22000122070312
2023-04-20,136.98837209302326,103.80999755859375,2024-04-19,174.6300048828125
2023-04-21,136.82758620689654,106.95999908447266,2024-04-22,177.22999572753906
2023-04-24,136.18478260869566,106.20999908447266,2024-04-23,179.5399932861328
2023-04-25,136.08510638297872,102.56999969482422,2024-04-24,176.58999633789062
2023-04-26,135.34782608695653,104.9800033569336,2024-04-25,173.6699981689453
2023-04-27,134.9855072463768,109.81999969482422,2024-04-26,179.6199951171875
2023-04-28,135.12790697674419,105.44999694824219,2024-04-29,180.9600067138672
2023-05-01,135.04545454545453,102.05000305175781,2024-04-30,175.0
2023-05-02,134.39080459770116,103.62999725341797,2024-05-01,179.0
2023-05-03,134.39080459770116,103.6500015258789,2024-05-02,184.72000122070312
2023-05-04,134.39080459770116,104.0,2024-05-03,186.2100067138672
2023-05-05,134.22727272727272,105.66000366210938,2024-05-06,188.6999969482422
2023-05-08,134.22727272727272,105.83000183105469,2024-05-07,188.75999450683594
2023-05-09,134.22727272727272,106.62000274658203,2024-05-08,188.0
2023-05-10,134.22727272727272,110.19000244140625,2024-05-09,189.5
2023-05-11,134.22727272727272,112.18000030517578,2024-05-10,187.47999572753906
2023-05-12,134.22727272727272,110.26000213623047,2024-05-13,186.57000732421875
2023-05-15,134.77906976744185,111.19999694824219,2024-05-14,187.07000732421875
2023-05-16,134.77906976744185,113.4000015258789,2024-05-15,185.99000549316406
2023-05-17,134.77906976744185,115.5,2024-05-16,183.6300048828125
2023-05-18,134.43023255813952,118.1500015258789,2024-05-17,184.6999969482422
2023-05-19,134.43023255813952,116.25,2024-05-20,183.5399932861328
2023-05-22,134.61176470588236,115.01000213623047,2024-05-21,183.14999389648438
2023-05-23,134.61176470588236,114.98999786376953,2024-05-22,183.1300048828125
2023-05-24,134.90697674418604,116.75,2024-05-23,181.0500030517578
2023-05-25,134.90697674418604,115.0,2024-05-24,180.75
2023-05-26,134.90697674418604,120.11000061035156,2024-05-28,182.14999389648438
2023-05-30,134.90697674418604,121.66000366210938,2024-05-29,182.02000427246094
2023-05-31,134.67441860465115,120.58000183105469,2024-05-30,179.32000732421875
2023-06-01,134.67441860465115,122.7699966430664,2024-05-31,176.44000244140625
2023-06-02,134.67441860465115,124.25,2024-06-03,178.33999633789062
2023-06-05,134.6705882352941,125.30000305175781,2024-06-04,179.33999633789062
2023-06-06,134.6705882352941,126.61000061035156,2024-06-05,181.27999877929688
2023-06-07,134.84883720930233,121.2300033569336,2024-06-06,185.0
2023-06-08,135.29545454545453,124.25,2024-06-07,184.3000030517578
2023-06-09,135.29545454545453,123.43000030517578,2024-06-10,187.05999755859375
2023-06-12,135.5056179775281,126.56999969482422,2024-06-11,187.22999572753906
2023-06-13,135.5056179775281,126.66000366210938,2024-06-12,186.88999938964844
2023-06-14,135.5056179775281,126.41999816894531,2024-06-13,183.8300018310547
2023-06-15,135.5632183908046,127.11000061035156,2024-06-14,183.66000366210938
2023-06-16,135.5632183908046,125.48999786376953,2024-06-17,184.05999755859375
2023-06-20,135.50574712643677,125.77999877929688,2024-06-20,186.10000610351562
2023-06-21,135.6860465116279,124.83000183105469,2024-06-20,186.10000610351562
2023-06-22,135.95454545454547,130.14999389648438,2024-06-21,189.0800018310547
2023-06-23,135.95454545454547,129.3300018310547,2024-06-24,185.57000732421875
2023-06-26,136.1685393258427,127.33000183105469,2024-06-25,186.33999633789062
2023-06-27,136.1685393258427,129.17999267578125,2024-06-26,193.61000061035156
2023-06-28,136.32222222222222,129.0399932861328,2024-06-27,197.85000610351562
2023-06-29,136.32222222222222,127.9000015258789,2024-06-28,193.25
2023-06-30,136.32222222222222,130.36000061035156,2024-07-01,197.1999969482422
2023-07-03,136.4673913043478,130.22000122070312,2024-07-02,200.0
2023-07-05,136.66666666666666,130.3800048828125,2024-07-05,200.0
2023-07-06,136.66666666666666,128.36000061035156,2024-07-05,200.0
2023-07-07,136.66666666666666,129.77999877929688,2024-07-08,199.2899932861328
2023-07-10,136.8131868131868,127.12999725341797,2024-07-09,199.33999633789062
2023-07-11,136.95652173913044,128.77999877929688,2024-07-10,199.7899932861328
2023-07-12,137.77173913043478,130.8000030517578,2024-07-11,195.0500030517578
2023-07-13,138.53763440860214,134.3000030517578,2024-07-12,194.49000549316406
2023-07-14,138.6595744680851,134.67999267578125,2024-07-15,192.72000122070312
2023-07-17,138.93684210526317,133.55999755859375,2024-07-16,193.02000427246094
2023-07-18,138.94791666666666,132.8300018310547,2024-07-17,187.92999267578125
2023-07-19,138.94791666666666,135.36000061035156,2024-07-18,183.75
2023-07-20,138.94791666666666,129.9600067138672,2024-07-19,183.1300048828125
2023-07-21,138.94791666666666,130.0,2024-07-22,182.5500030517578
2023-07-24,139.09473684210528,128.8000030517578,2024-07-23,186.41000366210938
2023-07-25,139.31914893617022,129.1300048828125,2024-07-24,180.8300018310547
2023-07-26,139.56521739130434,128.14999389648438,2024-07-25,179.85000610351562
2023-07-27,139.56521739130434,128.25,2024-07-26,182.5
2023-07-28,139.56521739130434,132.2100067138672,2024-07-29,183.1999969482422
2023-07-31,139.90322580645162,133.67999267578125,2024-07-30,181.7100067138672
2023-08-01,139.90322580645162,131.69000244140625,2024-07-31,186.97999572753906
2023-08-02,139.90217391304347,128.2100067138672,2024-08-01,184.07000732421875
2023-08-03,140.91780821917808,128.91000366210938,2024-08-02,167.89999389648438
2023-08-04,149.21212121212122,139.57000732421875,2024-08-05,161.02000427246094
2023-08-07,149.52475247524754,142.22000122070312,2024-08-06,161.92999267578125
2023-08-08,149.52475247524754,139.94000244140625,2024-08-07,162.77000427246094
2023-08-09,149.1,137.85000610351562,2024-08-08,165.8000030517578
2023-08-10,149.1,138.55999755859375,2024-08-09,166.94000244140625
2023-08-11,149.90196078431373,138.41000366210938,2024-08-12,166.8000030517578
2023-08-14,150.0,140.57000732421875,2024-08-13,170.22999572753906
2023-08-15,150.0,137.6699981689453,2024-08-14,170.10000610351562
2023-08-16,150.0,135.07000732421875,2024-08-15,177.58999633789062
2023-08-17,150.0,133.97999572753906,2024-08-16,177.05999755859375
2023-08-18,150.0,133.22000122070312,2024-08-19,178.22000122070312
2023-08-21,150.0,134.67999267578125,2024-08-20,178.8800048828125
2023-08-22,150.0,134.25,2024-08-21,180.11000061035156
2023-08-23,150.49019607843138,135.52000427246094,2024-08-22,176.1300048828125
2023-08-24,150.49019607843138,131.83999633789062,2024-08-23,177.0399932861328
2023-08-25,150.49019607843138,133.25999450683594,2024-08-26,175.5
2023-08-28,150.49019607843138,133.13999938964844,2024-08-27,173.1199951171875
2023-08-29,150.49019607843138,134.91000366210938,2024-08-28,170.8000030517578
2023-08-30,150.49019607843138,135.07000732421875,2024-08-29,172.1199951171875
2023-08-31,150.49019607843138,138.00999450683594,2024-08-30,178.5
2023-09-01,150.49019607843138,138.1199951171875,2024-09-03,176.25
2023-09-05,150.49019607843138,137.27000427246094,2024-09-04,173.3300018310547
2023-09-06,150.48543689320388,135.36000061035156,2024-09-05,177.88999938964844
2023-09-07,150.73529411764707,137.85000610351562,2024-09-06,171.38999938964844
2023-09-08,150.73529411764707,138.22999572753906,2024-09-09,175.39999389648438
2023-09-11,150.73529411764707,143.10000610351562,2024-09-10,179.5500030517578
2023-09-12,150.73529411764707,141.22999572753906,2024-09-11,184.52000427246094
2023-09-13,151.0,144.85000610351562,2024-09-12,187.0
2023-09-14,151.0,144.72000122070312,2024-09-13,186.49000549316406
2023-09-15,151.2871287128713,140.38999938964844,2024-09-16,184.88999938964844
2023-09-18,151.6,139.97999572753906,2024-09-17,186.8800048828125
2023-09-19,151.6,137.6300048828125,2024-09-18,186.42999267578125
2023-09-20,151.83168316831683,135.2899932861328,2024-09-19,189.8699951171875
2023-09-21,151.9607843137255,129.3300018310547,2024-09-20,191.60000610351562
2023-09-22,152.03883495145632,129.1199951171875,2024-09-23,193.8800048828125
2023-09-25,152.38095238095238,131.27000427246094,2024-09-24,193.9600067138672
2023-09-26,152.84761904761905,125.9800033569336,2024-09-25,192.52999877929688
2023-09-27,153.52293577981652,125.9800033569336,2024-09-26,191.16000366210938
2023-09-28,153.81981981981983,125.9800033569336,2024-09-27,187.97000122070312
2023-09-29,153.81981981981983,127.12000274658203,2024-09-30,186.3300018310547
2023-10-02,154.45871559633028,129.4600067138672,2024-10-01,185.1300048828125
2023-10-03,154.77777777777777,124.72000122070312,2024-10-02,184.75999450683594
2023-10-04,155.05607476635515,127.0,2024-10-03,181.9600067138672
2023-10-05,155.05607476635515,125.95999908447266,2024-10-04,186.50999450683594
2023-10-06,155.05607476635515,127.95999908447266,2024-10-07,180.8000030517578
2023-10-09,155.33962264150944,128.25999450683594,2024-10-08,182.72000122070312
2023-10-10,155.8761904761905,129.47999572753906,2024-10-09,185.1699981689453
2023-10-11,155.91509433962264,131.8300018310547,2024-10-10,186.64999389648438
2023-10-12,155.91509433962264,132.3300018310547,2024-10-11,188.82000732421875
2023-10-13,155.91509433962264,129.7899932861328,2024-10-14,187.5399932861328
2023-10-16,156.09345794392524,132.5500030517578,2024-10-15,187.69000244140625
2023-10-17,156.92727272727274,131.47000122070312,2024-10-16,186.88999938964844
2023-10-18,157.42727272727274,128.1300048828125,2024-10-17,187.52999877929688
2023-10-19,157.85454545454544,128.39999389648438,2024-10-18,188.99000549316406
2023-10-20,157.85454545454544,125.16999816894531,2024-10-21,189.07000732421875
2023-10-23,159.84313725490196,126.55999755859375,2024-10-22,189.6999969482422
2023-10-24,159.6990291262136,128.55999755859375,2024-10-23,184.7100067138672
2023-10-25,159.6990291262136,121.38999938964844,2024-10-24,186.3800048828125
2023-10-26,164.4418604651163,119.56999969482422,2024-10-25,187.8300018310547
2023-10-27,164.82417582417582,127.73999786376953,2024-10-28,188.38999938964844
2023-10-30,165.57303370786516,132.7100067138672,2024-10-29,190.8300018310547
2023-10-31,165.57303370786516,133.08999633789062,2024-10-30,192.72999572753906
2023-11-01,165.57303370786516,137.0,2024-10-31,186.39999389648438
2023-11-02,166.02247191011236,138.07000732421875,2024-11-01,197.92999267578125
2023-11-03,166.02247191011236,138.60000610351562,2024-11-04,195.77999877929688
2023-11-06,166.02247191011236,139.74000549316406,2024-11-05,199.5
2023-11-07,166.02247191011236,142.7100067138672,2024-11-06,207.08999633789062
2023-11-08,166.02247191011236,142.0800018310547,2024-11-07,210.0500030517578
2023-11-09,166.02247191011236,140.60000610351562,2024-11-08,208.17999267578125
2023-11-10,166.51111111111112,143.55999755859375,2024-11-11,206.83999633789062
2023-11-13,166.51111111111112,142.58999633789062,2024-11-12,208.91000366210938
2023-11-14,166.51111111111112,145.8000030517578,2024-11-13,214.10000610351562
2023-11-15,166.86516853932585,143.1999969482422,2024-11-14,211.47999572753906
2023-11-16,166.86516853932585,142.8300018310547,2024-11-15,202.61000061035156
2023-11-17,166.86516853932585,145.17999267578125,2024-11-18,201.6999969482422
2023-11-20,166.86516853932585,146.1300048828125,2024-11-19,204.61000061035156
2023-11-21,166.9431818181818,143.89999389648438,2024-11-20,202.8800048828125
2023-11-22,166.9431818181818,146.7100067138672,2024-11-21,198.3800048828125
2023-11-24,166.9431818181818,146.74000549316406,2024-11-25,201.4499969482422
2023-11-27,166.9431818181818,147.72999572753906,2024-11-26,207.86000061035156
2023-11-28,167.2528735632184,147.02999877929688,2024-11-27,205.74000549316406
2023-11-29,167.43820224719101,146.32000732421875,2024-11-29,207.88999938964844
2023-11-30,167.43820224719101,146.08999633789062,2024-11-29,207.88999938964844
2023-12-01,167.93406593406593,147.02999877929688,2024-12-02,210.7100067138672
2023-12-04,167.93406593406593,144.83999633789062,2024-12-03,213.44000244140625
2023-12-05,168.13333333333333,146.8800048828125,2024-12-04,218.16000366210938
2023-12-06,168.4431818181818,144.52000427246094,2024-12-05,220.5500030517578
2023-12-07,168.4431818181818,146.8800048828125,2024-12-06,227.02999877929688
2023-12-08,168.4431818181818,147.4199981689453,2024-12-09,226.08999633789062
2023-12-11,168.60919540229884,145.88999938964844,2024-12-10,225.0399932861328
2023-12-12,168.60919540229884,147.47999572753906,2024-12-11,230.25999450683594
2023-12-13,168.60919540229884,148.83999633789062,2024-12-12,228.97000122070312
2023-12-14,168.60919540229884,147.4199981689453,2024-12-13,227.4600067138672
2023-12-15,168.60919540229884,149.97000122070312,2024-12-16,232.92999267578125
2023-12-18,168.88372093023256,154.07000732421875,2024-12-17,231.14999389648438
2023-12-19,168.88372093023256,153.7899932861328,2024-12-18,220.52000427246094
2023-12-20,169.39285714285714,152.1199951171875,2024-12-19,223.2899932861328
2023-12-21,169.87058823529412,153.83999633789062,2024-12-20,224.9199981689453
2023-12-22,169.87058823529412,153.4199981689453,2024-12-23,225.05999755859375
2023-12-26,170.289156626506,153.41000366210938,2024-12-26,227.0500030517578
2023-12-27,170.289156626506,153.33999633789062,2024-12-26,227.0500030517578
2023-12-28,170.289156626506,153.3800048828125,2024-12-27,223.75
2023-12-29,170.289156626506,151.94000244140625,2024-12-30,221.3000030517578
2024-01-02,170.96296296296296,149.92999267578125,2025-01-02,220.22000122070312
2024-01-03,170.96296296296296,148.47000122070312,2025-01-02,220.22000122070312
2024-01-04,170.96296296296296,144.57000732421875,2025-01-03,224.19000244140625
2024-01-05,170.96296296296296,145.24000549316406,2025-01-06,227.61000061035156
2024-01-08,171.89743589743588,149.10000610351562,2025-01-07,222.11000061035156
2024-01-09,172.53846153846155,151.3699951171875,2025-01-08,222.1300048828125
2024-01-10,172.42105263157896,153.72999572753906,2025-01-10,218.94000244140625
2024-01-11,172.72,155.17999267578125,2025-01-10,218.94000244140625
2024-01-12,172.72,154.6199951171875,2025-01-13,218.4600067138672
2024-01-16,173.27397260273972,153.16000366210938,2025-01-15,223.35000610351562
2024-01-17,173.27397260273972,151.7100067138672,2025-01-16,220.66000366210938
2024-01-18,173.27397260273972,153.5,2025-01-17,225.94000244140625
2024-01-19,173.77027027027026,155.33999633789062,2025-01-21,230.7100067138672
2024-01-22,173.78666666666666,154.77999877929688,2025-01-21,230.7100067138672
2024-01-23,173.78666666666666,156.02000427246094,2025-01-22,235.00999450683594
2024-01-24,173.93421052631578,156.8699951171875,2025-01-23,235.4199981689453
2024-01-25,173.93421052631578,157.75,2025-01-24,234.85000610351562
2024-01-26,173.93421052631578,159.1199951171875,2025-01-27,235.4199981689453
2024-01-29,174.6164383561644,161.25999450683594,2025-01-28,238.14999389648438
2024-01-30,174.6164383561644,159.0,2025-01-29,237.07000732421875
2024-01-31,174.6164383561644,155.1999969482422,2025-01-30,234.63999938964844
2024-02-01,175.7872340425532,159.27999877929688,2025-01-31,237.67999267578125
2024-02-02,184.61904761904762,171.80999755859375,2025-02-03,237.4199981689453
2024-02-05,185.2622950819672,170.30999755859375,2025-02-04,242.05999755859375
2024-02-06,185.2622950819672,169.14999389648438,2025-02-05,236.1699981689453
2024-02-07,185.2622950819672,170.52999877929688,2025-02-06,238.8300018310547
2024-02-08,185.10169491525423,169.83999633789062,2025-02-07,229.14999389648438
2024-02-09,185.10169491525423,174.4499969482422,2025-02-10,233.13999938964844
2024-02-12,185.10169491525423,172.33999633789062,2025-02-11,232.75999450683594
2024-02-13,185.10169491525423,168.63999938964844,2025-02-12,228.92999267578125
2024-02-14,185.10169491525423,170.97999572753906,2025-02-13,230.3699951171875
2024-02-15,185.10169491525423,169.8000030517578,2025-02-14,228.67999267578125
2024-02-16,185.10169491525423,169.50999450683594,2025-02-18,226.64999389648438
2024-02-20,184.8448275862069,167.0800018310547,2025-02-19,226.6300048828125
2024-02-21,184.8448275862069,168.58999633789062,2025-02-20,222.8800048828125
2024-02-22,184.8448275862069,174.5800018310547,2025-02-21,216.5800018310547
2024-02-23,184.8448275862069,174.99000549316406,2025-02-24,212.7100067138672
2024-02-26,184.8448275862069,174.72999572753906,2025-02-25,212.8000030517578
2024-02-27,184.8448275862069,173.5399932861328,2025-02-26,214.35000610351562
2024-02-28,184.8448275862069,173.16000366210938,2025-02-27,208.74000549316406
2024-02-29,184.8448275862069,176.75999450683594,2025-02-28,212.27999877929688
2024-03-01,184.8448275862069,178.22000122070312,2025-03-03,205.02000427246094
2024-03-04,184.8448275862069,177.5800018310547,2025-03-04,203.8000030517578
2024-03-05,185.4561403508772,174.1199951171875,2025-03-05,208.36000061035156
2024-03-06,185.4561403508772,173.50999450683594,2025-03-06,200.6999969482422
2024-03-07,185.4561403508772,176.82000732421875,2025-03-07,199.25
2024-03-08,185.4561403508772,175.35000610351562,2025-03-10,194.5399932861328
2024-03-11,185.4561403508772,171.9600067138672,2025-03-11,196.58999633789062
2024-03-12,185.4561403508772,175.38999938964844,2025-03-12,198.88999938964844
2024-03-13,185.4561403508772,176.55999755859375,2025-03-13,193.88999938964844
2024-03-14,185.55357142857142,178.75,2025-03-14,197.9499969482422
2024-03-15,185.55357142857142,174.4199981689453,2025-03-17,195.74000549316406
2024-03-18,185.55357142857142,174.47999572753906,2025-03-18,192.82000732421875
2024-03-19,185.74545454545455,175.89999389648438,2025-03-19,195.5399932861328
2024-03-20,186.12962962962962,178.14999389648438,2025-03-20,194.9499969482422
2024-03-21,186.62264150943398,178.14999389648438,2025-03-21,196.2100067138672
2024-03-22,186.77777777777777,178.8699951171875,2025-03-24,203.25999450683594
2024-03-25,187.68627450980392,179.7100067138672,2025-03-25,205.7100067138672
2024-03-26,189.08510638297872,178.3000030517578,2025-03-26,201.1300048828125
2024-03-27,190.15217391304347,179.8300018310547,2025-03-27,201.36000061035156
2024-03-28,190.15217391304347,180.3800048828125,2025-03-28,192.72000122070312
2024-04-01,191.06521739130434,180.97000122070312,2025-04-01,192.1699981689453
2024-04-02,191.06521739130434,180.69000244140625,2025-04-02,196.00999450683594
2024-04-03,191.06521739130434,182.41000366210938,2025-04-03,178.41000366210938
2024-04-04,191.06521739130434,180.0,2025-04-04,171.0
2024-04-05,191.06521739130434,185.07000732421875,2025-04-07,175.25999450683594
2024-04-08,191.64444444444445,185.19000244140625,2025-04-08,170.66000366210938
2024-04-09,192.36363636363637,185.6699981689453,2025-04-09,191.10000610351562
2024-04-10,193.8913043478261,185.9499969482422,2025-04-10,181.22000122070312
2024-04-11,194.61702127659575,189.0500030517578,2025-04-11,184.8699951171875
2024-04-12,194.61702127659575,186.1300048828125,2025-04-14,182.1199951171875
2024-04-15,196.95238095238096,183.6199951171875,2025-04-15,179.58999633789062
2024-04-16,198.1627906976744,183.32000732421875,2025-04-16,174.3300018310547
2024-04-17,199.6590909090909,181.27999877929688,2025-04-17,172.61000061035156
2024-04-18,200.54347826086956,179.22000122070312,2025-04-21,167.32000732421875
2024-04-19,200.54347826086956,174.6300048828125,2025-04-21,167.32000732421875
2024-04-22,201.77777777777777,177.22999572753906,2025-04-22,173.17999267578125
2024-04-23,202.06521739130434,179.5399932861328,2025-04-23,180.60000610351562
2024-04-24,203.6,176.58999633789062,2025-04-24,186.5399932861328
2024-04-25,207.19148936170214,173.6699981689453,2025-04-25,188.99000549316406
2024-04-26,207.19148936170214,179.6199951171875,2025-04-28,187.6999969482422
2024-04-29,207.19148936170214,180.9600067138672,2025-04-29,187.38999938964844
2024-04-30,207.19148936170214,175.0,2025-04-30,184.4199981689453
2024-05-01,212.71014492753622,179.0,2025-05-01,190.1999969482422
2024-05-02,212.6,184.72000122070312,2025-05-02,189.97999572753906
2024-05-03,212.6,186.2100067138672,2025-05-05,186.35000610351562
2024-05-06,212.77464788732394,188.6999969482422,2025-05-06,185.00999450683594
2024-05-07,212.77464788732394,188.75999450683594,2025-05-07,188.7100067138672
2024-05-08,212.77464788732394,188.0,2025-05-08,192.0800018310547
2024-05-09,212.81428571428572,189.5,2025-05-09,193.05999755859375
2024-05-10,212.81428571428572,187.47999572753906,2025-05-12,208.63999938964844
2024-05-13,212.81428571428572,186.57000732421875,2025-05-13,211.3699951171875
2024-05-14,212.81428571428572,187.07000732421875,2025-05-14,210.25
2024-05-15,212.70422535211267,185.99000549316406,2025-05-15,205.1699981689453
2024-05-16,212.70422535211267,183.6300048828125,2025-05-16,205.58999633789062
2024-05-17,212.70422535211267,184.6999969482422,2025-05-19,206.16000366210938
2024-05-20,212.70422535211267,183.5399932861328,2025-05-20,204.07000732421875
2024-05-21,212.70422535211267,183.14999389648438,2025-05-21,201.1199951171875
2024-05-22,212.70422535211267,183.1300048828125,2025-05-22,203.10000610351562
2024-05-23,212.70422535211267,181.0500030517578,2025-05-23,200.99000549316406
2024-05-24,212.70422535211267,180.75,2025-05-27,206.02000427246094
2024-05-28,213.7826086956522,182.14999389648438,2025-05-28,204.72000122070312
2024-05-29,213.7826086956522,182.02000427246094,2025-05-29,205.6999969482422
2024-05-30,214.94117647058823,179.32000732421875,2025-05-30,205.00999450683594
2024-05-31,214.94117647058823,176.44000244140625,2025-06-02,206.64999389648438
2024-06-03,214.94117647058823,178.33999633789062,2025-06-03,205.7100067138672
2024-06-04,214.94117647058823,179.33999633789062,2025-06-04,207.22999572753906
2024-06-05,214.94117647058823,181.27999877929688,2025-06-05,207.91000366210938
2024-06-06,214.94117647058823,185.0,2025-06-06,213.57000732421875
2024-06-07,214.94117647058823,184.3000030517578,2025-06-09,216.97999572753906
2024-06-10,214.94117647058823,187.05999755859375,2025-06-10,217.61000061035156
2024-06-11,214.94117647058823,187.22999572753906,2025-06-11,213.1999969482422
2024-06-12,214.94117647058823,186.88999938964844,2025-06-12,213.24000549316406
2024-06-13,214.94117647058823,183.8300018310547,2025-06-13,212.10000610351562
2024-06-14,214.94117647058823,183.66000366210938,2025-06-16,216.10000610351562
2024-06-17,214.94117647058823,184.05999755859375,2025-06-17,214.82000732421875
2024-06-18,214.94117647058823,182.80999755859375,2025-06-18,212.52000427246094
2024-06-20,215.01492537313433,186.10000610351562,2025-06-20,209.69000244140625
2024-06-21,214.98529411764707,189.0800018310547,2025-06-23,208.47000122070312
2024-06-24,214.98529411764707,185.57000732421875,2025-06-24,212.77000427246094
2024-06-25,214.98529411764707,186.33999633789062,2025-06-25,211.99000549316406
2024-06-26,215.05797101449275,193.61000061035156,2025-06-26,217.1199951171875
2024-06-27,215.05797101449275,197.85000610351562,2025-06-27,223.3000030517578
2024-06-28,215.4,193.25,2025-06-30,219.38999938964844
2024-07-01,215.25352112676057,197.1999969482422,2025-07-01,220.4600067138672
2024-07-02,215.25352112676057,200.0,2025-07-02,219.9199981689453
2024-07-03,215.25352112676057,197.58999633789062,2025-07-03,223.41000366210938
2024-07-05,215.25352112676057,200.0,2025-07-07,223.47000122070312
2024-07-08,216.05797101449275,199.2899932861328,2025-07-08,219.36000061035156
2024-07-09,215.81690140845072,199.33999633789062,2025-07-09,222.5399932861328
2024-07-10,216.22222222222223,199.7899932861328,2025-07-10,222.25999450683594
2024-07-11,216.22222222222223,195.0500030517578,2025-07-11,225.02000427246094
2024-07-12,216.22222222222223,194.49000549316406,2025-07-14,225.69000244140625
2024-07-15,216.22222222222223,192.72000122070312,2025-07-15,226.35000610351562
2024-07-16,216.50666666666666,193.02000427246094,2025-07-16,223.19000244140625
2024-07-17,216.42105263157896,187.92999267578125,2025-07-17,223.8800048828125
2024-07-18,216.50666666666666,183.75,2025-07-18,226.1300048828125
2024-07-19,216.50666666666666,183.1300048828125,2025-07-21,229.3000030517578
2024-07-22,217.21052631578948,182.5500030517578,2025-07-22,227.47000122070312
2024-07-23,218.02597402597402,186.41000366210938,2025-07-23,228.2899932861328
2024-07-24,218.02597402597402,180.8300018310547,2025-07-24,232.22999572753906
2024-07-25,218.17948717948718,179.85000610351562,2025-07-25,231.44000244140625
2024-07-26,218.26582278481013,182.5,2025-07-28,232.7899932861328
2024-07-29,218.26582278481013,183.1999969482422,2025-07-29,231.00999450683594
2024-07-30,218.3375,181.7100067138672,2025-07-30,230.19000244140625
2024-07-31,218.41975308641975,186.97999572753906,2025-07-31,234.11000061035156
2024-08-01,220.35384615384615,184.07000732421875,2025-08-01,214.75
2024-08-02,221.0632911392405,167.89999389648438,2025-08-04,211.64999389648438
2024-08-05,221.0632911392405,161.02000427246094,2025-08-05,213.75
2024-08-06,220.925,161.92999267578125,2025-08-06,222.30999755859375
2024-08-07,220.925,162.77000427246094,2025-08-07,223.1300048828125
2024-08-08,220.925,165.8000030517578,2025-08-08,222.69000244140625
2024-08-09,220.925,166.94000244140625,2025-08-11,221.3000030517578
2024-08-12,220.925,166.8000030517578,2025-08-12,221.47000122070312
2024-08-13,220.925,170.22999572753906,2025-08-13,224.55999755859375
2024-08-14,220.925,170.10000610351562,2025-08-14,230.97999572753906
2024-08-15,220.925,177.58999633789062,2025-08-15,231.02999877929688
2024-08-16,220.925,177.05999755859375,2025-08-18,231.49000549316406
2024-08-19,220.925,178.22000122070312,2025-08-19,228.00999450683594
2024-08-20,220.925,178.8800048828125,2025-08-20,223.80999755859375
2024-08-21,220.925,180.11000061035156,2025-08-21,221.9499969482422
2024-08-22,220.925,176.1300048828125,2025-08-22,228.83999633789062
2024-08-23,220.925,177.0399932861328,2025-08-25,227.94000244140625
2024-08-26,220.97530864197532,175.5,2025-08-26,228.7100067138672
2024-08-27,220.97530864197532,173.1199951171875,2025-08-27,229.1199951171875
2024-08-28,220.97530864197532,170.8000030517578,2025-08-28,231.60000610351562
2024-08-29,220.97530864197532,172.1199951171875,2025-08-29,229.0
2024-08-30,220.97530864197532,178.5,2025-09-02,225.33999633789062
2024-09-03,221.5121951219512,176.25,2025-09-03,225.99000549316406
2024-09-04,221.5121951219512,173.3300018310547,2025-09-04,235.67999267578125
2024-09-05,221.71428571428572,177.88999938964844,2025-09-05,232.3300018310547
2024-09-06,221.71428571428572,171.38999938964844,2025-09-08,235.83999633789062
2024-09-09,221.71428571428572,175.39999389648438,2025-09-09,238.24000549316406
2024-09-10,221.71428571428572,179.5500030517578,2025-09-10,230.3300018310547
2024-09-11,221.71428571428572,184.52000427246094,2025-09-11,229.9499969482422
2024-09-12,221.57647058823528,187.0,2025-09-12,228.14999389648438
2024-09-13,221.57647058823528,186.49000549316406,2025-09-15,231.42999267578125
2024-09-16,221.57647058823528,184.88999938964844,2025-09-16,234.0500030517578
2024-09-17,221.57647058823528,186.8800048828125,2025-09-17,231.6199951171875
2024-09-18,221.57647058823528,186.42999267578125,2025-09-18,231.22999572753906
2024-09-19,221.98823529411766,189.8699951171875,2025-09-19,231.47999572753906
2024-09-20,222.19767441860466,191.60000610351562,2025-09-22,227.6300048828125
2024-09-23,222.28735632183907,193.8800048828125,2025-09-23,220.7100067138672
2024-09-24,222.54651162790697,193.9600067138672,2025-09-24,220.2100067138672
2024-09-25,222.54651162790697,192.52999877929688,2025-09-25,218.14999389648438
2024-09-26,222.54651162790697,191.16000366210938,2025-09-26,219.77999877929688
2024-09-27,222.54651162790697,187.97000122070312,2025-09-29,222.1699981689453
2024-09-30,223.183908045977,186.3300018310547,2025-09-30,219.57000732421875
2024-10-01,223.183908045977,185.1300048828125,2025-10-01,220.6300048828125
2024-10-02,223.183908045977,184.75999450683594,2025-10-02,222.41000366210938
2024-10-03,223.0340909090909,181.9600067138672,2025-10-03,219.50999450683594
2024-10-04,223.5056179775281,186.50999450683594,2025-10-06,220.89999389648438
2024-10-07,223.05555555555554,180.8000030517578,2025-10-07,221.77999877929688
2024-10-08,222.95454545454547,182.72000122070312,2025-10-08,225.22000122070312
2024-10-09,222.75,185.1699981689453,2025-10-09,227.74000549316406
2024-10-10,222.8,186.64999389648438,2025-10-10,216.3699951171875
2024-10-11,223.6236559139785,188.82000732421875,2025-10-13,220.07000732421875
2024-10-14,223.82417582417582,187.5399932861328,2025-10-14,216.38999938964844
2024-10-15,224.43333333333334,187.69000244140625,2025-10-15,215.57000732421875
2024-10-16,224.5340909090909,186.88999938964844,2025-10-16,214.47000122070312
2024-10-17,224.5340909090909,187.52999877929688,2025-10-17,213.0399932861328
2024-10-18,224.5340909090909,188.99000549316406,2025-10-20,216.47999572753906
2024-10-21,224.64367816091954,189.07000732421875,2025-10-21,222.02999877929688
2024-10-22,224.80722891566265,189.6999969482422,2025-10-22,217.9499969482422
2024-10-23,225.23456790123456,184.7100067138672,2025-10-23,221.08999633789062
2024-10-24,225.0487804878049,186.3800048828125,2025-10-24,224.2100067138672
2024-10-25,225.0487804878049,187.8300018310547,2025-10-27,226.97000122070312
2024-10-28,225.02409638554218,188.38999938964844,2025-10-28,229.25
2024-10-29,226.3,190.8300018310547,2025-10-29,230.3000030517578
2024-10-30,226.66101694915255,192.72999572753906,2025-10-30,222.86000061035156
2024-10-31,226.66101694915255,186.39999389648438,2025-10-31,244.22000122070312
2024-11-01,230.27380952380952,197.92999267578125,2025-11-03,254.0
2024-11-04,230.33333333333334,195.77999877929688,2025-11-04,249.32000732421875
2024-11-05,230.33333333333334,199.5,2025-11-05,250.1999969482422
2024-11-06,230.61627906976744,207.08999633789062,2025-11-06,243.0399932861328
2024-11-07,230.61627906976744,210.0500030517578,2025-11-07,244.41000366210938
2024-11-08,230.61627906976744,208.17999267578125,2025-11-10,248.39999389648438
2024-11-11,230.61627906976744,206.83999633789062,2025-11-11,249.10000610351562
2024-11-12,230.91764705882352,208.91000366210938,2025-11-12,244.1999969482422
2024-11-13,230.91764705882352,214.10000610351562,2025-11-13,237.5800018310547
2024-11-14,231.13953488372093,211.47999572753906,2025-11-14,234.69000244140625
2024-11-15,231.13953488372093,202.61000061035156,2025-11-17,232.8699951171875
2024-11-18,231.13953488372093,201.6999969482422,2025-11-18,222.5500030517578
2024-11-19,231.13953488372093,204.61000061035156,2025-11-19,222.69000244140625
2024-11-20,230.7471264367816,202.8800048828125,2025-11-20,217.13999938964844
2024-11-21,230.7471264367816,198.3800048828125,2025-11-21,220.69000244140625
2024-11-22,230.7471264367816,197.1199951171875,2025-11-24,226.27999877929688
2024-11-25,230.7471264367816,201.4499969482422,2025-11-25,229.6699981689453
2024-11-26,230.98876404494382,207.86000061035156,2025-11-26,229.16000366210938
2024-11-27,230.82954545454547,205.74000549316406,2025-11-28,233.22000122070312
2024-11-29,230.82954545454547,207.88999938964844,2025-12-01,233.8800048828125
2024-12-02,230.82954545454547,210.7100067138672,2025-12-02,234.4199981689453
2024-12-03,230.8876404494382,213.44000244140625,2025-12-03,232.3800048828125
2024-12-04,231.1,218.16000366210938,2025-12-04,229.11000061035156
2024-12-05,231.1,220.5500030517578,2025-12-05,229.52999877929688
2024-12-06,231.1,227.02999877929688,2025-12-08,226.88999938964844
2024-12-09,231.30769230769232,226.08999633789062,2025-12-09,227.9199981689453
2024-12-10,231.81720430107526,225.0399932861328,2025-12-10,231.77999877929688
2024-12-11,231.81720430107526,230.25999450683594,2025-12-11,230.27999877929688
2024-12-12,232.17021276595744,228.97000122070312,2025-12-12,226.19000244140625
2024-12-13,232.46315789473684,227.4600067138672,2025-12-15,222.5399932861328
2024-12-16,233.75510204081633,232.92999267578125,2025-12-16,222.55999755859375
2024-12-17,233.75510204081633,231.14999389648438,2025-12-17,221.27000427246094
2024-12-18,234.53,220.52000427246094,2025-12-18,226.75999450683594
2024-12-19,234.74747474747474,223.2899932861328,2025-12-19,227.35000610351562
2024-12-20,235.3,224.9199981689453,2025-12-22,228.42999267578125
2024-12-23,235.3,225.05999755859375,2025-12-23,232.13999938964844
2024-12-24,235.45454545454547,229.0500030517578,2025-12-24,232.3800048828125
2024-12-26,235.41836734693877,227.0500030517578,2025-12-26,232.52000427246094
2024-12-27,235.41836734693877,223.75,2025-12-29,232.07000732421875
2024-12-30,235.7319587628866,221.3000030517578,2025-12-30,232.52999877929688
2024-12-31,235.7319587628866,219.38999938964844,2025-12-31,230.82000732421875
2025-01-02,235.7319587628866,220.22000122070312,2026-01-02,226.5
2025-01-03,236.08163265306123,224.19000244140625,2026-01-05,233.05999755859375
2025-01-06,236.91752577319588,227.61000061035156,2026-01-06,240.92999267578125
2025-01-07,237.17525773195877,222.11000061035156,2026-01-07,241.55999755859375
2025-01-08,237.17525773195877,222.1300048828125,2026-01-08,246.2899932861328
2025-01-10,237.66326530612244,218.94000244140625,2026-01-12,246.47000122070312
2025-01-13,238.8762886597938,218.4600067138672,2026-01-13,242.60000610351562
2025-01-14,238.89690721649484,217.75999450683594,2026-01-14,236.64999389648438
2025-01-15,238.89690721649484,223.35000610351562,2026-01-15,238.17999267578125
2025-01-16,238.89690721649484,220.66000366210938,2026-01-16,239.1199951171875
2025-01-17,239.16326530612244,225.94000244140625,2026-01-20,231.0
2025-01-21,239.97916666666666,230.7100067138672,2026-01-21,231.30999755859375
2025-01-22,240.39583333333334,235.00999450683594,2026-01-22,234.33999633789062
2025-01-23,240.55789473684212,235.4199981689453,2026-01-23,239.16000366210938
2025-01-24,241.23958333333334,234.85000610351562,2026-01-26,238.4199981689453
2025-01-27,241.82291666666666,235.4199981689453,2026-01-27,244.67999267578125
2025-01-28,242.0,238.14999389648438,2026-01-28,243.00999450683594
2025-01-29,242.0,237.07000732421875,2026-01-29,241.72999572753906
2025-01-30,245.89156626506025,234.63999938964844,2026-01-30,239.3000030517578
2025-01-31,246.23809523809524,237.67999267578125,2026-02-02,242.9600067138672
2025-02-03,246.67469879518072,237.4199981689453,2026-02-03,238.6199951171875
2025-02-04,246.89285714285714,242.05999755859375,2026-02-04,232.99000549316406
2025-02-05,246.89285714285714,236.1699981689453,2026-02-05,222.69000244140625
2025-02-06,246.89285714285714,238.8300018310547,2026-02-06,210.32000732421875
2025-02-07,251.9908256880734,229.14999389648438,2026-02-09,208.72000122070312
2025-02-10,252.2,233.13999938964844,2026-02-10,206.9600067138672
2025-02-11,252.2,232.75999450683594,2026-02-11,204.0800018310547
2025-02-12,252.4954954954955,228.92999267578125,2026-02-12,199.60000610351562
2025-02-13,252.4954954954955,230.3699951171875,2026-02-13,198.7899932861328
2025-02-14,252.4954954954955,228.67999267578125,2026-02-17,201.14999389648438
2025-02-18,252.4954954954955,226.64999389648438,2026-02-18,204.7899932861328
2025-02-19,252.4954954954955,226.6300048828125,2026-02-19,204.86000061035156
2025-02-20,252.4954954954955,222.8800048828125,2026-02-20,210.11000061035156
2025-02-21,252.4954954954955,216.5800018310547,2026-02-23,205.27000427246094
2025-02-24,252.74545454545455,212.7100067138672,2026-02-24,208.55999755859375
2025-02-25,252.2972972972973,212.8000030517578,2026-02-25,210.63999938964844
2025-02-26,252.2972972972973,214.35000610351562,2026-02-26,207.9199981689453
2025-02-27,252.2972972972973,208.74000549316406,2026-02-27,210.0
2025-02-28,252.2972972972973,212.27999877929688,2026-03-02,208.38999938964844
2025-03-03,252.1818181818182,205.02000427246094,2026-03-03,208.72999572753906
2025-03-04,252.1818181818182,203.8000030517578,2026-03-04,216.82000732421875
2025-03-05,252.59259259259258,208.36000061035156,2026-03-05,218.94000244140625
2025-03-06,252.59259259259258,200.6999969482422,2026-03-06,213.2100067138672
2025-03-07,252.59259259259258,199.25,2026-03-09,213.49000549316406
2025-03-10,252.59259259259258,194.5399932861328,2026-03-10,214.3300018310547
2025-03-11,252.59259259259258,196.58999633789062,2026-03-11,212.64999389648438
2025-03-12,252.99065420560748,198.88999938964844,2026-03-12,209.52999877929688
2025-03-13,252.99065420560748,193.88999938964844,2026-03-13,207.6699981689453
2025-03-14,252.99065420560748,197.9499969482422,2026-03-16,211.74000549316406
2025-03-17,252.99065420560748,195.74000549316406,2026-03-17,215.1999969482422
2025-03-18,252.99065420560748,192.82000732421875,2026-03-18,209.8699951171875
2025-03-19,253.20754716981133,195.5399932861328,2026-03-19,208.75999450683594
2025-03-20,253.6320754716981,194.9499969482422,2026-03-20,205.3699951171875
2025-03-21,253.6320754716981,196.2100067138672,2026-03-23,210.13999938964844
2025-03-24,253.85714285714286,203.25999450683594,2026-03-24,207.24000549316406
2025-03-25,253.85714285714286,205.7100067138672,2026-03-25,211.7100067138672
2025-03-26,253.85714285714286,201.1300048828125,2026-03-26,207.5399932861328
2025-03-27,253.85714285714286,201.36000061035156,2026-03-27,199.33999633789062
2025-03-28,253.85714285714286,192.72000122070312,2026-03-30,200.9499969482422
2025-03-31,253.94230769230768,190.25999450683594,2026-03-31,208.27000427246094
2025-04-01,254.1904761904762,192.1699981689453,2026-04-01,210.57000732421875
2025-04-02,254.6153846153846,196.00999450683594,2026-04-02,209.77000427246094
2025-04-03,254.51456310679612,178.41000366210938,2026-04-06,212.7899932861328
2025-04-04,254.51456310679612,171.0,2026-04-06,212.7899932861328
2025-04-07,255.2156862745098,175.25999450683594,2026-04-07,213.77000427246094
2025-04-08,255.31372549019608,170.66000366210938,2026-04-08,221.25
2025-04-09,255.6078431372549,191.10000610351562,2026-04-09,233.64999389648438
2025-04-10,255.16831683168317,181.22000122070312,2026-04-10,238.3800048828125
2025-04-11,255.16831683168317,184.8699951171875,2026-04-13,239.88999938964844
2025-04-14,253.83809523809524,182.1199951171875,2026-04-14,249.02000427246094
2025-04-15,253.56603773584905,179.58999633789062,2026-04-15,248.5
2025-04-16,253.17592592592592,174.3300018310547,2026-04-16,249.6999969482422
2025-04-17,253.17592592592592,172.61000061035156,2026-04-17,250.55999755859375
2025-04-21,252.61818181818182,167.32000732421875,2026-04-21,249.91000366210938
2025-04-22,252.32432432432432,173.17999267578125,2026-04-22,255.36000061035156
2025-04-23,252.50892857142858,180.60000610351562,2026-04-23,255.0800018310547
2025-04-24,252.50892857142858,186.5399932861328,2026-04-24,263.989990234375
2025-04-25,252.50892857142858,188.99000549316406,2026-04-27,261.1199951171875
2025-04-28,252.48214285714286,187.6999969482422,2026-04-28,259.70001220703125
2025-04-29,252.33333333333334,187.38999938964844,2026-04-29,263.0400085449219
2025-04-30,252.33333333333334,184.4199981689453,2026-04-30,265.05999755859375
2025-05-01,256.0,190.1999969482422,2026-05-01,268.260009765625
2025-05-02,252.89285714285714,189.97999572753906,2026-05-04,272.04998779296875
2025-05-05,252.80357142857142,186.35000610351562,2026-05-05,273.54998779296875
2025-05-06,253.45945945945945,185.00999450683594,2026-05-06,274.989990234375
2025-05-07,253.45945945945945,188.7100067138672,2026-05-07,271.1700134277344
2025-05-08,253.45945945945945,192.0800018310547,2026-05-08,272.67999267578125
2025-05-09,253.45945945945945,193.05999755859375,2026-05-11,268.989990234375
2025-05-12,253.45945945945945,208.63999938964844,2026-05-12,265.82000732421875
2025-05-13,253.45945945945945,211.3699951171875,2026-05-13,270.1300048828125
2025-05-14,253.4909090909091,210.25,2026-05-14,267.2200012207031
2025-05-15,253.4909090909091,205.1699981689453,2026-05-15,264.1400146484375
2025-05-16,253.4909090909091,205.58999633789062,2026-05-18,264.8599853515625
2025-05-19,253.4909090909091,206.16000366210938,2026-05-19,259.3399963378906
2025-05-20,254.0091743119266,204.07000732421875,2026-05-20,265.010009765625
2025-05-21,254.0091743119266,201.1199951171875,2026-05-21,268.4599914550781
2025-05-22,254.0091743119266,203.10000610351562,2026-05-22,266.32000732421875
2025-05-23,254.0091743119266,200.99000549316406,2026-05-26,265.2900085449219
2025-05-27,254.2429906542056,206.02000427246094,2026-05-27,271.8500061035156
2025-05-28,254.2429906542056,204.72000122070312,2026-05-28,274.0
2025-05-29,254.2429906542056,205.6999969482422,2026-05-29,270.6400146484375
2025-05-30,254.2429906542056,205.00999450683594,2026-06-01,261.260009765625
2025-06-02,254.3551401869159,206.64999389648438,2026-06-02,256.5199890136719
2025-06-03,254.39622641509433,205.7100067138672,2026-06-03,250.02000427246094
2025-06-04,254.26168224299064,207.22999572753906,2026-06-04,253.7899932861328
2025-06-05,254.26168224299064,207.91000366210938,2026-06-05,246.02999877929688
2025-06-06,254.26168224299064,213.57000732421875,2026-06-08,245.22000122070312
2025-06-09,254.28846153846155,216.97999572753906,2026-06-09,244.19000244140625
2025-06-10,254.28846153846155,217.61000061035156,2026-06-10,238.0
2025-06-11,254.18446601941747,213.1999969482422,2026-06-11,241.50999450683594
2025-06-12,254.12745098039215,213.24000549316406,2026-06-12,238.5500030517578
2025-06-13,254.12745098039215,212.10000610351562,2026-06-15,246.02000427246094
2025-06-16,253.5050505050505,216.10000610351562,2026-06-16,246.0
2025-06-17,253.11340206185568,214.82000732421875,2026-06-17,237.5
2025-06-18,253.11340206185568,212.52000427246094,2026-06-18,244.38999938964844
2025-06-20,252.70103092783506,209.69000244140625,2026-06-22,232.7899932861328
2025-06-23,252.70103092783506,208.47000122070312,2026-06-23,234.11000061035156
2025-06-24,252.70103092783506,212.77000427246094,2026-06-24,234.27000427246094
2025-06-25,252.70103092783506,211.99000549316406,2026-06-25,227.00999450683594
2025-06-26,252.70103092783506,217.1199951171875,2026-06-26,232.69000244140625
2025-06-27,252.70103092783506,223.3000030517578,2026-06-29,240.13999938964844
2025-06-30,252.70103092783506,219.38999938964844,2026-06-30,238.33999633789062
2025-07-01,252.70103092783506,220.4600067138672,2026-07-01,241.6999969482422
2025-07-02,252.6734693877551,219.9199981689453,2026-07-02,242.6699981689453
2025-07-03,252.49484536082474,223.41000366210938,2026-07-06,244.16000366210938
2025-07-07,252.23157894736843,223.47000122070312,2026-07-07,245.97999572753906
2025-07-08,252.06185567010309,219.36000061035156,2026-07-08,243.6199951171875
2025-07-09,252.06185567010309,222.5399932861328,2026-07-09,247.0399932861328
2025-07-10,252.37373737373738,222.25999450683594,2026-07-10,245.33999633789062
2025-07-11,252.37623762376236,225.02000427246094,2026-07-13,247.30999755859375
2025-07-14,252.3265306122449,225.69000244140625,2026-07-14,247.49000549316406
2025-07-15,252.3265306122449,226.35000610351562,2026-07-15,254.9600067138672
2025-07-16,252.40404040404042,223.19000244140625,,
2025-07-17,252.27551020408163,223.8800048828125,,
2025-07-18,252.27551020408163,226.1300048828125,,
2025-07-21,252.1340206185567,229.3000030517578,,
2025-07-22,252.62,227.47000122070312,,
2025-07-23,252.74257425742573,228.2899932861328,,
2025-07-24,252.21,232.22999572753906,,
2025-07-25,252.21,231.44000244140625,,
2025-07-28,252.12,232.7899932861328,,
2025-07-29,252.14705882352942,231.00999450683594,,
2025-07-30,251.5742574257426,230.19000244140625,,
2025-07-31,251.34,234.11000061035156,,
2025-08-01,253.9090909090909,214.75,,
2025-08-04,253.83471074380165,211.64999389648438,,
2025-08-05,253.83471074380165,213.75,,
2025-08-06,253.83471074380165,222.30999755859375,,
2025-08-07,249.85416666666666,223.1300048828125,,
2025-08-08,249.85416666666666,222.69000244140625,,
2025-08-11,249.58947368421053,221.3000030517578,,
2025-08-12,249.2127659574468,221.47000122070312,,
2025-08-13,249.69791666666666,224.55999755859375,,
2025-08-14,250.2164948453608,230.97999572753906,,
2025-08-15,250.2164948453608,231.02999877929688,,
2025-08-18,250.2164948453608,231.49000549316406,,
2025-08-19,250.2164948453608,228.00999450683594,,
2025-08-20,250.2164948453608,223.80999755859375,,
2025-08-21,250.2164948453608,221.9499969482422,,
2025-08-22,250.2164948453608,228.83999633789062,,
2025-08-25,250.70833333333334,227.94000244140625,,
2025-08-26,250.70833333333334,228.7100067138672,,
2025-08-27,250.70833333333334,229.1199951171875,,
2025-08-28,250.70833333333334,231.60000610351562,,
2025-08-29,250.70833333333334,229.0,,
2025-09-02,250.70833333333334,225.33999633789062,,
2025-09-03,250.70833333333334,225.99000549316406,,
2025-09-04,250.70833333333334,235.67999267578125,,
2025-09-05,250.70833333333334,232.3300018310547,,
2025-09-08,250.70833333333334,235.83999633789062,,
2025-09-09,250.70833333333334,238.24000549316406,,
2025-09-10,250.70833333333334,230.3300018310547,,
2025-09-11,250.70833333333334,229.9499969482422,,
2025-09-12,250.70833333333334,228.14999389648438,,
2025-09-15,250.70833333333334,231.42999267578125,,
2025-09-16,250.90721649484536,234.0500030517578,,
2025-09-17,250.55208333333334,231.6199951171875,,
2025-09-18,250.55208333333334,231.22999572753906,,
2025-09-19,250.5463917525773,231.47999572753906,,
2025-09-22,250.5463917525773,227.6300048828125,,
2025-09-23,250.5463917525773,220.7100067138672,,
2025-09-24,250.989898989899,220.2100067138672,,
2025-09-25,250.989898989899,218.14999389648438,,
2025-09-26,250.989898989899,219.77999877929688,,
2025-09-29,250.70103092783506,222.1699981689453,,
2025-09-30,251.20408163265307,219.57000732421875,,
2025-10-01,251.20408163265307,220.6300048828125,,
2025-10-02,251.20408163265307,222.41000366210938,,
2025-10-03,251.44444444444446,219.50999450683594,,
2025-10-06,251.76530612244898,220.89999389648438,,
2025-10-07,252.01041666666666,221.77999877929688,,
2025-10-08,252.63829787234042,225.22000122070312,,
2025-10-09,252.63829787234042,227.74000549316406,,
2025-10-10,252.63829787234042,216.3699951171875,,
2025-10-13,254.2840909090909,220.07000732421875,,
2025-10-14,254.7906976744186,216.38999938964844,,
2025-10-15,254.7906976744186,215.57000732421875,,
2025-10-16,254.7906976744186,214.47000122070312,,
2025-10-17,254.7906976744186,213.0399932861328,,
2025-10-20,255.9879518072289,216.47999572753906,,
2025-10-21,256.34567901234567,222.02999877929688,,
2025-10-22,256.390243902439,217.9499969482422,,
2025-10-23,256.390243902439,221.08999633789062,,
2025-10-24,256.82142857142856,224.2100067138672,,
2025-10-27,257.5925925925926,226.97000122070312,,
2025-10-28,257.8536585365854,229.25,,
2025-10-29,258.05,230.3000030517578,,
2025-10-30,264.6779661016949,222.86000061035156,,
2025-10-31,274.60759493670884,244.22000122070312,,
2025-11-03,274.9220779220779,254.0,,
2025-11-04,275.8101265822785,249.32000732421875,,
2025-11-05,275.8101265822785,250.1999969482422,,
2025-11-06,275.8101265822785,243.0399932861328,,
2025-11-07,275.8101265822785,244.41000366210938,,
2025-11-10,275.8101265822785,248.39999389648438,,
2025-11-11,275.8101265822785,249.10000610351562,,
2025-11-12,275.8101265822785,244.1999969482422,,
2025-11-13,275.8101265822785,237.5800018310547,,
2025-11-14,275.8101265822785,234.69000244140625,,
2025-11-17,275.8101265822785,232.8699951171875,,
2025-11-18,275.4875,222.5500030517578,,
2025-11-19,275.4875,222.69000244140625,,
2025-11-20,275.4875,217.13999938964844,,
2025-11-21,275.4875,220.69000244140625,,
2025-11-24,275.4875,226.27999877929688,,
2025-11-25,275.85185185185185,229.6699981689453,,
2025-11-26,275.85185185185185,229.16000366210938,,
2025-11-28,275.85185185185185,233.22000122070312,,
2025-12-01,276.55555555555554,233.8800048828125,,
2025-12-02,277.2345679012346,234.4199981689453,,
2025-12-03,278.5595238095238,232.3800048828125,,
2025-12-04,278.8705882352941,229.11000061035156,,
2025-12-05,278.8705882352941,229.52999877929688,,
2025-12-08,278.8705882352941,226.88999938964844,,
2025-12-09,278.8705882352941,227.9199981689453,,
2025-12-10,279.1162790697674,231.77999877929688,,
2025-12-11,279.35632183908046,230.27999877929688,,
2025-12-12,279.35632183908046,226.19000244140625,,
2025-12-15,279.35632183908046,222.5399932861328,,
2025-12-16,279.6363636363636,222.55999755859375,,
2025-12-17,279.6363636363636,221.27000427246094,,
2025-12-18,279.97701149425285,226.75999450683594,,
2025-12-19,279.97701149425285,227.35000610351562,,
2025-12-22,279.97701149425285,228.42999267578125,,
2025-12-23,279.97701149425285,232.13999938964844,,
2025-12-24,279.97701149425285,232.3800048828125,,
2025-12-26,279.97701149425285,232.52000427246094,,
2025-12-29,279.97701149425285,232.07000732421875,,
2025-12-30,280.3255813953488,232.52999877929688,,
2025-12-31,280.3255813953488,230.82000732421875,,
2026-01-02,280.3255813953488,226.5,,
2026-01-05,281.4117647058824,233.05999755859375,,
2026-01-06,281.4117647058824,240.92999267578125,,
2026-01-07,281.7073170731707,241.55999755859375,,
2026-01-08,282.1604938271605,246.2899932861328,,
2026-01-09,282.1604938271605,247.3800048828125,,
2026-01-12,282.390243902439,246.47000122070312,,
2026-01-13,283.0609756097561,242.60000610351562,,
2026-01-14,283.0609756097561,236.64999389648438,,
2026-01-15,283.0609756097561,238.17999267578125,,
2026-01-16,283.0609756097561,239.1199951171875,,
2026-01-20,284.5657894736842,231.0,,
2026-01-21,284.5657894736842,231.30999755859375,,
2026-01-22,284.5657894736842,234.33999633789062,,
2026-01-23,284.5657894736842,239.16000366210938,,
2026-01-26,285.72972972972974,238.4199981689453,,
2026-01-27,286.4,244.67999267578125,,
2026-01-28,287.05194805194805,243.00999450683594,,
2026-01-29,295.6842105263158,241.72999572753906,,
2026-01-30,295.7586206896552,239.3000030517578,,
2026-02-02,296.7758620689655,242.9600067138672,,
2026-02-03,297.0169491525424,238.6199951171875,,
2026-02-04,297.0169491525424,232.99000549316406,,
2026-02-05,297.0169491525424,222.69000244140625,,
2026-02-06,293.83116883116884,210.32000732421875,,
2026-02-09,293.46153846153845,208.72000122070312,,
2026-02-10,294.0131578947368,206.9600067138672,,
2026-02-11,293.93333333333334,204.0800018310547,,
2026-02-12,293.93333333333334,199.60000610351562,,
2026-02-13,293.93333333333334,198.7899932861328,,
2026-02-17,293.93333333333334,201.14999389648438,,
2026-02-18,293.93333333333334,204.7899932861328,,
2026-02-19,293.93333333333334,204.86000061035156,,
2026-02-20,293.93333333333334,210.11000061035156,,
2026-02-23,294.0657894736842,205.27000427246094,,
2026-02-24,294.0657894736842,208.55999755859375,,
2026-02-25,294.0657894736842,210.63999938964844,,
2026-02-26,294.0657894736842,207.9199981689453,,
2026-02-27,294.0657894736842,210.0,,
2026-03-02,294.0657894736842,208.38999938964844,,
2026-03-03,294.0657894736842,208.72999572753906,,
2026-03-04,294.0657894736842,216.82000732421875,,
2026-03-05,294.0657894736842,218.94000244140625,,
2026-03-06,294.0657894736842,213.2100067138672,,
2026-03-09,294.0657894736842,213.49000549316406,,
2026-03-10,294.0657894736842,214.3300018310547,,
2026-03-11,294.0657894736842,212.64999389648438,,
2026-03-12,294.0657894736842,209.52999877929688,,
2026-03-13,294.0657894736842,207.6699981689453,,
2026-03-16,294.38666666666666,211.74000549316406,,
2026-03-17,294.0,215.1999969482422,,
2026-03-18,294.0,209.8699951171875,,
2026-03-19,294.58666666666664,208.75999450683594,,
2026-03-20,294.58666666666664,205.3699951171875,,
2026-03-23,294.6578947368421,210.13999938964844,,
2026-03-24,295.2567567567568,207.24000549316406,,
2026-03-25,295.1818181818182,211.7100067138672,,
2026-03-26,295.1818181818182,207.5399932861328,,
2026-03-27,295.1818181818182,199.33999633789062,,
2026-03-30,295.11842105263156,200.9499969482422,,
2026-03-31,295.11842105263156,208.27000427246094,,
2026-04-01,295.11842105263156,210.57000732421875,,
2026-04-02,295.5131578947368,209.77000427246094,,
2026-04-06,295.5131578947368,212.7899932861328,,
2026-04-07,295.5131578947368,213.77000427246094,,
2026-04-08,295.05194805194805,221.25,,
2026-04-09,295.05194805194805,233.64999389648438,,
2026-04-10,295.3076923076923,238.3800048828125,,
2026-04-13,295.2911392405063,239.88999938964844,,
2026-04-14,295.2911392405063,249.02000427246094,,
2026-04-15,295.5432098765432,248.5,,
2026-04-16,295.5975609756098,249.6999969482422,,
2026-04-17,295.4698795180723,250.55999755859375,,
2026-04-20,295.84705882352944,248.27999877929688,,
2026-04-21,296.08235294117645,249.91000366210938,,
2026-04-22,296.08235294117645,255.36000061035156,,
2026-04-23,296.90588235294115,255.0800018310547,,
2026-04-24,296.6511627906977,263.989990234375,,
2026-04-27,296.8588235294118,261.1199951171875,,
2026-04-28,297.1860465116279,259.70001220703125,,
2026-04-29,297.1860465116279,263.0400085449219,,
2026-04-30,302.41379310344826,265.05999755859375,,
2026-05-01,302.60227272727275,268.260009765625,,
2026-05-04,302.43023255813955,272.04998779296875,,
2026-05-05,302.43023255813955,273.54998779296875,,
2026-05-06,302.43023255813955,274.989990234375,,
2026-05-07,302.43023255813955,271.1700134277344,,
2026-05-08,302.43023255813955,272.67999267578125,,
2026-05-11,302.43023255813955,268.989990234375,,
2026-05-12,302.97701149425285,265.82000732421875,,
2026-05-13,302.97701149425285,270.1300048828125,,
2026-05-14,302.97701149425285,267.2200012207031,,
2026-05-15,302.97701149425285,264.1400146484375,,
2026-05-18,303.59302325581393,264.8599853515625,,
2026-05-19,303.59302325581393,259.3399963378906,,
2026-05-20,303.6896551724138,265.010009765625,,
2026-05-21,303.6896551724138,268.4599914550781,,
2026-05-22,303.6896551724138,266.32000732421875,,
2026-05-26,303.6744186046512,265.2900085449219,,
2026-05-27,303.6744186046512,271.8500061035156,,
2026-05-28,303.6744186046512,274.0,,
2026-05-29,303.86206896551727,270.6400146484375,,
2026-06-01,303.9529411764706,261.260009765625,,
2026-06-02,303.5731707317073,256.5199890136719,,
2026-06-03,303.55555555555554,250.02000427246094,,
2026-06-04,303.55555555555554,253.7899932861328,,
2026-06-05,303.55555555555554,246.02999877929688,,
2026-06-08,303.55555555555554,245.22000122070312,,
2026-06-09,303.6,244.19000244140625,,
2026-06-10,303.6455696202532,238.0,,
2026-06-11,303.6455696202532,241.50999450683594,,
2026-06-12,303.6455696202532,238.5500030517578,,
2026-06-15,303.64102564102564,246.02000427246094,,
2026-06-16,303.64102564102564,246.0,,
2026-06-17,303.64102564102564,237.5,,
2026-06-18,303.64102564102564,244.38999938964844,,
2026-06-22,303.64102564102564,232.7899932861328,,
2026-06-23,303.64102564102564,234.11000061035156,,
2026-06-24,303.64102564102564,234.27000427246094,,
2026-06-25,303.64102564102564,227.00999450683594,,
2026-06-26,303.64102564102564,232.69000244140625,,
2026-06-29,303.64102564102564,240.13999938964844,,
2026-06-30,303.64102564102564,238.33999633789062,,
2026-07-01,303.64102564102564,241.6999969482422,,
2026-07-02,303.75949367088606,242.6699981689453,,
2026-07-06,303.8076923076923,244.16000366210938,,
2026-07-07,303.8076923076923,245.97999572753906,,
2026-07-08,304.8333333333333,243.6199951171875,,
2026-07-09,304.8333333333333,247.0399932861328,,
2026-07-10,304.8333333333333,245.33999633789062,,
2026-07-13,304.75,247.30999755859375,,
2026-07-14,304.75,247.49000549316406,,
2026-07-15,304.8831168831169,254.9600067138672,,
