Date,ConsensusTarget,StockPrice,ForwardDate,StockPrice12mForward
2016-02-02,170.0,10.148200035095215,2017-02-01,15.751116752624512
2016-02-03,170.0,10.005012512207031,2017-02-02,15.77895450592041
2016-02-04,170.0,10.367555618286133,2017-02-03,15.942118644714355
2016-02-05,170.0,9.776517868041992,2017-02-06,15.973043441772461
2016-02-08,170.0,9.281444549560547,2017-02-07,15.922780990600586
2016-02-09,170.0,9.117691040039062,2017-02-08,15.99856948852539
2016-02-10,170.0,9.07884693145752,2017-02-09,15.878708839416504
2016-02-11,170.0,8.85873031616211,2017-02-10,15.892630577087402
2016-02-12,170.0,9.266210556030273,2017-02-13,15.984643936157227
2016-02-16,170.0,9.615044593811035,2017-02-15,15.928972244262695
2016-02-17,170.0,9.953219413757324,2017-02-16,16.09832191467285
2016-02-18,170.0,9.678268432617188,2017-02-17,16.270767211914062
2016-02-19,170.0,9.800127029418945,2017-02-21,16.45171356201172
2016-02-22,170.0,9.950170516967773,2017-02-21,16.45171356201172
2016-02-23,170.0,9.761284828186035,2017-02-22,16.56075096130371
2016-02-24,169.33333333333334,9.927324295043945,2017-02-23,16.283916473388672
2016-02-25,169.33333333333334,10.089554786682129,2017-02-24,16.267671585083008
2016-02-26,169.33333333333334,10.138298988342285,2017-02-27,16.492694854736328
2016-02-29,169.33333333333334,10.203801155090332,2017-02-28,16.310976028442383
2016-03-01,169.33333333333334,10.54349422454834,2017-03-01,16.636533737182617
2016-03-02,169.33333333333334,10.432295799255371,2017-03-02,16.80278778076172
2016-03-03,169.33333333333334,10.459716796875,2017-03-03,16.88243865966797
2016-03-04,177.0,11.124632835388184,2017-03-06,16.85304832458496
2016-03-07,177.0,10.930411338806152,2017-03-07,16.9543514251709
2016-03-08,177.0,10.634893417358398,2017-03-08,16.983734130859375
2016-03-09,177.0,10.812356948852539,2017-03-09,17.16777801513672
2016-03-10,177.0,10.999726295471191,2017-03-10,17.503387451171875
2016-03-11,177.0,11.334846496582031,2017-03-13,17.511117935180664
2016-03-14,177.0,11.283058166503906,2017-03-14,17.34873390197754
2016-03-15,177.0,11.308191299438477,2017-03-15,17.470914840698242
2016-03-16,177.0,11.35786247253418,2017-03-16,17.272829055786133
2016-03-17,177.0,11.5809965133667,2017-03-17,17.18115997314453
2016-03-18,177.0,11.65283203125,2017-03-20,17.185819625854492
2016-03-21,177.0,11.68339729309082,2017-03-21,16.78034019470215
2016-03-22,177.0,11.826298713684082,2017-03-22,16.88909149169922
2016-03-23,177.0,11.69103717803955,2017-03-23,16.84559440612793
2016-03-24,177.0,11.691804885864258,2017-03-24,17.009492874145508
2016-03-28,177.0,11.699446678161621,2017-03-28,17.16329574584961
2016-03-29,177.0,11.778156280517578,2017-03-29,17.19126319885254
2016-03-30,177.0,11.9921236038208,2017-03-30,17.09261131286621
2016-03-31,177.0,11.80643081665039,2017-03-31,17.008718490600586
2016-04-01,177.0,12.058603286743164,2017-04-03,16.996286392211914
2016-04-04,177.0,11.921819686889648,2017-04-04,17.008718490600586
2016-04-05,177.0,11.846929550170898,2017-04-05,16.866559982299805
2016-04-06,177.0,12.038731575012207,2017-04-06,16.89529800415039
2016-04-07,177.0,11.842345237731934,2017-04-07,16.953567504882812
2016-04-08,177.0,11.93251895904541,2017-04-10,16.935701370239258
2016-04-11,177.0,11.891249656677246,2017-04-11,16.899188995361328
2016-04-12,177.0,11.877496719360352,2017-04-12,16.250564575195312
2016-04-13,177.0,12.18698787689209,2017-04-13,16.415246963500977
2016-04-14,177.0,12.136549949645996,2017-04-17,16.61332893371582
2016-04-15,177.0,11.88208293914795,2017-04-17,16.61332893371582
2016-04-18,177.0,11.913412094116211,2017-04-18,16.553510665893555
2016-04-19,177.0,11.544321060180664,2017-04-19,16.594684600830078
2016-04-20,177.0,11.709381103515625,2017-04-20,16.950456619262695
2016-04-21,177.0,11.565718650817871,2017-04-21,16.907737731933594
2016-04-22,177.0,11.487771034240723,2017-04-24,17.185819625854492
2016-04-25,177.0,11.393776893615723,2017-04-25,17.33807945251465
2016-04-26,177.0,11.5206298828125,2017-04-26,17.220001220703125
2016-04-27,177.0,11.579471588134766,2017-04-27,17.32953643798828
2016-04-28,177.0,11.308955192565918,2017-04-28,17.15242576599121
2016-04-29,177.0,11.137779235839844,2017-05-01,17.192039489746094
2016-05-02,176.5,11.162995338439941,2017-05-02,17.512859344482422
2016-05-03,176.5,10.94291877746582,2017-05-03,17.47012710571289
2016-05-04,176.5,10.856565475463867,2017-05-04,17.35361671447754
2016-05-05,176.5,10.89554214477539,2017-05-05,17.590538024902344
2016-05-06,176.5,10.84281063079834,2017-05-08,17.484115600585938
2016-05-09,176.5,10.881784439086914,2017-05-09,17.746675491333008
2016-05-10,176.5,11.050665855407715,2017-05-10,17.96961212158203
2016-05-11,176.5,10.992586135864258,2017-05-11,17.950971603393555
2016-05-12,176.5,10.77785587310791,2017-05-12,18.329269409179688
2016-05-13,176.5,10.702205657958984,2017-05-15,18.5677490234375
2016-05-16,176.5,10.900887489318848,2017-05-16,18.6959171295166
2016-05-17,175.6153846153846,10.787793159484863,2017-05-17,17.957962036132812
2016-05-18,175.6153846153846,10.994879722595215,2017-05-18,18.46132469177246
2016-05-19,175.6153846153846,10.907763481140137,2017-05-19,18.184785842895508
2016-05-20,175.6153846153846,11.212669372558594,2017-05-22,18.51725196838379
2016-05-23,175.6153846153846,11.317359924316406,2017-05-23,18.374326705932617
2016-05-24,175.6153846153846,11.571064949035645,2017-05-24,18.612022399902344
2016-05-25,175.6153846153846,11.735361099243164,2017-05-25,18.70989990234375
2016-05-26,175.6153846153846,11.693331718444824,2017-05-26,18.737085342407227
2016-05-27,175.6153846153846,11.714729309082031,2017-05-30,18.629117965698242
2016-05-31,175.6153846153846,11.795732498168945,2017-05-31,18.602699279785156
2016-06-01,175.6153846153846,11.827061653137207,2017-06-01,18.22284698486328
2016-06-02,175.6153846153846,11.837761878967285,2017-06-02,19.771780014038086
2016-06-03,184.0,12.422350883483887,2017-06-05,19.5915584564209
2016-06-06,184.0,12.443745613098145,2017-06-06,19.719738006591797
2016-06-07,184.0,12.596582412719727,2017-06-07,19.752357482910156
2016-06-08,184.0,12.509469032287598,2017-06-08,19.80440330505371
2016-06-09,184.0,12.5430908203125,2017-06-09,18.902544021606445
2016-06-10,184.0,12.289384841918945,2017-06-12,18.85049819946289
2016-06-13,184.0,12.227487564086914,2017-06-13,18.871471405029297
2016-06-14,184.0,12.149544715881348,2017-06-14,18.68504524230957
2016-06-15,184.0,12.142642974853516,2017-06-15,18.56568717956543
2016-06-16,184.0,12.160272598266602,2017-06-16,18.42995262145996
2016-06-17,184.0,11.958662033081055,2017-06-19,18.81220245361328
2016-06-20,184.0,12.029956817626953,2017-06-20,18.721710205078125
2016-06-21,184.0,11.944096565246582,2017-06-21,19.121902465820312
2016-06-22,184.0,11.892738342285156,2017-06-22,19.037647247314453
2016-06-23,184.0,12.159510612487793,2017-06-23,19.132816314697266
2016-06-24,184.0,11.400595664978027,2017-06-26,18.937015533447266
2016-06-27,184.0,11.010400772094727,2017-06-27,18.358179092407227
2016-06-28,184.0,11.481084823608398,2017-06-28,18.80439567565918
2016-06-29,184.0,11.88200569152832,2017-06-29,18.25754165649414
2016-06-30,184.0,11.912666320800781,2017-06-30,18.180315017700195
2016-07-01,184.0,11.82221508026123,2017-07-03,17.923662185668945
2016-07-05,184.0,11.556974411010742,2017-07-05,18.06797981262207
2016-07-06,184.0,11.54700756072998,2017-07-06,18.335559844970703
2016-07-07,184.0,11.574606895446777,2017-07-07,18.692840576171875
2016-07-08,184.0,11.892738342285156,2017-07-10,18.860565185546875
2016-07-11,184.0,12.062918663024902,2017-07-11,18.791913986206055
2016-07-12,184.0,12.157210350036621,2017-07-12,19.223318099975586
2016-07-13,184.0,12.066752433776855,2017-07-13,19.292743682861328
2016-07-14,184.0,12.325858116149902,2017-07-14,19.52521514892578
2016-07-15,184.0,12.35422134399414,2017-07-17,19.426137924194336
2016-07-18,184.0,12.443909645080566,2017-07-18,19.571237564086914
2016-07-19,184.0,12.305925369262695,2017-07-19,19.84583282470703
2016-07-20,184.0,12.469972610473633,2017-07-20,19.77016258239746
2016-07-21,184.0,12.296728134155273,2017-07-21,19.745197296142578
2016-07-22,184.0,12.24000072479248,2017-07-24,19.738964080810547
2016-07-25,184.0,12.248432159423828,2017-07-25,19.838031768798828
2016-07-26,184.0,12.528996467590332,2017-07-26,20.049448013305664
2016-07-27,184.0,12.69918155670166,2017-07-27,19.576696395874023
2016-07-28,184.0,12.589564323425293,2017-07-28,19.531450271606445
2016-07-29,184.0,12.417081832885742,2017-07-31,19.242033004760742
2016-08-01,184.58333333333334,12.5343656539917,2017-08-01,19.37699317932129
2016-08-02,184.58333333333334,12.486838340759277,2017-08-02,19.764711380004883
2016-08-03,184.58333333333334,12.580362319946289,2017-08-03,19.52521514892578
2016-08-04,184.58333333333334,12.801135063171387,2017-08-04,19.437843322753906
2016-08-05,184.58333333333334,13.041074752807617,2017-08-07,19.692934036254883
2016-08-08,184.58333333333334,12.905388832092285,2017-08-08,19.608688354492188
2016-08-09,184.58333333333334,13.121567726135254,2017-08-09,19.437843322753906
2016-08-10,184.58333333333334,13.173687934875488,2017-08-10,18.777870178222656
2016-08-11,184.58333333333334,13.192095756530762,2017-08-11,19.047788619995117
2016-08-12,184.58333333333334,13.221222877502441,2017-08-14,19.573583602905273
2016-08-15,185.2173913043478,13.456565856933594,2017-08-15,19.790447235107422
2016-08-16,185.2173913043478,13.215858459472656,2017-08-16,19.76938247680664
2016-08-17,185.2173913043478,13.26414966583252,2017-08-17,19.264657974243164
2016-08-18,185.2173913043478,13.333139419555664,2017-08-18,19.453441619873047
2016-08-19,185.2173913043478,13.409804344177246,2017-08-21,19.472944259643555
2016-08-22,185.2173913043478,13.486461639404297,2017-08-22,19.9074649810791
2016-08-23,186.0,13.594549179077148,2017-08-23,20.042423248291016
2016-08-24,186.0,13.43815803527832,2017-08-24,19.896541595458984
2016-08-25,186.0,13.494894027709961,2017-08-25,19.158565521240234
2016-08-26,186.0,13.580747604370117,2017-08-28,18.976016998291016
2016-08-29,186.0,13.59914779663086,2017-08-29,18.857446670532227
2016-08-30,186.54166666666666,13.568482398986816,2017-08-30,19.192106246948242
2016-08-31,186.54166666666666,13.524024963378906,2017-08-31,19.664073944091797
2016-09-01,189.875,13.575383186340332,2017-09-01,19.715559005737305
2016-09-02,190.76470588235293,13.270285606384277,2017-09-05,19.428482055664062
2016-09-06,190.76470588235293,13.116201400756836,2017-09-06,19.4542236328125
2016-09-07,190.76470588235293,12.947551727294922,2017-09-07,19.23345375061035
2016-09-08,190.76470588235293,12.907689094543457,2017-09-08,19.043109893798828
2016-09-09,190.76470588235293,12.325088500976562,2017-09-11,19.3262882232666
2016-09-12,190.76470588235293,12.608722686767578,2017-09-12,19.27948570251465
2016-09-13,190.76470588235293,12.666980743408203,2017-09-13,19.20926856994629
2016-09-14,190.76470588235293,13.001981735229492,2017-09-14,19.264657974243164
2016-09-15,190.16666666666666,13.280317306518555,2017-09-15,19.54549789428711
2016-09-16,190.16666666666666,13.166519165039062,2017-09-18,19.568212509155273
2016-09-19,190.16666666666666,13.12730884552002,2017-09-19,19.56351089477539
2016-09-20,190.16666666666666,12.935086250305176,2017-09-20,19.02695655822754
2016-09-21,190.16666666666666,13.058107376098633,2017-09-21,18.828779220581055
2016-09-22,190.16666666666666,12.981986999511719,2017-09-22,18.73948860168457
2016-09-23,190.16666666666666,12.813602447509766,2017-09-25,18.447322845458984
2016-09-26,190.16666666666666,12.81667709350586,2017-09-26,18.58517837524414
2016-09-27,190.16666666666666,13.13730525970459,2017-09-27,18.84444808959961
2016-09-28,190.16666666666666,13.12500286102295,2017-09-28,19.0293025970459
2016-09-29,190.16666666666666,13.26032829284668,2017-09-29,18.997974395751953
2016-09-30,190.16666666666666,13.264946937561035,2017-10-02,18.835830688476562
2016-10-03,190.16666666666666,13.07656192779541,2017-10-03,18.75985336303711
2016-10-04,191.47368421052633,12.998136520385742,2017-10-04,18.955673217773438
2016-10-05,192.65,13.33875560760498,2017-10-05,19.08648681640625
2016-10-06,192.65,13.39334774017334,2017-10-06,19.248628616333008
2016-10-07,192.65,13.39488410949707,2017-10-09,19.301891326904297
2016-10-10,192.65,13.437942504882812,2017-10-10,19.26821517944336
2016-10-11,192.65,13.161141395568848,2017-10-11,19.613645553588867
2016-10-12,192.65,13.107318878173828,2017-10-12,19.483613967895508
2016-10-13,192.65,12.989676475524902,2017-10-13,19.422521591186523
2016-10-14,192.65,13.078102111816406,2017-10-16,19.32147789001465
2016-10-17,192.65,12.985065460205078,2017-10-17,19.004240036010742
2016-10-18,192.65,13.238032341003418,2017-10-18,19.11233139038086
2016-10-19,192.65,13.214967727661133,2017-10-19,19.135051727294922
2016-10-20,192.65,13.333372116088867,2017-10-20,19.131134033203125
2016-10-21,192.65,13.295695304870605,2017-10-23,19.133485794067383
2016-10-24,192.65,13.574808120727539,2017-10-24,19.400585174560547
2016-10-25,192.65,13.351826667785645,2017-10-25,19.25489616394043
2016-10-26,192.65,13.301850318908691,2017-10-26,19.09354019165039
2016-10-27,192.65,13.243409156799316,2017-10-27,19.809463500976562
2016-10-28,192.65,13.021199226379395,2017-10-30,20.461950302124023
2016-10-31,193.78947368421052,13.092708587646484,2017-10-31,20.671871185302734
2016-11-01,193.78947368421052,12.978911399841309,2017-11-01,20.30999183654785
2016-11-02,193.78947368421052,13.26801872253418,2017-11-02,20.326440811157227
2016-11-03,193.78947368421052,13.301079750061035,2017-11-03,21.4332275390625
2016-11-04,193.78947368421052,13.238032341003418,2017-11-06,21.737932205200195
2016-11-07,193.78947368421052,13.606327056884766,2017-11-07,21.25229263305664
2016-11-08,193.78947368421052,13.609404563903809,2017-11-08,21.336885452270508
2016-11-09,193.78947368421052,13.334142684936523,2017-11-09,20.807376861572266
2016-11-10,193.78947368421052,12.912787437438965,2017-11-10,20.75411605834961
2016-11-11,193.78947368421052,12.88203239440918,2017-11-13,20.75803565979004
2016-11-14,195.38888888888889,12.592928886413574,2017-11-14,20.62095832824707
2016-11-15,195.38888888888889,12.798224449157715,2017-11-15,20.80424690246582
2016-11-16,195.38888888888889,12.904333114624023,2017-11-16,21.31416893005371
2016-11-17,195.38888888888889,12.843589782714844,2017-11-17,21.294588088989258
2016-11-18,195.38888888888889,12.929702758789062,2017-11-20,21.531145095825195
2016-11-21,195.38888888888889,13.269548416137695,2017-11-21,21.66508674621582
2016-11-22,195.38888888888889,13.610939979553223,2017-11-22,21.56952476501465
2016-11-23,195.38888888888889,13.615558624267578,2017-11-24,22.118610382080078
2016-11-25,195.38888888888889,13.590180397033691,2017-11-27,22.294065475463867
2016-11-28,195.38888888888889,13.428712844848633,2017-11-28,21.72852897644043
2016-11-29,195.38888888888889,13.490227699279785,2017-11-29,21.266393661499023
2016-11-30,195.38888888888889,13.108855247497559,2017-11-30,21.770832061767578
2016-12-01,200.0,12.516807556152344,2017-12-01,21.271089553833008
2016-12-02,200.0,12.626761436462402,2017-12-04,20.648372650146484
2016-12-05,200.0,12.773619651794434,2017-12-05,20.494848251342773
2016-12-06,200.85714285714286,12.668278694152832,2017-12-06,20.670305252075195
2016-12-07,200.85714285714286,12.959689140319824,2017-12-07,20.670305252075195
2016-12-08,200.85714285714286,13.125767707824707,2017-12-08,20.358551025390625
2016-12-09,200.85714285714286,13.770102500915527,2017-12-11,20.361690521240234
2016-12-12,200.85714285714286,13.698594093322754,2017-12-12,20.26378059387207
2016-12-13,200.85714285714286,13.797014236450195,2017-12-13,20.524616241455078
2016-12-14,200.85714285714286,13.735149383544922,2017-12-14,20.313905715942383
2016-12-15,200.85714285714286,13.919965744018555,2017-12-15,20.81442642211914
2016-12-16,200.85714285714286,13.797014236450195,2017-12-18,20.846755981445312
2016-12-19,200.85714285714286,13.95476245880127,2017-12-19,20.7923526763916
2016-12-20,200.85714285714286,14.079265594482422,2017-12-20,20.945314407348633
2016-12-21,200.85714285714286,14.09627914428711,2017-12-21,20.621253967285156
2016-12-22,200.85714285714286,13.96558666229248,2017-12-22,20.68590545654297
2016-12-23,200.85714285714286,14.069211959838867,2017-12-26,20.350801467895508
2016-12-27,200.85714285714286,14.09782886505127,2017-12-27,20.431228637695312
2016-12-28,200.85714285714286,13.933884620666504,2017-12-28,20.533729553222656
2016-12-29,200.85714285714286,13.909141540527344,2017-12-29,20.25618553161621
2016-12-30,200.85714285714286,13.669421195983887,2018-01-02,21.053340911865234
2017-01-03,200.85714285714286,13.790826797485352,2018-01-03,21.283580780029297
2017-01-04,200.85714285714286,13.692617416381836,2018-01-04,21.290678024291992
2017-01-05,200.85714285714286,13.476872444152832,2018-01-05,21.416833877563477
2017-01-06,200.85714285714286,13.655502319335938,2018-01-08,21.46808433532715
2017-01-09,200.85714285714286,13.68488597869873,2018-01-09,21.17082977294922
2017-01-10,200.85714285714286,13.963271141052246,2018-01-10,20.7237548828125
2017-01-11,200.85714285714286,13.874342918395996,2018-01-11,20.77658462524414
2017-01-12,200.85714285714286,13.831039428710938,2018-01-12,20.83887481689453
2017-01-13,200.85714285714286,13.953990936279297,2018-01-16,20.75687599182129
2017-01-17,200.85714285714286,13.85037612915039,2018-01-17,20.958717346191406
2017-01-18,200.85714285714286,14.307387351989746,2018-01-18,21.27332878112793
2017-01-19,200.85714285714286,14.349145889282227,2018-01-19,21.00445556640625
2017-01-20,200.85714285714286,14.775999069213867,2018-01-22,20.666982650756836
2017-01-23,200.85714285714286,14.769814491271973,2018-01-23,20.72927474975586
2017-01-24,200.85714285714286,15.291783332824707,2018-01-24,20.253023147583008
2017-01-25,200.85714285714286,15.65754222869873,2018-01-25,19.49845314025879
2017-01-26,200.85714285714286,15.78823471069336,2018-01-26,19.774417877197266
2017-01-27,200.85714285714286,15.907320976257324,2018-01-29,19.354948043823242
2017-01-30,200.85714285714286,15.714766502380371,2018-01-30,19.000917434692383
2017-01-31,200.85714285714286,15.42711067199707,2018-01-31,19.556798934936523
2017-02-01,200.85714285714286,15.751116752624512,2018-02-01,18.828235626220703
2017-02-02,200.85714285714286,15.77895450592041,2018-02-02,18.567251205444336
2017-02-03,200.85714285714286,15.942118644714355,2018-02-05,17.98534393310547
2017-02-06,200.85714285714286,15.973043441772461,2018-02-06,18.953601837158203
2017-02-07,200.85714285714286,15.922780990600586,2018-02-07,18.717058181762695
2017-02-08,200.85714285714286,15.99856948852539,2018-02-08,18.10126304626465
2017-02-09,200.85714285714286,15.878708839416504,2018-02-09,18.568824768066406
2017-02-10,200.85714285714286,15.892630577087402,2018-02-12,19.27058219909668
2017-02-13,200.85714285714286,15.984643936157227,2018-02-13,19.385690689086914
2017-02-14,200.85714285714286,15.877938270568848,2018-02-14,19.52762222290039
2017-02-15,200.85714285714286,15.928972244262695,2018-02-15,19.85642433166504
2017-02-16,200.85714285714286,16.09832191467285,2018-02-16,19.624610900878906
2017-02-17,200.85714285714286,16.270767211914062,2018-02-20,19.682165145874023
2017-02-21,200.85714285714286,16.45171356201172,2018-02-21,19.603315353393555
2017-02-22,200.85714285714286,16.56075096130371,2018-02-22,19.66087532043457
2017-02-23,200.85714285714286,16.283916473388672,2018-02-23,20.00465965270996
2017-02-24,200.85714285714286,16.267671585083008,2018-02-26,19.944732666015625
2017-02-27,204.2,16.492694854736328,2018-02-27,19.85484504699707
2017-02-28,204.2,16.310976028442383,2018-02-28,19.433006286621094
2017-03-01,204.2,16.636533737182617,2018-03-01,19.184633255004883
2017-03-02,204.0,16.80278778076172,2018-03-02,19.78072166442871
2017-03-03,204.0,16.88243865966797,2018-03-05,19.4739990234375
2017-03-06,204.0,16.85304832458496,2018-03-06,19.787818908691406
2017-03-07,204.0,16.9543514251709,2018-03-07,19.47952651977539
2017-03-08,204.0,16.983734130859375,2018-03-08,19.47163963317871
2017-03-09,204.0,17.16777801513672,2018-03-09,20.010177612304688
2017-03-10,204.0,17.503387451171875,2018-03-12,20.724544525146484
2017-03-13,204.0,17.511117935180664,2018-03-13,20.5968074798584
2017-03-14,204.0,17.34873390197754,2018-03-14,20.54713249206543
2017-03-15,212.0,17.470914840698242,2018-03-15,21.11247444152832
2017-03-16,212.0,17.272829055786133,2018-03-16,20.09611701965332
2017-03-17,212.0,17.18115997314453,2018-03-19,19.313945770263672
2017-03-20,212.0,17.185819625854492,2018-03-20,19.109725952148438
2017-03-21,212.0,16.78034019470215,2018-03-21,19.680946350097656
2017-03-22,212.0,16.88909149169922,2018-03-22,19.48654556274414
2017-03-23,212.0,16.84559440612793,2018-03-23,19.399341583251953
2017-03-24,212.0,17.009492874145508,2018-03-26,19.81936264038086
2017-03-27,212.0,17.015703201293945,2018-03-27,19.55054473876953
2017-03-28,212.0,17.16329574584961,2018-03-28,18.935312271118164
2017-03-29,212.0,17.19126319885254,2018-03-29,18.85291290283203
2017-03-30,212.0,17.09261131286621,2018-04-02,18.215280532836914
2017-03-31,225.25,17.008718490600586,2018-04-02,18.215280532836914
2017-04-03,228.66666666666666,16.996286392211914,2018-04-03,18.943317413330078
2017-04-04,235.5,17.008718490600586,2018-04-04,18.960115432739258
2017-04-05,235.5,16.866559982299805,2018-04-05,18.905712127685547
2017-04-06,235.5,16.89529800415039,2018-04-06,18.31049156188965
2017-04-07,235.5,16.953567504882812,2018-04-09,18.78011131286621
2017-04-10,235.5,16.935701370239258,2018-04-10,19.180931091308594
2017-04-11,235.5,16.899188995361328,2018-04-11,19.22652244567871
2017-04-12,235.5,16.250564575195312,2018-04-12,19.15532684326172
2017-04-13,235.5,16.415246963500977,2018-04-13,19.75615882873535
2017-04-17,235.5,16.61332893371582,2018-04-17,20.14017677307129
2017-04-18,235.5,16.553510665893555,2018-04-18,19.96816635131836
2017-04-19,235.5,16.594684600830078,2018-04-19,19.42974090576172
2017-04-20,235.5,16.950456619262695,2018-04-20,18.970521926879883
2017-04-21,235.5,16.907737731933594,2018-04-23,18.676904678344727
2017-04-24,235.5,17.185819625854492,2018-04-24,18.27208709716797
2017-04-25,235.5,17.33807945251465,2018-04-25,18.320890426635742
2017-04-26,235.5,17.220001220703125,2018-04-26,18.434490203857422
2017-04-27,235.5,17.32953643798828,2018-04-27,18.623306274414062
2017-04-28,235.5,17.15242576599121,2018-04-30,18.354496002197266
2017-05-01,235.5,17.192039489746094,2018-05-01,18.431291580200195
2017-05-02,235.5,17.512859344482422,2018-05-02,18.300086975097656
2017-05-03,235.5,17.47012710571289,2018-05-03,18.0208740234375
2017-05-04,235.5,17.35361671447754,2018-05-04,18.442495346069336
2017-05-05,235.5,17.590538024902344,2018-05-07,18.878515243530273
2017-05-08,235.5,17.484115600585938,2018-05-08,19.108924865722656
2017-05-09,235.5,17.746675491333008,2018-05-09,19.044919967651367
2017-05-10,235.5,17.96961212158203,2018-05-10,19.48174285888672
2017-05-11,235.5,17.950971603393555,2018-05-11,19.471345901489258
2017-05-12,235.5,18.329269409179688,2018-05-14,19.581748962402344
2017-05-15,235.5,18.5677490234375,2018-05-15,19.327333450317383
2017-05-16,235.5,18.6959171295166,2018-05-16,19.241735458374023
2017-05-17,235.5,17.957962036132812,2018-05-17,19.15692901611328
2017-05-18,235.5,18.46132469177246,2018-05-18,18.88011360168457
2017-05-19,235.5,18.184785842895508,2018-05-21,19.124923706054688
2017-05-22,235.5,18.51725196838379,2018-05-22,19.08012580871582
2017-05-23,235.5,18.374326705932617,2018-05-23,19.245737075805664
2017-05-24,235.5,18.612022399902344,2018-05-24,19.483346939086914
2017-05-25,235.5,18.70989990234375,2018-05-25,20.003366470336914
2017-05-26,235.5,18.737085342407227,2018-05-29,19.97616958618164
2017-05-30,235.5,18.629117965698242,2018-05-30,19.952966690063477
2017-05-31,235.5,18.602699279785156,2018-05-31,20.166576385498047
2017-06-01,235.5,18.22284698486328,2018-06-01,20.508195877075195
2017-06-02,235.5,19.771780014038086,2018-06-04,20.670597076416016
2017-06-05,265.0,19.5915584564209,2018-06-05,20.741811752319336
2017-06-06,265.0,19.719738006591797,2018-06-06,21.082618713378906
2017-06-07,265.0,19.752357482910156,2018-06-07,21.17542266845703
2017-06-08,265.0,19.80440330505371,2018-06-08,20.638601303100586
2017-06-09,265.0,18.902544021606445,2018-06-11,20.86740493774414
2017-06-12,265.0,18.85049819946289,2018-06-12,20.91541290283203
2017-06-13,265.0,18.871471405029297,2018-06-13,21.087417602539062
2017-06-14,265.0,18.68504524230957,2018-06-14,21.477846145629883
2017-06-15,265.0,18.56568717956543,2018-06-15,21.61944580078125
2017-06-16,265.0,18.42995262145996,2018-06-18,21.161029815673828
2017-06-19,265.0,18.81220245361328,2018-06-19,21.156967163085938
2017-06-20,265.0,18.721710205078125,2018-06-20,21.178857803344727
2017-06-21,265.0,19.121902465820312,2018-06-21,21.051572799682617
2017-06-22,265.0,19.037647247314453,2018-06-22,21.056432723999023
2017-06-23,265.0,19.132816314697266,2018-06-25,20.46538734436035
2017-06-26,265.0,18.937015533447266,2018-06-26,20.3940372467041
2017-06-27,265.0,18.358179092407227,2018-06-27,20.03487205505371
2017-06-28,265.0,18.80439567565918,2018-06-28,19.855695724487305
2017-06-29,265.0,18.25754165649414,2018-06-29,19.672456741333008
2017-06-30,265.0,18.180315017700195,2018-07-02,19.624629974365234
2017-07-03,265.0,17.923662185668945,2018-07-03,19.400846481323242
2017-07-05,265.0,18.06797981262207,2018-07-05,19.89622688293457
2017-07-06,265.0,18.335559844970703,2018-07-06,20.08108139038086
2017-07-07,265.0,18.692840576171875,2018-07-09,20.06081199645996
2017-07-10,265.0,18.860565185546875,2018-07-10,20.314584732055664
2017-07-11,265.0,18.791913986206055,2018-07-11,19.73731803894043
2017-07-12,265.0,19.223318099975586,2018-07-12,17.024494171142578
2017-07-13,265.0,19.292743682861328,2018-07-13,16.414798736572266
2017-07-14,265.0,19.52521514892578,2018-07-16,16.47884750366211
2017-07-17,277.5,19.426137924194336,2018-07-17,16.889095306396484
2017-07-18,277.5,19.571237564086914,2018-07-18,16.92719841003418
2017-07-19,277.5,19.84583282470703,2018-07-19,17.056116104125977
2017-07-20,277.5,19.77016258239746,2018-07-20,17.05286979675293
2017-07-21,277.5,19.745197296142578,2018-07-23,17.57094955444336
2017-07-24,277.5,19.738964080810547,2018-07-24,17.621219635009766
2017-07-25,277.5,19.838031768798828,2018-07-25,18.320911407470703
2017-07-26,277.5,20.049448013305664,2018-07-26,18.094703674316406
2017-07-27,277.5,19.576696395874023,2018-07-27,17.92201042175293
2017-07-28,277.5,19.531450271606445,2018-07-30,18.257667541503906
2017-07-31,277.5,19.242033004760742,2018-07-31,17.98038673400879
2017-08-01,277.5,19.37699317932129,2018-08-01,17.577434539794922
2017-08-02,277.5,19.764711380004883,2018-08-02,17.540950775146484
2017-08-03,277.5,19.52521514892578,2018-08-03,17.659326553344727
2017-08-04,277.5,19.437843322753906,2018-08-06,17.589597702026367
2017-08-07,277.5,19.692934036254883,2018-08-07,17.862010955810547
2017-08-08,277.5,19.608688354492188,2018-08-08,17.7930965423584
2017-08-09,277.5,19.437843322753906,2018-08-09,17.559600830078125
2017-08-10,277.5,18.777870178222656,2018-08-10,17.206912994384766
2017-08-11,277.5,19.047788619995117,2018-08-13,17.113676071166992
2017-08-14,277.5,19.573583602905273,2018-08-14,16.807201385498047
2017-08-15,277.5,19.790447235107422,2018-08-15,16.748828887939453
2017-08-16,277.5,19.76938247680664,2018-08-16,16.91990089416504
2017-08-17,277.5,19.264657974243164,2018-08-17,16.96692657470703
2017-08-18,277.5,19.453441619873047,2018-08-20,16.76017951965332
2017-08-21,277.5,19.472944259643555,2018-08-21,17.067466735839844
2017-08-22,277.5,19.9074649810791,2018-08-22,16.826662063598633
2017-08-23,277.5,20.042423248291016,2018-08-23,16.668563842773438
2017-08-24,277.5,19.896541595458984,2018-08-24,16.945037841796875
2017-08-25,282.75,19.158565521240234,2018-08-27,17.266908645629883
2017-08-28,282.75,18.976016998291016,2018-08-28,17.385282516479492
2017-08-29,282.75,18.857446670532227,2018-08-29,17.430686950683594
2017-08-30,282.75,19.192106246948242,2018-08-30,17.565271377563477
2017-08-31,282.75,19.664073944091797,2018-08-31,17.75823211669922
2017-09-01,282.75,19.715559005737305,2018-09-04,17.790666580200195
2017-09-05,282.75,19.428482055664062,2018-09-05,17.95200538635254
2017-09-06,282.75,19.4542236328125,2018-09-06,17.510141372680664
2017-09-07,282.75,19.23345375061035,2018-09-07,18.85682487487793
2017-09-08,282.75,19.043109893798828,2018-09-10,19.507871627807617
2017-09-11,282.75,19.3262882232666,2018-09-11,18.854393005371094
2017-09-12,282.75,19.27948570251465,2018-09-12,18.638729095458984
2017-09-13,282.75,19.20926856994629,2018-09-13,19.087081909179688
2017-09-14,282.75,19.264657974243164,2018-09-14,19.16167449951172
2017-09-15,282.75,19.54549789428711,2018-09-17,19.03925132751465
2017-09-18,282.75,19.568212509155273,2018-09-18,19.582454681396484
2017-09-19,282.75,19.56351089477539,2018-09-19,19.750730514526367
2017-09-20,282.75,19.02695655822754,2018-09-20,20.007225036621094
2017-09-21,282.75,18.828779220581055,2018-09-21,20.266157150268555
2017-09-22,282.75,18.73948860168457,2018-09-24,20.376436233520508
2017-09-25,282.75,18.447322845458984,2018-09-25,20.229406356811523
2017-09-26,282.75,18.58517837524414,2018-09-26,20.048065185546875
2017-09-27,282.75,18.84444808959961,2018-09-27,20.131380081176758
2017-09-28,288.6666666666667,19.0293025970459,2018-09-28,20.154254913330078
2017-09-29,288.6666666666667,18.997974395751953,2018-10-01,20.3813419342041
2017-10-02,288.6666666666667,18.835830688476562,2018-10-02,20.266157150268555
2017-10-03,288.6666666666667,18.75985336303711,2018-10-03,20.373991012573242
2017-10-04,288.6666666666667,18.955673217773438,2018-10-04,20.271879196166992
2017-10-05,288.6666666666667,19.08648681640625,2018-10-05,19.950035095214844
2017-10-06,288.6666666666667,19.248628616333008,2018-10-08,19.716419219970703
2017-10-09,288.6666666666667,19.301891326904297,2018-10-09,19.988426208496094
2017-10-10,288.6666666666667,19.26821517944336,2018-10-10,18.937137603759766
2017-10-11,288.6666666666667,19.613645553588867,2018-10-11,18.697803497314453
2017-10-12,288.6666666666667,19.483613967895508,2018-10-12,19.028627395629883
2017-10-13,288.6666666666667,19.422521591186523,2018-10-15,18.989421844482422
2017-10-16,288.6666666666667,19.32147789001465,2018-10-16,19.46727752685547
2017-10-17,288.6666666666667,19.004240036010742,2018-10-17,19.373336791992188
2017-10-18,291.5,19.11233139038086,2018-10-18,18.625919342041016
2017-10-19,291.5,19.135051727294922,2018-10-19,18.647151947021484
2017-10-20,291.5,19.131134033203125,2018-10-22,18.674928665161133
2017-10-23,291.5,19.133485794067383,2018-10-23,18.710054397583008
2017-10-24,291.5,19.400585174560547,2018-10-24,17.86542510986328
2017-10-25,291.5,19.25489616394043,2018-10-25,18.153778076171875
2017-10-26,291.5,19.09354019165039,2018-10-26,17.411256790161133
2017-10-27,291.5,19.809463500976562,2018-10-29,17.27646827697754
2017-10-30,291.5,20.461950302124023,2018-10-30,18.05330467224121
2017-10-31,291.5,20.671871185302734,2018-10-31,18.255882263183594
2017-11-01,291.5,20.30999183654785,2018-11-01,18.77785301208496
2017-11-02,291.5,20.326440811157227,2018-11-02,18.033695220947266
2017-11-03,291.5,21.4332275390625,2018-11-05,17.9781551361084
2017-11-06,293.2,21.737932205200195,2018-11-06,18.644702911376953
2017-11-07,293.2,21.25229263305664,2018-11-07,19.14707374572754
2017-11-08,293.2,21.336885452270508,2018-11-08,19.624929428100586
2017-11-09,293.2,20.807376861572266,2018-11-09,19.52200698852539
2017-11-10,293.2,20.75411605834961,2018-11-12,18.267324447631836
2017-11-13,293.2,20.75803565979004,2018-11-13,18.365339279174805
2017-11-14,293.2,20.62095832824707,2018-11-14,18.477249145507812
2017-11-15,293.2,20.80424690246582,2018-11-15,19.3055419921875
2017-11-16,293.2,21.31416893005371,2018-11-16,19.409284591674805
2017-11-17,293.2,21.294588088989258,2018-11-19,18.716590881347656
2017-11-20,299.3333333333333,21.531145095825195,2018-11-20,18.600597381591797
2017-11-21,299.3333333333333,21.66508674621582,2018-11-21,18.78765296936035
2017-11-22,299.3333333333333,21.56952476501465,2018-11-23,18.779489517211914
2017-11-24,299.3333333333333,22.118610382080078,2018-11-26,19.221405029296875
2017-11-27,299.3333333333333,22.294065475463867,2018-11-27,19.26388168334961
2017-11-28,299.3333333333333,21.72852897644043,2018-11-28,19.214052200317383
2017-11-29,301.2857142857143,21.266393661499023,2018-11-29,19.259796142578125
2017-11-30,301.2857142857143,21.770832061767578,2018-11-30,19.392946243286133
2017-12-01,301.2857142857143,21.271089553833008,2018-12-03,19.77359962463379
2017-12-04,303.625,20.648372650146484,2018-12-04,18.95429801940918
2017-12-05,303.625,20.494848251342773,2018-12-06,18.56220245361328
2017-12-06,303.625,20.670305252075195,2018-12-06,18.56220245361328
2017-12-07,303.625,20.670305252075195,2018-12-07,18.670032501220703
2017-12-08,303.625,20.358551025390625,2018-12-10,19.543245315551758
2017-12-11,303.625,20.361690521240234,2018-12-11,20.163238525390625
2017-12-12,303.625,20.26378059387207,2018-12-12,20.828161239624023
2017-12-13,303.625,20.524616241455078,2018-12-13,21.099355697631836
2017-12-14,303.625,20.313905715942383,2018-12-14,20.81591033935547
2017-12-15,303.625,20.81442642211914,2018-12-17,20.75872802734375
2017-12-18,303.625,20.846755981445312,2018-12-18,20.609315872192383
2017-12-19,303.625,20.7923526763916,2018-12-19,20.132198333740234
2017-12-20,303.625,20.945314407348633,2018-12-20,19.96710777282715
2017-12-21,303.625,20.621253967285156,2018-12-21,20.216398239135742
2017-12-22,303.625,20.68590545654297,2018-12-24,19.299306869506836
2017-12-26,303.625,20.350801467895508,2018-12-26,20.483028411865234
2017-12-27,303.625,20.431228637695312,2018-12-27,20.706716537475586
2017-12-28,303.625,20.533729553222656,2018-12-28,20.932903289794922
2017-12-29,303.625,20.25618553161621,2018-12-31,20.989856719970703
2018-01-02,303.625,21.053340911865234,2019-01-02,20.92629051208496
2018-01-03,303.625,21.283580780029297,2019-01-03,19.06488037109375
2018-01-04,303.625,21.290678024291992,2019-01-04,19.252256393432617
2018-01-05,303.625,21.416833877563477,2019-01-07,19.644350051879883
2018-01-08,303.625,21.46808433532715,2019-01-08,19.486684799194336
2018-01-09,303.625,21.17082977294922,2019-01-09,20.329486846923828
2018-01-10,303.625,20.7237548828125,2019-01-10,20.596933364868164
2018-01-11,303.625,20.77658462524414,2019-01-11,20.683612823486328
2018-01-12,303.625,20.83887481689453,2019-01-14,20.708370208740234
2018-01-16,305.57142857142856,20.75687599182129,2019-01-16,20.77688217163086
2018-01-17,305.57142857142856,20.958717346191406,2019-01-17,21.076528549194336
2018-01-18,305.57142857142856,21.27332878112793,2019-01-18,21.529701232910156
2018-01-19,305.57142857142856,21.00445556640625,2019-01-22,21.32086753845215
2018-01-22,305.57142857142856,20.666982650756836,2019-01-22,21.32086753845215
2018-01-23,305.57142857142856,20.72927474975586,2019-01-23,21.25731086730957
2018-01-24,305.57142857142856,20.253023147583008,2019-01-24,21.755054473876953
2018-01-25,305.57142857142856,19.49845314025879,2019-01-25,22.1174373626709
2018-01-26,305.57142857142856,19.774417877197266,2019-01-28,22.091020584106445
2018-01-29,305.57142857142856,19.354948043823242,2019-01-29,21.983713150024414
2018-01-30,305.57142857142856,19.000917434692383,2019-01-30,22.35516929626465
2018-01-31,305.57142857142856,19.556798934936523,2019-01-31,22.14302635192871
2018-02-01,305.57142857142856,18.828235626220703,2019-02-01,22.02416229248047
2018-02-02,305.57142857142856,18.567251205444336,2019-02-04,22.462478637695312
2018-02-05,305.57142857142856,17.98534393310547,2019-02-05,22.2874813079834
2018-02-06,305.57142857142856,18.953601837158203,2019-02-06,22.800094604492188
2018-02-07,305.57142857142856,18.717058181762695,2019-02-07,22.212369918823242
2018-02-08,305.57142857142856,18.10126304626465,2019-02-08,22.622621536254883
2018-02-09,305.57142857142856,18.568824768066406,2019-02-11,22.759647369384766
2018-02-12,305.57142857142856,19.27058219909668,2019-02-12,23.062589645385742
2018-02-13,305.57142857142856,19.385690689086914,2019-02-13,23.221908569335938
2018-02-14,305.57142857142856,19.52762222290039,2019-02-14,23.236759185791016
2018-02-15,305.57142857142856,19.85642433166504,2019-02-15,23.272258758544922
2018-02-16,305.57142857142856,19.624610900878906,2019-02-19,23.24997329711914
2018-02-20,305.57142857142856,19.682165145874023,2019-02-20,23.395252227783203
2018-02-21,305.57142857142856,19.603315353393555,2019-02-21,23.190540313720703
2018-02-22,312.6,19.66087532043457,2019-02-22,22.824033737182617
2018-02-23,312.6,20.00465965270996,2019-02-25,22.997377395629883
2018-02-26,312.6,19.944732666015625,2019-02-26,22.700214385986328
2018-02-27,312.6,19.85484504699707,2019-02-27,22.41047477722168
2018-02-28,312.6,19.433006286621094,2019-02-28,22.729930877685547
2018-03-01,312.6,19.184633255004883,2019-03-01,22.514482498168945
2018-03-02,312.6,19.78072166442871,2019-03-04,22.691137313842773
2018-03-05,312.6,19.4739990234375,2019-03-05,22.866132736206055
2018-03-06,312.6,19.787818908691406,2019-03-06,22.39891815185547
2018-03-07,312.6,19.47952651977539,2019-03-07,21.91684913635254
2018-03-08,312.6,19.47163963317871,2019-03-08,21.807889938354492
2018-03-09,312.6,20.010177612304688,2019-03-11,22.20989418029785
2018-03-12,318.0,20.724544525146484,2019-03-12,22.25693702697754
2018-03-13,318.0,20.5968074798584,2019-03-13,22.38736343383789
2018-03-14,318.0,20.54713249206543,2019-03-14,22.138896942138672
2018-03-15,319.0,21.11247444152832,2019-03-15,23.962345123291016
2018-03-16,319.0,20.09611701965332,2019-03-18,24.25538444519043
2018-03-19,319.0,19.313945770263672,2019-03-19,24.706912994384766
2018-03-20,319.0,19.109725952148438,2019-03-20,24.238027572631836
2018-03-21,319.0,19.680946350097656,2019-03-21,24.71857452392578
2018-03-22,319.0,19.48654556274414,2019-03-22,24.37294578552246
2018-03-23,319.0,19.399341583251953,2019-03-25,24.332134246826172
2018-03-26,319.0,19.81936264038086,2019-03-26,24.73773193359375
2018-03-27,319.0,19.55054473876953,2019-03-27,24.64944076538086
2018-03-28,319.0,18.935312271118164,2019-03-28,24.907625198364258
2018-03-29,319.0,18.85291290283203,2019-03-29,25.044208526611328
2018-04-02,319.0,18.215280532836914,2019-04-02,25.23908805847168
2018-04-03,319.0,18.943317413330078,2019-04-03,25.33487319946289
2018-04-04,319.0,18.960115432739258,2019-04-04,25.151643753051758
2018-04-05,322.875,18.905712127685547,2019-04-05,25.341529846191406
2018-04-06,322.875,18.31049156188965,2019-04-08,25.358190536499023
2018-04-09,322.875,18.78011131286621,2019-04-09,25.27240562438965
2018-04-10,322.875,19.180931091308594,2019-04-10,25.610538482666016
2018-04-11,322.875,19.22652244567871,2019-04-11,25.768775939941406
2018-04-12,322.875,19.15532684326172,2019-04-12,26.403398513793945
2018-04-13,322.875,19.75615882873535,2019-04-15,26.350927352905273
2018-04-16,322.875,19.950563430786133,2019-04-16,26.525827407836914
2018-04-17,326.14285714285717,20.14017677307129,2019-04-17,26.69489288330078
2018-04-18,326.14285714285717,19.96816635131836,2019-04-18,26.53582000732422
2018-04-19,326.14285714285717,19.42974090576172,2019-04-22,26.234331130981445
2018-04-20,326.14285714285717,18.970521926879883,2019-04-22,26.234331130981445
2018-04-23,326.14285714285717,18.676904678344727,2019-04-23,26.287633895874023
2018-04-24,326.14285714285717,18.27208709716797,2019-04-24,26.17853546142578
2018-04-25,322.0,18.320890426635742,2019-04-25,25.9694881439209
2018-04-26,322.0,18.434490203857422,2019-04-26,25.85206413269043
2018-04-27,322.0,18.623306274414062,2019-04-29,26.044445037841797
2018-04-30,321.77777777777777,18.354496002197266,2019-04-30,26.517492294311523
2018-05-01,314.25,18.431291580200195,2019-05-01,26.559139251708984
2018-05-02,314.25,18.300086975097656,2019-05-02,26.302629470825195
2018-05-03,314.25,18.0208740234375,2019-05-03,26.293468475341797
2018-05-04,314.25,18.442495346069336,2019-05-06,25.948671340942383
2018-05-07,315.2,18.878515243530273,2019-05-07,25.59221649169922
2018-05-08,315.2,19.108924865722656,2019-05-08,25.267410278320312
2018-05-09,315.2,19.044919967651367,2019-05-09,25.32320785522461
2018-05-10,315.2,19.48174285888672,2019-05-10,25.314884185791016
2018-05-11,315.2,19.471345901489258,2019-05-13,24.433744430541992
2018-05-14,315.2,19.581748962402344,2019-05-14,25.151643753051758
2018-05-15,315.2,19.327333450317383,2019-05-15,25.349031448364258
2018-05-16,315.2,19.241735458374023,2019-05-16,24.759376525878906
2018-05-17,315.2,19.15692901611328,2019-05-17,24.143075942993164
2018-05-18,315.2,18.88011360168457,2019-05-20,22.7022762298584
2018-05-21,314.14285714285717,19.124923706054688,2019-05-21,22.93047523498535
2018-05-22,314.14285714285717,19.08012580871582,2019-05-22,22.421611785888672
2018-05-23,314.14285714285717,19.245737075805664,2019-05-23,21.66123390197754
2018-05-24,313.2,19.483346939086914,2019-05-24,21.315603256225586
2018-05-25,313.2,20.003366470336914,2019-05-28,21.194007873535156
2018-05-29,313.2142857142857,19.97616958618164,2019-05-29,21.164031982421875
2018-05-30,313.2142857142857,19.952966690063477,2019-05-30,21.372238159179688
2018-05-31,313.2142857142857,20.166576385498047,2019-05-31,20.957481384277344
2018-06-01,313.2142857142857,20.508195877075195,2019-06-03,21.08574676513672
2018-06-04,312.6923076923077,20.670597076416016,2019-06-04,22.128448486328125
2018-06-05,312.6923076923077,20.741811752319336,2019-06-05,22.1301212310791
2018-06-06,312.6923076923077,21.082618713378906,2019-06-06,22.718936920166016
2018-06-07,312.6923076923077,21.17542266845703,2019-06-07,22.892162322998047
2018-06-08,313.0,20.638601303100586,2019-06-10,23.336894989013672
2018-06-11,313.0,20.86740493774414,2019-06-11,23.609230041503906
2018-06-12,313.0,20.91541290283203,2019-06-12,23.296918869018555
2018-06-13,313.0,21.087417602539062,2019-06-13,23.4534912109375
2018-06-14,313.0,21.477846145629883,2019-06-14,22.147605895996094
2018-06-15,312.3157894736842,21.61944580078125,2019-06-17,22.150936126708984
2018-06-18,312.3157894736842,21.161029815673828,2019-06-18,23.157001495361328
2018-06-19,312.3157894736842,21.156967163085938,2019-06-19,23.110363006591797
2018-06-20,312.3157894736842,21.178857803344727,2019-06-20,23.24028778076172
2018-06-21,312.3157894736842,21.051572799682617,2019-06-21,23.037647247314453
2018-06-22,312.0,21.056432723999023,2019-06-24,23.47571563720703
2018-06-25,312.0,20.46538734436035,2019-06-25,23.24953269958496
2018-06-26,312.0,20.3940372467041,2019-06-26,23.6640625
2018-06-27,312.0,20.03487205505371,2019-06-27,24.023088455200195
2018-06-28,312.0,19.855695724487305,2019-06-28,24.2038631439209
2018-06-29,312.0,19.672456741333008,2019-07-01,25.254053115844727
2018-07-02,312.0,19.624629974365234,2019-07-02,24.831960678100586
2018-07-03,312.0,19.400846481323242,2019-07-03,23.95414924621582
2018-07-05,312.0,19.89622688293457,2019-07-05,23.766645431518555
2018-07-06,312.0,20.08108139038086,2019-07-08,23.11920738220215
2018-07-09,312.0,20.06081199645996,2019-07-09,23.167137145996094
2018-07-10,312.0,20.314584732055664,2019-07-10,23.080528259277344
2018-07-11,312.0,19.73731803894043,2019-07-11,23.211702346801758
2018-07-12,304.7826086956522,17.024494171142578,2019-07-12,23.99618148803711
2018-07-13,304.7826086956522,16.414798736572266,2019-07-15,24.24422836303711
2018-07-16,302.0833333333333,16.47884750366211,2019-07-16,23.890243530273438
2018-07-17,302.0833333333333,16.889095306396484,2019-07-17,23.970117568969727
2018-07-18,298.8,16.92719841003418,2019-07-18,24.365306854248047
2018-07-19,298.8,17.056116104125977,2019-07-19,24.383800506591797
2018-07-20,298.84615384615387,17.05286979675293,2019-07-22,24.900909423828125
2018-07-23,298.84615384615387,17.57094955444336,2019-07-23,25.29020881652832
2018-07-24,298.84615384615387,17.621219635009766,2019-07-24,25.54161834716797
2018-07-25,297.4074074074074,18.320911407470703,2019-07-25,25.25741958618164
2018-07-26,297.4074074074074,18.094703674316406,2019-07-26,25.30198097229004
2018-07-27,297.4074074074074,17.92201042175293,2019-07-29,25.37092399597168
2018-07-30,297.4074074074074,18.257667541503906,2019-07-30,25.187623977661133
2018-07-31,297.4074074074074,17.98038673400879,2019-07-31,24.382963180541992
2018-08-01,297.4074074074074,17.577434539794922,2019-08-01,23.99197769165039
2018-08-02,297.4074074074074,17.540950775146484,2019-08-02,23.419382095336914
2018-08-03,297.4074074074074,17.659326553344727,2019-08-05,22.505413055419922
2018-08-06,297.4074074074074,17.589597702026367,2019-08-06,22.402833938598633
2018-08-07,297.4074074074074,17.862010955810547,2019-08-07,22.70636749267578
2018-08-08,297.4074074074074,17.7930965423584,2019-08-08,22.784557342529297
2018-08-09,297.4074074074074,17.559600830078125,2019-08-09,23.1839542388916
2018-08-10,297.4074074074074,17.206912994384766,2019-08-12,23.176382064819336
2018-08-13,297.4074074074074,17.113676071166992,2019-08-13,23.85408592224121
2018-08-14,297.4074074074074,16.807201385498047,2019-08-14,22.833328247070312
2018-08-15,297.4074074074074,16.748828887939453,2019-08-15,22.587810516357422
2018-08-16,297.4074074074074,16.91990089416504,2019-08-16,23.019989013671875
2018-08-17,297.4074074074074,16.96692657470703,2019-08-19,23.44040298461914
2018-08-20,297.4074074074074,16.76017951965332,2019-08-20,23.5740909576416
2018-08-21,297.4074074074074,17.067466735839844,2019-08-21,24.17359733581543
2018-08-22,297.4074074074074,16.826662063598633,2019-08-22,24.183687210083008
2018-08-23,297.4074074074074,16.668563842773438,2019-08-23,22.881254196166992
2018-08-24,297.4074074074074,16.945037841796875,2019-08-26,23.309234619140625
2018-08-27,297.4074074074074,17.266908645629883,2019-08-27,23.170499801635742
2018-08-28,297.4074074074074,17.385282516479492,2019-08-28,23.211702346801758
2018-08-29,297.4074074074074,17.430686950683594,2019-08-29,23.826339721679688
2018-08-30,297.4074074074074,17.565271377563477,2019-08-30,23.76495933532715
2018-08-31,297.4074074074074,17.75823211669922,2019-09-03,23.042694091796875
2018-09-04,297.4074074074074,17.790666580200195,2019-09-04,23.796913146972656
2018-09-05,297.4074074074074,17.95200538635254,2019-09-05,24.469568252563477
2018-09-06,297.4074074074074,17.510141372680664,2019-09-06,24.54439926147461
2018-09-07,295.7142857142857,18.85682487487793,2019-09-09,24.603256225585938
2018-09-10,293.8888888888889,19.507871627807617,2019-09-10,24.757131576538086
2018-09-11,293.8888888888889,18.854393005371094,2019-09-11,25.057300567626953
2018-09-12,292.6923076923077,18.638729095458984,2019-09-12,25.27339744567871
2018-09-13,292.6923076923077,19.087081909179688,2019-09-13,24.410709381103516
2018-09-14,292.6923076923077,19.16167449951172,2019-09-16,24.271137237548828
2018-09-17,292.6923076923077,19.03925132751465,2019-09-17,24.28542709350586
2018-09-18,292.6923076923077,19.582454681396484,2019-09-18,24.19377899169922
2018-09-19,292.6923076923077,19.750730514526367,2019-09-19,24.437610626220703
2018-09-20,292.6923076923077,20.007225036621094,2019-09-20,24.121105194091797
2018-09-21,292.6923076923077,20.266157150268555,2019-09-23,24.222930908203125
2018-09-24,292.6923076923077,20.376436233520508,2019-09-24,23.955636978149414
2018-09-25,292.6923076923077,20.229406356811523,2019-09-25,23.40068244934082
2018-09-26,292.6923076923077,20.048065185546875,2019-09-26,23.497417449951172
2018-09-27,292.6923076923077,20.131380081176758,2019-09-27,23.26236915588379
2018-09-28,292.6923076923077,20.154254913330078,2019-09-30,23.426136016845703
2018-10-01,292.6923076923077,20.3813419342041,2019-10-01,23.322608947753906
2018-10-02,292.6923076923077,20.266157150268555,2019-10-02,22.91699981689453
2018-10-03,290.4,20.373991012573242,2019-10-03,23.28696632385254
2018-10-04,290.4,20.271879196166992,2019-10-04,23.880964279174805
2018-10-05,290.4,19.950035095214844,2019-10-07,23.426982879638672
2018-10-08,290.4,19.716419219970703,2019-10-08,22.939062118530273
2018-10-09,290.4,19.988426208496094,2019-10-09,23.178356170654297
2018-10-10,290.4,18.937137603759766,2019-10-10,23.28866958618164
2018-10-11,290.4,18.697803497314453,2019-10-11,23.836835861206055
2018-10-12,290.4,19.028627395629883,2019-10-14,23.90047836303711
2018-10-15,290.4,18.989421844482422,2019-10-15,24.635326385498047
2018-10-16,290.4,19.46727752685547,2019-10-16,24.479196548461914
2018-10-17,290.4,19.373336791992188,2019-10-17,24.5598087310791
2018-10-18,290.4,18.625919342041016,2019-10-18,24.3306941986084
2018-10-19,290.4,18.647151947021484,2019-10-21,24.571685791015625
2018-10-22,290.4,18.674928665161133,2019-10-22,24.392641067504883
2018-10-23,290.2916666666667,18.710054397583008,2019-10-23,23.78676414489746
2018-10-24,290.2916666666667,17.86542510986328,2019-10-24,23.955636978149414
2018-10-25,290.2916666666667,18.153778076171875,2019-10-25,24.592899322509766
2018-10-26,290.2916666666667,17.411256790161133,2019-10-28,24.739702224731445
2018-10-29,282.1875,17.27646827697754,2019-10-29,24.452043533325195
2018-10-30,282.1875,18.05330467224121,2019-10-30,24.628538131713867
2018-10-31,282.1875,18.255882263183594,2019-10-31,24.850017547607422
2018-11-01,282.1875,18.77785301208496,2019-11-01,25.16737937927246
2018-11-02,282.1875,18.033695220947266,2019-11-04,25.881011962890625
2018-11-05,282.1875,17.9781551361084,2019-11-05,26.648107528686523
2018-11-06,282.1875,18.644702911376953,2019-11-06,26.573434829711914
2018-11-07,282.1875,19.14707374572754,2019-11-07,26.45294189453125
2018-11-08,282.1875,19.624929428100586,2019-11-08,26.594650268554688
2018-11-09,282.1875,19.52200698852539,2019-11-11,26.53864860534668
2018-11-12,282.1875,18.267324447631836,2019-11-12,26.774547576904297
2018-11-13,282.1875,18.365339279174805,2019-11-13,26.616710662841797
2018-11-14,282.1875,18.477249145507812,2019-11-14,26.217885971069336
2018-11-15,282.1875,19.3055419921875,2019-11-15,26.552221298217773
2018-11-16,282.1875,19.409284591674805,2019-11-18,26.396087646484375
2018-11-19,282.1875,18.716590881347656,2019-11-19,26.958677291870117
2018-11-20,282.1875,18.600597381591797,2019-11-20,26.447004318237305
2018-11-21,281.0,18.78765296936035,2019-11-21,26.750782012939453
2018-11-23,281.0,18.779489517211914,2019-11-25,27.121604919433594
2018-11-26,281.0,19.221405029296875,2019-11-26,26.83734130859375
2018-11-27,281.0,19.26388168334961,2019-11-27,27.02147674560547
2018-11-28,281.0,19.214052200317383,2019-11-29,26.832246780395508
2018-11-29,281.0,19.259796142578125,2019-11-29,26.832246780395508
2018-11-30,281.0,19.392946243286133,2019-12-02,26.36638641357422
2018-12-03,283.2352941176471,19.77359962463379,2019-12-03,26.009994506835938
2018-12-04,283.2352941176471,18.95429801940918,2019-12-04,26.28153419494629
2018-12-06,270.5,18.56220245361328,2019-12-06,26.81866455078125
2018-12-07,268.8125,18.670032501220703,2019-12-09,26.676956176757812
2018-12-10,268.8125,19.543245315551758,2019-12-10,26.73465919494629
2018-12-11,268.8125,20.163238525390625,2019-12-11,27.130090713500977
2018-12-12,268.8125,20.828161239624023,2019-12-12,27.815723419189453
2018-12-13,266.73333333333335,21.099355697631836,2019-12-13,26.765209197998047
2018-12-14,266.73333333333335,20.81591033935547,2019-12-16,27.419448852539062
2018-12-17,266.73333333333335,20.75872802734375,2019-12-17,27.476301193237305
2018-12-18,266.73333333333335,20.609315872192383,2019-12-18,27.785175323486328
2018-12-19,266.73333333333335,20.132198333740234,2019-12-19,27.501752853393555
2018-12-20,263.92857142857144,19.96710777282715,2019-12-20,27.343189239501953
2018-12-21,263.92857142857144,20.216398239135742,2019-12-23,27.38861656188965
2018-12-24,263.92857142857144,19.299306869506836,2019-12-24,27.471755981445312
2018-12-26,263.92857142857144,20.483028411865234,2019-12-26,27.255760192871094
2018-12-27,263.92857142857144,20.706716537475586,2019-12-27,27.1314640045166
2018-12-28,263.92857142857144,20.932903289794922,2019-12-30,26.868322372436523
2018-12-31,263.92857142857144,20.989856719970703,2019-12-31,27.087749481201172
2019-01-02,263.92857142857144,20.92629051208496,2020-01-02,27.63375473022461
2019-01-03,263.92857142857144,19.06488037109375,2020-01-03,26.930896759033203
2019-01-04,263.92857142857144,19.252256393432617,2020-01-06,26.890600204467773
2019-01-07,263.73333333333335,19.644350051879883,2020-01-07,26.79803466796875
2019-01-08,263.73333333333335,19.486684799194336,2020-01-08,26.463743209838867
2019-01-09,265.5,20.329486846923828,2020-01-09,26.251169204711914
2019-01-10,265.5,20.596933364868164,2020-01-10,25.64773178100586
2019-01-11,265.5,20.683612823486328,2020-01-13,25.81574249267578
2019-01-14,267.8181818181818,20.708370208740234,2020-01-14,26.41574478149414
2019-01-15,272.6,21.172283172607422,2020-01-15,25.98373794555664
2019-01-16,272.6,20.77688217163086,2020-01-16,26.318885803222656
2019-01-17,269.55555555555554,21.076528549194336,2020-01-17,26.468027114868164
2019-01-18,269.55555555555554,21.529701232910156,2020-01-21,26.40631866455078
2019-01-22,270.75,21.32086753845215,2020-01-22,26.82632064819336
2019-01-23,270.75,21.25731086730957,2020-01-23,27.39889907836914
2019-01-24,270.75,21.755054473876953,2020-01-24,27.771759033203125
2019-01-25,270.75,22.1174373626709,2020-01-27,26.488595962524414
2019-01-28,270.75,22.091020584106445,2020-01-28,27.28404426574707
2019-01-29,270.75,21.983713150024414,2020-01-29,27.215465545654297
2019-01-30,270.75,22.35516929626465,2020-01-30,27.017465591430664
2019-01-31,270.75,22.14302635192871,2020-01-31,26.156888961791992
2019-02-01,270.75,22.02416229248047,2020-02-03,26.162885665893555
2019-02-04,270.75,22.462478637695312,2020-02-04,26.70888900756836
2019-02-05,270.75,22.2874813079834,2020-02-05,27.204326629638672
2019-02-06,270.75,22.800094604492188,2020-02-06,27.402328491210938
2019-02-07,270.75,22.212369918823242,2020-02-07,27.020034790039062
2019-02-08,270.75,22.622621536254883,2020-02-10,26.931753158569336
2019-02-11,270.75,22.759647369384766,2020-02-11,27.442611694335938
2019-02-12,270.75,23.062589645385742,2020-02-12,27.831762313842773
2019-02-13,270.75,23.221908569335938,2020-02-13,27.769187927246094
2019-02-14,270.75,23.236759185791016,2020-02-14,27.23775291442871
2019-02-15,270.75,23.272258758544922,2020-02-18,26.636032104492188
2019-02-19,270.75,23.24997329711914,2020-02-19,27.059465408325195
2019-02-20,270.75,23.395252227783203,2020-02-20,26.506603240966797
2019-02-21,270.75,23.190540313720703,2020-02-21,26.10032081604004
2019-02-22,270.75,22.824033737182617,2020-02-24,24.994583129882812
2019-02-25,270.75,22.997377395629883,2020-02-25,24.230005264282227
2019-02-26,270.75,22.700214385986328,2020-02-26,24.50429344177246
2019-02-27,270.75,22.41047477722168,2020-02-27,23.481708526611328
2019-02-28,270.75,22.729930877685547,2020-02-28,23.367706298828125
2019-03-01,270.75,22.514482498168945,2020-03-02,24.42629051208496
2019-03-04,270.75,22.691137313842773,2020-03-03,23.507423400878906
2019-03-05,270.75,22.866132736206055,2020-03-04,24.46743392944336
2019-03-06,270.75,22.39891815185547,2020-03-05,23.489421844482422
2019-03-07,273.7142857142857,21.91684913635254,2020-03-06,23.095991134643555
2019-03-08,273.7142857142857,21.807889938354492,2020-03-09,21.2333984375
2019-03-11,273.7142857142857,22.20989418029785,2020-03-10,22.53455352783203
2019-03-12,273.7142857142857,22.25693702697754,2020-03-11,21.083396911621094
2019-03-13,273.7142857142857,22.38736343383789,2020-03-12,18.752796173095703
2019-03-14,273.7142857142857,22.138896942138672,2020-03-13,20.07624053955078
2019-03-15,276.6,23.962345123291016,2020-03-16,16.078481674194336
2019-03-18,276.6,24.25538444519043,2020-03-17,17.10106086730957
2019-03-19,276.6,24.706912994384766,2020-03-18,14.389029502868652
2019-03-20,276.6,24.238027572631836,2020-03-19,16.667339324951172
2019-03-21,276.6,24.71857452392578,2020-03-20,16.756256103515625
2019-03-22,276.6,24.37294578552246,2020-03-23,16.865224838256836
2019-03-25,276.6,24.332134246826172,2020-03-24,18.54677963256836
2019-03-26,276.6,24.73773193359375,2020-03-25,18.96433448791504
2019-03-27,276.6,24.64944076538086,2020-03-26,21.197683334350586
2019-03-28,276.6,24.907625198364258,2020-03-27,20.109777450561523
2019-03-29,276.6,25.044208526611328,2020-03-30,20.930944442749023
2019-04-01,276.6,25.467294692993164,2020-03-31,20.668550491333008
2019-04-02,281.90909090909093,25.23908805847168,2020-04-01,19.494342803955078
2019-04-03,281.90909090909093,25.33487319946289,2020-04-02,20.665058135986328
2019-04-04,281.90909090909093,25.151643753051758,2020-04-03,20.420978546142578
2019-04-05,281.90909090909093,25.341529846191406,2020-04-06,22.00577163696289
2019-04-08,281.90909090909093,25.358190536499023,2020-04-07,22.078123092651367
2019-04-09,281.90909090909093,25.27240562438965,2020-04-08,22.76068878173828
2019-04-10,281.90909090909093,25.610538482666016,2020-04-09,22.16791343688965
2019-04-11,281.90909090909093,25.768775939941406,2020-04-13,22.657827377319336
2019-04-12,281.90909090909093,26.403398513793945,2020-04-13,22.657827377319336
2019-04-15,281.90909090909093,26.350927352905273,2020-04-14,23.329914093017578
2019-04-16,281.90909090909093,26.525827407836914,2020-04-15,22.441635131835938
2019-04-17,281.90909090909093,26.69489288330078,2020-04-16,22.515731811523438
2019-04-18,281.90909090909093,26.53582000732422,2020-04-17,23.1773681640625
2019-04-22,281.90909090909093,26.234331130981445,2020-04-21,21.58821678161621
2019-04-23,281.90909090909093,26.287633895874023,2020-04-22,22.662181854248047
2019-04-24,281.90909090909093,26.17853546142578,2020-04-23,22.571523666381836
2019-04-25,281.90909090909093,25.9694881439209,2020-04-24,23.084096908569336
2019-04-26,287.5833333333333,25.85206413269043,2020-04-27,23.401397705078125
2019-04-29,287.5833333333333,26.044445037841797,2020-04-28,23.07712173461914
2019-04-30,287.5833333333333,26.517492294311523,2020-04-29,24.061296463012695
2019-05-01,287.5833333333333,26.559139251708984,2020-04-30,23.677734375
2019-05-02,287.5833333333333,26.302629470825195,2020-05-01,22.638643264770508
2019-05-03,287.5833333333333,26.293468475341797,2020-05-04,22.86180305480957
2019-05-06,287.5833333333333,25.948671340942383,2020-05-05,23.089326858520508
2019-05-07,287.5833333333333,25.59221649169922,2020-05-06,23.029172897338867
2019-05-08,287.5833333333333,25.267410278320312,2020-05-07,23.34037971496582
2019-05-09,287.5833333333333,25.32320785522461,2020-05-08,23.974994659423828
2019-05-10,287.5833333333333,25.314884185791016,2020-05-11,24.007253646850586
2019-05-13,287.5833333333333,24.433744430541992,2020-05-12,23.401397705078125
2019-05-14,290.46153846153845,25.151643753051758,2020-05-13,22.93938446044922
2019-05-15,290.46153846153845,25.349031448364258,2020-05-14,23.24013328552246
2019-05-16,290.46153846153845,24.759376525878906,2020-05-15,22.70053482055664
2019-05-17,290.46153846153845,24.143075942993164,2020-05-18,23.84423828125
2019-05-20,290.46153846153845,22.7022762298584,2020-05-19,23.706499099731445
2019-05-21,290.46153846153845,22.93047523498535,2020-05-20,24.293174743652344
2019-05-22,290.46153846153845,22.421611785888672,2020-05-21,23.954940795898438
2019-05-23,290.46153846153845,21.66123390197754,2020-05-22,24.1162166595459
2019-05-24,290.46153846153845,21.315603256225586,2020-05-26,24.584325790405273
2019-05-28,290.46153846153845,21.194007873535156,2020-05-27,25.06987953186035
2019-05-29,290.46153846153845,21.164031982421875,2020-05-28,24.681961059570312
2019-05-30,290.46153846153845,21.372238159179688,2020-05-29,25.39067268371582
2019-05-31,290.46153846153845,20.957481384277344,2020-06-01,25.27909278869629
2019-06-03,288.72727272727275,21.08574676513672,2020-06-02,25.982572555541992
2019-06-04,288.72727272727275,22.128448486328125,2020-06-03,26.982439041137695
2019-06-05,288.72727272727275,22.1301212310791,2020-06-04,26.926651000976562
2019-06-06,303.0,22.718936920166016,2020-06-05,27.640588760375977
2019-06-07,303.0,22.892162322998047,2020-06-08,27.6789493560791
2019-06-10,297.875,23.336894989013672,2020-06-09,27.487167358398438
2019-06-11,297.875,23.609230041503906,2020-06-10,27.462753295898438
2019-06-12,297.875,23.296918869018555,2020-06-11,25.606863021850586
2019-06-13,297.875,23.4534912109375,2020-06-12,26.173477172851562
2019-06-14,299.5625,22.147605895996094,2020-06-15,26.508220672607422
2019-06-17,298.4117647058824,22.150936126708984,2020-06-16,27.08617401123047
2019-06-18,298.4117647058824,23.157001495361328,2020-06-17,27.32328224182129
2019-06-19,298.4117647058824,23.110363006591797,2020-06-18,27.782678604125977
2019-06-20,298.4117647058824,23.24028778076172,2020-06-19,26.665071487426758
2019-06-21,298.4117647058824,23.037647247314453,2020-06-22,27.613582611083984
2019-06-24,298.4117647058824,23.47571563720703,2020-06-23,27.416303634643555
2019-06-25,298.4117647058824,23.24953269958496,2020-06-24,27.034961700439453
2019-06-26,298.4117647058824,23.6640625,2020-06-25,27.200532913208008
2019-06-27,298.4117647058824,24.023088455200195,2020-06-26,27.07370948791504
2019-06-28,298.4117647058824,24.2038631439209,2020-06-29,27.282442092895508
2019-07-01,298.4117647058824,25.254053115844727,2020-06-30,27.7958927154541
2019-07-02,298.4117647058824,24.831960678100586,2020-07-01,27.542251586914062
2019-07-03,298.4117647058824,23.95414924621582,2020-07-02,27.783559799194336
2019-07-05,298.4117647058824,23.766645431518555,2020-07-06,28.075956344604492
2019-07-08,300.75,23.11920738220215,2020-07-07,27.57659339904785
2019-07-09,300.75,23.167137145996094,2020-07-08,28.144655227661133
2019-07-10,300.75,23.080528259277344,2020-07-09,28.31462860107422
2019-07-11,300.75,23.211702346801758,2020-07-10,28.133197784423828
2019-07-12,300.75,23.99618148803711,2020-07-13,27.417192459106445
2019-07-15,300.75,24.24422836303711,2020-07-14,27.749210357666016
2019-07-16,300.75,23.890243530273438,2020-07-15,27.634719848632812
2019-07-17,300.75,23.970117568969727,2020-07-16,27.419828414916992
2019-07-18,300.75,24.365306854248047,2020-07-17,27.54048728942871
2019-07-19,300.75,24.383800506591797,2020-07-20,27.929758071899414
2019-07-22,300.75,24.900909423828125,2020-07-21,27.684045791625977
2019-07-23,301.88235294117646,25.29020881652832,2020-07-22,27.636484146118164
2019-07-24,301.88235294117646,25.54161834716797,2020-07-23,27.272754669189453
2019-07-25,301.88235294117646,25.25741958618164,2020-07-24,26.931045532226562
2019-07-26,301.88235294117646,25.30198097229004,2020-07-27,27.537845611572266
2019-07-29,301.88235294117646,25.37092399597168,2020-07-28,27.06842613220215
2019-07-30,301.88235294117646,25.187623977661133,2020-07-29,27.200532913208008
2019-07-31,301.88235294117646,24.382963180541992,2020-07-30,27.48676109313965
2019-08-01,301.88235294117646,23.99197769165039,2020-07-31,27.89628791809082
2019-08-02,301.88235294117646,23.419382095336914,2020-08-03,28.29084014892578
2019-08-05,301.88235294117646,22.505413055419922,2020-08-04,28.921428680419922
2019-08-06,301.88235294117646,22.402833938598633,2020-08-05,29.02271270751953
2019-08-07,301.88235294117646,22.70636749267578,2020-08-06,28.989246368408203
2019-08-08,301.88235294117646,22.784557342529297,2020-08-07,28.70477867126465
2019-08-09,303.44444444444446,23.1839542388916,2020-08-10,28.83071517944336
2019-08-12,303.44444444444446,23.176382064819336,2020-08-11,28.537443161010742
2019-08-13,303.44444444444446,23.85408592224121,2020-08-12,29.3837947845459
2019-08-14,303.44444444444446,22.833328247070312,2020-08-13,29.012144088745117
2019-08-15,303.44444444444446,22.587810516357422,2020-08-14,28.87122917175293
2019-08-16,303.44444444444446,23.019989013671875,2020-08-17,29.091400146484375
2019-08-19,303.44444444444446,23.44040298461914,2020-08-18,28.94344139099121
2019-08-20,303.44444444444446,23.5740909576416,2020-08-19,28.9936466217041
2019-08-21,303.44444444444446,24.17359733581543,2020-08-20,28.960176467895508
2019-08-22,303.44444444444446,24.183687210083008,2020-08-21,29.064983367919922
2019-08-23,303.44444444444446,22.881254196166992,2020-08-24,29.41550636291504
2019-08-26,303.44444444444446,23.309234619140625,2020-08-25,29.603975296020508
2019-08-27,303.44444444444446,23.170499801635742,2020-08-26,29.914867401123047
2019-08-28,303.44444444444446,23.211702346801758,2020-08-27,29.86817741394043
2019-08-29,303.44444444444446,23.826339721679688,2020-08-28,30.3684139251709
2019-08-30,303.44444444444446,23.76495933532715,2020-08-31,30.573631286621094
2019-09-03,303.44444444444446,23.042694091796875,2020-09-02,33.02727127075195
2019-09-04,303.44444444444446,23.796913146972656,2020-09-03,31.008695602416992
2019-09-05,303.44444444444446,24.469568252563477,2020-09-04,31.96514129638672
2019-09-06,303.44444444444446,24.54439926147461,2020-09-08,30.872190475463867
2019-09-09,303.44444444444446,24.603256225585938,2020-09-08,30.872190475463867
2019-09-10,303.44444444444446,24.757131576538086,2020-09-09,31.707969665527344
2019-09-11,303.44444444444446,25.057300567626953,2020-09-10,31.448163986206055
2019-09-12,307.46666666666664,25.27339744567871,2020-09-11,31.678913116455078
2019-09-13,309.0,24.410709381103516,2020-09-14,31.89909553527832
2019-09-16,309.0,24.271137237548828,2020-09-15,32.313907623291016
2019-09-17,309.0,24.28542709350586,2020-09-16,32.325355529785156
2019-09-18,309.0,24.19377899169922,2020-09-17,32.226715087890625
2019-09-19,309.0,24.437610626220703,2020-09-18,31.68155860900879
2019-09-20,309.0,24.121105194091797,2020-09-21,31.264741897583008
2019-09-23,309.0,24.222930908203125,2020-09-22,32.13570022583008
2019-09-24,309.0,23.955636978149414,2020-09-23,31.246965408325195
2019-09-25,309.0,23.40068244934082,2020-09-24,31.329612731933594
2019-09-26,309.0,23.497417449951172,2020-09-25,31.709991455078125
2019-09-27,309.0,23.26236915588379,2020-09-28,32.643165588378906
2019-09-30,307.7,23.426136016845703,2020-09-29,32.372989654541016
2019-10-01,307.7,23.322608947753906,2020-09-30,32.378318786621094
2019-10-02,307.7,22.91699981689453,2020-10-01,32.758705139160156
2019-10-03,307.7,23.28696632385254,2020-10-02,31.712665557861328
2019-10-04,307.7,23.880964279174805,2020-10-05,32.5365104675293
2019-10-07,307.7,23.426982879638672,2020-10-06,32.348106384277344
2019-10-08,307.7,22.939062118530273,2020-10-07,32.59340286254883
2019-10-09,307.7,23.178356170654297,2020-10-08,33.1790771484375
2019-10-10,307.7,23.28866958618164,2020-10-09,33.478572845458984
2019-10-11,307.7,23.836835861206055,2020-10-12,33.98781967163086
2019-10-14,307.7,23.90047836303711,2020-10-13,33.90428161621094
2019-10-15,307.7,24.635326385498047,2020-10-14,33.798519134521484
2019-10-16,307.7,24.479196548461914,2020-10-15,33.765628814697266
2019-10-17,307.7,24.5598087310791,2020-10-16,33.65188217163086
2019-10-18,307.7,24.3306941986084,2020-10-19,33.39592742919922
2019-10-21,307.7,24.571685791015625,2020-10-20,33.50434875488281
2019-10-22,307.7,24.392641067504883,2020-10-21,33.06532287597656
2019-10-23,307.7,23.78676414489746,2020-10-22,33.1826286315918
2019-10-24,305.4736842105263,23.955636978149414,2020-10-23,33.12485885620117
2019-10-25,305.4736842105263,24.592899322509766,2020-10-26,32.26456832885742
2019-10-28,305.4736842105263,24.739702224731445,2020-10-27,31.958831787109375
2019-10-29,305.4736842105263,24.452043533325195,2020-10-28,30.85770034790039
2019-10-30,305.4736842105263,24.628538131713867,2020-10-29,31.5509090423584
2019-10-31,305.4736842105263,24.850017547607422,2020-10-30,31.072772979736328
2019-11-01,305.4736842105263,25.16737937927246,2020-11-02,31.21674919128418
2019-11-04,305.4736842105263,25.881011962890625,2020-11-03,31.439823150634766
2019-11-05,305.4736842105263,26.648107528686523,2020-11-04,32.40586853027344
2019-11-06,305.4736842105263,26.573434829711914,2020-11-05,33.849178314208984
2019-11-07,305.4736842105263,26.45294189453125,2020-11-06,33.82695388793945
2019-11-08,305.4736842105263,26.594650268554688,2020-11-09,33.37548828125
2019-11-11,304.05263157894734,26.53864860534668,2020-11-10,32.272560119628906
2019-11-12,304.05263157894734,26.774547576904297,2020-11-11,33.40925598144531
2019-11-13,304.05263157894734,26.616710662841797,2020-11-12,32.90089797973633
2019-11-14,304.05263157894734,26.217885971069336,2020-11-13,33.194175720214844
2019-11-15,304.05263157894734,26.552221298217773,2020-11-16,33.84383773803711
2019-11-18,304.05263157894734,26.396087646484375,2020-11-17,33.82517623901367
2019-11-19,307.2,26.958677291870117,2020-11-18,33.82695388793945
2019-11-20,307.2,26.447004318237305,2020-11-19,34.15666961669922
2019-11-21,307.2,26.750782012939453,2020-11-20,34.067806243896484
2019-11-22,309.23809523809524,26.722780227661133,2020-11-23,34.39396667480469
2019-11-25,309.23809523809524,27.121604919433594,2020-11-24,34.85877990722656
2019-11-26,309.23809523809524,26.83734130859375,2020-11-25,34.73436737060547
2019-11-27,309.23809523809524,27.02147674560547,2020-11-27,35.10051345825195
2019-11-29,309.23809523809524,26.832246780395508,2020-11-30,35.689754486083984
2019-12-02,309.23809523809524,26.36638641357422,2020-12-01,35.955467224121094
2019-12-03,309.23809523809524,26.009994506835938,2020-12-02,35.88081359863281
2019-12-04,309.23809523809524,26.28153419494629,2020-12-03,35.53154754638672
2019-12-05,309.23809523809524,26.406265258789062,2020-12-04,36.587364196777344
2019-12-06,309.23809523809524,26.81866455078125,2020-12-07,37.4058837890625
2019-12-09,311.6,26.676956176757812,2020-12-08,37.62984085083008
2019-12-10,313.1904761904762,26.73465919494629,2020-12-09,36.99085235595703
2019-12-11,314.8636363636364,27.130090713500977,2020-12-10,36.441612243652344
2019-12-12,322.64285714285717,27.815723419189453,2020-12-11,36.06656265258789
2019-12-13,327.8888888888889,26.765209197998047,2020-12-14,36.5980339050293
2019-12-16,333.3333333333333,27.419448852539062,2020-12-15,37.15437316894531
2019-12-17,333.3333333333333,27.476301193237305,2020-12-16,37.76226806640625
2019-12-18,333.3333333333333,27.785175323486328,2020-12-17,37.86892318725586
2019-12-19,333.3333333333333,27.501752853393555,2020-12-18,38.94985580444336
2019-12-20,333.3333333333333,27.343189239501953,2020-12-21,38.440757751464844
2019-12-23,333.3333333333333,27.38861656188965,2020-12-22,38.819007873535156
2019-12-24,333.3333333333333,27.471755981445312,2020-12-23,38.13422393798828
2019-12-26,333.3333333333333,27.255760192871094,2020-12-28,38.70964813232422
2019-12-27,333.3333333333333,27.1314640045166,2020-12-28,38.70964813232422
2019-12-30,333.3333333333333,26.868322372436523,2020-12-29,38.45509719848633
2019-12-31,333.3333333333333,27.087749481201172,2020-12-30,38.97406005859375
2020-01-02,333.3333333333333,27.63375473022461,2021-01-04,38.11270523071289
2020-01-03,333.3333333333333,26.930896759033203,2021-01-04,38.11270523071289
2020-01-06,333.3333333333333,26.890600204467773,2021-01-05,38.370845794677734
2020-01-07,333.3333333333333,26.79803466796875,2021-01-06,38.13422393798828
2020-01-08,333.3333333333333,26.463743209838867,2021-01-07,39.741294860839844
2020-01-09,333.3333333333333,26.251169204711914,2021-01-08,39.942970275878906
2020-01-10,333.3333333333333,25.64773178100586,2021-01-11,39.95371627807617
2020-01-13,333.3333333333333,25.81574249267578,2021-01-12,40.27907943725586
2020-01-14,333.3333333333333,26.41574478149414,2021-01-13,40.44220733642578
2020-01-15,333.3333333333333,25.98373794555664,2021-01-14,40.519290924072266
2020-01-16,333.3333333333333,26.318885803222656,2021-01-15,39.961788177490234
2020-01-17,333.3333333333333,26.468027114868164,2021-01-19,41.16463851928711
2020-01-21,335.8888888888889,26.40631866455078,2021-01-20,41.3985710144043
2020-01-22,335.8888888888889,26.82632064819336,2021-01-21,41.841346740722656
2020-01-23,335.8888888888889,27.39889907836914,2021-01-22,41.680015563964844
2020-01-24,335.8888888888889,27.771759033203125,2021-01-25,41.659393310546875
2020-01-27,335.8888888888889,26.488595962524414,2021-01-26,41.57693862915039
2020-01-28,335.8888888888889,27.28404426574707,2021-01-27,39.85873031616211
2020-01-29,335.8888888888889,27.215465545654297,2021-01-28,40.489715576171875
2020-01-30,335.8888888888889,27.017465591430664,2021-01-29,40.378570556640625
2020-01-31,335.8888888888889,26.156888961791992,2021-02-01,41.83417510986328
2020-02-03,335.8888888888889,26.162885665893555,2021-02-02,42.74302291870117
2020-02-04,335.8888888888889,26.70888900756836,2021-02-03,41.695255279541016
2020-02-05,335.8888888888889,27.204326629638672,2021-02-04,42.182830810546875
2020-02-06,336.2352941176471,27.402328491210938,2021-02-05,41.76874542236328
2020-02-07,336.2352941176471,27.020034790039062,2021-02-08,42.368370056152344
2020-02-10,336.2352941176471,26.931753158569336,2021-02-09,42.54135513305664
2020-02-11,336.2352941176471,27.442611694335938,2021-02-10,42.130859375
2020-02-12,336.2352941176471,27.831762313842773,2021-02-11,42.87836456298828
2020-02-13,336.2352941176471,27.769187927246094,2021-02-12,43.589134216308594
2020-02-14,336.2352941176471,27.23775291442871,2021-02-16,43.84099578857422
2020-02-18,336.2352941176471,26.636032104492188,2021-02-17,43.24495315551758
2020-02-19,336.2352941176471,27.059465408325195,2021-02-18,43.31486511230469
2020-02-20,336.2352941176471,26.506603240966797,2021-02-19,43.91539001464844
2020-02-21,336.2352941176471,26.10032081604004,2021-02-22,42.69642639160156
2020-02-24,336.2352941176471,24.994583129882812,2021-02-23,42.296661376953125
2020-02-25,336.2352941176471,24.230005264282227,2021-02-24,43.101558685302734
2020-02-26,336.2352941176471,24.50429344177246,2021-02-25,40.97550582885742
2020-02-27,336.2352941176471,23.481708526611328,2021-02-26,42.11471939086914
2020-02-28,336.2352941176471,23.367706298828125,2021-03-01,43.88132858276367
2020-03-02,336.2352941176471,24.42629051208496,2021-03-02,43.068382263183594
2020-03-03,336.2352941176471,23.507423400878906,2021-03-03,41.50432586669922
2020-03-04,336.2352941176471,24.46743392944336,2021-03-04,39.75922393798828
2020-03-05,336.2352941176471,23.489421844482422,2021-03-05,40.34629821777344
2020-03-06,336.2352941176471,23.095991134643555,2021-03-08,37.75687789916992
2020-03-09,336.6842105263158,21.2333984375,2021-03-09,39.76012420654297
2020-03-10,336.6842105263158,22.53455352783203,2021-03-10,39.22144317626953
2020-03-11,336.6842105263158,21.083396911621094,2021-03-11,40.66448974609375
2020-03-12,347.6923076923077,18.752796173095703,2021-03-12,40.43862533569336
2020-03-13,337.63157894736844,20.07624053955078,2021-03-15,42.19538116455078
2020-03-16,337.25,16.078481674194336,2021-03-16,42.85955047607422
2020-03-17,337.25,17.10106086730957,2021-03-17,43.344451904296875
2020-03-18,337.25,14.389029502868652,2021-03-18,41.60203552246094
2020-03-19,337.25,16.667339324951172,2021-03-19,42.85853576660156
2020-03-20,337.25,16.756256103515625,2021-03-22,42.932613372802734
2020-03-23,337.25,16.865224838256836,2021-03-23,41.919090270996094
2020-03-24,337.25,18.54677963256836,2021-03-24,41.30574417114258
2020-03-25,337.25,18.96433448791504,2021-03-25,41.70590591430664
2020-03-26,337.25,21.197683334350586,2021-03-26,43.543243408203125
2020-03-27,337.25,20.109777450561523,2021-03-29,42.69233322143555
2020-03-30,335.5,20.930944442749023,2021-03-30,41.20547866821289
2020-03-31,333.5217391304348,20.668550491333008,2021-03-31,41.88296127319336
2020-04-01,333.5217391304348,19.494342803955078,2021-04-01,42.99312210083008
2020-04-02,333.5217391304348,20.665058135986328,2021-04-05,44.12498092651367
2020-04-03,333.5217391304348,20.420978546142578,2021-04-05,44.12498092651367
2020-04-06,333.5217391304348,22.00577163696289,2021-04-06,43.708560943603516
2020-04-07,333.5217391304348,22.078123092651367,2021-04-07,43.58118438720703
2020-04-08,333.5217391304348,22.76068878173828,2021-04-08,43.853981018066406
2020-04-09,333.5217391304348,22.16791343688965,2021-04-09,43.81875228881836
2020-04-13,333.5217391304348,22.657827377319336,2021-04-13,43.8070182800293
2020-04-14,333.5217391304348,23.329914093017578,2021-04-14,43.115081787109375
2020-04-15,333.5217391304348,22.441635131835938,2021-04-15,43.35896682739258
2020-04-16,333.5217391304348,22.515731811523438,2021-04-16,43.249664306640625
2020-04-17,333.5217391304348,23.1773681640625,2021-04-19,41.73301696777344
2020-04-20,333.5217391304348,22.51485824584961,2021-04-20,41.30483627319336
2020-04-21,333.5217391304348,21.58821678161621,2021-04-21,41.53337478637695
2020-04-22,333.5217391304348,22.662181854248047,2021-04-22,41.11062240600586
2020-04-23,333.5217391304348,22.571523666381836,2021-04-23,42.106075286865234
2020-04-24,333.5217391304348,23.084096908569336,2021-04-26,42.622772216796875
2020-04-27,333.5217391304348,23.401397705078125,2021-04-27,42.12594985961914
2020-04-28,333.5217391304348,23.07712173461914,2021-04-28,41.48008346557617
2020-04-29,333.5217391304348,24.061296463012695,2021-04-29,42.12052536010742
2020-04-30,333.5217391304348,23.677734375,2021-04-30,41.209083557128906
2020-05-01,333.5217391304348,22.638643264770508,2021-05-03,40.66168212890625
2020-05-04,333.5217391304348,22.86180305480957,2021-05-04,40.155818939208984
2020-05-05,333.5217391304348,23.089326858520508,2021-05-05,40.09169006347656
2020-05-06,333.5217391304348,23.029172897338867,2021-05-06,40.520774841308594
2020-05-07,333.5217391304348,23.34037971496582,2021-05-07,40.88208770751953
2020-05-08,333.5217391304348,23.974994659423828,2021-05-10,39.3934326171875
2020-05-11,335.1363636363636,24.007253646850586,2021-05-11,39.75205612182617
2020-05-12,335.1363636363636,23.401397705078125,2021-05-12,38.15408706665039
2020-05-13,335.1363636363636,22.93938446044922,2021-05-13,38.896602630615234
2020-05-14,335.1363636363636,23.24013328552246,2021-05-14,39.89206314086914
2020-05-15,335.1363636363636,22.70053482055664,2021-05-17,39.74031066894531
2020-05-18,333.6190476190476,23.84423828125,2021-05-18,39.180240631103516
2020-05-19,333.6190476190476,23.706499099731445,2021-05-19,39.90109634399414
2020-05-20,333.6190476190476,24.293174743652344,2021-05-20,41.10069274902344
2020-05-21,332.8,23.954940795898438,2021-05-21,40.76103973388672
2020-05-22,332.8,24.1162166595459,2021-05-24,41.47917556762695
2020-05-26,332.8,24.584325790405273,2021-05-26,41.59661102294922
2020-05-27,332.8,25.06987953186035,2021-05-27,42.246089935302734
2020-05-28,332.8,24.681961059570312,2021-05-28,42.6661376953125
2020-05-29,332.8,25.39067268371582,2021-06-01,42.30300521850586
2020-06-01,332.8,25.27909278869629,2021-06-01,42.30300521850586
2020-06-02,332.8,25.982572555541992,2021-06-02,42.792598724365234
2020-06-03,333.6190476190476,26.982439041137695,2021-06-03,41.98593521118164
2020-06-04,333.6190476190476,26.926651000976562,2021-06-04,42.907310485839844
2020-06-05,338.85185185185185,27.640588760375977,2021-06-07,41.893798828125
2020-06-08,338.61538461538464,27.6789493560791,2021-06-08,41.871212005615234
2020-06-09,338.16,27.487167358398438,2021-06-09,41.9073486328125
2020-06-10,338.16,27.462753295898438,2021-06-10,42.335514068603516
2020-06-11,336.6190476190476,25.606863021850586,2021-06-11,42.518890380859375
2020-06-12,336.6190476190476,26.173477172851562,2021-06-14,42.982295989990234
2020-06-15,334.55,26.508220672607422,2021-06-15,42.52250289916992
2020-06-16,334.55,27.08617401123047,2021-06-16,42.07174301147461
2020-06-17,334.55,27.32328224182129,2021-06-17,42.56134033203125
2020-06-18,334.55,27.782678604125977,2021-06-18,41.868507385253906
2020-06-19,334.55,26.665071487426758,2021-06-21,42.29729080200195
2020-06-22,335.2857142857143,27.613582611083984,2021-06-22,42.28273010253906
2020-06-23,335.2857142857143,27.416303634643555,2021-06-23,42.48392868041992
2020-06-24,335.2857142857143,27.034961700439453,2021-06-24,42.793453216552734
2020-06-25,335.2857142857143,27.200532913208008,2021-06-25,42.07788848876953
2020-06-26,337.3181818181818,27.07370948791504,2021-06-28,43.04290008544922
2020-06-29,337.3181818181818,27.282442092895508,2021-06-29,43.43892288208008
2020-06-30,337.3181818181818,27.7958927154541,2021-06-30,43.41069793701172
2020-07-01,337.3181818181818,27.542251586914062,2021-07-01,42.755218505859375
2020-07-02,337.3181818181818,27.783559799194336,2021-07-02,42.62139129638672
2020-07-06,337.3181818181818,28.075956344604492,2021-07-06,43.08660125732422
2020-07-07,337.3181818181818,27.57659339904785,2021-07-07,42.74611282348633
2020-07-08,337.3181818181818,28.144655227661133,2021-07-08,42.83350372314453
2020-07-09,337.3181818181818,28.31462860107422,2021-07-09,43.714759826660156
2020-07-10,337.3181818181818,28.133197784423828,2021-07-12,44.22184371948242
2020-07-13,337.3181818181818,27.417192459106445,2021-07-13,44.063438415527344
2020-07-14,337.3181818181818,27.749210357666016,2021-07-14,43.84311294555664
2020-07-15,337.3181818181818,27.634719848632812,2021-07-15,43.45621871948242
2020-07-16,337.3181818181818,27.419828414916992,2021-07-16,42.6122932434082
2020-07-17,337.3181818181818,27.54048728942871,2021-07-19,42.393798828125
2020-07-20,335.95238095238096,27.929758071899414,2021-07-20,42.65963363647461
2020-07-21,335.95238095238096,27.684045791625977,2021-07-21,43.609153747558594
2020-07-22,335.95238095238096,27.636484146118164,2021-07-22,43.364253997802734
2020-07-23,335.95238095238096,27.272754669189453,2021-07-23,43.98515319824219
2020-07-24,335.95238095238096,26.931045532226562,2021-07-26,43.90230178833008
2020-07-27,335.95238095238096,27.537845611572266,2021-07-27,43.27595901489258
2020-07-28,335.95238095238096,27.06842613220215,2021-07-28,43.48443603515625
2020-07-29,335.95238095238096,27.200532913208008,2021-07-29,44.072540283203125
2020-07-30,335.95238095238096,27.48676109313965,2021-07-30,44.18998336791992
2020-07-31,335.95238095238096,27.89628791809082,2021-08-02,44.124427795410156
2020-08-03,335.95238095238096,28.29084014892578,2021-08-03,44.316524505615234
2020-08-04,335.95238095238096,28.921428680419922,2021-08-04,44.40847396850586
2020-08-05,335.95238095238096,29.02271270751953,2021-08-05,44.39663314819336
2020-08-06,335.95238095238096,28.989246368408203,2021-08-06,44.19271469116211
2020-08-07,335.95238095238096,28.70477867126465,2021-08-09,44.124427795410156
2020-08-10,335.95238095238096,28.83071517944336,2021-08-10,43.90412521362305
2020-08-11,335.95238095238096,28.537443161010742,2021-08-11,44.02155685424805
2020-08-12,335.95238095238096,29.3837947845459,2021-08-12,44.08620071411133
2020-08-13,335.95238095238096,29.012144088745117,2021-08-13,44.25917434692383
2020-08-14,335.95238095238096,28.87122917175293,2021-08-16,44.439430236816406
2020-08-17,335.95238095238096,29.091400146484375,2021-08-17,43.57912063598633
2020-08-18,335.95238095238096,28.94344139099121,2021-08-18,42.694217681884766
2020-08-19,335.95238095238096,28.9936466217041,2021-08-19,43.10935974121094
2020-08-20,335.95238095238096,28.960176467895508,2021-08-20,43.2586555480957
2020-08-21,335.95238095238096,29.064983367919922,2021-08-23,43.92142868041992
2020-08-24,335.95238095238096,29.41550636291504,2021-08-24,43.828556060791016
2020-08-25,335.95238095238096,29.603975296020508,2021-08-25,44.008811950683594
2020-08-26,335.95238095238096,29.914867401123047,2021-08-26,44.22093200683594
2020-08-27,335.95238095238096,29.86817741394043,2021-08-27,45.14952850341797
2020-08-28,335.95238095238096,30.3684139251709,2021-08-30,45.418094635009766
2020-08-31,335.95238095238096,30.573631286621094,2021-08-31,45.2651481628418
2020-09-01,338.8636363636364,31.664823532104492,2021-09-01,44.89643859863281
2020-09-02,338.8636363636364,33.02727127075195,2021-09-02,44.781734466552734
2020-09-03,338.8636363636364,31.008695602416992,2021-09-03,45.30793380737305
2020-09-04,363.2647058823529,31.96514129638672,2021-09-07,45.208702087402344
2020-09-08,364.6875,30.872190475463867,2021-09-08,45.007511138916016
2020-09-09,364.6875,31.707969665527344,2021-09-09,44.926483154296875
2020-09-10,375.96153846153845,31.448163986206055,2021-09-10,45.35071563720703
2020-09-11,375.96153846153845,31.678913116455078,2021-09-13,45.42446517944336
2020-09-14,377.8,31.89909553527832,2021-09-14,45.68938446044922
2020-09-15,377.8,32.313907623291016,2021-09-15,46.405853271484375
2020-09-16,377.8,32.325355529785156,2021-09-16,46.18827438354492
2020-09-17,377.8,32.226715087890625,2021-09-17,46.06536865234375
2020-09-18,377.8,31.68155860900879,2021-09-20,45.047550201416016
2020-09-21,377.8,31.264741897583008,2021-09-21,45.02647399902344
2020-09-22,377.8,32.13570022583008,2021-09-22,45.90684127807617
2020-09-23,377.8,31.246965408325195,2021-09-23,46.2470703125
2020-09-24,378.65384615384613,31.329612731933594,2021-09-24,46.30392074584961
2020-09-25,378.65384615384613,31.709991455078125,2021-09-27,46.297515869140625
2020-09-28,387.7826086956522,32.643165588378906,2021-09-28,45.02922821044922
2020-09-29,387.7826086956522,32.372989654541016,2021-09-29,44.88800048828125
2020-09-30,387.7826086956522,32.378318786621094,2021-09-30,44.47073745727539
2020-10-01,387.7826086956522,32.758705139160156,2021-10-01,44.69266891479492
2020-10-02,387.7826086956522,31.712665557861328,2021-10-04,43.647216796875
2020-10-05,387.7826086956522,32.5365104675293,2021-10-05,44.51567077636719
2020-10-06,387.7826086956522,32.348106384277344,2021-10-06,44.82379913330078
2020-10-07,387.7826086956522,32.59340286254883,2021-10-07,45.295169830322266
2020-10-08,387.7826086956522,33.1790771484375,2021-10-08,45.19704055786133
2020-10-09,387.7826086956522,33.478572845458984,2021-10-11,45.15027618408203
2020-10-12,387.7826086956522,33.98781967163086,2021-10-12,44.502830505371094
2020-10-13,387.7826086956522,33.90428161621094,2021-10-13,44.47806930541992
2020-10-14,387.7826086956522,33.798519134521484,2021-10-14,45.63264465332031
2020-10-15,387.7826086956522,33.765628814697266,2021-10-15,46.15077209472656
2020-10-16,387.7826086956522,33.65188217163086,2021-10-18,46.16086959838867
2020-10-19,387.7826086956522,33.39592742919922,2021-10-19,46.80555725097656
2020-10-20,387.7826086956522,33.50434875488281,2021-10-20,46.71384811401367
2020-10-21,387.7826086956522,33.06532287597656,2021-10-21,47.15037536621094
2020-10-22,387.7826086956522,33.1826286315918,2021-10-22,47.26591491699219
2020-10-23,387.7826086956522,33.12485885620117,2021-10-25,47.876678466796875
2020-10-26,387.7826086956522,32.26456832885742,2021-10-26,48.95880889892578
2020-10-27,387.7826086956522,31.958831787109375,2021-10-27,47.9720458984375
2020-10-28,387.7826086956522,30.85770034790039,2021-10-28,48.56447219848633
2020-10-29,387.7826086956522,31.5509090423584,2021-10-29,48.75703811645508
2020-10-30,387.7826086956522,31.072772979736328,2021-11-01,48.425071716308594
2020-11-02,387.7826086956522,31.21674919128418,2021-11-02,49.25225830078125
2020-11-03,387.7826086956522,31.439823150634766,2021-11-03,49.73829650878906
2020-11-04,387.7826086956522,32.40586853027344,2021-11-04,50.31145477294922
2020-11-05,387.7826086956522,33.849178314208984,2021-11-05,51.25601577758789
2020-11-06,387.7826086956522,33.82695388793945,2021-11-08,51.25878143310547
2020-11-09,387.7826086956522,33.37548828125,2021-11-09,51.153316497802734
2020-11-10,387.7826086956522,32.272560119628906,2021-11-10,50.3252067565918
2020-11-11,387.7826086956522,33.40925598144531,2021-11-11,50.933223724365234
2020-11-12,387.7826086956522,32.90089797973633,2021-11-12,51.65035629272461
2020-11-13,387.7826086956522,33.194175720214844,2021-11-15,51.884212493896484
2020-11-16,387.7826086956522,33.84383773803711,2021-11-16,52.15932846069336
2020-11-17,387.7826086956522,33.82517623901367,2021-11-17,52.23910903930664
2020-11-18,387.7826086956522,33.82695388793945,2021-11-18,52.71322250366211
2020-11-19,387.7826086956522,34.15666961669922,2021-11-19,52.154747009277344
2020-11-20,387.7826086956522,34.067806243896484,2021-11-22,50.73880386352539
2020-11-23,387.7826086956522,34.39396667480469,2021-11-23,50.90753936767578
2020-11-24,387.7826086956522,34.85877990722656,2021-11-24,51.23860168457031
2020-11-25,387.7826086956522,34.73436737060547,2021-11-26,50.125301361083984
2020-11-27,387.7826086956522,35.10051345825195,2021-11-29,51.7530632019043
2020-11-30,387.7826086956522,35.689754486083984,2021-11-30,50.77548599243164
2020-12-01,389.5,35.955467224121094,2021-12-01,50.874534606933594
2020-12-02,389.5,35.88081359863281,2021-12-02,50.662689208984375
2020-12-03,401.625,35.53154754638672,2021-12-03,51.18266677856445
2020-12-04,401.625,36.587364196777344,2021-12-06,51.811763763427734
2020-12-07,403.88235294117646,37.4058837890625,2021-12-07,54.142906188964844
2020-12-08,403.88235294117646,37.62984085083008,2021-12-08,53.974178314208984
2020-12-09,408.1111111111111,36.99085235595703,2021-12-09,53.5028076171875
2020-12-10,408.1111111111111,36.441612243652344,2021-12-10,57.92850875854492
2020-12-11,414.3,36.06656265258789,2021-12-13,57.00962448120117
2020-12-14,414.3,36.5980339050293,2021-12-14,56.39060592651367
2020-12-15,414.3,37.15437316894531,2021-12-15,58.67866516113281
2020-12-16,414.3,37.76226806640625,2021-12-16,56.91975021362305
2020-12-17,414.3,37.86892318725586,2021-12-17,58.22930908203125
2020-12-18,414.3,38.94985580444336,2021-12-20,59.15277099609375
2020-12-21,417.6842105263158,38.440757751464844,2021-12-21,59.64285659790039
2020-12-22,417.6842105263158,38.819007873535156,2021-12-22,60.46978759765625
2020-12-23,417.6842105263158,38.13422393798828,2021-12-23,61.355796813964844
2020-12-24,419.77777777777777,38.67201232910156,2021-12-27,62.230735778808594
2020-12-28,419.77777777777777,38.70964813232422,2021-12-28,61.74342727661133
2020-12-29,419.77777777777777,38.45509719848633,2021-12-29,62.076602935791016
2020-12-30,419.77777777777777,38.97406005859375,2021-12-30,61.38163375854492
2020-12-31,419.77777777777777,39.2447509765625,2021-12-31,61.41208267211914
2021-01-04,419.77777777777777,38.11270523071289,2022-01-04,61.92061996459961
2021-01-05,419.77777777777777,38.370845794677734,2022-01-05,59.34382629394531
2021-01-06,419.77777777777777,38.13422393798828,2022-01-06,58.79283905029297
2021-01-07,419.77777777777777,39.741294860839844,2022-01-07,57.142669677734375
2021-01-08,419.77777777777777,39.942970275878906,2022-01-10,57.328163146972656
2021-01-11,419.77777777777777,39.95371627807617,2022-01-11,57.410308837890625
2021-01-12,419.77777777777777,40.27907943725586,2022-01-12,57.40569305419922
2021-01-13,419.77777777777777,40.44220733642578,2022-01-13,55.115928649902344
2021-01-14,419.77777777777777,40.519290924072266,2022-01-14,55.040245056152344
2021-01-15,419.77777777777777,39.961788177490234,2022-01-18,53.32546615600586
2021-01-19,419.77777777777777,41.16463851928711,2022-01-19,52.049983978271484
2021-01-20,419.77777777777777,41.3985710144043,2022-01-20,50.55023956298828
2021-01-21,419.77777777777777,41.841346740722656,2022-01-21,49.212921142578125
2021-01-22,419.77777777777777,41.680015563964844,2022-01-24,49.98356628417969
2021-01-25,419.77777777777777,41.659393310546875,2022-01-25,49.29690933227539
2021-01-26,424.0,41.57693862915039,2022-01-26,51.41777420043945
2021-01-27,424.0,39.85873031616211,2022-01-27,50.05093002319336
2021-01-28,424.0,40.489715576171875,2022-01-28,51.69280242919922
2021-01-29,424.0,40.378570556640625,2022-01-31,54.07209396362305
2021-02-01,424.0,41.83417510986328,2022-02-01,54.70337677001953
2021-02-02,424.0,42.74302291870117,2022-02-02,55.69182586669922
2021-02-03,424.0,41.695255279541016,2022-02-03,53.60787582397461
2021-02-04,424.0,42.182830810546875,2022-02-04,54.46712112426758
2021-02-05,424.0,41.76874542236328,2022-02-07,54.23360824584961
2021-02-08,424.0,42.368370056152344,2022-02-08,55.39556884765625
2021-02-09,424.0,42.54135513305664,2022-02-09,56.421852111816406
2021-02-10,424.0,42.130859375,2022-02-10,54.57787322998047
2021-02-11,424.0,42.87836456298828,2022-02-11,52.92213439941406
2021-02-12,424.0,43.589134216308594,2022-02-14,53.398380279541016
2021-02-16,424.0,43.84099578857422,2022-02-16,55.11777114868164
2021-02-17,424.0,43.24495315551758,2022-02-17,53.4371337890625
2021-02-18,424.0,43.31486511230469,2022-02-18,53.52850341796875
2021-02-19,424.0,43.91539001464844,2022-02-22,53.29499053955078
2021-02-22,424.0,42.69642639160156,2022-02-22,53.29499053955078
2021-02-23,424.0,42.296661376953125,2022-02-23,52.162574768066406
2021-02-24,424.0,43.101558685302734,2022-02-24,53.52942657470703
2021-02-25,424.0,40.97550582885742,2022-02-25,54.26868438720703
2021-02-26,431.55,42.11471939086914,2022-02-28,54.21607971191406
2021-03-01,437.6,43.88132858276367,2022-03-01,52.617576599121094
2021-03-02,437.6,43.068382263183594,2022-03-02,54.06287384033203
2021-03-03,437.6,41.50432586669922,2022-03-03,53.400211334228516
2021-03-04,482.0,39.75922393798828,2022-03-04,55.00517654418945
2021-03-05,496.5,40.34629821777344,2022-03-07,52.67110061645508
2021-03-08,496.5,37.75687789916992,2022-03-08,53.1556396484375
2021-03-09,496.5,39.76012420654297,2022-03-09,55.10022735595703
2021-03-10,496.5,39.22144317626953,2022-03-10,54.24284744262695
2021-03-11,496.5,40.66448974609375,2022-03-11,53.330997467041016
2021-03-12,496.5,40.43862533569336,2022-03-14,52.40345764160156
2021-03-15,496.5,42.19538116455078,2022-03-15,54.70707321166992
2021-03-16,496.5,42.85955047607422,2022-03-16,56.032386779785156
2021-03-17,496.5,43.344451904296875,2022-03-17,55.62168502807617
2021-03-18,496.5,41.60203552246094,2022-03-18,56.33603286743164
2021-03-19,496.5,42.85853576660156,2022-03-21,55.869590759277344
2021-03-22,496.5,42.932613372802734,2022-03-22,56.80339050292969
2021-03-23,496.5,41.919090270996094,2022-03-23,55.69211196899414
2021-03-24,502.93333333333334,41.30574417114258,2022-03-24,58.20549774169922
2021-03-25,502.93333333333334,41.70590591430664,2022-03-25,58.43221664428711
2021-03-26,502.93333333333334,43.543243408203125,2022-03-28,58.80480194091797
2021-03-29,502.93333333333334,42.69233322143555,2022-03-29,59.602962493896484
2021-03-30,502.93333333333334,41.20547866821289,2022-03-30,58.638492584228516
2021-03-31,502.93333333333334,41.88296127319336,2022-03-31,58.50747299194336
2021-04-01,502.93333333333334,42.99312210083008,2022-04-01,58.256614685058594
2021-04-05,502.93333333333334,44.12498092651367,2022-04-05,57.06169891357422
2021-04-06,502.93333333333334,43.708560943603516,2022-04-06,55.93555450439453
2021-04-07,502.93333333333334,43.58118438720703,2022-04-07,56.03312683105469
2021-04-08,502.93333333333334,43.853981018066406,2022-04-08,54.54180908203125
2021-04-09,502.93333333333334,43.81875228881836,2022-04-11,53.948081970214844
2021-04-12,502.93333333333334,43.69047927856445,2022-04-12,54.36248779296875
2021-04-13,502.93333333333334,43.8070182800293,2022-04-13,55.05657196044922
2021-04-14,502.93333333333334,43.115081787109375,2022-04-14,53.31996154785156
2021-04-15,502.93333333333334,43.35896682739258,2022-04-18,54.495365142822266
2021-04-16,502.93333333333334,43.249664306640625,2022-04-18,54.495365142822266
2021-04-19,502.93333333333334,41.73301696777344,2022-04-19,55.5285758972168
2021-04-20,502.93333333333334,41.30483627319336,2022-04-20,55.53787612915039
2021-04-21,502.93333333333334,41.53337478637695,2022-04-21,55.074222564697266
2021-04-22,502.93333333333334,41.11062240600586,2022-04-22,54.537166595458984
2021-04-23,502.93333333333334,42.106075286865234,2022-04-25,54.62358093261719
2021-04-26,502.93333333333334,42.622772216796875,2022-04-26,52.03958511352539
2021-04-27,502.93333333333334,42.12594985961914,2022-04-27,51.99033737182617
2021-04-28,502.93333333333334,41.48008346557617,2022-04-28,53.79290771484375
2021-04-29,502.93333333333334,42.12052536010742,2022-04-29,51.51181411743164
2021-04-30,502.93333333333334,41.209083557128906,2022-05-02,53.55226135253906
2021-05-03,502.93333333333334,40.66168212890625,2022-05-03,54.0001106262207
2021-05-04,502.93333333333334,40.155818939208984,2022-05-04,56.08980178833008
2021-05-05,502.93333333333334,40.09169006347656,2022-05-05,53.890472412109375
2021-05-06,502.93333333333334,40.520774841308594,2022-05-06,53.90069580078125
2021-05-07,502.93333333333334,40.88208770751953,2022-05-09,52.30439376831055
2021-05-10,502.93333333333334,39.3934326171875,2022-05-10,54.02054977416992
2021-05-11,502.93333333333334,39.75205612182617,2022-05-11,52.69371032714844
2021-05-12,502.93333333333334,38.15408706665039,2022-05-12,53.10811996459961
2021-05-13,502.93333333333334,38.896602630615234,2022-05-13,54.65702438354492
2021-05-14,502.93333333333334,39.89206314086914,2022-05-16,54.139488220214844
2021-05-17,502.93333333333334,39.74031066894531,2022-05-17,56.50699996948242
2021-05-18,502.93333333333334,39.180240631103516,2022-05-18,53.01519775390625
2021-05-19,502.93333333333334,39.90109634399414,2022-05-19,50.75176239013672
2021-05-20,502.93333333333334,41.10069274902344,2022-05-20,50.47114944458008
2021-05-21,502.93333333333334,40.76103973388672,2022-05-23,48.907386779785156
2021-05-24,502.93333333333334,41.47917556762695,2022-05-24,48.7066650390625
2021-05-25,502.93333333333334,41.51079559326172,2022-05-25,49.397037506103516
2021-05-26,502.93333333333334,41.59661102294922,2022-05-26,51.16524124145508
2021-05-27,502.93333333333334,42.246089935302734,2022-05-27,54.19615936279297
2021-05-28,502.93333333333334,42.6661376953125,2022-05-31,53.903480529785156
2021-06-01,502.93333333333334,42.30300521850586,2022-06-01,53.2985954284668
2021-06-02,504.3125,42.792598724365234,2022-06-02,53.58848190307617
2021-06-03,504.3125,41.98593521118164,2022-06-03,52.34156036376953
2021-06-04,513.0,42.907310485839844,2022-06-06,52.14736557006836
2021-06-07,517.5833333333334,41.893798828125,2022-06-07,53.24005889892578
2021-06-08,519.2173913043479,41.871212005615234,2022-06-08,52.53110885620117
2021-06-09,519.2173913043479,41.9073486328125,2022-06-09,51.681854248046875
2021-06-10,523.9047619047619,42.335514068603516,2022-06-10,50.29275894165039
2021-06-11,523.9047619047619,42.518890380859375,2022-06-13,48.09528350830078
2021-06-14,523.9047619047619,42.982295989990234,2022-06-14,48.33222198486328
2021-06-15,523.9047619047619,42.52250289916992,2022-06-15,48.939903259277344
2021-06-16,523.9047619047619,42.07174301147461,2022-06-16,46.19607925415039
2021-06-17,523.9047619047619,42.56134033203125,2022-06-17,46.332672119140625
2021-06-18,523.9047619047619,41.868507385253906,2022-06-21,47.19646072387695
2021-06-21,523.9047619047619,42.29729080200195,2022-06-21,47.19646072387695
2021-06-22,523.9047619047619,42.28273010253906,2022-06-22,46.47788619995117
2021-06-23,523.9047619047619,42.48392868041992,2022-06-23,46.52285385131836
2021-06-24,523.9047619047619,42.793453216552734,2022-06-24,47.69487380981445
2021-06-25,523.9047619047619,42.07788848876953,2022-06-27,47.378204345703125
2021-06-28,523.9047619047619,43.04290008544922,2022-06-28,46.698055267333984
2021-06-29,523.9047619047619,43.43892288208008,2022-06-29,45.9448127746582
2021-06-30,523.9047619047619,43.41069793701172,2022-06-30,45.51384353637695
2021-07-01,523.9047619047619,42.755218505859375,2022-07-01,44.76715850830078
2021-07-02,523.9047619047619,42.62139129638672,2022-07-05,44.622886657714844
2021-07-06,523.9047619047619,43.08660125732422,2022-07-06,45.21405792236328
2021-07-07,523.9047619047619,42.74611282348633,2022-07-07,46.70648193359375
2021-07-08,523.9047619047619,42.83350372314453,2022-07-08,46.72052764892578
2021-07-09,523.9047619047619,43.714759826660156,2022-07-11,45.237483978271484
2021-07-12,523.9047619047619,44.22184371948242,2022-07-12,45.09788131713867
2021-07-13,523.9047619047619,44.063438415527344,2022-07-13,45.13161087036133
2021-07-14,523.9047619047619,43.84311294555664,2022-07-14,45.40423583984375
2021-07-15,523.9047619047619,43.45621871948242,2022-07-15,46.32423782348633
2021-07-16,523.9047619047619,42.6122932434082,2022-07-18,46.00569534301758
2021-07-19,523.9047619047619,42.393798828125,2022-07-19,47.686439514160156
2021-07-20,523.9047619047619,42.65963363647461,2022-07-20,47.945945739746094
2021-07-21,523.9047619047619,43.609153747558594,2022-07-21,48.4996452331543
2021-07-22,523.9047619047619,43.364253997802734,2022-07-22,48.01621627807617
2021-07-23,523.9047619047619,43.98515319824219,2022-07-25,48.07149887084961
2021-07-26,525.1,43.90230178833008,2022-07-26,47.88223648071289
2021-07-27,525.1,43.27595901489258,2022-07-27,49.44680404663086
2021-07-28,525.1,43.48443603515625,2022-07-28,49.99205780029297
2021-07-29,525.1,44.072540283203125,2022-07-29,50.16725158691406
2021-07-30,525.1,44.18998336791992,2022-08-01,50.25063705444336
2021-08-02,525.1,44.124427795410156,2022-08-02,49.76721954345703
2021-08-03,525.1,44.316524505615234,2022-08-03,51.222164154052734
2021-08-04,525.1,44.40847396850586,2022-08-04,51.78989791870117
2021-08-05,525.1,44.39663314819336,2022-08-05,51.662498474121094
2021-08-06,525.1,44.19271469116211,2022-08-08,51.10881042480469
2021-08-09,525.1,44.124427795410156,2022-08-09,49.91617965698242
2021-08-10,525.1,43.90412521362305,2022-08-10,51.56599807739258
2021-08-11,525.1,44.02155685424805,2022-08-11,51.09943389892578
2021-08-12,525.1,44.08620071411133,2022-08-12,52.29862976074219
2021-08-13,525.1,44.25917434692383,2022-08-15,52.36701965332031
2021-08-16,525.1,44.439430236816406,2022-08-16,51.68217468261719
2021-08-17,525.1,43.57912063598633,2022-08-17,50.4586181640625
2021-08-18,525.1,42.694217681884766,2022-08-18,52.31922912597656
2021-08-19,525.1,43.10935974121094,2022-08-19,51.38050079345703
2021-08-20,525.1,43.2586555480957,2022-08-22,49.53675079345703
2021-08-23,525.1,43.92142868041992,2022-08-23,49.63325119018555
2021-08-24,525.1,43.828556060791016,2022-08-24,49.7325553894043
2021-08-25,525.1,44.008811950683594,2022-08-25,51.539764404296875
2021-08-26,522.4736842105264,44.22093200683594,2022-08-26,48.79755783081055
2021-08-27,522.4736842105264,45.14952850341797,2022-08-29,48.17173385620117
2021-08-30,522.5555555555555,45.418094635009766,2022-08-30,47.44191360473633
2021-08-31,522.5555555555555,45.2651481628418,2022-08-31,46.75988006591797
2021-09-01,522.5555555555555,44.89643859863281,2022-09-01,46.09470748901367
2021-09-02,531.8,44.781734466552734,2022-09-02,46.86387252807617
2021-09-03,545.5294117647059,45.30793380737305,2022-09-06,46.67462158203125
2021-09-07,545.5294117647059,45.208702087402344,2022-09-07,47.323875427246094
2021-09-08,545.5294117647059,45.007511138916016,2022-09-08,47.9609375
2021-09-09,545.5294117647059,44.926483154296875,2022-09-09,48.941837310791016
2021-09-10,545.5294117647059,45.35071563720703,2022-09-12,49.5657844543457
2021-09-13,545.5294117647059,45.42446517944336,2022-09-13,47.18520736694336
2021-09-14,545.5294117647059,45.68938446044922,2022-09-14,47.85038757324219
2021-09-15,545.5294117647059,46.405853271484375,2022-09-15,46.85637664794922
2021-09-16,545.5294117647059,46.18827438354492,2022-09-16,47.077484130859375
2021-09-17,545.5294117647059,46.06536865234375,2022-09-19,47.0156364440918
2021-09-20,545.5294117647059,45.047550201416016,2022-09-20,46.19306945800781
2021-09-21,545.5294117647059,45.02647399902344,2022-09-21,45.54877471923828
2021-09-22,545.5294117647059,45.90684127807617,2022-09-22,45.12082290649414
2021-09-23,545.5294117647059,46.2470703125,2022-09-23,44.277183532714844
2021-09-24,545.5294117647059,46.30392074584961,2022-09-26,43.6706657409668
2021-09-27,545.5294117647059,46.297515869140625,2022-09-27,43.905914306640625
2021-09-28,545.5294117647059,45.02922821044922,2022-09-28,44.02021789550781
2021-09-29,545.5294117647059,44.88800048828125,2022-09-29,42.52472686767578
2021-09-30,545.5294117647059,44.47073745727539,2022-09-30,41.946563720703125
2021-10-01,545.5294117647059,44.69266891479492,2022-10-03,43.1529655456543
2021-10-04,545.5294117647059,43.647216796875,2022-10-04,45.33338165283203
2021-10-05,545.5294117647059,44.51567077636719,2022-10-05,45.800071716308594
2021-10-06,545.5294117647059,44.82379913330078,2022-10-06,45.29936981201172
2021-10-07,545.5294117647059,45.295169830322266,2022-10-07,43.50251007080078
2021-10-08,545.5294117647059,45.19704055786133,2022-10-10,41.35043716430664
2021-10-11,545.5294117647059,45.15027618408203,2022-10-11,40.694801330566406
2021-10-12,545.5294117647059,44.502830505371094,2022-10-12,40.676849365234375
2021-10-13,545.5294117647059,44.47806930541992,2022-10-13,41.37594985961914
2021-10-14,545.5294117647059,45.63264465332031,2022-10-14,40.349029541015625
2021-10-15,545.5294117647059,46.15077209472656,2022-10-17,41.13031768798828
2021-10-18,545.5294117647059,46.16086959838867,2022-10-18,41.07930374145508
2021-10-19,545.5294117647059,46.80555725097656,2022-10-19,41.12369918823242
2021-10-20,545.5294117647059,46.71384811401367,2022-10-20,40.65134048461914
2021-10-21,545.5294117647059,47.15037536621094,2022-10-21,42.486934661865234
2021-10-22,545.5294117647059,47.26591491699219,2022-10-24,43.12839889526367
2021-10-25,545.5294117647059,47.876678466796875,2022-10-25,43.46377944946289
2021-10-26,545.5294117647059,48.95880889892578,2022-10-26,43.56864929199219
2021-10-27,545.5294117647059,47.9720458984375,2022-10-27,43.02259063720703
2021-10-28,545.5294117647059,48.56447219848633,2022-10-28,44.67584991455078
2021-10-29,545.5294117647059,48.75703811645508,2022-10-31,44.41322708129883
2021-11-01,545.5294117647059,48.425071716308594,2022-11-01,44.203487396240234
2021-11-02,545.5294117647059,49.25225830078125,2022-11-02,43.082115173339844
2021-11-03,545.5294117647059,49.73829650878906,2022-11-03,41.956939697265625
2021-11-04,545.5294117647059,50.31145477294922,2022-11-04,43.957862854003906
2021-11-05,545.5294117647059,51.25601577758789,2022-11-07,44.89503479003906
2021-11-08,545.5294117647059,51.25878143310547,2022-11-08,45.54594421386719
2021-11-09,545.5294117647059,51.153316497802734,2022-11-09,44.351810455322266
2021-11-10,550.7777777777778,50.3252067565918,2022-11-10,47.856727600097656
2021-11-11,553.3684210526316,50.933223724365234,2022-11-11,48.94504928588867
2021-11-12,553.3684210526316,51.65035629272461,2022-11-14,48.48496627807617
2021-11-15,553.3684210526316,51.884212493896484,2022-11-15,49.543060302734375
2021-11-16,553.3684210526316,52.15932846069336,2022-11-16,48.344207763671875
2021-11-17,553.3684210526316,52.23910903930664,2022-11-17,48.38010787963867
2021-11-18,553.3684210526316,52.71322250366211,2022-11-18,48.668243408203125
2021-11-19,553.3684210526316,52.154747009277344,2022-11-21,48.883644104003906
2021-11-22,553.3684210526316,50.73880386352539,2022-11-22,50.07493591308594
2021-11-23,553.3684210526316,50.90753936767578,2022-11-23,50.41408920288086
2021-11-24,553.3684210526316,51.23860168457031,2022-11-25,50.06170654296875
2021-11-26,553.3684210526316,50.125301361083984,2022-11-28,49.33427429199219
2021-11-29,553.3684210526316,51.7530632019043,2022-11-29,49.25680923461914
2021-11-30,554.9444444444445,50.77548599243164,2022-11-30,52.05696105957031
2021-12-01,554.9444444444445,50.874534606933594,2022-12-01,52.030513763427734
2021-12-02,574.6,50.662689208984375,2022-12-02,51.090511322021484
2021-12-03,581.4545454545455,51.18266677856445,2022-12-05,50.130672454833984
2021-12-06,584.6,51.811763763427734,2022-12-06,49.67531967163086
2021-12-07,587.8181818181819,54.142906188964844,2022-12-07,48.98378372192383
2021-12-08,587.8181818181819,53.974178314208984,2022-12-08,50.1722412109375
2021-12-09,590.5,53.5028076171875,2022-12-09,51.460838317871094
2021-12-10,631.2,57.92850875854492,2022-12-12,52.58599853515625
2021-12-13,636.0434782608696,57.00962448120117,2022-12-13,53.94733810424805
2021-12-14,636.0434782608696,56.39060592651367,2022-12-14,54.268550872802734
2021-12-15,636.0434782608696,58.67866516113281,2022-12-15,52.71543884277344
2021-12-16,636.0434782608696,56.91975021362305,2022-12-16,52.517982482910156
2021-12-17,636.0434782608696,58.22930908203125,2022-12-19,52.357948303222656
2021-12-20,636.0434782608696,59.15277099609375,2022-12-20,51.82353210449219
2021-12-21,636.0434782608696,59.64285659790039,2022-12-21,53.46297073364258
2021-12-22,636.0434782608696,60.46978759765625,2022-12-22,52.68754196166992
2021-12-23,636.0434782608696,61.355796813964844,2022-12-23,52.62467575073242
2021-12-27,636.0434782608696,62.230735778808594,2022-12-27,52.73041915893555
2021-12-28,636.0434782608696,61.74342727661133,2022-12-28,51.906410217285156
2021-12-29,636.0434782608696,62.076602935791016,2022-12-29,53.137176513671875
2021-12-30,636.0434782608696,61.38163375854492,2022-12-30,53.262916564941406
2021-12-31,636.0434782608696,61.41208267211914,2023-01-03,52.72469711303711
2022-01-03,636.0434782608696,61.21919250488281,2023-01-03,52.72469711303711
2022-01-04,636.0434782608696,61.92061996459961,2023-01-04,53.368656158447266
2022-01-05,636.0434782608696,59.34382629394531,2023-01-05,52.871395111083984
2022-01-06,636.0434782608696,58.79283905029297,2023-01-06,56.05405044555664
2022-01-07,636.0434782608696,57.142669677734375,2023-01-09,54.954742431640625
2022-01-10,636.0434782608696,57.328163146972656,2023-01-10,54.768035888671875
2022-01-11,636.0434782608696,57.410308837890625,2023-01-11,55.07381820678711
2022-01-12,638.7083333333334,57.40569305419922,2023-01-12,55.43580627441406
2022-01-13,638.7083333333334,55.115928649902344,2023-01-13,55.15574645996094
2022-01-14,638.7083333333334,55.040245056152344,2023-01-17,55.17860794067383
2022-01-18,638.7083333333334,53.32546615600586,2023-01-18,54.70706558227539
2022-01-19,638.7083333333334,52.049983978271484,2023-01-19,53.65253448486328
2022-01-20,638.7083333333334,50.55023956298828,2023-01-20,54.37269973754883
2022-01-21,638.7083333333334,49.212921142578125,2023-01-23,55.406272888183594
2022-01-24,638.7083333333334,49.98356628417969,2023-01-24,55.73017120361328
2022-01-25,638.7083333333334,49.29690933227539,2023-01-25,55.79207992553711
2022-01-26,638.7083333333334,51.41777420043945,2023-01-26,57.020938873291016
2022-01-27,638.7083333333334,50.05093002319336,2023-01-27,56.297916412353516
2022-01-28,638.7083333333334,51.69280242919922,2023-01-30,55.389137268066406
2022-01-31,638.7083333333334,54.07209396362305,2023-01-31,55.72825622558594
2022-02-01,638.7083333333334,54.70337677001953,2023-02-01,57.41817855834961
2022-02-02,638.7083333333334,55.69182586669922,2023-02-02,57.705867767333984
2022-02-03,638.7083333333334,53.60787582397461,2023-02-03,56.92949295043945
2022-02-04,638.7083333333334,54.46712112426758,2023-02-06,57.280059814453125
2022-02-07,638.7083333333334,54.23360824584961,2023-02-07,58.532718658447266
2022-02-08,638.7083333333334,55.39556884765625,2023-02-08,57.31910705566406
2022-02-09,638.7083333333334,56.421852111816406,2023-02-09,57.10000991821289
2022-02-10,638.7083333333334,54.57787322998047,2023-02-10,56.51321029663086
2022-02-11,638.7083333333334,52.92213439941406,2023-02-13,57.262901306152344
2022-02-14,638.7083333333334,53.398380279541016,2023-02-14,57.37625503540039
2022-02-15,638.7083333333334,55.63091278076172,2023-02-15,57.888763427734375
2022-02-16,638.7083333333334,55.11777114868164,2023-02-16,57.207645416259766
2022-02-17,638.7083333333334,53.4371337890625,2023-02-17,56.736106872558594
2022-02-18,638.7083333333334,53.52850341796875,2023-02-21,55.397701263427734
2022-02-22,638.7083333333334,53.29499053955078,2023-02-22,54.886165618896484
2022-02-23,638.7083333333334,52.162574768066406,2023-02-23,55.61299514770508
2022-02-24,638.7083333333334,53.52942657470703,2023-02-24,55.03666305541992
2022-02-25,638.7083333333334,54.26868438720703,2023-02-27,55.77016830444336
2022-02-28,638.7083333333334,54.21607971191406,2023-02-28,56.612274169921875
2022-03-01,638.7083333333334,52.617576599121094,2023-03-01,56.54369354248047
2022-03-02,638.7083333333334,54.06287384033203,2023-03-02,57.027610778808594
2022-03-03,669.0,53.400211334228516,2023-03-03,60.27694320678711
2022-03-04,681.3913043478261,55.00517654418945,2023-03-06,60.29218292236328
2022-03-07,681.3913043478261,52.67110061645508,2023-03-07,59.552001953125
2022-03-08,681.3913043478261,53.1556396484375,2023-03-08,60.22930908203125
2022-03-09,681.3913043478261,55.10022735595703,2023-03-09,59.30147171020508
2022-03-10,681.3913043478261,54.24284744262695,2023-03-10,58.56892013549805
2022-03-11,681.3913043478261,53.330997467041016,2023-03-13,58.72515106201172
2022-03-14,681.3913043478261,52.40345764160156,2023-03-14,60.248355865478516
2022-03-15,681.3913043478261,54.70707321166992,2023-03-15,59.63678741455078
2022-03-16,681.3913043478261,56.032386779785156,2023-03-16,60.633216857910156
2022-03-17,681.3913043478261,55.62168502807617,2023-03-17,60.1064338684082
2022-03-18,681.3913043478261,56.33603286743164,2023-03-20,61.32004928588867
2022-03-21,681.3913043478261,55.869590759277344,2023-03-21,61.093605041503906
2022-03-22,681.3913043478261,56.80339050292969,2023-03-22,60.53424072265625
2022-03-23,681.3913043478261,55.69211196899414,2023-03-23,61.33155059814453
2022-03-24,681.3913043478261,58.20549774169922,2023-03-24,61.0379638671875
2022-03-25,681.3913043478261,58.43221664428711,2023-03-27,60.142784118652344
2022-03-28,681.3913043478261,58.80480194091797,2023-03-28,59.937461853027344
2022-03-29,681.3913043478261,59.602962493896484,2023-03-29,60.01421356201172
2022-03-30,681.3913043478261,58.638492584228516,2023-03-30,60.8057746887207
2022-03-31,681.3913043478261,58.50747299194336,2023-03-31,61.55318832397461
2022-04-01,681.3913043478261,58.256614685058594,2023-04-03,61.64242172241211
2022-04-04,681.3913043478261,58.987857818603516,2023-04-04,60.86909103393555
2022-04-05,681.3913043478261,57.06169891357422,2023-04-05,60.35098648071289
2022-04-06,681.3913043478261,55.93555450439453,2023-04-06,59.739810943603516
2022-04-07,681.3913043478261,56.03312683105469,2023-04-10,60.195556640625
2022-04-08,680.375,54.54180908203125,2023-04-10,60.195556640625
2022-04-11,680.375,53.948081970214844,2023-04-11,59.63715362548828
2022-04-12,680.375,54.36248779296875,2023-04-12,59.16988754272461
2022-04-13,680.375,55.05657196044922,2023-04-13,59.8933219909668
2022-04-14,680.375,53.31996154785156,2023-04-14,59.44237518310547
2022-04-18,680.375,54.495365142822266,2023-04-18,60.66856384277344
2022-04-19,680.375,55.5285758972168,2023-04-19,60.87773132324219
2022-04-20,680.375,55.53787612915039,2023-04-20,60.73573303222656
2022-04-21,680.375,55.074222564697266,2023-04-21,60.72422409057617
2022-04-22,680.375,54.537166595458984,2023-04-24,60.88156509399414
2022-04-25,680.375,54.62358093261719,2023-04-25,59.68031692504883
2022-04-26,680.375,52.03958511352539,2023-04-26,59.1209602355957
2022-04-27,680.375,51.99033737182617,2023-04-27,59.33395767211914
2022-04-28,680.375,53.79290771484375,2023-04-28,60.11015701293945
2022-04-29,680.375,51.51181411743164,2023-05-01,61.208740234375
2022-05-02,680.375,53.55226135253906,2023-05-02,58.751564025878906
2022-05-03,680.375,54.0001106262207,2023-05-03,58.834075927734375
2022-05-04,680.375,56.08980178833008,2023-05-04,58.542396545410156
2022-05-05,680.375,53.890472412109375,2023-05-05,60.45748519897461
2022-05-06,680.375,53.90069580078125,2023-05-08,60.35578155517578
2022-05-09,680.375,52.30439376831055,2023-05-09,59.34355163574219
2022-05-10,682.1304347826087,54.02054977416992,2023-05-10,60.08808898925781
2022-05-11,685.8636363636364,52.69371032714844,2023-05-11,60.22241973876953
2022-05-12,685.8636363636364,53.10811996459961,2023-05-12,60.55630874633789
2022-05-13,685.8636363636364,54.65702438354492,2023-05-15,61.3862419128418
2022-05-16,685.8636363636364,54.139488220214844,2023-05-16,61.54359436035156
2022-05-17,685.8636363636364,56.50699996948242,2023-05-17,63.08161926269531
2022-05-18,685.8636363636364,53.01519775390625,2023-05-18,65.04177856445312
2022-05-19,685.8636363636364,50.75176239013672,2023-05-19,65.45915985107422
2022-05-20,685.8636363636364,50.47114944458008,2023-05-22,65.08686828613281
2022-05-23,685.8636363636364,48.907386779785156,2023-05-23,65.86692810058594
2022-05-24,685.8636363636364,48.7066650390625,2023-05-24,65.19818115234375
2022-05-25,685.8636363636364,49.397037506103516,2023-05-25,69.92543029785156
2022-05-26,685.8636363636364,51.16524124145508,2023-05-26,77.9781723022461
2022-05-27,691.4166666666666,54.19615936279297,2023-05-30,77.07723999023438
2022-05-31,691.4166666666666,53.903480529785156,2023-05-31,77.52052307128906
2022-06-01,691.4166666666666,53.2985954284668,2023-06-01,75.79254913330078
2022-06-02,693.2173913043479,53.58848190307617,2023-06-02,77.90813446044922
2022-06-03,693.2173913043479,52.34156036376953,2023-06-05,76.97746276855469
2022-06-06,696.5454545454545,52.14736557006836,2023-06-06,75.79733276367188
2022-06-07,696.5454545454545,53.24005889892578,2023-06-07,76.04967498779297
2022-06-08,700.1904761904761,52.53110885620117,2023-06-08,77.15977478027344
2022-06-09,705.0769230769231,51.681854248046875,2023-06-09,77.20004272460938
2022-06-10,705.0769230769231,50.29275894165039,2023-06-12,82.06834411621094
2022-06-13,716.1,48.09528350830078,2023-06-13,81.66155242919922
2022-06-14,716.1,48.33222198486328,2023-06-14,85.02539825439453
2022-06-15,716.1,48.939903259277344,2023-06-15,84.7615737915039
2022-06-16,716.1,46.19607925415039,2023-06-16,83.29165649414062
2022-06-17,716.1,46.332672119140625,2023-06-20,83.28399658203125
2022-06-21,716.1,47.19646072387695,2023-06-21,81.76287078857422
2022-06-22,716.1,46.47788619995117,2023-06-22,81.25839233398438
2022-06-23,716.1,46.52285385131836,2023-06-23,79.30223846435547
2022-06-24,716.1,47.69487380981445,2023-06-26,79.25209045410156
2022-06-27,716.1,47.378204345703125,2023-06-27,81.83423614501953
2022-06-28,716.1,46.698055267333984,2023-06-28,81.78986358642578
2022-06-29,707.8181818181819,45.9448127746582,2023-06-29,83.20103454589844
2022-06-30,707.8181818181819,45.51384353637695,2023-06-30,83.66981506347656
2022-07-01,707.8181818181819,44.76715850830078,2023-07-03,84.53890228271484
2022-07-05,707.8181818181819,44.622886657714844,2023-07-05,83.1325454711914
2022-07-06,707.8181818181819,45.21405792236328,2023-07-06,81.795654296875
2022-07-07,707.8181818181819,46.70648193359375,2023-07-07,81.67509460449219
2022-07-08,707.8181818181819,46.72052764892578,2023-07-10,84.66333770751953
2022-07-11,707.8181818181819,45.237483978271484,2023-07-11,85.08001708984375
2022-07-12,708.6,45.09788131713867,2023-07-12,85.84204864501953
2022-07-13,708.6,45.13161087036133,2023-07-13,85.88158416748047
2022-07-14,708.6,45.40423583984375,2023-07-14,85.70988464355469
2022-07-15,708.6,46.32423782348633,2023-07-17,87.80976867675781
2022-07-18,708.6,46.00569534301758,2023-07-18,87.14228057861328
2022-07-19,708.6,47.686439514160156,2023-07-19,86.94357299804688
2022-07-20,701.9090909090909,47.945945739746094,2023-07-20,85.6867446899414
2022-07-21,701.9090909090909,48.4996452331543,2023-07-21,86.49794006347656
2022-07-22,701.9090909090909,48.01621627807617,2023-07-24,86.96479034423828
2022-07-25,701.9090909090909,48.07149887084961,2023-07-25,88.54670715332031
2022-07-26,701.9090909090909,47.88223648071289,2023-07-26,86.14491271972656
2022-07-27,701.9090909090909,49.44680404663086,2023-07-27,86.1873550415039
2022-07-28,701.9090909090909,49.99205780029297,2023-07-28,86.79117584228516
2022-07-29,701.9090909090909,50.16725158691406,2023-07-31,86.68121337890625
2022-08-01,701.9090909090909,50.25063705444336,2023-08-01,88.7405776977539
2022-08-02,701.9090909090909,49.76721954345703,2023-08-02,86.06871032714844
2022-08-03,701.9090909090909,51.222164154052734,2023-08-03,85.3626480102539
2022-08-04,701.9090909090909,51.78989791870117,2023-08-04,85.04145050048828
2022-08-05,701.9090909090909,51.662498474121094,2023-08-07,86.52783966064453
2022-08-08,701.9090909090909,51.10881042480469,2023-08-08,85.18709564208984
2022-08-09,701.9090909090909,49.91617965698242,2023-08-09,82.05899047851562
2022-08-10,701.9090909090909,51.56599807739258,2023-08-10,81.3037338256836
2022-08-11,701.9090909090909,51.09943389892578,2023-08-11,80.0362777709961
2022-08-12,701.9090909090909,52.29862976074219,2023-08-14,82.38404846191406
2022-08-15,701.9090909090909,52.36701965332031,2023-08-15,81.2670669555664
2022-08-16,701.9090909090909,51.68217468261719,2023-08-16,80.34782409667969
2022-08-17,701.9090909090909,50.4586181640625,2023-08-17,79.77970886230469
2022-08-18,701.9090909090909,52.31922912597656,2023-08-18,79.65817260742188
2022-08-19,701.9090909090909,51.38050079345703,2023-08-21,83.44892883300781
2022-08-22,701.9090909090909,49.53675079345703,2023-08-22,82.54705810546875
2022-08-23,701.9090909090909,49.63325119018555,2023-08-23,84.5523910522461
2022-08-24,701.9090909090909,49.7325553894043,2023-08-24,82.41878509521484
2022-08-25,701.9090909090909,51.539764404296875,2023-08-25,82.16412353515625
2022-08-26,701.9090909090909,48.79755783081055,2023-08-28,83.05730438232422
2022-08-29,701.9090909090909,48.17173385620117,2023-08-29,85.84009552001953
2022-08-30,701.9090909090909,47.44191360473633,2023-08-30,86.06678771972656
2022-08-31,701.9090909090909,46.75988006591797,2023-08-31,89.01934814453125
2022-09-01,684.4,46.09470748901367,2023-09-01,84.16079711914062
2022-09-02,675.25,46.86387252807617,2023-09-05,84.12702941894531
2022-09-06,675.25,46.67462158203125,2023-09-06,84.13667297363281
2022-09-07,675.25,47.323875427246094,2023-09-07,82.66667175292969
2022-09-08,675.25,47.9609375,2023-09-08,82.7168197631836
2022-09-09,675.25,48.941837310791016,2023-09-11,82.87019348144531
2022-09-12,675.25,49.5657844543457,2023-09-12,81.45999908447266
2022-09-13,675.25,47.18520736694336,2023-09-13,82.27119445800781
2022-09-14,675.25,47.85038757324219,2023-09-14,84.07591247558594
2022-09-15,675.25,46.85637664794922,2023-09-15,82.15061950683594
2022-09-16,675.25,47.077484130859375,2023-09-18,81.98857116699219
2022-09-19,675.25,47.0156364440918,2023-09-19,81.91140747070312
2022-09-20,675.25,46.19306945800781,2023-09-20,80.55074310302734
2022-09-21,675.25,45.54877471923828,2023-09-21,78.39676666259766
2022-09-22,675.25,45.12082290649414,2023-09-22,80.4062271118164
2022-09-23,675.25,44.277183532714844,2023-09-25,80.87273406982422
2022-09-26,675.25,43.6706657409668,2023-09-26,79.15614318847656
2022-09-27,675.25,43.905914306640625,2023-09-27,79.21626281738281
2022-09-28,675.25,44.02021789550781,2023-09-28,80.6894302368164
2022-09-29,675.25,42.52472686767578,2023-09-29,80.55171966552734
2022-09-30,675.25,41.946563720703125,2023-10-02,80.97552490234375
2022-10-03,675.25,43.1529655456543,2023-10-03,79.02424621582031
2022-10-04,675.25,45.33338165283203,2023-10-04,79.89513397216797
2022-10-05,675.25,45.800071716308594,2023-10-05,79.89998626708984
2022-10-06,677.8571428571429,45.29936981201172,2023-10-06,81.97541809082031
2022-10-07,677.8571428571429,43.50251007080078,2023-10-09,83.00536346435547
2022-10-10,677.8571428571429,41.35043716430664,2023-10-10,83.25074005126953
2022-10-11,677.8571428571429,40.694801330566406,2023-10-11,84.81700897216797
2022-10-12,677.8571428571429,40.676849365234375,2023-10-12,87.82733917236328
2022-10-13,677.8571428571429,41.37594985961914,2023-10-13,85.65299987792969
2022-10-14,677.8571428571429,40.349029541015625,2023-10-16,87.53348541259766
2022-10-17,677.8571428571429,41.13031768798828,2023-10-17,85.77130126953125
2022-10-18,665.0,41.07930374145508,2023-10-18,86.02637481689453
2022-10-19,665.0,41.12369918823242,2023-10-19,84.164306640625
2022-10-20,665.0,40.65134048461914,2023-10-20,82.78717803955078
2022-10-21,665.0,42.486934661865234,2023-10-23,83.62025451660156
2022-10-24,665.0,43.12839889526367,2023-10-24,85.45223236083984
2022-10-25,665.0,43.46377944946289,2023-10-25,82.39921569824219
2022-10-26,665.0,43.56864929199219,2023-10-26,80.18028259277344
2022-10-27,665.0,43.02259063720703,2023-10-27,81.30624389648438
2022-10-28,665.0,44.67584991455078,2023-10-30,81.58651733398438
2022-10-31,665.0,44.41322708129883,2023-10-31,81.59815979003906
2022-11-01,665.0,44.203487396240234,2023-11-01,82.7202377319336
2022-11-02,665.0,43.082115173339844,2023-11-02,84.50084686279297
2022-11-03,665.0,41.956939697265625,2023-11-03,85.60448455810547
2022-11-04,665.0,43.957862854003906,2023-11-06,85.42507934570312
2022-11-07,665.0,44.89503479003906,2023-11-07,87.07280731201172
2022-11-08,665.0,45.54594421386719,2023-11-08,88.3636474609375
2022-11-09,665.0,44.351810455322266,2023-11-09,88.3879165649414
2022-11-10,665.0,47.856727600097656,2023-11-10,92.86267852783203
2022-11-11,665.0,48.94504928588867,2023-11-13,91.83563995361328
2022-11-14,665.0,48.48496627807617,2023-11-14,94.3600845336914
2022-11-15,665.0,49.543060302734375,2023-11-15,94.59671783447266
2022-11-16,665.0,48.344207763671875,2023-11-16,93.05953979492188
2022-11-17,665.0,48.38010787963867,2023-11-17,94.82267761230469
2022-11-18,665.0,48.668243408203125,2023-11-20,96.56643676757812
2022-11-21,665.0,48.883644104003906,2023-11-21,95.15921783447266
2022-11-22,665.0,50.07493591308594,2023-11-22,94.26696014404297
2022-11-23,665.0,50.41408920288086,2023-11-24,94.93323516845703
2022-11-25,635.8333333333334,50.06170654296875,2023-11-27,92.1566390991211
2022-11-28,635.8333333333334,49.33427429199219,2023-11-28,91.7793960571289
2022-11-29,635.8333333333334,49.25680923461914,2023-11-29,91.24403381347656
2022-11-30,635.8333333333334,52.05696105957031,2023-11-30,89.77960205078125
2022-12-01,635.8333333333334,52.030513763427734,2023-12-01,90.19371795654297
2022-12-02,635.8333333333334,51.090511322021484,2023-12-04,89.6089096069336
2022-12-05,647.5,50.130672454833984,2023-12-05,88.55664825439453
2022-12-06,647.5,49.67531967163086,2023-12-06,87.63726043701172
2022-12-07,647.5,48.98378372192383,2023-12-07,89.44306945800781
2022-12-08,647.5,50.1722412109375,2023-12-08,91.58055877685547
2022-12-09,653.3333333333334,51.460838317871094,2023-12-11,99.8182601928711
2022-12-12,653.3333333333334,52.58599853515625,2023-12-12,103.99239349365234
2022-12-13,653.3333333333334,53.94733810424805,2023-12-13,105.68084716796875
2022-12-14,653.3333333333334,54.268550872802734,2023-12-14,107.3101577758789
2022-12-15,653.3333333333334,52.71543884277344,2023-12-15,109.56499481201172
2022-12-16,653.3333333333334,52.517982482910156,2023-12-18,111.2389144897461
2022-12-19,653.3333333333334,52.357948303222656,2023-12-19,111.0274887084961
2022-12-20,653.3333333333334,51.82353210449219,2023-12-20,108.18257141113281
2022-12-21,653.3333333333334,53.46297073364258,2023-12-21,109.8301010131836
2022-12-22,653.3333333333334,52.68754196166992,2023-12-22,109.31273651123047
2022-12-23,653.3333333333334,52.62467575073242,2023-12-26,110.27827453613281
2022-12-27,656.875,52.73041915893555,2023-12-27,109.72095489501953
2022-12-28,656.875,51.906410217285156,2023-12-28,109.35462951660156
2022-12-29,656.875,53.137176513671875,2023-12-29,108.7544937133789
2022-12-30,656.875,53.262916564941406,2024-01-02,105.74687957763672
2023-01-03,656.875,52.72469711303711,2024-01-03,103.13578796386719
2023-01-04,656.875,53.368656158447266,2024-01-04,102.20339965820312
2023-01-05,656.875,52.871395111083984,2024-01-05,102.2297134399414
2023-01-06,656.875,56.05405044555664,2024-01-08,104.72095489501953
2023-01-09,656.875,54.954742431640625,2024-01-09,105.46530151367188
2023-01-10,656.875,54.768035888671875,2024-01-10,105.27824401855469
2023-01-11,656.875,55.07381820678711,2024-01-11,107.1693344116211
2023-01-12,656.875,55.43580627441406,2024-01-12,107.91952514648438
2023-01-13,656.875,55.15574645996094,2024-01-16,108.62879943847656
2023-01-17,660.0,55.17860794067383,2024-01-17,107.52883911132812
2023-01-18,660.0,54.70706558227539,2024-01-18,111.44934844970703
2023-01-19,660.0,53.65253448486328,2024-01-19,118.00533294677734
2023-01-20,660.0,54.37269973754883,2024-01-22,118.91140747070312
2023-01-23,659.875,55.406272888183594,2024-01-23,119.47745513916016
2023-01-24,659.875,55.73017120361328,2024-01-24,122.16259002685547
2023-01-25,659.875,55.79207992553711,2024-01-25,119.83696746826172
2023-01-26,659.875,57.020938873291016,2024-01-26,117.38957214355469
2023-01-27,659.875,56.297916412353516,2024-01-29,118.64542388916016
2023-01-30,659.875,55.389137268066406,2024-01-30,117.70913696289062
2023-01-31,659.875,55.72825622558594,2024-01-31,114.96554565429688
2023-02-01,659.875,57.41817855834961,2024-02-01,116.91508483886719
2023-02-02,659.875,57.705867767333984,2024-02-02,119.28553009033203
2023-02-03,659.875,56.92949295043945,2024-02-05,121.11328887939453
2023-02-06,659.875,57.280059814453125,2024-02-06,119.12088012695312
2023-02-07,659.875,58.532718658447266,2024-02-07,122.473388671875
2023-02-08,659.875,57.31910705566406,2024-02-08,124.19786834716797
2023-02-09,659.875,57.10000991821289,2024-02-09,125.04354095458984
2023-02-10,659.875,56.51321029663086,2024-02-12,123.24697875976562
2023-02-13,659.875,57.262901306152344,2024-02-13,121.94630432128906
2023-02-14,659.875,57.37625503540039,2024-02-14,122.97611999511719
2023-02-15,659.875,57.888763427734375,2024-02-15,123.25379943847656
2023-02-16,659.875,57.207645416259766,2024-02-16,121.34516143798828
2023-02-17,659.875,56.736106872558594,2024-02-20,119.50084686279297
2023-02-21,659.875,55.397701263427734,2024-02-21,119.58853149414062
2023-02-22,659.875,54.886165618896484,2024-02-22,127.13438415527344
2023-02-23,659.875,55.61299514770508,2024-02-23,126.30329132080078
2023-02-24,659.875,55.03666305541992,2024-02-26,127.54647827148438
2023-02-27,659.875,55.77016830444336,2024-02-27,126.2896499633789
2023-02-28,659.875,56.612274169921875,2024-02-28,125.62616729736328
2023-03-01,673.9,56.54369354248047,2024-02-29,126.70471954345703
2023-03-02,679.8571428571429,57.027610778808594,2024-03-01,136.3189239501953
2023-03-03,686.0769230769231,60.27694320678711,2024-03-04,136.61997985839844
2023-03-06,686.0769230769231,60.29218292236328,2024-03-05,130.82200622558594
2023-03-07,686.0769230769231,59.552001953125,2024-03-06,131.5283966064453
2023-03-08,686.0769230769231,60.22930908203125,2024-03-07,137.08279418945312
2023-03-09,686.3571428571429,59.30147171020508,2024-03-08,127.50653839111328
2023-03-10,686.3571428571429,58.56892013549805,2024-03-11,125.98664855957031
2023-03-13,686.3571428571429,58.72515106201172,2024-03-12,125.86585235595703
2023-03-14,686.3571428571429,60.248355865478516,2024-03-13,122.55230712890625
2023-03-15,686.3571428571429,59.63678741455078,2024-03-14,122.98098754882812
2023-03-16,686.3571428571429,60.633216857910156,2024-03-15,120.37281799316406
2023-03-17,688.6,60.1064338684082,2024-03-18,120.5423583984375
2023-03-20,688.6,61.32004928588867,2024-03-19,120.61738586425781
2023-03-21,688.6,61.093605041503906,2024-03-20,124.84812927246094
2023-03-22,688.6,60.53424072265625,2024-03-21,131.8928680419922
2023-03-23,688.6,61.33155059814453,2024-03-22,132.42807006835938
2023-03-24,688.6,61.0379638671875,2024-03-25,132.2431182861328
2023-03-27,688.6,60.142784118652344,2024-03-26,130.27745056152344
2023-03-28,688.6,59.937461853027344,2024-03-27,129.02896118164062
2023-03-29,688.6,60.01421356201172,2024-03-28,129.68255615234375
2023-03-30,688.6,60.8057746887207,2024-04-01,132.11398315429688
2023-03-31,688.6,61.55318832397461,2024-04-01,132.11398315429688
2023-04-03,688.6,61.64242172241211,2024-04-02,130.9888153076172
2023-04-04,688.6,60.86909103393555,2024-04-03,133.38104248046875
2023-04-05,688.6,60.35098648071289,2024-04-04,128.90859985351562
2023-04-06,688.6,59.739810943603516,2024-04-05,131.05430603027344
2023-04-10,688.6,60.195556640625,2024-04-09,130.53086853027344
2023-04-11,688.6,59.63715362548828,2024-04-10,129.38514709472656
2023-04-12,688.6,59.16988754272461,2024-04-11,135.26454162597656
2023-04-13,693.6875,59.8933219909668,2024-04-12,131.50831604003906
2023-04-14,693.6875,59.44237518310547,2024-04-15,128.24229431152344
2023-04-17,701.6,60.19267272949219,2024-04-16,130.03968811035156
2023-04-18,701.6,60.66856384277344,2024-04-17,125.496826171875
2023-04-19,701.6,60.87773132324219,2024-04-18,123.18380737304688
2023-04-20,701.6,60.73573303222656,2024-04-19,117.87286376953125
2023-04-21,701.6,60.72422409057617,2024-04-22,119.80526733398438
2023-04-24,701.6,60.88156509399414,2024-04-23,122.22494506835938
2023-04-25,701.6,59.68031692504883,2024-04-24,122.97149658203125
2023-04-26,701.6,59.1209602355957,2024-04-25,126.65039825439453
2023-04-27,701.6,59.33395767211914,2024-04-26,131.50831604003906
2023-04-28,701.6,60.11015701293945,2024-04-29,130.97508239746094
2023-05-01,701.6,61.208740234375,2024-04-30,127.2227783203125
2023-05-02,701.6,58.751564025878906,2024-05-01,121.6056137084961
2023-05-03,701.6,58.834075927734375,2024-05-02,121.18583679199219
2023-05-04,701.6,58.542396545410156,2024-05-03,125.05458068847656
2023-05-05,701.6,60.45748519897461,2024-05-06,128.2051544189453
2023-05-08,701.6,60.35578155517578,2024-05-07,127.50064849853516
2023-05-09,701.6,59.34355163574219,2024-05-08,129.6786651611328
2023-05-10,701.6,60.08808898925781,2024-05-09,127.75112915039062
2023-05-11,701.6,60.22241973876953,2024-05-10,130.40565490722656
2023-05-12,701.6,60.55630874633789,2024-05-13,130.866455078125
2023-05-15,701.6,61.3862419128418,2024-05-14,135.0267791748047
2023-05-16,701.6,61.54359436035156,2024-05-15,140.51971435546875
2023-05-17,701.6,63.08161926269531,2024-05-16,138.1675262451172
2023-05-18,701.6,65.04177856445312,2024-05-17,136.5198516845703
2023-05-19,701.6,65.45915985107422,2024-05-20,138.3534393310547
2023-05-22,701.6,65.08686828613281,2024-05-21,136.9024200439453
2023-05-23,707.75,65.86692810058594,2024-05-22,136.22142028808594
2023-05-24,707.75,65.19818115234375,2024-05-23,136.32418823242188
2023-05-25,712.2941176470588,69.92543029785156,2024-05-24,137.74777221679688
2023-05-26,717.1666666666666,77.9781723022461,2024-05-28,138.19882202148438
2023-05-30,736.6190476190476,77.07723999023438,2024-05-29,136.06781005859375
2023-05-31,738.3636363636364,77.52052307128906,2024-05-30,133.46615600585938
2023-06-01,738.3636363636364,75.79254913330078,2024-05-31,129.98977661132812
2023-06-02,789.6764705882352,77.90813446044922,2024-06-03,129.33914184570312
2023-06-05,796.4848484848485,76.97746276855469,2024-06-04,130.21189880371094
2023-06-06,796.4848484848485,75.79733276367188,2024-06-05,138.261474609375
2023-06-07,796.4848484848485,76.04967498779297,2024-06-06,137.10496520996094
2023-06-08,799.5,77.15977478027344,2024-06-07,137.63035583496094
2023-06-09,799.5,77.20004272460938,2024-06-10,140.9404296875
2023-06-12,799.5,82.06834411621094,2024-06-11,142.9520721435547
2023-06-13,799.5,81.66155242919922,2024-06-12,146.3257293701172
2023-06-14,799.5,85.02539825439453,2024-06-13,164.27804565429688
2023-06-15,799.5,84.7615737915039,2024-06-14,169.76214599609375
2023-06-16,799.5,83.29165649414062,2024-06-17,178.9427947998047
2023-06-20,799.5,83.28399658203125,2024-06-20,169.7151641845703
2023-06-21,799.5,81.76287078857422,2024-06-20,169.7151641845703
2023-06-22,800.7272727272727,81.25839233398438,2024-06-21,162.2859344482422
2023-06-23,800.7272727272727,79.30223846435547,2024-06-24,156.2818145751953
2023-06-26,800.7272727272727,79.25209045410156,2024-06-25,155.16091918945312
2023-06-27,800.7272727272727,81.83423614501953,2024-06-26,156.26119995117188
2023-06-28,800.7272727272727,81.78986358642578,2024-06-27,155.7371063232422
2023-06-29,800.7272727272727,83.20103454589844,2024-06-28,157.58924865722656
2023-06-30,800.7272727272727,83.66981506347656,2024-07-01,161.05113220214844
2023-07-03,800.7272727272727,84.53890228271484,2024-07-02,162.68836975097656
2023-07-05,800.7272727272727,83.1325454711914,2024-07-05,167.18675231933594
2023-07-06,800.7272727272727,81.795654296875,2024-07-05,167.18675231933594
2023-07-07,800.7272727272727,81.67509460449219,2024-07-08,171.36322021484375
2023-07-10,800.7272727272727,84.66333770751953,2024-07-09,170.13136291503906
2023-07-11,800.7272727272727,85.08001708984375,2024-07-10,171.24835205078125
2023-07-12,803.7941176470588,85.84204864501953,2024-07-11,167.4458770751953
2023-07-13,803.7941176470588,85.88158416748047,2024-07-12,166.92762756347656
2023-07-14,807.7428571428571,85.70988464355469,2024-07-15,168.25564575195312
2023-07-17,807.7428571428571,87.80976867675781,2024-07-16,166.25331115722656
2023-07-18,807.7428571428571,87.14228057861328,2024-07-17,153.10069274902344
2023-07-19,807.7428571428571,86.94357299804688,2024-07-18,157.55685424804688
2023-07-20,807.7428571428571,85.6867446899414,2024-07-19,154.44537353515625
2023-07-21,807.7428571428571,86.49794006347656,2024-07-22,158.08689880371094
2023-07-24,812.1176470588235,86.96479034423828,2024-07-23,160.7468719482422
2023-07-25,812.1176470588235,88.54670715332031,2024-07-24,148.54629516601562
2023-07-26,812.1176470588235,86.14491271972656,2024-07-25,146.50469970703125
2023-07-27,812.1176470588235,86.1873550415039,2024-07-26,148.83096313476562
2023-07-28,812.1176470588235,86.79117584228516,2024-07-29,147.44699096679688
2023-07-31,812.1176470588235,86.68121337890625,2024-07-30,140.87066650390625
2023-08-01,812.1176470588235,88.7405776977539,2024-07-31,157.7139129638672
2023-08-02,812.1176470588235,86.06871032714844,2024-08-01,144.30606079101562
2023-08-03,812.1176470588235,85.3626480102539,2024-08-02,141.16514587402344
2023-08-04,812.1176470588235,85.04145050048828,2024-08-05,139.45726013183594
2023-08-07,812.1176470588235,86.52783966064453,2024-08-06,141.2633056640625
2023-08-08,812.1176470588235,85.18709564208984,2024-08-07,133.7545166015625
2023-08-09,812.1176470588235,82.05899047851562,2024-08-08,143.0497283935547
2023-08-10,812.1176470588235,81.3037338256836,2024-08-09,145.52317810058594
2023-08-11,812.1176470588235,80.0362777709961,2024-08-12,145.8765411376953
2023-08-14,812.1176470588235,82.38404846191406,2024-08-13,153.27734375
2023-08-15,812.1176470588235,81.2670669555664,2024-08-14,154.7790985107422
2023-08-16,812.1176470588235,80.34782409667969,2024-08-15,163.0633087158203
2023-08-17,812.1176470588235,79.77970886230469,2024-08-16,162.66087341308594
2023-08-18,812.1176470588235,79.65817260742188,2024-08-19,164.61415100097656
2023-08-21,812.1176470588235,83.44892883300781,2024-08-20,162.88661193847656
2023-08-22,812.1176470588235,82.54705810546875,2024-08-21,162.71975708007812
2023-08-23,812.1176470588235,84.5523910522461,2024-08-22,159.34324645996094
2023-08-24,817.7714285714286,82.41878509521484,2024-08-23,163.28904724121094
2023-08-25,817.7714285714286,82.16412353515625,2024-08-26,156.67347717285156
2023-08-28,817.7714285714286,83.05730438232422,2024-08-27,158.4108123779297
2023-08-29,828.2,85.84009552001953,2024-08-28,155.2600555419922
2023-08-30,828.2,86.06678771972656,2024-08-29,154.03314208984375
2023-08-31,856.1034482758621,89.01934814453125,2024-08-30,159.81442260742188
2023-09-01,882.2162162162163,84.16079711914062,2024-09-03,149.96954345703125
2023-09-05,885.3157894736842,84.12702941894531,2024-09-04,151.2749786376953
2023-09-06,890.5945945945946,84.13667297363281,2024-09-05,149.99900817871094
2023-09-07,890.5945945945946,82.66667175292969,2024-09-06,134.4710235595703
2023-09-08,893.3421052631579,82.7168197631836,2024-09-09,138.2205352783203
2023-09-11,893.3421052631579,82.87019348144531,2024-09-10,145.47410583496094
2023-09-12,893.3421052631579,81.45999908447266,2024-09-11,155.34840393066406
2023-09-13,893.3421052631579,82.27119445800781,2024-09-12,161.52227783203125
2023-09-14,900.7105263157895,84.07591247558594,2024-09-13,164.5945281982422
2023-09-15,900.7105263157895,82.15061950683594,2024-09-16,160.9922332763672
2023-09-18,903.5128205128206,81.98857116699219,2024-09-17,159.47085571289062
2023-09-19,903.5128205128206,81.91140747070312,2024-09-18,158.6856231689453
2023-09-20,903.5128205128206,80.55074310302734,2024-09-19,164.86997985839844
2023-09-21,905.8,78.39676666259766,2024-09-20,168.49392700195312
2023-09-22,907.9756097560976,80.4062271118164,2024-09-23,170.305908203125
2023-09-25,907.9756097560976,80.87273406982422,2024-09-24,172.1769561767578
2023-09-26,907.9756097560976,79.15614318847656,2024-09-25,172.84661865234375
2023-09-27,907.9756097560976,79.21626281738281,2024-09-26,175.37747192382812
2023-09-28,907.9756097560976,80.6894302368164,2024-09-27,170.05970764160156
2023-09-29,907.9756097560976,80.55171966552734,2024-09-30,169.87261962890625
2023-10-02,907.9756097560976,80.97552490234375,2024-10-01,164.91921997070312
2023-10-03,907.9756097560976,79.02424621582031,2024-10-02,168.0606231689453
2023-10-04,907.9756097560976,79.89513397216797,2024-10-03,169.2718963623047
2023-10-05,907.9756097560976,79.89998626708984,2024-10-04,173.94955444335938
2023-10-06,907.9756097560976,81.97541809082031,2024-10-07,172.41329956054688
2023-10-09,907.9756097560976,83.00536346435547,2024-10-08,177.97723388671875
2023-10-10,907.9756097560976,83.25074005126953,2024-10-09,183.11776733398438
2023-10-11,911.425,84.81700897216797,2024-10-10,182.8616943359375
2023-10-12,911.425,87.82733917236328,2024-10-11,178.7158203125
2023-10-13,911.425,85.65299987792969,2024-10-14,179.53317260742188
2023-10-16,911.425,87.53348541259766,2024-10-15,173.29962158203125
2023-10-17,911.425,85.77130126953125,2024-10-16,174.12680053710938
2023-10-18,911.425,86.02637481689453,2024-10-17,178.76504516601562
2023-10-19,911.425,84.164306640625,2024-10-18,177.15003967285156
2023-10-20,911.425,82.78717803955078,2024-10-21,177.24851989746094
2023-10-23,911.425,83.62025451660156,2024-10-22,176.6478271484375
2023-10-24,911.425,85.45223236083984,2024-10-23,170.86720275878906
2023-10-25,911.425,82.39921569824219,2024-10-24,168.74012756347656
2023-10-26,911.425,80.18028259277344,2024-10-25,170.364990234375
2023-10-27,911.425,81.30624389648438,2024-10-28,169.39993286132812
2023-10-30,911.425,81.58651733398438,2024-10-29,176.5099639892578
2023-10-31,911.425,81.59815979003906,2024-10-30,173.94955444335938
2023-11-01,911.425,82.7202377319336,2024-10-31,167.18417358398438
2023-11-02,911.425,84.50084686279297,2024-11-01,166.3471221923828
2023-11-03,911.425,85.60448455810547,2024-11-04,165.9827880859375
2023-11-06,911.425,85.42507934570312,2024-11-05,171.25128173828125
2023-11-07,911.425,87.07280731201172,2024-11-06,176.8152313232422
2023-11-08,911.425,88.3636474609375,2024-11-07,181.01034545898438
2023-11-09,911.425,88.3879165649414,2024-11-08,180.84291076660156
2023-11-10,911.425,92.86267852783203,2024-11-11,176.18496704101562
2023-11-13,911.425,91.83563995361328,2024-11-12,173.5359344482422
2023-11-14,911.425,94.3600845336914,2024-11-13,170.9361572265625
2023-11-15,911.425,94.59671783447266,2024-11-14,167.78489685058594
2023-11-16,911.425,93.05953979492188,2024-11-15,162.32925415039062
2023-11-17,911.425,94.82267761230469,2024-11-18,163.14662170410156
2023-11-20,914.2820512820513,96.56643676757812,2024-11-19,162.83151245117188
2023-11-21,914.2820512820513,95.15921783447266,2024-11-20,160.7635040283203
2023-11-22,917.6842105263158,94.26696014404297,2024-11-21,161.44297790527344
2023-11-24,928.2105263157895,94.93323516845703,2024-11-25,162.30958557128906
2023-11-27,934.6285714285714,92.1566390991211,2024-11-26,162.2307891845703
2023-11-28,943.9142857142857,91.7793960571289,2024-11-27,157.23802185058594
2023-11-29,943.9142857142857,91.24403381347656,2024-11-29,159.611328125
2023-11-30,975.304347826087,89.77960205078125,2024-11-29,159.611328125
2023-12-01,975.304347826087,90.19371795654297,2024-12-02,163.9738311767578
2023-12-04,988.8333333333334,89.6089096069336,2024-12-03,165.58885192871094
2023-12-05,988.8333333333334,88.55664825439453,2024-12-04,167.962158203125
2023-12-06,988.8333333333334,87.63726043701172,2024-12-05,167.87351989746094
2023-12-07,988.8333333333334,89.44306945800781,2024-12-06,176.7955322265625
2023-12-08,996.5555555555555,91.58055877685547,2024-12-09,176.21450805664062
2023-12-11,996.5555555555555,99.8182601928711,2024-12-10,169.193115234375
2023-12-12,996.5555555555555,103.99239349365234,2024-12-11,180.40960693359375
2023-12-13,996.5555555555555,105.68084716796875,2024-12-12,177.90830993652344
2023-12-14,996.5555555555555,107.3101577758789,2024-12-13,221.37599182128906
2023-12-15,996.5555555555555,109.56499481201172,2024-12-16,246.19216918945312
2023-12-18,996.5555555555555,111.2389144897461,2024-12-17,236.5709991455078
2023-12-19,996.5555555555555,111.0274887084961,2024-12-18,220.21397399902344
2023-12-20,1002.5769230769231,108.18257141113281,2024-12-19,214.99472045898438
2023-12-21,1002.5769230769231,109.8301010131836,2024-12-20,217.42706298828125
2023-12-22,1002.5769230769231,109.31273651123047,2024-12-23,229.42410278320312
2023-12-26,1002.5769230769231,110.27827453613281,2024-12-26,242.270263671875
2023-12-27,1002.5769230769231,109.72095489501953,2024-12-26,242.270263671875
2023-12-28,1002.5769230769231,109.35462951660156,2024-12-27,238.70570373535156
2023-12-29,1002.5769230769231,108.7544937133789,2024-12-30,232.6134033203125
2024-01-02,1002.5769230769231,105.74687957763672,2025-01-02,229.05873107910156
2024-01-03,1002.5769230769231,103.13578796386719,2025-01-02,229.05873107910156
2024-01-04,1002.5769230769231,102.20339965820312,2025-01-03,229.6215362548828
2024-01-05,1002.5769230769231,102.2297134399414,2025-01-06,233.43295288085938
2024-01-08,1002.5769230769231,104.72095489501953,2025-01-07,225.76077270507812
2024-01-09,1006.48,105.46530151367188,2025-01-08,226.42236328125
2024-01-10,1006.48,105.27824401855469,2025-01-10,221.4853057861328
2024-01-11,1009.1666666666666,107.1693344116211,2025-01-10,221.4853057861328
2024-01-12,1009.1666666666666,107.91952514648438,2025-01-13,222.45298767089844
2024-01-16,1009.1666666666666,108.62879943847656,2025-01-15,225.12884521484375
2024-01-17,1009.1666666666666,107.52883911132812,2025-01-16,226.5210723876953
2024-01-18,1009.1666666666666,111.44934844970703,2025-01-17,234.44998168945312
2024-01-19,1009.1666666666666,118.00533294677734,2025-01-21,237.28382873535156
2024-01-22,1009.1666666666666,118.91140747070312,2025-01-21,237.28382873535156
2024-01-23,1020.8,119.47745513916016,2025-01-22,237.87628173828125
2024-01-24,1020.8,122.16259002685547,2025-01-23,237.2541961669922
2024-01-25,1020.8,119.83696746826172,2025-01-24,241.61856079101562
2024-01-26,1020.8,117.38957214355469,2025-01-27,199.58465576171875
2024-01-29,1031.5384615384614,118.64542388916016,2025-01-28,204.74876403808594
2024-01-30,1031.5384615384614,117.70913696289062,2025-01-29,203.75149536132812
2024-01-31,1031.5384615384614,114.96554565429688,2025-01-30,212.9442596435547
2024-02-01,1031.5384615384614,116.91508483886719,2025-01-31,218.48361206054688
2024-02-02,1031.5384615384614,119.28553009033203,2025-02-03,214.98814392089844
2024-02-05,1031.5384615384614,121.11328887939453,2025-02-04,219.6289825439453
2024-02-06,1031.5384615384614,119.12088012695312,2025-02-05,229.07847595214844
2024-02-07,1031.5384615384614,122.473388671875,2025-02-06,228.44654846191406
2024-02-08,1031.5384615384614,124.19786834716797,2025-02-07,222.03826904296875
2024-02-09,1031.5384615384614,125.04354095458984,2025-02-10,232.08018493652344
2024-02-12,1041.4814814814815,123.24697875976562,2025-02-11,232.08018493652344
2024-02-13,1056.0714285714287,121.94630432128906,2025-02-12,233.3737030029297
2024-02-14,1056.0714285714287,122.97611999511719,2025-02-13,232.83062744140625
2024-02-15,1056.0714285714287,123.25379943847656,2025-02-14,230.10537719726562
2024-02-16,1056.0714285714287,121.34516143798828,2025-02-18,225.6521759033203
2024-02-20,1064.4827586206898,119.50084686279297,2025-02-19,225.8496551513672
2024-02-21,1066.4285714285713,119.58853149414062,2025-02-20,223.8847198486328
2024-02-22,1066.4285714285713,127.13438415527344,2025-02-21,215.906494140625
2024-02-23,1066.4285714285713,126.30329132080078,2025-02-24,205.31158447265625
2024-02-26,1093.148148148148,127.54647827148438,2025-02-25,199.98947143554688
2024-02-27,1093.148148148148,126.2896499633789,2025-02-26,210.2584991455078
2024-02-28,1109.4642857142858,125.62616729736328,2025-02-27,195.3091583251953
2024-02-29,1162.5,126.70471954345703,2025-02-28,196.91864013671875
2024-03-01,1178.5714285714287,136.3189239501953,2025-03-03,185.01048278808594
2024-03-04,1220.4545454545455,136.61997985839844,2025-03-04,185.11911010742188
2024-03-05,1220.4545454545455,130.82200622558594,2025-03-05,189.16749572753906
2024-03-06,1220.4545454545455,131.5283966064453,2025-03-06,177.1902313232422
2024-03-07,1245.6818181818182,137.08279418945312,2025-03-07,192.5049285888672
2024-03-08,1375.888888888889,127.50653839111328,2025-03-10,182.12725830078125
2024-03-11,1393.55,125.98664855957031,2025-03-11,187.69622802734375
2024-03-12,1393.55,125.86585235595703,2025-03-12,191.7841339111328
2024-03-13,1403.6410256410256,122.55230712890625,2025-03-13,188.9502410888672
2024-03-14,1403.6410256410256,122.98098754882812,2025-03-14,193.07760620117188
2024-03-15,1403.6410256410256,120.37281799316406,2025-03-17,192.05072021484375
2024-03-18,1414.0,120.5423583984375,2025-03-18,186.29412841796875
2024-03-19,1414.0,120.61738586425781,2025-03-19,193.1072540283203
2024-03-20,1424.7894736842106,124.84812927246094,2025-03-20,188.7098846435547
2024-03-21,1452.8536585365853,131.8928680419922,2025-03-21,189.8191375732422
2024-03-22,1452.8536585365853,132.42807006835938,2025-03-24,189.41305541992188
2024-03-25,1452.8536585365853,132.2431182861328,2025-03-25,186.45175170898438
2024-03-26,1452.8536585365853,130.27745056152344,2025-03-26,177.5481414794922
2024-03-27,1452.8536585365853,129.02896118164062,2025-03-27,170.3380584716797
2024-03-28,1452.8536585365853,129.68255615234375,2025-03-28,167.49562072753906
2024-04-01,1452.8536585365853,132.11398315429688,2025-04-01,166.90139770507812
2024-04-02,1452.8536585365853,130.9888153076172,2025-04-02,170.43710327148438
2024-04-03,1452.8536585365853,133.38104248046875,2025-04-03,152.53074645996094
2024-04-04,1452.8536585365853,128.90859985351562,2025-04-04,144.8848876953125
2024-04-05,1452.8536585365853,131.05430603027344,2025-04-07,152.6595001220703
2024-04-08,1452.8536585365853,130.728515625,2025-04-08,154.53134155273438
2024-04-09,1452.8536585365853,130.53086853027344,2025-04-09,183.37164306640625
2024-04-10,1452.8536585365853,129.38514709472656,2025-04-10,170.64508056640625
2024-04-11,1452.8536585365853,135.26454162597656,2025-04-11,180.19248962402344
2024-04-12,1452.8536585365853,131.50831604003906,2025-04-14,176.64688110351562
2024-04-15,1452.8536585365853,128.24229431152344,2025-04-15,177.23121643066406
2024-04-16,1456.8333333333333,130.03968811035156,2025-04-16,172.93289184570312
2024-04-17,1457.8372093023256,125.496826171875,2025-04-17,169.34765625
2024-04-18,1457.8372093023256,123.18380737304688,2025-04-21,164.61358642578125
2024-04-19,1457.8372093023256,117.87286376953125,2025-04-21,164.61358642578125
2024-04-22,1457.8372093023256,119.80526733398438,2025-04-22,167.95120239257812
2024-04-23,1457.8372093023256,122.22494506835938,2025-04-23,175.21078491210938
2024-04-24,1457.8372093023256,122.97149658203125,2025-04-24,186.3428497314453
2024-04-25,1457.8372093023256,126.65039825439453,2025-04-25,190.46287536621094
2024-04-26,1457.8372093023256,131.50831604003906,2025-04-28,190.621337890625
2024-04-29,1457.8372093023256,130.97508239746094,2025-04-29,189.33384704589844
2024-04-30,1457.8372093023256,127.2227783203125,2025-04-30,190.621337890625
2024-05-01,1457.8372093023256,121.6056137084961,2025-05-01,195.43467712402344
2024-05-02,1457.8372093023256,121.18583679199219,2025-05-02,201.68406677246094
2024-05-03,1457.8372093023256,125.05458068847656,2025-05-05,198.7921142578125
2024-05-06,1457.8372093023256,128.2051544189453,2025-05-06,198.1681365966797
2024-05-07,1457.8372093023256,127.50064849853516,2025-05-07,202.8428192138672
2024-05-08,1457.8372093023256,129.6786651611328,2025-05-08,205.77439880371094
2024-05-09,1457.8372093023256,127.75112915039062,2025-05-09,206.20025634765625
2024-05-10,1457.8372093023256,130.40565490722656,2025-05-12,219.4517364501953
2024-05-13,1457.8372093023256,130.866455078125,2025-05-13,230.1876220703125
2024-05-14,1457.8372093023256,135.0267791748047,2025-05-14,229.8905029296875
2024-05-15,1457.8372093023256,140.51971435546875,2025-05-15,230.405517578125
2024-05-16,1457.8372093023256,138.1675262451172,2025-05-16,226.41421508789062
2024-05-17,1457.8372093023256,136.5198516845703,2025-05-19,228.41482543945312
2024-05-20,1457.8372093023256,138.3534393310547,2025-05-20,229.4547119140625
2024-05-21,1457.8372093023256,136.9024200439453,2025-05-21,227.52346801757812
2024-05-22,1457.8372093023256,136.22142028808594,2025-05-22,228.3157958984375
2024-05-23,1463.9761904761904,136.32418823242188,2025-05-23,226.52316284179688
2024-05-24,1463.9761904761904,137.74777221679688,2025-05-27,233.3865966796875
2024-05-28,1472.8536585365853,138.19882202148438,2025-05-28,237.13027954101562
2024-05-29,1472.8536585365853,136.06781005859375,2025-05-29,239.6459197998047
2024-05-30,1472.8536585365853,133.46615600585938,2025-05-30,239.7449493408203
2024-05-31,1472.8536585365853,129.98977661132812,2025-06-02,246.32118225097656
2024-06-03,1503.425,129.33914184570312,2025-06-03,254.38299560546875
2024-06-04,1503.425,130.21189880371094,2025-06-04,258.57232666015625
2024-06-05,1503.425,138.261474609375,2025-06-05,257.43341064453125
2024-06-06,1539.5135135135135,137.10496520996094,2025-06-06,244.55825805664062
2024-06-07,1539.5135135135135,137.63035583496094,2025-06-09,241.9337158203125
2024-06-10,1539.5135135135135,140.9404296875,2025-06-10,242.28036499023438
2024-06-11,1540.0526315789473,142.9520721435547,2025-06-11,250.48081970214844
2024-06-12,1539.025641025641,146.3257293701172,2025-06-12,253.6104736328125
2024-06-13,1644.1272727272728,164.27804565429688,2025-06-13,246.31126403808594
2024-06-14,1646.017857142857,169.76214599609375,2025-06-16,249.67860412597656
2024-06-17,1646.017857142857,178.9427947998047,2025-06-17,246.9748077392578
2024-06-18,1646.017857142857,176.36460876464844,2025-06-18,248.84666442871094
2024-06-20,1646.017857142857,169.7151641845703,2025-06-20,248.17164611816406
2024-06-21,1646.017857142857,162.2859344482422,2025-06-23,251.92413330078125
2024-06-24,1654.859649122807,156.2818145751953,2025-06-24,261.85137939453125
2024-06-25,1654.859649122807,155.16091918945312,2025-06-25,262.7249755859375
2024-06-26,1654.859649122807,156.26119995117188,2025-06-26,268.2048645019531
2024-06-27,1654.859649122807,155.7371063232422,2025-06-27,267.39080810546875
2024-06-28,1654.859649122807,157.58924865722656,2025-06-30,273.6449890136719
2024-07-01,1654.859649122807,161.05113220214844,2025-07-01,262.8143005371094
2024-07-02,1654.859649122807,162.68836975097656,2025-07-02,267.9367980957031
2024-07-03,1654.859649122807,169.7299346923828,2025-07-03,273.17840576171875
2024-07-05,1654.859649122807,167.18675231933594,2025-07-07,272.1856689453125
2024-07-08,1654.859649122807,171.36322021484375,2025-07-08,269.8229675292969
2024-07-09,1654.859649122807,170.13136291503906,2025-07-09,275.8786315917969
2024-07-10,1654.859649122807,171.24835205078125,2025-07-10,273.39678955078125
2024-07-11,1667.7068965517242,167.4458770751953,2025-07-11,272.38421630859375
2024-07-12,1667.7068965517242,166.92762756347656,2025-07-14,273.5953369140625
2024-07-15,1667.7068965517242,168.25564575195312,2025-07-15,278.896484375
2024-07-16,1625.1967213114754,166.25331115722656,2025-07-16,278.7674255371094
2024-07-17,1602.2096774193549,153.10069274902344,2025-07-17,284.36639404296875
2024-07-18,1602.2096774193549,157.55685424804688,2025-07-18,281.279052734375
2024-07-19,1602.2096774193549,154.44537353515625,2025-07-21,286.1136169433594
2024-07-22,1607.1639344262296,158.08689880371094,2025-07-22,276.5635986328125
2024-07-23,1607.1639344262296,160.7468719482422,2025-07-23,281.6264953613281
2024-07-24,1607.1639344262296,148.54629516601562,2025-07-24,286.6099853515625
2024-07-25,1607.1639344262296,146.50469970703125,2025-07-25,288.0692443847656
2024-07-26,1607.1639344262296,148.83096313476562,2025-07-28,292.1593017578125
2024-07-29,1612.2833333333333,147.44699096679688,2025-07-29,295.2566833496094
2024-07-30,1612.2833333333333,140.87066650390625,2025-07-30,300.4187927246094
2024-07-31,1612.2833333333333,157.7139129638672,2025-07-31,291.5636901855469
2024-08-01,1612.2833333333333,144.30606079101562,2025-08-01,286.54052734375
2024-08-02,1612.2833333333333,141.16514587402344,2025-08-04,295.554443359375
2024-08-05,1612.2833333333333,139.45726013183594,2025-08-05,290.7992858886719
2024-08-06,1612.2833333333333,141.2633056640625,2025-08-06,299.4757080078125
2024-08-07,1612.2833333333333,133.7545166015625,2025-08-07,301.5505065917969
2024-08-08,1612.2833333333333,143.0497283935547,2025-08-08,302.751708984375
2024-08-09,1612.2833333333333,145.52317810058594,2025-08-11,301.6894836425781
2024-08-12,1620.4655172413793,145.8765411376953,2025-08-12,310.55450439453125
2024-08-13,1620.4655172413793,153.27734375,2025-08-13,306.84173583984375
2024-08-14,1620.4655172413793,154.7790985107422,2025-08-14,308.9662170410156
2024-08-15,1620.4655172413793,163.0633087158203,2025-08-15,304.11175537109375
2024-08-16,1620.4655172413793,162.66087341308594,2025-08-18,303.5359802246094
2024-08-19,1626.0877192982457,164.61415100097656,2025-08-19,292.764892578125
2024-08-20,1626.0877192982457,162.88661193847656,2025-08-20,289.0520935058594
2024-08-21,1626.0877192982457,162.71975708007812,2025-08-21,287.4934997558594
2024-08-22,1626.0877192982457,159.34324645996094,2025-08-22,291.8614807128906
2024-08-23,1626.0877192982457,163.28904724121094,2025-08-25,292.08984375
2024-08-26,1628.6964285714287,156.67347717285156,2025-08-26,295.8423156738281
2024-08-27,1630.1272727272728,158.4108123779297,2025-08-27,298.0660400390625
2024-08-28,1630.1272727272728,155.2600555419922,2025-08-28,306.4049072265625
2024-08-29,1632.537037037037,154.03314208984375,2025-08-29,295.22686767578125
2024-08-30,1632.537037037037,159.81442260742188,2025-09-02,296.0706787109375
2024-09-03,1635.7115384615386,149.96954345703125,2025-09-03,300.19049072265625
2024-09-04,1637.3921568627452,151.2749786376953,2025-09-04,303.8735046386719
2024-09-05,1658.918918918919,149.99900817871094,2025-09-05,332.4541015625
2024-09-06,1456.046511627907,134.4710235595703,2025-09-08,343.13580322265625
2024-09-09,1414.25,138.2205352783203,2025-09-09,334.2211608886719
2024-09-10,1414.25,145.47410583496094,2025-09-10,366.8818359375
2024-09-11,1414.25,155.34840393066406,2025-09-11,357.01416015625
2024-09-12,1414.25,161.52227783203125,2025-09-12,357.2523498535156
2024-09-13,1414.25,164.5945281982422,2025-09-15,361.4416809082031
2024-09-16,1414.25,160.9922332763672,2025-09-16,357.3814392089844
2024-09-17,1414.4871794871794,159.47085571289062,2025-09-17,343.65203857421875
2024-09-18,1392.7142857142858,158.6856231689453,2025-09-18,342.8380126953125
2024-09-19,1392.7142857142858,164.86997985839844,2025-09-19,342.43096923828125
2024-09-20,1392.7142857142858,168.49392700195312,2025-09-22,336.9019775390625
2024-09-23,1392.7142857142858,170.305908203125,2025-09-23,337.0511169433594
2024-09-24,1392.7142857142858,172.1769561767578,2025-09-24,337.4190673828125
2024-09-25,1392.7142857142858,172.84661865234375,2025-09-25,334.2269592285156
2024-09-26,1392.7142857142858,175.37747192382812,2025-09-26,332.66571044921875
2024-09-27,1392.7142857142858,170.05970764160156,2025-09-29,326.0726318359375
2024-09-30,1392.7142857142858,169.87261962890625,2025-09-30,328.0714416503906
2024-10-01,1392.7142857142858,164.91921997070312,2025-10-01,331.53204345703125
2024-10-02,1392.7142857142858,168.0606231689453,2025-10-02,336.2953186035156
2024-10-03,1392.7142857142858,169.2718963623047,2025-10-03,336.4842834472656
2024-10-04,1392.7142857142858,173.94955444335938,2025-10-06,333.6203308105469
2024-10-07,1392.7142857142858,172.41329956054688,2025-10-07,334.53521728515625
2024-10-08,1329.054054054054,177.97723388671875,2025-10-08,343.5745544433594
2024-10-09,1329.054054054054,183.11776733398438,2025-10-09,343.09722900390625
2024-10-10,1329.054054054054,182.8616943359375,2025-10-10,322.82086181640625
2024-10-11,1329.054054054054,178.7158203125,2025-10-13,354.7121276855469
2024-10-14,1291.2162162162163,179.53317260742188,2025-10-14,342.2121887207031
2024-10-15,1285.4166666666667,173.29962158203125,2025-10-15,349.3720397949219
2024-10-16,1285.4166666666667,174.12680053710938,2025-10-16,352.1763610839844
2024-10-17,1285.4166666666667,178.76504516601562,2025-10-17,347.3832092285156
2024-10-18,1285.4166666666667,177.15003967285156,2025-10-20,347.293701171875
2024-10-21,1285.4166666666667,177.24851989746094,2025-10-21,340.7503967285156
2024-10-22,1285.4166666666667,176.6478271484375,2025-10-22,338.4035339355469
2024-10-23,1285.4166666666667,170.86720275878906,2025-10-23,342.3713073730469
2024-10-24,1285.4166666666667,168.74012756347656,2025-10-24,352.1564636230469
2024-10-25,1285.4166666666667,170.364990234375,2025-10-27,360.0323181152344
2024-10-28,1285.4166666666667,169.39993286132812,2025-10-28,370.8914489746094
2024-10-29,1285.4166666666667,176.5099639892578,2025-10-29,383.8289794921875
2024-10-30,1285.4166666666667,173.94955444335938,2025-10-30,374.3719787597656
2024-10-31,1285.4166666666667,167.18417358398438,2025-10-31,367.570068359375
2024-11-01,1285.4166666666667,166.3471221923828,2025-11-03,360.5295104980469
2024-11-04,1256.081081081081,165.9827880859375,2025-11-04,349.9786682128906
2024-11-05,1256.081081081081,171.25128173828125,2025-11-05,356.9794616699219
2024-11-06,1256.081081081081,176.8152313232422,2025-11-06,353.6083068847656
2024-11-07,1256.081081081081,181.01034545898438,2025-11-07,347.4826354980469
2024-11-08,1256.081081081081,180.84291076660156,2025-11-10,356.39276123046875
2024-11-11,1256.081081081081,176.18496704101562,2025-11-11,349.9985656738281
2024-11-12,1256.081081081081,173.5359344482422,2025-11-12,353.24041748046875
2024-11-13,1256.081081081081,170.9361572265625,2025-11-13,338.0853271484375
2024-11-14,1256.081081081081,167.78489685058594,2025-11-14,340.5514831542969
2024-11-15,1256.081081081081,162.32925415039062,2025-11-17,340.7404479980469
2024-11-18,1256.081081081081,163.14662170410156,2025-11-18,338.6024169921875
2024-11-19,1256.081081081081,162.83151245117188,2025-11-19,352.4448547363281
2024-11-20,1256.081081081081,160.7635040283203,2025-11-20,344.8872375488281
2024-11-21,1256.081081081081,161.44297790527344,2025-11-21,338.3041076660156
2024-11-22,1256.081081081081,161.7285614013672,2025-11-24,375.8536682128906
2024-11-25,1256.081081081081,162.30958557128906,2025-11-25,382.88427734375
2024-11-26,1256.081081081081,162.2307891845703,2025-11-26,395.3543701171875
2024-11-27,1256.081081081081,157.23802185058594,2025-11-28,400.7143249511719
2024-11-29,1256.081081081081,159.611328125,2025-12-01,383.92840576171875
2024-12-02,1239.5833333333333,163.9738311767578,2025-12-02,379.4435729980469
2024-12-03,1239.5833333333333,165.58885192871094,2025-12-03,378.4888610839844
2024-12-04,1239.5833333333333,167.962158203125,2025-12-04,378.90655517578125
2024-12-05,1239.5833333333333,167.87351989746094,2025-12-05,388.0652160644531
2024-12-06,1239.5833333333333,176.7955322265625,2025-12-08,398.8647155761719
2024-12-09,1230.4285714285713,176.21450805664062,2025-12-09,404.0257873535156
2024-12-10,1193.4285714285713,169.193115234375,2025-12-10,410.6685485839844
2024-12-11,580.25,180.40960693359375,2025-12-11,404.1053466796875
2024-12-12,518.6842105263158,177.90830993652344,2025-12-12,357.92413330078125
2024-12-13,386.75,221.37599182128906,2025-12-15,337.916259765625
2024-12-16,381.8378378378378,246.19216918945312,2025-12-16,339.39794921875
2024-12-17,381.8378378378378,236.5709991455078,2025-12-17,324.2030944824219
2024-12-18,381.8378378378378,220.21397399902344,2025-12-18,328.0416259765625
2024-12-19,381.8378378378378,214.99472045898438,2025-12-19,338.46319580078125
2024-12-20,378.7631578947368,217.42706298828125,2025-12-22,340.19683837890625
2024-12-23,330.8918918918919,229.42410278320312,2025-12-23,348.0379333496094
2024-12-24,330.8918918918919,236.66175842285156,2025-12-24,348.93463134765625
2024-12-26,330.8918918918919,242.270263671875,2025-12-26,350.8376159667969
2024-12-27,330.8918918918919,238.70570373535156,2025-12-29,348.1076965332031
2024-12-30,330.8918918918919,232.6134033203125,2025-12-30,348.56597900390625
2024-12-31,330.8918918918919,228.92050170898438,2025-12-31,344.82977294921875
2025-01-02,330.8918918918919,229.05873107910156,2026-01-02,346.3441467285156
2025-01-03,330.8918918918919,229.6215362548828,2026-01-05,342.15960693359375
2025-01-06,330.8918918918919,233.43295288085938,2026-01-06,342.50830078125
2025-01-07,330.8918918918919,225.76077270507812,2026-01-07,342.2392883300781
2025-01-08,273.4166666666667,226.42236328125,2026-01-08,331.2597351074219
2025-01-10,273.05405405405406,221.4853057861328,2026-01-12,350.9173278808594
2025-01-13,226.26470588235293,222.45298767089844,2026-01-13,353.3085021972656
2025-01-14,227.06060606060606,221.8704071044922,2026-01-14,338.642578125
2025-01-15,227.06060606060606,225.12884521484375,2026-01-15,341.76104736328125
2025-01-16,227.06060606060606,226.5210723876953,2026-01-16,350.4191589355469
2025-01-17,228.02941176470588,234.44998168945312,2026-01-20,331.3793029785156
2025-01-21,228.02941176470588,237.28382873535156,2026-01-21,327.5932312011719
2025-01-22,228.02941176470588,237.87628173828125,2026-01-22,324.2953796386719
2025-01-23,228.02941176470588,237.2541961669922,2026-01-23,318.8753662109375
2025-01-24,228.02941176470588,241.61856079101562,2026-01-26,323.6577453613281
2025-01-27,228.02941176470588,199.58465576171875,2026-01-27,331.568603515625
2025-01-28,228.54285714285714,204.74876403808594,2026-01-28,332.0169372558594
2025-01-29,228.54285714285714,203.75149536132812,2026-01-29,329.51617431640625
2025-01-30,228.54285714285714,212.9442596435547,2026-01-30,330.08404541015625
2025-01-31,228.54285714285714,218.48361206054688,2026-02-02,329.8947448730469
2025-02-03,228.54285714285714,214.98814392089844,2026-02-03,319.154296875
2025-02-04,228.54285714285714,219.6289825439453,2026-02-04,306.9194030761719
2025-02-05,228.54285714285714,229.07847595214844,2026-02-05,309.3703918457031
2025-02-06,228.54285714285714,228.44654846191406,2026-02-06,331.6981506347656
2025-02-07,228.54285714285714,222.03826904296875,2026-02-09,342.67767333984375
2025-02-10,228.54285714285714,232.08018493652344,2026-02-10,339.1905212402344
2025-02-11,228.54285714285714,232.08018493652344,2026-02-11,341.50201416015625
2025-02-12,228.54285714285714,233.3737030029297,2026-02-12,329.9545593261719
2025-02-13,228.54285714285714,232.83062744140625,2026-02-13,323.9765625
2025-02-14,228.54285714285714,230.10537719726562,2026-02-17,331.31951904296875
2025-02-18,228.54285714285714,225.6521759033203,2026-02-18,332.28594970703125
2025-02-19,228.54285714285714,225.8496551513672,2026-02-19,332.76416015625
2025-02-20,228.54285714285714,223.8847198486328,2026-02-20,331.4291076660156
2025-02-21,228.54285714285714,215.906494140625,2026-02-23,329.1275939941406
2025-02-24,228.54285714285714,205.31158447265625,2026-02-24,324.2953796386719
2025-02-25,228.54285714285714,199.98947143554688,2026-02-25,331.0903625488281
2025-02-26,229.13888888888889,210.2584991455078,2026-02-26,320.519287109375
2025-02-27,229.13888888888889,195.3091583251953,2026-02-27,318.377197265625
2025-02-28,229.13888888888889,196.91864013671875,2026-03-02,317.6498718261719
2025-03-03,229.13888888888889,185.01048278808594,2026-03-03,312.68817138671875
2025-03-04,229.13888888888889,185.11911010742188,2026-03-04,316.3645935058594
2025-03-05,229.13888888888889,189.16749572753906,2026-03-05,331.54864501953125
2025-03-06,233.96666666666667,177.1902313232422,2026-03-06,329.26708984375
2025-03-07,240.42105263157896,192.5049285888672,2026-03-09,344.4810485839844
2025-03-10,242.32432432432432,182.12725830078125,2026-03-10,341.3226623535156
2025-03-11,242.32432432432432,187.69622802734375,2026-03-11,340.3163757324219
2025-03-12,242.32432432432432,191.7841339111328,2026-03-12,334.7369384765625
2025-03-13,242.32432432432432,188.9502410888672,2026-03-13,320.9776306152344
2025-03-14,242.32432432432432,193.07760620117188,2026-03-16,323.7275085449219
2025-03-17,242.32432432432432,192.05072021484375,2026-03-17,320.1307373046875
2025-03-18,242.32432432432432,186.29412841796875,2026-03-18,314.7704772949219
2025-03-19,242.32432432432432,193.1072540283203,2026-03-19,318.6661376953125
2025-03-20,242.32432432432432,188.7098846435547,2026-03-20,309.3703918457031
2025-03-21,242.32432432432432,189.8191375732422,2026-03-23,322.0003967285156
2025-03-24,242.32432432432432,189.41305541992188,2026-03-24,317.78704833984375
2025-03-25,242.32432432432432,186.45175170898438,2026-03-25,318.30621337890625
2025-03-26,242.32432432432432,177.5481414794922,2026-03-26,308.9310607910156
2025-03-27,242.32432432432432,170.3380584716797,2026-03-27,300.2048645019531
2025-03-28,242.32432432432432,167.49562072753906,2026-03-30,292.94635009765625
2025-03-31,242.32432432432432,165.8218536376953,2026-03-31,309.02093505859375
2025-04-01,242.32432432432432,166.90139770507812,2026-04-01,312.99462890625
2025-04-02,242.32432432432432,170.43710327148438,2026-04-02,314.0529479980469
2025-04-03,242.32432432432432,152.53074645996094,2026-04-06,313.9331359863281
2025-04-04,242.32432432432432,144.8848876953125,2026-04-06,313.9331359863281
2025-04-07,243.88571428571427,152.6595001220703,2026-04-07,333.4422607421875
2025-04-08,243.88571428571427,154.53134155273438,2026-04-08,350.0759582519531
2025-04-09,243.88571428571427,183.37164306640625,2026-04-09,354.34918212890625
2025-04-10,243.88571428571427,170.64508056640625,2026-04-10,370.9628601074219
2025-04-11,242.94444444444446,180.19248962402344,2026-04-13,379.1499328613281
2025-04-14,243.6,176.64688110351562,2026-04-14,380.17828369140625
2025-04-15,243.6,177.23121643066406,2026-04-15,396.0931091308594
2025-04-16,243.5,172.93289184570312,2026-04-16,397.8403625488281
2025-04-17,243.5,169.34765625,2026-04-17,405.8976135253906
2025-04-21,243.5,164.61358642578125,2026-04-21,401.5345153808594
2025-04-22,242.72972972972974,167.95120239257812,2026-04-22,421.98211669921875
2025-04-23,242.21052631578948,175.21078491210938,2026-04-23,419.27642822265625
2025-04-24,242.21052631578948,186.3428497314453,2026-04-24,422.09197998046875
2025-04-25,242.21052631578948,190.46287536621094,2026-04-27,417.5391845703125
2025-04-28,242.21052631578948,190.621337890625,2026-04-28,399.19818115234375
2025-04-29,242.21052631578948,189.33384704589844,2026-04-29,404.809326171875
2025-04-30,241.89743589743588,190.621337890625,2026-04-30,416.7703857421875
2025-05-01,241.89743589743588,195.43467712402344,2026-05-01,420.6142883300781
2025-05-02,241.89743589743588,201.68406677246094,2026-05-04,415.84185791015625
2025-05-05,243.0,198.7921142578125,2026-05-05,426.6846923828125
2025-05-06,243.0,198.1681365966797,2026-05-06,424.7677307128906
2025-05-07,243.0,202.8428192138672,2026-05-07,411.9080810546875
2025-05-08,243.0,205.77439880371094,2026-05-08,429.3205261230469
2025-05-09,243.0,206.20025634765625,2026-05-11,427.75299072265625
2025-05-12,243.0,219.4517364501953,2026-05-12,418.6374206542969
2025-05-13,243.0,230.1876220703125,2026-05-13,416.13140869140625
2025-05-14,243.0,229.8905029296875,2026-05-14,439.0950622558594
2025-05-15,243.0,230.405517578125,2026-05-15,424.51812744140625
2025-05-16,243.0,226.41421508789062,2026-05-18,420.0451965332031
2025-05-19,243.0,228.41482543945312,2026-05-19,410.4204406738281
2025-05-20,243.0,229.4547119140625,2026-05-20,417.0998840332031
2025-05-21,243.0,227.52346801757812,2026-05-21,413.9149169921875
2025-05-22,243.0,228.3157958984375,2026-05-22,413.485595703125
2025-05-23,243.0,226.52316284179688,2026-05-26,421.3431701660156
2025-05-27,243.0,233.3865966796875,2026-05-27,421.193359375
2025-05-28,245.875,237.13027954101562,2026-05-28,425.9059143066406
2025-05-29,246.70731707317074,239.6459197998047,2026-05-29,446.06402587890625
2025-05-30,247.14285714285714,239.7449493408203,2026-06-01,459.2431640625
2025-06-02,247.14285714285714,246.32118225097656,2026-06-02,480.8090515136719
2025-06-03,247.8139534883721,254.38299560546875,2026-06-03,478.4727478027344
2025-06-04,247.8139534883721,258.57232666015625,2026-06-04,418.248046875
2025-06-05,247.8139534883721,257.43341064453125,2026-06-05,385.1204833984375
2025-06-06,259.27272727272725,244.55825805664062,2026-06-08,395.9732971191406
2025-06-09,260.80357142857144,241.9337158203125,2026-06-09,391.5403137207031
2025-06-10,261.1818181818182,242.28036499023438,2026-06-10,371.51202392578125
2025-06-11,261.1818181818182,250.48081970214844,2026-06-11,384.9607238769531
2025-06-12,270.9736842105263,253.6104736328125,2026-06-12,381.4662780761719
2025-06-13,270.9736842105263,246.31126403808594,2026-06-15,393.3175048828125
2025-06-16,272.7567567567568,249.67860412597656,2026-06-16,376.1147155761719
2025-06-17,272.7567567567568,246.9748077392578,2026-06-17,392.2791442871094
2025-06-18,272.7567567567568,248.84666442871094,2026-06-18,410.70001220703125
2025-06-20,272.97222222222223,248.17164611816406,2026-06-22,392.1300048828125
2025-06-23,272.97222222222223,251.92413330078125,2026-06-23,380.1499938964844
2025-06-24,272.97222222222223,261.85137939453125,2026-06-24,382.07000732421875
2025-06-25,272.97222222222223,262.7249755859375,2026-06-25,378.9100036621094
2025-06-26,272.97222222222223,268.2048645019531,2026-06-26,365.0199890136719
2025-06-27,272.97222222222223,267.39080810546875,2026-06-29,372.45001220703125
2025-06-30,272.97222222222223,273.6449890136719,2026-06-30,377.75
2025-07-01,272.97222222222223,262.8143005371094,2026-07-01,369.3399963378906
2025-07-02,272.97222222222223,267.9367980957031,2026-07-02,360.45001220703125
2025-07-03,274.1081081081081,273.17840576171875,2026-07-06,373.8999938964844
2025-07-07,275.1842105263158,272.1856689453125,2026-07-07,370.7799987792969
2025-07-08,276.5897435897436,269.8229675292969,2026-07-08,388.69000244140625
2025-07-09,276.5897435897436,275.8786315917969,2026-07-09,401.1099853515625
2025-07-10,278.0,273.39678955078125,2026-07-10,399.9700012207031
2025-07-11,278.0,272.38421630859375,2026-07-13,384.04998779296875
2025-07-14,278.0,273.5953369140625,2026-07-14,389.1099853515625
2025-07-15,278.675,278.896484375,2026-07-15,394.2799987792969
2025-07-16,279.6829268292683,278.7674255371094,,
2025-07-17,280.175,284.36639404296875,,
2025-07-18,280.175,281.279052734375,,
2025-07-21,280.175,286.1136169433594,,
2025-07-22,280.175,276.5635986328125,,
2025-07-23,280.175,281.6264953613281,,
2025-07-24,280.175,286.6099853515625,,
2025-07-25,280.175,288.0692443847656,,
2025-07-28,281.05128205128204,292.1593017578125,,
2025-07-29,281.05128205128204,295.2566833496094,,
2025-07-30,282.475,300.4187927246094,,
2025-07-31,282.475,291.5636901855469,,
2025-08-01,282.475,286.54052734375,,
2025-08-04,282.475,295.554443359375,,
2025-08-05,282.475,290.7992858886719,,
2025-08-06,282.475,299.4757080078125,,
2025-08-07,282.475,301.5505065917969,,
2025-08-08,282.475,302.751708984375,,
2025-08-11,282.475,301.6894836425781,,
2025-08-12,282.475,310.55450439453125,,
2025-08-13,283.8780487804878,306.84173583984375,,
2025-08-14,283.8780487804878,308.9662170410156,,
2025-08-15,283.8780487804878,304.11175537109375,,
2025-08-18,283.8780487804878,303.5359802246094,,
2025-08-19,283.8780487804878,292.764892578125,,
2025-08-20,283.8780487804878,289.0520935058594,,
2025-08-21,283.8780487804878,287.4934997558594,,
2025-08-22,284.6190476190476,291.8614807128906,,
2025-08-25,286.0232558139535,292.08984375,,
2025-08-26,286.8809523809524,295.8423156738281,,
2025-08-27,286.8809523809524,298.0660400390625,,
2025-08-28,287.7674418604651,306.4049072265625,,
2025-08-29,287.7674418604651,295.22686767578125,,
2025-09-02,289.34090909090907,296.0706787109375,,
2025-09-03,289.34090909090907,300.19049072265625,,
2025-09-04,296.1081081081081,303.8735046386719,,
2025-09-05,320.62264150943395,332.4541015625,,
2025-09-08,321.6296296296296,343.13580322265625,,
2025-09-09,321.6296296296296,334.2211608886719,,
2025-09-10,321.6296296296296,366.8818359375,,
2025-09-11,321.6296296296296,357.01416015625,,
2025-09-12,323.23636363636365,357.2523498535156,,
2025-09-15,324.9642857142857,361.4416809082031,,
2025-09-16,324.9642857142857,357.3814392089844,,
2025-09-17,324.9642857142857,343.65203857421875,,
2025-09-18,324.9642857142857,342.8380126953125,,
2025-09-19,324.9642857142857,342.43096923828125,,
2025-09-22,324.9642857142857,336.9019775390625,,
2025-09-23,324.9642857142857,337.0511169433594,,
2025-09-24,324.9642857142857,337.4190673828125,,
2025-09-25,324.9642857142857,334.2269592285156,,
2025-09-26,324.9642857142857,332.66571044921875,,
2025-09-29,324.9642857142857,326.0726318359375,,
2025-09-30,326.63157894736844,328.0714416503906,,
2025-10-01,326.63157894736844,331.53204345703125,,
2025-10-02,326.63157894736844,336.2953186035156,,
2025-10-03,326.63157894736844,336.4842834472656,,
2025-10-06,326.63157894736844,333.6203308105469,,
2025-10-07,326.63157894736844,334.53521728515625,,
2025-10-08,326.63157894736844,343.5745544433594,,
2025-10-09,328.7142857142857,343.09722900390625,,
2025-10-10,328.7142857142857,322.82086181640625,,
2025-10-13,328.7142857142857,354.7121276855469,,
2025-10-14,337.6166666666667,342.2121887207031,,
2025-10-15,337.6166666666667,349.3720397949219,,
2025-10-16,337.6166666666667,352.1763610839844,,
2025-10-17,337.6166666666667,347.3832092285156,,
2025-10-20,339.6949152542373,347.293701171875,,
2025-10-21,343.2881355932203,340.7503967285156,,
2025-10-22,343.2881355932203,338.4035339355469,,
2025-10-23,343.2881355932203,342.3713073730469,,
2025-10-24,343.2881355932203,352.1564636230469,,
2025-10-27,343.2881355932203,360.0323181152344,,
2025-10-28,345.2413793103448,370.8914489746094,,
2025-10-29,345.2413793103448,383.8289794921875,,
2025-10-30,345.2413793103448,374.3719787597656,,
2025-10-31,345.2413793103448,367.570068359375,,
2025-11-03,345.2413793103448,360.5295104980469,,
2025-11-04,345.2413793103448,349.9786682128906,,
2025-11-05,345.2413793103448,356.9794616699219,,
2025-11-06,345.2413793103448,353.6083068847656,,
2025-11-07,345.2413793103448,347.4826354980469,,
2025-11-10,345.2413793103448,356.39276123046875,,
2025-11-11,345.2413793103448,349.9985656738281,,
2025-11-12,345.2413793103448,353.24041748046875,,
2025-11-13,345.2413793103448,338.0853271484375,,
2025-11-14,345.2413793103448,340.5514831542969,,
2025-11-17,345.2413793103448,340.7404479980469,,
2025-11-18,345.2413793103448,338.6024169921875,,
2025-11-19,345.2413793103448,352.4448547363281,,
2025-11-20,345.2413793103448,344.8872375488281,,
2025-11-21,345.2413793103448,338.3041076660156,,
2025-11-24,345.2413793103448,375.8536682128906,,
2025-11-25,346.8392857142857,382.88427734375,,
2025-11-26,349.60714285714283,395.3543701171875,,
2025-11-28,351.1454545454545,400.7143249511719,,
2025-12-01,358.10526315789474,383.92840576171875,,
2025-12-02,358.10526315789474,379.4435729980469,,
2025-12-03,358.10526315789474,378.4888610839844,,
2025-12-04,375.17391304347825,378.90655517578125,,
2025-12-05,376.4468085106383,388.0652160644531,,
2025-12-08,380.9555555555556,398.8647155761719,,
2025-12-09,382.2391304347826,404.0257873535156,,
2025-12-10,382.2391304347826,410.6685485839844,,
2025-12-11,382.2391304347826,404.1053466796875,,
2025-12-12,401.52542372881356,357.92413330078125,,
2025-12-15,402.75,337.916259765625,,
2025-12-16,402.75,339.39794921875,,
2025-12-17,402.75,324.2030944824219,,
2025-12-18,402.75,328.0416259765625,,
2025-12-19,404.5081967213115,338.46319580078125,,
2025-12-22,404.5081967213115,340.19683837890625,,
2025-12-23,404.5081967213115,348.0379333496094,,
2025-12-24,404.5081967213115,348.93463134765625,,
2025-12-26,404.5081967213115,350.8376159667969,,
2025-12-29,404.5081967213115,348.1076965332031,,
2025-12-30,404.5081967213115,348.56597900390625,,
2025-12-31,406.0,344.82977294921875,,
2026-01-02,406.0,346.3441467285156,,
2026-01-05,408.87931034482756,342.15960693359375,,
2026-01-06,408.87931034482756,342.50830078125,,
2026-01-07,410.5263157894737,342.2392883300781,,
2026-01-08,410.5263157894737,331.2597351074219,,
2026-01-09,411.7241379310345,343.7038879394531,,
2026-01-12,413.5964912280702,350.9173278808594,,
2026-01-13,415.26785714285717,353.3085021972656,,
2026-01-14,415.26785714285717,338.642578125,,
2026-01-15,414.7413793103448,341.76104736328125,,
2026-01-16,414.7413793103448,350.4191589355469,,
2026-01-20,414.7413793103448,331.3793029785156,,
2026-01-21,414.7413793103448,327.5932312011719,,
2026-01-22,414.7413793103448,324.2953796386719,,
2026-01-23,414.7413793103448,318.8753662109375,,
2026-01-26,414.7413793103448,323.6577453613281,,
2026-01-27,416.0877192982456,331.568603515625,,
2026-01-28,416.0877192982456,332.0169372558594,,
2026-01-29,416.0877192982456,329.51617431640625,,
2026-01-30,416.0877192982456,330.08404541015625,,
2026-02-02,416.0877192982456,329.8947448730469,,
2026-02-03,416.0877192982456,319.154296875,,
2026-02-04,416.0877192982456,306.9194030761719,,
2026-02-05,416.0877192982456,309.3703918457031,,
2026-02-06,416.0877192982456,331.6981506347656,,
2026-02-09,416.0877192982456,342.67767333984375,,
2026-02-10,417.44642857142856,339.1905212402344,,
2026-02-11,417.44642857142856,341.50201416015625,,
2026-02-12,417.44642857142856,329.9545593261719,,
2026-02-13,416.0,323.9765625,,
2026-02-17,416.7241379310345,331.31951904296875,,
2026-02-18,416.7241379310345,332.28594970703125,,
2026-02-19,418.50877192982455,332.76416015625,,
2026-02-20,418.50877192982455,331.4291076660156,,
2026-02-23,419.82142857142856,329.1275939941406,,
2026-02-24,419.82142857142856,324.2953796386719,,
2026-02-25,421.54545454545456,331.0903625488281,,
2026-02-26,421.54545454545456,320.519287109375,,
2026-02-27,421.54545454545456,318.377197265625,,
2026-03-02,421.23636363636365,317.6498718261719,,
2026-03-03,421.23636363636365,312.68817138671875,,
2026-03-04,422.7037037037037,316.3645935058594,,
2026-03-05,449.69565217391306,331.54864501953125,,
2026-03-06,450.1276595744681,329.26708984375,,
2026-03-09,451.7608695652174,344.4810485839844,,
2026-03-10,451.7608695652174,341.3226623535156,,
2026-03-11,451.7608695652174,340.3163757324219,,
2026-03-12,452.68888888888887,334.7369384765625,,
2026-03-13,452.68888888888887,320.9776306152344,,
2026-03-16,453.4318181818182,323.7275085449219,,
2026-03-17,453.4318181818182,320.1307373046875,,
2026-03-18,453.4318181818182,314.7704772949219,,
2026-03-19,453.4318181818182,318.6661376953125,,
2026-03-20,453.4318181818182,309.3703918457031,,
2026-03-23,453.4318181818182,322.0003967285156,,
2026-03-24,453.4318181818182,317.78704833984375,,
2026-03-25,453.4318181818182,318.30621337890625,,
2026-03-26,453.4318181818182,308.9310607910156,,
2026-03-27,453.4318181818182,300.2048645019531,,
2026-03-30,454.2093023255814,292.94635009765625,,
2026-03-31,454.2093023255814,309.02093505859375,,
2026-04-01,454.2093023255814,312.99462890625,,
2026-04-02,454.2093023255814,314.0529479980469,,
2026-04-06,454.2093023255814,313.9331359863281,,
2026-04-07,455.25,333.4422607421875,,
2026-04-08,455.25,350.0759582519531,,
2026-04-09,455.25,354.34918212890625,,
2026-04-10,455.25,370.9628601074219,,
2026-04-13,460.425,379.1499328613281,,
2026-04-14,463.7674418604651,380.17828369140625,,
2026-04-15,463.8222222222222,396.0931091308594,,
2026-04-16,464.17391304347825,397.8403625488281,,
2026-04-17,464.17391304347825,405.8976135253906,,
2026-04-20,464.8222222222222,398.9985046386719,,
2026-04-21,464.8222222222222,401.5345153808594,,
2026-04-22,464.8222222222222,421.98211669921875,,
2026-04-23,464.8222222222222,419.27642822265625,,
2026-04-24,464.8222222222222,422.09197998046875,,
2026-04-27,464.8222222222222,417.5391845703125,,
2026-04-28,464.8222222222222,399.19818115234375,,
2026-04-29,464.8222222222222,404.809326171875,,
2026-04-30,464.8222222222222,416.7703857421875,,
2026-05-01,464.8222222222222,420.6142883300781,,
2026-05-04,464.8222222222222,415.84185791015625,,
2026-05-05,464.8222222222222,426.6846923828125,,
2026-05-06,464.8222222222222,424.7677307128906,,
2026-05-07,464.8222222222222,411.9080810546875,,
2026-05-08,464.8222222222222,429.3205261230469,,
2026-05-11,464.8222222222222,427.75299072265625,,
2026-05-12,465.5869565217391,418.6374206542969,,
2026-05-13,465.5869565217391,416.13140869140625,,
2026-05-14,467.27659574468083,439.0950622558594,,
2026-05-15,467.9583333333333,424.51812744140625,,
2026-05-18,468.40816326530614,420.0451965332031,,
2026-05-19,468.40816326530614,410.4204406738281,,
2026-05-20,468.40816326530614,417.0998840332031,,
2026-05-21,468.40816326530614,413.9149169921875,,
2026-05-22,468.40816326530614,413.485595703125,,
2026-05-26,469.1041666666667,421.3431701660156,,
2026-05-27,469.1041666666667,421.193359375,,
2026-05-28,469.53061224489795,425.9059143066406,,
2026-05-29,469.53061224489795,446.06402587890625,,
2026-06-01,470.5744680851064,459.2431640625,,
2026-06-02,470.5744680851064,480.8090515136719,,
2026-06-03,471.0217391304348,478.4727478027344,,
2026-06-04,482.11290322580646,418.248046875,,
2026-06-05,482.11290322580646,385.1204833984375,,
2026-06-08,482.8032786885246,395.9732971191406,,
2026-06-09,482.8032786885246,391.5403137207031,,
2026-06-10,482.8032786885246,371.51202392578125,,
2026-06-11,486.3333333333333,384.9607238769531,,
2026-06-12,486.3333333333333,381.4662780761719,,
2026-06-15,486.5744680851064,393.3175048828125,,
2026-06-16,486.5744680851064,376.1147155761719,,
2026-06-17,486.5744680851064,392.2791442871094,,
2026-06-18,486.0652173913044,410.70001220703125,,
2026-06-22,486.0652173913044,392.1300048828125,,
2026-06-23,486.0652173913044,380.1499938964844,,
2026-06-24,486.0652173913044,382.07000732421875,,
2026-06-25,486.0652173913044,378.9100036621094,,
2026-06-26,486.0652173913044,365.0199890136719,,
2026-06-29,486.0652173913044,372.45001220703125,,
2026-06-30,486.0652173913044,377.75,,
2026-07-01,486.0652173913044,369.3399963378906,,
2026-07-02,486.0652173913044,360.45001220703125,,
2026-07-06,486.0652173913044,373.8999938964844,,
2026-07-07,486.0652173913044,370.7799987792969,,
2026-07-08,486.0652173913044,388.69000244140625,,
2026-07-09,486.2,401.1099853515625,,
2026-07-10,486.2,399.9700012207031,,
2026-07-13,486.2,384.04998779296875,,
2026-07-14,486.2,389.1099853515625,,
2026-07-15,490.2093023255814,394.2799987792969,,
