Date,ConsensusTarget,StockPrice,ForwardDate,StockPrice12mForward
2016-07-29,47.525,39.219234466552734,2017-07-31,46.85948944091797
2016-08-01,47.525,39.69501876831055,2017-08-01,46.912017822265625
2016-08-02,47.525,39.65437316894531,2017-08-02,46.96554946899414
2016-08-03,47.525,39.59489822387695,2017-08-03,46.601768493652344
2016-08-04,47.525,39.51213455200195,2017-08-04,46.87385940551758
2016-08-05,47.525,39.99188232421875,2017-08-07,46.87187576293945
2016-08-08,47.525,39.90763473510742,2017-08-08,46.794559478759766
2016-08-09,47.525,40.019142150878906,2017-08-09,46.59086608886719
2016-08-10,47.525,40.06919479370117,2017-08-10,45.773616790771484
2016-08-11,47.525,40.0548210144043,2017-08-11,46.095760345458984
2016-08-12,47.525,39.99782943725586,2017-08-14,46.533870697021484
2016-08-15,47.525,39.943809509277344,2017-08-15,46.49174499511719
2016-08-16,47.525,39.7074089050293,2017-08-16,46.79853057861328
2016-08-17,47.525,39.91704559326172,2017-08-17,45.97532653808594
2016-08-18,47.525,39.78471755981445,2017-08-18,45.90196990966797
2016-08-19,47.525,39.63107681274414,2017-08-21,45.6388053894043
2016-08-22,47.525,39.49727249145508,2017-08-22,46.606727600097656
2016-08-23,47.525,39.47942352294922,2017-08-23,46.71477127075195
2016-08-24,47.525,39.33124542236328,2017-08-24,46.43277359008789
2016-08-25,47.525,39.21725082397461,2017-08-25,46.11608123779297
2016-08-26,47.525,39.31241226196289,2017-08-28,45.998619079589844
2016-08-29,47.525,39.44126892089844,2017-08-29,46.37626647949219
2016-08-30,47.525,39.24797821044922,2017-08-30,46.766807556152344
2016-08-31,47.525,39.145389556884766,2017-08-31,47.34220504760742
2016-09-01,47.525,39.22220230102539,2017-09-01,47.18112564086914
2016-09-02,47.525,39.49330520629883,2017-09-05,46.66025924682617
2016-09-06,47.525,40.0459098815918,2017-09-06,46.68701934814453
2016-09-07,47.525,40.04441833496094,2017-09-07,47.077056884765625
2016-09-08,47.525,39.78917694091797,2017-09-08,46.65678024291992
2016-09-09,47.525,39.07748794555664,2017-09-11,46.74995422363281
2016-09-12,47.525,39.58994674682617,2017-09-12,46.916481018066406
2016-09-13,47.525,39.08938980102539,2017-09-13,47.104312896728516
2016-09-14,47.525,39.17561340332031,2017-09-14,46.593345642089844
2016-09-15,47.525,39.709388732910156,2017-09-15,46.35347366333008
2016-09-16,47.525,39.547821044921875,2017-09-18,46.07890319824219
2016-09-19,47.525,39.41995620727539,2017-09-19,46.43128204345703
2016-09-20,47.525,39.63751983642578,2017-09-20,46.9605827331543
2016-09-21,47.525,39.8977165222168,2017-09-21,46.961082458496094
2016-09-22,47.525,40.438926696777344,2017-09-22,46.748470306396484
2016-09-23,47.525,40.389854431152344,2017-09-25,46.30341720581055
2016-09-26,47.525,39.779762268066406,2017-09-26,46.45953369140625
2016-09-27,47.525,40.18021774291992,2017-09-27,47.573158264160156
2016-09-28,47.525,40.147003173828125,2017-09-28,47.816497802734375
2016-09-29,47.525,39.77927017211914,2017-09-29,48.258079528808594
2016-09-30,47.525,39.84964370727539,2017-10-02,47.948333740234375
2016-10-03,47.525,39.66726303100586,2017-10-03,48.17680740356445
2016-10-04,47.525,39.786705017089844,2017-10-04,47.91413497924805
2016-10-05,47.525,39.709388732910156,2017-10-05,48.82654571533203
2016-10-06,47.525,39.80107879638672,2017-10-06,49.24533462524414
2016-10-07,47.525,39.68362045288086,2017-10-09,49.179420471191406
2016-10-10,47.525,40.35070037841797,2017-10-10,48.95589828491211
2016-10-11,47.525,40.12272262573242,2017-10-11,49.840553283691406
2016-10-12,47.525,40.231754302978516,2017-10-12,49.840553283691406
2016-10-13,47.525,39.85063552856445,2017-10-13,49.95057678222656
2016-10-14,47.525,39.87641143798828,2017-10-16,50.02392578125
2016-10-17,47.525,39.987422943115234,2017-10-17,50.10569763183594
2016-10-18,47.525,40.71348190307617,2017-10-18,50.19194030761719
2016-10-19,47.525,40.978633880615234,2017-10-19,49.6517219543457
2016-10-20,47.525,40.72042465209961,2017-10-20,49.81180953979492
2016-10-21,47.525,40.840850830078125,2017-10-23,48.84389114379883
2016-10-24,47.525,41.41972351074219,2017-10-24,48.99009704589844
2016-10-25,47.525,41.06338119506836,2017-10-25,49.137290954589844
2016-10-26,47.525,40.74371337890625,2017-10-26,49.13530731201172
2016-10-27,47.525,40.50830841064453,2017-10-27,51.2292366027832
2016-10-28,47.525,40.617835998535156,2017-10-30,51.20248031616211
2016-10-31,47.525,40.139076232910156,2017-10-31,51.19801330566406
2016-11-01,47.525,39.920021057128906,2017-11-01,51.67181396484375
2016-11-02,47.525,39.074520111083984,2017-11-02,51.690147399902344
2016-11-03,47.525,38.7657585144043,2017-11-03,52.03807067871094
2016-11-04,47.525,38.71173858642578,2017-11-06,51.67578125
2016-11-07,47.525,39.74904251098633,2017-11-07,52.15700912475586
2016-11-08,47.525,40.242164611816406,2017-11-08,52.44941711425781
2016-11-09,47.525,39.925472259521484,2017-11-09,51.92557144165039
2016-11-10,47.525,38.671592712402344,2017-11-10,51.74863052368164
2016-11-11,47.525,38.24834442138672,2017-11-13,51.60242462158203
2016-11-14,47.525,37.329986572265625,2017-11-14,51.62423324584961
2016-11-15,47.525,38.41734313964844,2017-11-15,51.365028381347656
2016-11-16,47.525,38.65622329711914,2017-11-16,51.96273422241211
2016-11-17,47.525,38.962501525878906,2017-11-17,51.33926010131836
2016-11-18,47.525,38.45749282836914,2017-11-20,51.2783088684082
2016-11-21,47.525,38.89511489868164,2017-11-21,52.053428649902344
2016-11-22,47.525,38.90502166748047,2017-11-22,52.13372039794922
2016-11-23,47.525,38.60765838623047,2017-11-24,52.36170196533203
2016-11-25,47.525,38.668617248535156,2017-11-27,53.12938690185547
2016-11-28,47.525,38.94417953491211,2017-11-28,52.69722366333008
2016-11-29,47.525,39.12506103515625,2017-11-29,51.41311264038086
2016-11-30,47.525,38.453025817871094,2017-11-30,51.35314178466797
2016-12-01,47.525,37.8806037902832,2017-12-01,50.80302429199219
2016-12-02,47.525,37.887046813964844,2017-12-04,50.1488151550293
2016-12-05,47.525,38.56899642944336,2017-12-05,50.531925201416016
2016-12-06,47.525,38.4678955078125,2017-12-06,51.182159423828125
2016-12-07,47.525,39.225677490234375,2017-12-07,51.769447326660156
2016-12-08,47.525,39.40904998779297,2017-12-08,52.007835388183594
2016-12-09,47.525,40.11677551269531,2017-12-11,52.13618850708008
2016-12-12,47.525,40.039955139160156,2017-12-12,51.977603912353516
2016-12-13,47.525,40.40869140625,2017-12-13,52.10744857788086
2016-12-14,47.525,40.535064697265625,2017-12-14,52.408775329589844
2016-12-15,47.525,40.42405319213867,2017-12-15,53.12888717651367
2016-12-16,47.525,40.1361083984375,2017-12-18,53.77764129638672
2016-12-19,47.525,40.26793670654297,2017-12-19,53.51447677612305
2016-12-20,47.525,40.40175247192383,2017-12-20,53.20620346069336
2016-12-21,47.73571428571428,40.2530632019043,2017-12-21,53.071895599365234
2016-12-22,47.73571428571428,40.128173828125,2017-12-22,52.9732780456543
2016-12-23,47.73571428571428,40.03499984741211,2017-12-26,52.82410430908203
2016-12-27,47.73571428571428,40.14056396484375,2017-12-27,52.5440788269043
2016-12-28,47.73571428571428,39.87491989135742,2017-12-28,52.33345031738281
2016-12-29,47.73571428571428,39.791160583496094,2017-12-29,52.20706558227539
2016-12-30,47.73571428571428,39.27425003051758,2018-01-02,53.18886184692383
2017-01-03,47.73571428571428,40.04541015625,2018-01-03,54.096317291259766
2017-01-04,47.73571428571428,40.033512115478516,2018-01-04,54.30644989013672
2017-01-05,47.73571428571428,40.29370880126953,2018-01-05,55.02656936645508
2017-01-06,47.73571428571428,40.897857666015625,2018-01-08,55.22084426879883
2017-01-09,47.73571428571428,40.9954833984375,2018-01-09,55.15047073364258
2017-01-10,47.73571428571428,40.9375,2018-01-10,55.019126892089844
2017-01-11,47.73571428571428,41.1283073425293,2018-01-11,55.11379623413086
2017-01-12,47.73571428571428,41.11195373535156,2018-01-12,56.035621643066406
2017-01-13,47.73571428571428,41.18183135986328,2018-01-16,56.03809356689453
2017-01-17,47.73571428571428,41.009361267089844,2018-01-17,56.454410552978516
2017-01-18,47.73571428571428,41.08667755126953,2018-01-18,56.299285888671875
2017-01-19,47.73571428571428,40.85621643066406,2018-01-19,56.67246627807617
2017-01-20,47.73571428571428,41.044551849365234,2018-01-22,57.69639205932617
2017-01-23,47.73571428571428,41.85040283203125,2018-01-23,58.29160690307617
2017-01-24,47.73571428571428,42.1031608581543,2018-01-24,58.04975891113281
2017-01-25,47.73571428571428,42.54524230957031,2018-01-25,58.587493896484375
2017-01-26,49.0,42.47239303588867,2018-01-26,58.856109619140625
2017-01-27,49.0,41.8801383972168,2018-01-29,58.80258560180664
2017-01-30,49.0,40.82945251464844,2018-01-30,58.35108184814453
2017-01-31,49.0,40.649051666259766,2018-01-31,58.59145736694336
2017-02-01,49.0,40.40372848510742,2018-02-01,58.56022644042969
2017-02-02,49.0,40.553409576416016,2018-02-02,55.4681510925293
2017-02-03,49.0,40.64607620239258,2018-02-05,52.652618408203125
2017-02-06,49.0,40.71992874145508,2018-02-06,53.74493408203125
2017-02-07,49.0,41.09708023071289,2018-02-07,52.30668640136719
2017-02-08,49.0,41.12929916381836,2018-02-08,49.94264602661133
2017-02-09,49.0,41.13821792602539,2018-02-09,51.853702545166016
2017-02-10,49.0,41.375614166259766,2018-02-12,52.264564514160156
2017-02-13,49.0,41.579307556152344,2018-02-13,52.24374771118164
2017-02-14,49.0,41.6323356628418,2018-02-14,53.16358184814453
2017-02-15,49.0,41.498023986816406,2018-02-15,54.0883903503418
2017-02-16,49.0,41.738399505615234,2018-02-16,54.29357147216797
2017-02-17,49.0,41.95547103881836,2018-02-20,54.69451141357422
2017-02-21,49.0,42.090274810791016,2018-02-21,55.19804763793945
2017-02-22,49.0,42.1938591003418,2018-02-22,55.007240295410156
2017-02-23,49.0,42.17601776123047,2018-02-23,55.908748626708984
2017-02-24,49.0,42.017913818359375,2018-02-26,56.6823844909668
2017-02-27,49.0,42.110107421875,2018-02-27,55.3843879699707
2017-02-28,49.0,41.875186920166016,2018-02-28,54.71086883544922
2017-03-01,49.0,42.460994720458984,2018-03-01,53.09965133666992
2017-03-02,49.0,42.119022369384766,2018-03-02,53.730560302734375
2017-03-03,49.0,42.08085632324219,2018-03-05,54.25688552856445
2017-03-06,49.0,41.99114990234375,2018-03-06,54.561187744140625
2017-03-07,49.0,42.18344497680664,2018-03-07,55.26197814941406
2017-03-08,49.0,42.306854248046875,2018-03-08,55.97267532348633
2017-03-09,49.0,42.515010833740234,2018-03-09,57.53185272216797
2017-03-10,49.0,42.69193649291992,2018-03-12,57.784114837646484
2017-03-13,49.0,42.84904861450195,2018-03-13,56.49455261230469
2017-03-14,49.0,42.91496658325195,2018-03-14,56.93960189819336
2017-03-15,49.0,43.03787612915039,2018-03-15,57.024845123291016
2017-03-16,49.0,43.11766815185547,2018-03-16,56.22246551513672
2017-03-17,49.0,43.2351188659668,2018-03-19,54.52006149291992
2017-03-20,48.25,43.01408004760742,2018-03-20,54.30843734741211
2017-03-21,48.25,42.13339614868164,2018-03-21,54.21922302246094
2017-03-22,48.25,42.116546630859375,2018-03-22,52.194679260253906
2017-03-23,48.25,41.61349868774414,2018-03-23,50.87636947631836
2017-03-24,48.25,41.38998794555664,2018-03-26,52.241268157958984
2017-03-27,47.583333333333336,41.557003021240234,2018-03-27,49.90447998046875
2017-03-28,49.0,41.66207504272461,2018-03-28,49.81725311279297
2017-03-29,49.0,42.12001037597656,2018-03-29,51.401214599609375
2017-03-30,49.0,42.10068130493164,2018-04-02,50.186485290527344
2017-03-31,47.2,42.017417907714844,2018-04-02,50.186485290527344
2017-04-03,47.2,42.460994720458984,2018-04-03,50.48632049560547
2017-04-04,46.666666666666664,42.25382995605469,2018-04-04,51.03297805786133
2017-04-05,46.666666666666664,42.07243347167969,2018-04-05,51.178192138671875
2017-04-06,46.666666666666664,41.88361358642578,2018-04-06,50.05366516113281
2017-04-07,46.666666666666664,41.73492431640625,2018-04-09,50.55620574951172
2017-04-10,46.666666666666664,41.7150993347168,2018-04-10,51.369503021240234
2017-04-11,46.666666666666664,41.62489700317383,2018-04-11,50.802520751953125
2017-04-12,46.666666666666664,41.703208923339844,2018-04-12,51.40864562988281
2017-04-13,46.666666666666664,41.6397705078125,2018-04-13,51.34669876098633
2017-04-17,46.666666666666664,42.380699157714844,2018-04-17,53.49365997314453
2017-04-18,46.666666666666664,42.324195861816406,2018-04-18,53.29690933227539
2017-04-19,46.666666666666664,42.449092864990234,2018-04-19,53.99372482299805
2017-04-20,46.666666666666664,42.62602615356445,2018-04-20,53.39255905151367
2017-04-21,46.666666666666664,42.57001876831055,2018-04-23,53.21860122680664
2017-04-24,46.666666666666664,43.56024169921875,2018-04-24,50.682586669921875
2017-04-25,46.666666666666664,44.051387786865234,2018-04-25,50.69993591308594
2017-04-26,46.666666666666664,44.06624984741211,2018-04-26,51.707000732421875
2017-04-27,46.666666666666664,44.18024444580078,2018-04-27,51.11921691894531
2017-04-28,46.666666666666664,45.8197021484375,2018-04-30,50.48136901855469
2017-05-01,46.666666666666664,46.23105239868164,2018-05-01,51.58012771606445
2017-05-02,46.666666666666664,46.44268798828125,2018-05-02,50.85158920288086
2017-05-03,46.666666666666664,47.00569534301758,2018-05-03,50.86397933959961
2017-05-04,46.666666666666664,47.316429138183594,2018-05-04,52.08811950683594
2017-05-05,46.666666666666664,47.09638595581055,2018-05-07,52.507408142089844
2017-05-08,46.666666666666664,47.513187408447266,2018-05-08,52.46428680419922
2017-05-09,46.666666666666664,47.41505813598633,2018-05-09,53.96894073486328
2017-05-10,46.666666666666664,47.322383880615234,2018-05-10,54.787689208984375
2017-05-11,46.666666666666664,47.374420166015625,2018-05-11,54.68410110473633
2017-05-12,46.666666666666664,47.33725357055664,2018-05-14,54.84370040893555
2017-05-15,46.666666666666664,47.53945541381836,2018-05-15,53.7667350769043
2017-05-16,46.666666666666664,47.806583404541016,2018-05-16,53.72808074951172
2017-05-17,46.666666666666664,46.69444274902344,2018-05-17,53.58781814575195
2017-05-18,46.666666666666664,47.1072883605957,2018-05-18,53.011924743652344
2017-05-19,46.666666666666664,47.312965393066406,2018-05-21,53.72411346435547
2017-05-22,46.666666666666664,47.779823303222656,2018-05-22,53.29294204711914
2017-05-23,46.666666666666664,48.10097885131836,2018-05-23,53.82075881958008
2017-05-24,46.666666666666664,48.45087814331055,2018-05-24,53.79548263549805
2017-05-25,46.666666666666664,49.15711212158203,2018-05-25,53.72758483886719
2017-05-26,46.666666666666664,49.226993560791016,2018-05-29,52.93412399291992
2017-05-30,46.666666666666664,49.3707160949707,2018-05-30,53.39999771118164
2017-05-31,46.666666666666664,48.92070770263672,2018-05-31,54.51658630371094
2017-06-01,46.666666666666664,48.98018264770508,2018-06-01,56.2512092590332
2017-06-02,46.666666666666664,49.36824035644531,2018-06-04,57.1452751159668
2017-06-05,46.666666666666664,49.75282669067383,2018-06-05,57.045162200927734
2017-06-06,46.666666666666664,49.39599609375,2018-06-06,56.84345245361328
2017-06-07,46.666666666666664,49.6348762512207,2018-06-07,56.22246551513672
2017-06-08,46.666666666666664,49.77265548706055,2018-06-08,56.137718200683594
2017-06-09,46.666666666666664,48.07966613769531,2018-06-11,56.54361343383789
2017-06-12,46.666666666666664,47.66781997680664,2018-06-12,56.904911041259766
2017-06-13,46.666666666666664,48.0984992980957,2018-06-13,56.708648681640625
2017-06-14,46.666666666666664,47.971134185791016,2018-06-14,57.49567413330078
2017-06-15,46.666666666666664,47.5870361328125,2018-06-15,57.45404815673828
2017-06-16,46.666666666666664,47.50971984863281,2018-06-18,58.65885543823242
2017-06-19,46.666666666666664,48.332427978515625,2018-06-19,58.416507720947266
2017-06-20,46.2,48.02366256713867,2018-06-20,58.68313980102539
2017-06-21,46.2,48.499446868896484,2018-06-21,57.95807647705078
2017-06-22,46.2,48.40181350708008,2018-06-22,57.95063781738281
2017-06-23,46.2,48.87114715576172,2018-06-25,56.46332550048828
2017-06-26,46.2,48.17729568481445,2018-06-26,56.13325119018555
2017-06-27,46.2,46.987850189208984,2018-06-27,55.356143951416016
2017-06-28,46.2,47.62816619873047,2018-06-28,55.843814849853516
2017-06-29,46.2,46.478858947753906,2018-06-29,55.963260650634766
2017-06-30,46.2,46.075443267822266,2018-07-02,56.603580474853516
2017-07-03,46.2,45.56892776489258,2018-07-03,55.32343673706055
2017-07-05,46.2,46.203304290771484,2018-07-05,56.56293869018555
2017-07-06,46.2,45.97681427001953,2018-07-06,57.24638748168945
2017-07-07,46.2,46.62704849243164,2018-07-09,57.851016998291016
2017-07-10,46.2,47.1320686340332,2018-07-10,57.844078063964844
2017-07-11,46.2,47.257450103759766,2018-07-11,58.058189392089844
2017-07-12,46.2,47.9577522277832,2018-07-12,59.53508377075195
2017-07-13,46.2,48.0167236328125,2018-07-13,59.69169998168945
2017-07-14,46.2,48.41618347167969,2018-07-16,59.299678802490234
2017-07-17,46.2,48.369102478027344,2018-07-17,60.12089157104492
2017-07-18,46.2,48.91377639770508,2018-07-18,60.11247634887695
2017-07-19,46.2,49.202213287353516,2018-07-19,59.428043365478516
2017-07-20,46.2,49.1734733581543,2018-07-20,59.36758041381836
2017-07-21,46.2,49.2552490234375,2018-07-23,60.01780319213867
2017-07-24,46.2,49.47677230834961,2018-07-24,62.354591369628906
2017-07-25,48.285714285714285,48.02564239501953,2018-07-25,63.23627471923828
2017-07-26,48.285714285714285,47.84128189086914,2018-07-26,63.71006393432617
2017-07-27,48.285714285714285,47.20690155029297,2018-07-27,62.09389877319336
2017-07-28,48.285714285714285,47.4953498840332,2018-07-30,60.96144104003906
2017-07-31,48.285714285714285,46.85948944091797,2018-07-31,60.82167434692383
2017-08-01,48.285714285714285,46.912017822265625,2018-08-01,61.107643127441406
2017-08-02,48.285714285714285,46.96554946899414,2018-08-02,61.51106643676758
2017-08-03,48.285714285714285,46.601768493652344,2018-08-03,61.36387252807617
2017-08-04,48.285714285714285,46.87385940551758,2018-08-06,61.33958053588867
2017-08-07,48.285714285714285,46.87187576293945,2018-08-07,62.24010467529297
2017-08-08,48.285714285714285,46.794559478759766,2018-08-08,62.5121955871582
2017-08-09,48.285714285714285,46.59086608886719,2018-08-09,62.66731262207031
2017-08-10,48.285714285714285,45.773616790771484,2018-08-10,62.0750617980957
2017-08-11,48.285714285714285,46.095760345458984,2018-08-13,61.88326644897461
2017-08-14,48.285714285714285,46.533870697021484,2018-08-14,62.35409164428711
2017-08-15,48.285714285714285,46.49174499511719,2018-08-15,61.069488525390625
2017-08-16,49.125,46.79853057861328,2018-08-16,60.665061950683594
2017-08-17,49.125,45.97532653808594,2018-08-17,60.258174896240234
2017-08-18,49.125,45.90196990966797,2018-08-20,60.56049346923828
2017-08-21,49.125,45.6388053894043,2018-08-21,60.33549499511719
2017-08-22,49.125,46.606727600097656,2018-08-22,60.55058288574219
2017-08-23,49.125,46.71477127075195,2018-08-23,60.521339416503906
2017-08-24,49.125,46.43277359008789,2018-08-24,61.29399490356445
2017-08-25,49.125,46.11608123779297,2018-08-27,62.26141357421875
2017-08-28,49.125,45.998619079589844,2018-08-28,61.74549102783203
2017-08-29,49.125,46.37626647949219,2018-08-29,62.67673110961914
2017-08-30,49.125,46.766807556152344,2018-08-30,62.17072296142578
2017-08-31,49.125,47.34220504760742,2018-08-31,61.048667907714844
2017-09-01,49.125,47.18112564086914,2018-09-04,60.03317642211914
2017-09-05,49.125,46.66025924682617,2018-09-05,59.428043365478516
2017-09-06,49.125,46.68701934814453,2018-09-06,58.67918014526367
2017-09-07,49.125,47.077056884765625,2018-09-07,58.36199188232422
2017-09-08,49.125,46.65678024291992,2018-09-10,58.23660659790039
2017-09-11,49.125,46.74995422363281,2018-09-11,58.97653579711914
2017-09-12,49.125,46.916481018066406,2018-09-12,58.065120697021484
2017-09-13,49.125,47.104312896728516,2018-09-13,58.587493896484375
2017-09-14,49.125,46.593345642089844,2018-09-14,58.381317138671875
2017-09-15,49.125,46.35347366333008,2018-09-17,57.48179626464844
2017-09-18,49.357142857142854,46.07890319824219,2018-09-18,57.84259796142578
2017-09-19,49.357142857142854,46.43128204345703,2018-09-19,58.197452545166016
2017-09-20,49.357142857142854,46.9605827331543,2018-09-20,59.054847717285156
2017-09-21,49.357142857142854,46.961082458496094,2018-09-21,58.09089279174805
2017-09-22,49.357142857142854,46.748470306396484,2018-09-24,58.459625244140625
2017-09-25,49.2,46.30341720581055,2018-09-25,59.169830322265625
2017-09-26,49.2,46.45953369140625,2018-09-26,59.17825698852539
2017-09-27,51.416666666666664,47.573158264160156,2018-09-27,59.83740997314453
2017-09-28,53.7,47.816497802734375,2018-09-28,59.82353210449219
2017-09-29,53.7,48.258079528808594,2018-10-01,59.89539337158203
2017-10-02,56.125,47.948333740234375,2018-10-02,59.851280212402344
2017-10-03,56.125,48.17680740356445,2018-10-03,60.04407501220703
2017-10-04,56.125,47.91413497924805,2018-10-04,58.33622360229492
2017-10-05,56.125,48.82654571533203,2018-10-05,57.87828063964844
2017-10-06,56.125,49.24533462524414,2018-10-08,57.28801345825195
2017-10-09,56.125,49.179420471191406,2018-10-09,56.7552375793457
2017-10-10,56.125,48.95589828491211,2018-10-10,54.12803649902344
2017-10-11,58.4,49.840553283691406,2018-10-11,54.05765914916992
2017-10-12,58.4,49.840553283691406,2018-10-12,55.53456497192383
2017-10-13,58.4,49.95057678222656,2018-10-15,54.637516021728516
2017-10-16,58.4,50.02392578125,2018-10-16,56.15605163574219
2017-10-17,58.4,50.10569763183594,2018-10-17,55.88396072387695
2017-10-18,58.4,50.19194030761719,2018-10-18,54.41300582885742
2017-10-19,58.4,49.6517219543457,2018-10-19,54.773311614990234
2017-10-20,58.4,49.81180953979492,2018-10-22,55.08009338378906
2017-10-23,58.4,48.84389114379883,2018-10-23,55.25553512573242
2017-10-24,58.4,48.99009704589844,2018-10-24,52.39142990112305
2017-10-25,58.4,49.137290954589844,2018-10-25,54.69451141357422
2017-10-26,58.4,49.13530731201172,2018-10-26,53.71123123168945
2017-10-27,56.888888888888886,51.2292366027832,2018-10-29,51.281776428222656
2017-10-30,57.2,51.20248031616211,2018-10-30,52.01427459716797
2017-10-31,57.2,51.19801330566406,2018-10-31,54.04972839355469
2017-11-01,57.2,51.67181396484375,2018-11-01,53.821754455566406
2017-11-02,57.2,51.690147399902344,2018-11-02,53.10361862182617
2017-11-03,57.2,52.03807067871094,2018-11-05,52.322540283203125
2017-11-06,57.2,51.67578125,2018-11-06,53.008460998535156
2017-11-07,57.2,52.15700912475586,2018-11-07,54.92497253417969
2017-11-08,57.2,52.44941711425781,2018-11-08,54.25044631958008
2017-11-09,57.2,51.92557144165039,2018-11-09,53.377689361572266
2017-11-10,57.2,51.74863052368164,2018-11-12,52.006839752197266
2017-11-13,57.2,51.60242462158203,2018-11-13,51.937950134277344
2017-11-14,57.2,51.62423324584961,2018-11-14,52.26554870605469
2017-11-15,57.2,51.365028381347656,2018-11-15,53.081809997558594
2017-11-16,57.2,51.96273422241211,2018-11-16,52.94404220581055
2017-11-17,57.2,51.33926010131836,2018-11-19,50.91948318481445
2017-11-20,57.2,51.2783088684082,2018-11-20,51.06965637207031
2017-11-21,57.2,52.053428649902344,2018-11-21,51.712947845458984
2017-11-22,57.2,52.13372039794922,2018-11-23,51.05230712890625
2017-11-24,57.2,52.36170196533203,2018-11-26,52.332950592041016
2017-11-27,57.2,53.12938690185547,2018-11-27,52.15156555175781
2017-11-28,57.2,52.69722366333008,2018-11-28,54.10969924926758
2017-11-29,57.2,51.41311264038086,2018-11-29,54.24797058105469
2017-11-30,57.2,51.35314178466797,2018-11-30,54.99484634399414
2017-12-01,57.2,50.80302429199219,2018-12-03,55.327396392822266
2017-12-04,57.2,50.1488151550293,2018-12-04,52.656585693359375
2017-12-05,57.2,50.531925201416016,2018-12-06,53.43022155761719
2017-12-06,57.59090909090909,51.182159423828125,2018-12-06,53.43022155761719
2017-12-07,57.59090909090909,51.769447326660156,2018-12-07,51.86906051635742
2017-12-08,57.59090909090909,52.007835388183594,2018-12-10,52.19615936279297
2017-12-11,57.59090909090909,52.13618850708008,2018-12-11,52.61594772338867
2017-12-12,57.59090909090909,51.977603912353516,2018-12-12,53.21463394165039
2017-12-13,57.59090909090909,52.10744857788086,2018-12-13,53.20521545410156
2017-12-14,57.59090909090909,52.408775329589844,2018-12-14,52.12331008911133
2017-12-15,57.59090909090909,53.12888717651367,2018-12-17,50.831756591796875
2017-12-18,57.59090909090909,53.77764129638672,2018-12-18,51.71195983886719
2017-12-19,57.59090909090909,53.51447677612305,2018-12-19,51.31794738769531
2017-12-20,57.59090909090909,53.20620346069336,2018-12-20,50.72917175292969
2017-12-21,57.59090909090909,53.071895599365234,2018-12-21,49.12688064575195
2017-12-22,57.59090909090909,52.9732780456543,2018-12-24,48.80077362060547
2017-12-26,57.59090909090909,52.82410430908203,2018-12-26,51.9320068359375
2017-12-27,57.59090909090909,52.5440788269043,2018-12-27,52.182281494140625
2017-12-28,57.59090909090909,52.33345031738281,2018-12-28,51.874027252197266
2017-12-29,57.59090909090909,52.20706558227539,2018-12-31,51.78877639770508
2018-01-02,57.59090909090909,53.18886184692383,2019-01-02,52.270511627197266
2018-01-03,57.59090909090909,54.096317291259766,2019-01-03,50.822837829589844
2018-01-04,57.59090909090909,54.30644989013672,2019-01-04,53.429725646972656
2018-01-05,57.59090909090909,55.02656936645508,2019-01-07,53.323177337646484
2018-01-08,57.59090909090909,55.22084426879883,2019-01-08,53.79152297973633
2018-01-09,57.59090909090909,55.15047073364258,2019-01-09,53.60715103149414
2018-01-10,57.59090909090909,55.019126892089844,2019-01-10,53.4673957824707
2018-01-11,57.59090909090909,55.11379623413086,2019-01-11,52.755699157714844
2018-01-12,57.59090909090909,56.035621643066406,2019-01-14,52.113399505615234
2018-01-16,57.59090909090909,56.03809356689453,2019-01-16,53.99669647216797
2018-01-17,57.59090909090909,56.454410552978516,2019-01-17,54.47297668457031
2018-01-18,57.59090909090909,56.299285888671875,2019-01-18,54.878379821777344
2018-01-19,57.59090909090909,56.67246627807617,2019-01-22,53.45748519897461
2018-01-22,58.5,57.69639205932617,2019-01-22,53.45748519897461
2018-01-23,58.5,58.29160690307617,2019-01-23,53.74393844604492
2018-01-24,58.5,58.04975891113281,2019-01-24,53.7236213684082
2018-01-25,58.5,58.587493896484375,2019-01-25,54.591426849365234
2018-01-26,58.725,58.856109619140625,2019-01-28,53.51844024658203
2018-01-29,58.725,58.80258560180664,2019-01-29,53.03274917602539
2018-01-30,58.725,58.35108184814453,2019-01-30,54.41697311401367
2018-01-31,58.725,58.59145736694336,2019-01-31,55.79970932006836
2018-02-01,58.725,58.56022644042969,2019-02-01,55.43940734863281
2018-02-02,59.61666666666667,55.4681510925293,2019-02-04,56.56938552856445
2018-02-05,59.61666666666667,52.652618408203125,2019-02-05,57.08729934692383
2018-02-06,59.61666666666667,53.74493408203125,2019-02-06,55.65102767944336
2018-02-07,59.61666666666667,52.30668640136719,2019-02-07,54.80949783325195
2018-02-08,59.61666666666667,49.94264602661133,2019-02-08,54.634544372558594
2018-02-09,59.61666666666667,51.853702545166016,2019-02-11,54.62166213989258
2018-02-12,59.61666666666667,52.264564514160156,2019-02-12,55.88346862792969
2018-02-13,59.94642857142857,52.24374771118164,2019-02-13,55.93550109863281
2018-02-14,59.94642857142857,53.16358184814453,2019-02-14,55.9637565612793
2018-02-15,59.94642857142857,54.0883903503418,2019-02-15,55.48945999145508
2018-02-16,59.94642857142857,54.29357147216797,2019-02-19,55.830440521240234
2018-02-20,59.94642857142857,54.69451141357422,2019-02-20,55.53704071044922
2018-02-21,59.94642857142857,55.19804763793945,2019-02-21,54.72523880004883
2018-02-22,59.94642857142857,55.007240295410156,2019-02-22,55.33731460571289
2018-02-23,59.94642857142857,55.908748626708984,2019-02-25,55.3754768371582
2018-02-26,59.94642857142857,56.6823844909668,2019-02-26,55.6074104309082
2018-02-27,59.94642857142857,55.3843879699707,2019-02-27,55.65102767944336
2018-02-28,59.94642857142857,54.71086883544922,2019-02-28,55.83242416381836
2018-03-01,59.94642857142857,53.09965133666992,2019-03-01,56.921268463134766
2018-03-02,59.94642857142857,53.730560302734375,2019-03-04,57.16411590576172
2018-03-05,59.94642857142857,54.25688552856445,2019-03-05,57.94568634033203
2018-03-06,59.94642857142857,54.561187744140625,2019-03-06,57.735050201416016
2018-03-07,59.94642857142857,55.26197814941406,2019-03-07,57.0367431640625
2018-03-08,59.94642857142857,55.97267532348633,2019-03-08,56.993125915527344
2018-03-09,59.94642857142857,57.53185272216797,2019-03-11,58.44475555419922
2018-03-12,59.94642857142857,57.784114837646484,2019-03-12,59.33634948730469
2018-03-13,59.94642857142857,56.49455261230469,2019-03-13,59.42605209350586
2018-03-14,59.94642857142857,56.93960189819336,2019-03-14,59.102420806884766
2018-03-15,59.94642857142857,57.024845123291016,2019-03-15,58.991912841796875
2018-03-16,59.94642857142857,56.22246551513672,2019-03-18,58.905181884765625
2018-03-19,59.94642857142857,54.52006149291992,2019-03-19,59.594566345214844
2018-03-20,59.94642857142857,54.30843734741211,2019-03-20,60.78253173828125
2018-03-21,59.94642857142857,54.21922302246094,2019-03-21,61.26326370239258
2018-03-22,59.94642857142857,52.194679260253906,2019-03-22,59.851776123046875
2018-03-23,59.94642857142857,50.87636947631836,2019-03-25,59.342796325683594
2018-03-26,59.94642857142857,52.241268157958984,2019-03-26,58.96910858154297
2018-03-27,59.75,49.90447998046875,2019-03-27,58.3828125
2018-03-28,59.75,49.81725311279297,2019-03-28,58.098331451416016
2018-03-29,59.75,51.401214599609375,2019-03-29,58.32729721069336
2018-04-02,59.75,50.186485290527344,2019-04-02,59.74721145629883
2018-04-03,59.75,50.48632049560547,2019-04-03,60.008384704589844
2018-04-04,59.75,51.03297805786133,2019-04-04,60.43659973144531
2018-04-05,59.75,51.178192138671875,2019-04-05,60.04010772705078
2018-04-06,59.75,50.05366516113281,2019-04-08,59.88300323486328
2018-04-09,59.75,50.55620574951172,2019-04-09,59.60596466064453
2018-04-10,59.07692307692308,51.369503021240234,2019-04-10,59.79230499267578
2018-04-11,59.07692307692308,50.802520751953125,2019-04-11,59.94792556762695
2018-04-12,59.07692307692308,51.40864562988281,2019-04-12,60.599159240722656
2018-04-13,59.07692307692308,51.34669876098633,2019-04-15,60.787479400634766
2018-04-16,59.07692307692308,51.84527587890625,2019-04-16,61.054115295410156
2018-04-17,59.07692307692308,53.49365997314453,2019-04-17,61.46200180053711
2018-04-18,59.07692307692308,53.29690933227539,2019-04-18,61.527923583984375
2018-04-19,59.07692307692308,53.99372482299805,2019-04-22,62.137020111083984
2018-04-20,59.67857142857143,53.39255905151367,2019-04-22,62.137020111083984
2018-04-23,60.2,53.21860122680664,2019-04-23,62.97112274169922
2018-04-24,60.45789473684211,50.682586669921875,2019-04-24,62.448753356933594
2018-04-25,60.45789473684211,50.69993591308594,2019-04-25,62.81005096435547
2018-04-26,61.913333333333334,51.707000732421875,2019-04-26,63.309608459472656
2018-04-27,61.913333333333334,51.11921691894531,2019-04-29,64.24037170410156
2018-04-30,62.050000000000004,50.48136901855469,2019-04-30,59.421104431152344
2018-05-01,62.050000000000004,51.58012771606445,2019-05-01,58.150367736816406
2018-05-02,62.050000000000004,50.85158920288086,2019-05-02,57.8128662109375
2018-05-03,62.050000000000004,50.86397933959961,2019-05-03,58.954742431640625
2018-05-04,62.050000000000004,52.08811950683594,2019-05-06,59.14852523803711
2018-05-07,62.050000000000004,52.507408142089844,2019-05-07,58.42493438720703
2018-05-08,62.050000000000004,52.46428680419922,2019-05-08,58.02448272705078
2018-05-09,62.050000000000004,53.96894073486328,2019-05-09,57.88521957397461
2018-05-10,62.050000000000004,54.787689208984375,2019-05-10,57.868865966796875
2018-05-11,62.050000000000004,54.68410110473633,2019-05-13,56.33000564575195
2018-05-14,62.050000000000004,54.84370040893555,2019-05-14,55.74866485595703
2018-05-15,62.050000000000004,53.7667350769043,2019-05-15,58.02547836303711
2018-05-16,62.050000000000004,53.72808074951172,2019-05-16,58.70445251464844
2018-05-17,62.050000000000004,53.58781814575195,2019-05-17,57.92536163330078
2018-05-18,62.050000000000004,53.011924743652344,2019-05-20,56.7299690246582
2018-05-21,62.050000000000004,53.72411346435547,2019-05-21,57.214664459228516
2018-05-22,62.050000000000004,53.29294204711914,2019-05-22,57.2845458984375
2018-05-23,62.050000000000004,53.82075881958008,2019-05-23,56.76366424560547
2018-05-24,62.050000000000004,53.79548263549805,2019-05-24,56.430118560791016
2018-05-25,62.050000000000004,53.72758483886719,2019-05-28,56.477203369140625
2018-05-29,62.050000000000004,52.93412399291992,2019-05-29,55.50482177734375
2018-05-30,62.050000000000004,53.39999771118164,2019-05-30,55.57767868041992
2018-05-31,62.050000000000004,54.51658630371094,2019-05-31,54.83873748779297
2018-06-01,62.050000000000004,56.2512092590332,2019-06-03,51.480506896972656
2018-06-04,62.050000000000004,57.1452751159668,2019-06-04,52.26108932495117
2018-06-05,62.0923076923077,57.045162200927734,2019-06-05,51.77291488647461
2018-06-06,62.0923076923077,56.84345245361328,2019-06-06,51.92754364013672
2018-06-07,62.0923076923077,56.22246551513672,2019-06-07,52.94898986816406
2018-06-08,62.0923076923077,56.137718200683594,2019-06-10,53.662166595458984
2018-06-11,62.0923076923077,56.54361343383789,2019-06-11,53.5769157409668
2018-06-12,62.0923076923077,56.904911041259766,2019-06-12,53.48078155517578
2018-06-13,62.0923076923077,56.708648681640625,2019-06-13,54.07103729248047
2018-06-14,62.0923076923077,57.49567413330078,2019-06-14,53.837608337402344
2018-06-15,62.0923076923077,57.45404815673828,2019-06-17,54.213768005371094
2018-06-18,62.0923076923077,58.65885543823242,2019-06-18,54.77627944946289
2018-06-19,62.0923076923077,58.416507720947266,2019-06-19,54.740108489990234
2018-06-20,62.0923076923077,58.68313980102539,2019-06-20,55.1707878112793
2018-06-21,62.0923076923077,57.95807647705078,2019-06-21,55.7739372253418
2018-06-22,62.0923076923077,57.95063781738281,2019-06-24,55.3442497253418
2018-06-25,62.0923076923077,56.46332550048828,2019-06-25,53.90105056762695
2018-06-26,62.0923076923077,56.13325119018555,2019-06-26,53.541236877441406
2018-06-27,62.0923076923077,55.356143951416016,2019-06-27,53.35835647583008
2018-06-28,62.121428571428574,55.843814849853516,2019-06-28,53.664146423339844
2018-06-29,62.121428571428574,55.963260650634766,2019-07-01,54.51658630371094
2018-07-02,62.121428571428574,56.603580474853516,2019-07-02,55.14105224609375
2018-07-03,62.121428571428574,55.32343673706055,2019-07-03,55.65598678588867
2018-07-05,62.121428571428574,56.56293869018555,2019-07-05,56.1357307434082
2018-07-06,62.121428571428574,57.24638748168945,2019-07-08,55.348716735839844
2018-07-09,62.121428571428574,57.851016998291016,2019-07-09,55.72041320800781
2018-07-10,62.121428571428574,57.844078063964844,2019-07-10,56.54411315917969
2018-07-11,62.64666666666667,58.058189392089844,2019-07-11,56.70121765136719
2018-07-12,62.64666666666667,59.53508377075195,2019-07-12,56.76366424560547
2018-07-13,62.95,59.69169998168945,2019-07-15,57.019893646240234
2018-07-16,63.15882352941177,59.299678802490234,2019-07-16,57.16609191894531
2018-07-17,63.15882352941177,60.12089157104492,2019-07-17,56.83305740356445
2018-07-18,63.15882352941177,60.11247634887695,2019-07-18,56.85783386230469
2018-07-19,63.15882352941177,59.428043365478516,2019-07-19,56.08022689819336
2018-07-20,63.15882352941177,59.36758041381836,2019-07-22,56.45985412597656
2018-07-23,63.15882352941177,60.01780319213867,2019-07-23,56.89797592163086
2018-07-24,64.65384615384616,62.354591369628906,2019-07-24,56.48563003540039
2018-07-25,64.65384615384616,63.23627471923828,2019-07-25,56.297794342041016
2018-07-26,64.81,63.71006393432617,2019-07-26,61.713775634765625
2018-07-27,64.81,62.09389877319336,2019-07-29,61.5462532043457
2018-07-30,64.81,60.96144104003906,2019-07-30,60.86033630371094
2018-07-31,64.81,60.82167434692383,2019-07-31,60.37464141845703
2018-08-01,64.81,61.107643127441406,2019-08-01,60.05646896362305
2018-08-02,65.6625,61.51106643676758,2019-08-02,59.29026412963867
2018-08-03,65.6625,61.36387252807617,2019-08-05,57.23002624511719
2018-08-06,65.6625,61.33958053588867,2019-08-06,58.03935623168945
2018-08-07,65.6625,62.24010467529297,2019-08-07,58.27872848510742
2018-08-08,65.6625,62.5121955871582,2019-08-08,59.77942657470703
2018-08-09,65.6625,62.66731262207031,2019-08-09,58.92251968383789
2018-08-10,65.6625,62.0750617980957,2019-08-12,58.2088508605957
2018-08-13,65.6625,61.88326644897461,2019-08-13,59.310585021972656
2018-08-14,65.6625,62.35409164428711,2019-08-14,57.70085906982422
2018-08-15,65.6625,61.069488525390625,2019-08-15,57.95212173461914
2018-08-16,65.6625,60.665061950683594,2019-08-16,58.44227981567383
2018-08-17,65.6625,60.258174896240234,2019-08-19,59.49444580078125
2018-08-20,65.6625,60.56049346923828,2019-08-20,58.6563835144043
2018-08-21,65.6625,60.33549499511719,2019-08-21,59.05534744262695
2018-08-22,65.6625,60.55058288574219,2019-08-22,59.0523681640625
2018-08-23,65.6625,60.521339416503906,2019-08-23,57.17203903198242
2018-08-24,65.6625,61.29399490356445,2019-08-26,58.0443000793457
2018-08-27,65.6625,62.26141357421875,2019-08-27,58.02647018432617
2018-08-28,65.6625,61.74549102783203,2019-08-28,58.17167663574219
2018-08-29,66.14285714285714,62.67673110961914,2019-08-29,59.18717575073242
2018-08-30,66.14285714285714,62.17072296142578,2019-08-30,59.0033073425293
2018-08-31,66.14285714285714,61.048667907714844,2019-09-03,57.963523864746094
2018-09-04,66.14285714285714,60.03317642211914,2019-09-04,58.593929290771484
2018-09-05,66.14285714285714,59.428043365478516,2019-09-05,60.07678985595703
2018-09-06,66.14285714285714,58.67918014526367,2019-09-06,59.785865783691406
2018-09-07,66.14285714285714,58.36199188232422,2019-09-09,59.73383331298828
2018-09-10,66.14285714285714,58.23660659790039,2019-09-10,59.75513458251953
2018-09-11,66.14285714285714,58.97653579711914,2019-09-11,60.46385192871094
2018-09-12,66.14285714285714,58.065120697021484,2019-09-12,61.205772399902344
2018-09-13,66.14285714285714,58.587493896484375,2019-09-13,61.4565544128418
2018-09-14,66.14285714285714,58.381317138671875,2019-09-16,61.04024124145508
2018-09-17,66.14285714285714,57.48179626464844,2019-09-17,60.95351028442383
2018-09-18,66.14285714285714,57.84259796142578,2019-09-18,61.09079360961914
2018-09-19,66.14285714285714,58.197452545166016,2019-09-19,61.39311599731445
2018-09-20,66.14285714285714,59.054847717285156,2019-09-20,60.9515266418457
2018-09-21,66.14285714285714,58.09089279174805,2019-09-23,61.19190216064453
2018-09-24,66.14285714285714,58.459625244140625,2019-09-24,60.38108444213867
2018-09-25,66.14285714285714,59.169830322265625,2019-09-25,61.74945068359375
2018-09-26,66.14285714285714,59.17825698852539,2019-09-26,61.56855773925781
2018-09-27,66.14285714285714,59.83740997314453,2019-09-27,60.75873947143555
2018-09-28,66.14285714285714,59.82353210449219,2019-09-30,60.520347595214844
2018-10-01,66.14285714285714,59.89539337158203,2019-10-01,59.77000427246094
2018-10-02,66.14285714285714,59.851280212402344,2019-10-02,58.37834548950195
2018-10-03,66.14285714285714,60.04407501220703,2019-10-03,58.94879150390625
2018-10-04,66.14285714285714,58.33622360229492,2019-10-04,60.015830993652344
2018-10-05,66.14285714285714,57.87828063964844,2019-10-07,59.88151550292969
2018-10-08,66.5125,57.28801345825195,2019-10-08,58.98347854614258
2018-10-09,66.5125,56.7552375793457,2019-10-09,59.591583251953125
2018-10-10,66.5125,54.12803649902344,2019-10-10,59.94198226928711
2018-10-11,66.5125,54.05765914916992,2019-10-11,60.25123977661133
2018-10-12,66.5125,55.53456497192383,2019-10-14,60.35333251953125
2018-10-15,66.5125,54.637516021728516,2019-10-15,61.566078186035156
2018-10-16,66.5125,56.15605163574219,2019-10-16,61.60374069213867
2018-10-17,66.5125,55.88396072387695,2019-10-17,62.089439392089844
2018-10-18,66.5125,54.41300582885742,2019-10-18,61.673622131347656
2018-10-19,66.5125,54.773311614990234,2019-10-21,61.66718673706055
2018-10-22,67.80333333333333,55.08009338378906,2019-10-22,61.5145378112793
2018-10-23,67.80333333333333,55.25553512573242,2019-10-23,62.328819274902344
2018-10-24,67.80333333333333,52.39142990112305,2019-10-24,62.40216064453125
2018-10-25,67.80333333333333,54.69451141357422,2019-10-25,62.65938949584961
2018-10-26,67.30833333333334,53.71123123168945,2019-10-28,63.882530212402344
2018-10-29,67.30833333333334,51.281776428222656,2019-10-29,62.478981018066406
2018-10-30,67.30833333333334,52.01427459716797,2019-10-30,62.4809684753418
2018-10-31,67.30833333333334,54.04972839355469,2019-10-31,62.38679885864258
2018-11-01,67.30833333333334,53.821754455566406,2019-11-01,63.05339431762695
2018-11-02,67.38421052631578,53.10361862182617,2019-11-04,63.91376495361328
2018-11-05,67.38421052631578,52.322540283203125,2019-11-05,64.00445556640625
2018-11-06,67.38421052631578,53.008460998535156,2019-11-06,63.983158111572266
2018-11-07,67.38421052631578,54.92497253417969,2019-11-07,64.77265167236328
2018-11-08,67.38421052631578,54.25044631958008,2019-11-08,64.87474060058594
2018-11-09,67.38421052631578,53.377689361572266,2019-11-11,64.34344482421875
2018-11-12,67.38421052631578,52.006839752197266,2019-11-12,64.29041290283203
2018-11-13,67.38421052631578,51.937950134277344,2019-11-13,64.2393798828125
2018-11-14,67.765,52.26554870605469,2019-11-14,64.88215637207031
2018-11-15,67.765,53.081809997558594,2019-11-15,66.09095001220703
2018-11-16,67.765,52.94404220581055,2019-11-18,65.4119873046875
2018-11-19,67.765,50.91948318481445,2019-11-19,65.05266571044922
2018-11-20,67.765,51.06965637207031,2019-11-20,64.52088165283203
2018-11-21,67.765,51.712947845458984,2019-11-21,64.4356460571289
2018-11-23,67.765,51.05230712890625,2019-11-25,64.70822143554688
2018-11-26,67.765,52.332950592041016,2019-11-26,65.07299041748047
2018-11-27,67.765,52.15156555175781,2019-11-27,65.02987670898438
2018-11-28,67.765,54.10969924926758,2019-11-29,64.63140106201172
2018-11-29,67.765,54.24797058105469,2019-11-29,64.63140106201172
2018-11-30,67.765,54.99484634399414,2019-12-02,63.87660598754883
2018-12-03,67.765,55.327396392822266,2019-12-03,64.16802215576172
2018-12-04,67.765,52.656585693359375,2019-12-04,65.36737060546875
2018-12-06,67.70476190476191,53.43022155761719,2019-12-06,66.38087463378906
2018-12-07,67.70476190476191,51.86906051635742,2019-12-09,66.5593032836914
2018-12-10,67.70476190476191,52.19615936279297,2019-12-10,66.55433654785156
2018-12-11,67.70476190476191,52.61594772338867,2019-12-11,66.62174224853516
2018-12-12,67.70476190476191,53.21463394165039,2019-12-12,66.83189392089844
2018-12-13,67.70476190476191,53.20521545410156,2019-12-13,66.75160217285156
2018-12-14,67.70476190476191,52.12331008911133,2019-12-16,67.43702697753906
2018-12-17,67.70476190476191,50.831756591796875,2019-12-17,67.1490707397461
2018-12-18,67.70476190476191,51.71195983886719,2019-12-18,67.00138092041016
2018-12-19,67.70476190476191,51.31794738769531,2019-12-19,67.22588348388672
2018-12-20,67.70476190476191,50.72917175292969,2019-12-20,66.96717071533203
2018-12-21,67.70476190476191,49.12688064575195,2019-12-23,66.93795776367188
2018-12-24,67.70476190476191,48.80077362060547,2019-12-24,66.63066101074219
2018-12-26,67.965,51.9320068359375,2019-12-26,67.52473449707031
2018-12-27,67.965,52.182281494140625,2019-12-27,67.13668060302734
2018-12-28,67.965,51.874027252197266,2019-12-30,66.39673614501953
2018-12-31,67.965,51.78877639770508,2019-12-31,66.38087463378906
2019-01-02,67.965,52.270511627197266,2020-01-02,67.83251953125
2019-01-03,67.965,50.822837829589844,2020-01-03,67.47766876220703
2019-01-04,67.965,53.429725646972656,2020-01-06,69.27620697021484
2019-01-07,67.68095238095238,53.323177337646484,2020-01-07,69.14240264892578
2019-01-08,67.565,53.79152297973633,2020-01-08,69.6345443725586
2019-01-09,67.565,53.60715103149414,2020-01-09,70.36557006835938
2019-01-10,67.56842105263158,53.4673957824707,2020-01-10,70.82001495361328
2019-01-11,67.56842105263158,52.755699157714844,2020-01-13,71.36865997314453
2019-01-14,67.62777777777778,52.113399505615234,2020-01-14,70.90079498291016
2019-01-15,67.62777777777778,53.848018646240234,2020-01-15,71.32752227783203
2019-01-16,67.62777777777778,53.99669647216797,2020-01-16,71.87071990966797
2019-01-17,67.62777777777778,54.47297668457031,2020-01-17,73.32579040527344
2019-01-18,67.62777777777778,54.878379821777344,2020-01-21,73.46110534667969
2019-01-22,67.77777777777777,53.45748519897461,2020-01-22,73.54139709472656
2019-01-23,67.77777777777777,53.74393844604492,2020-01-23,73.58203887939453
2019-01-24,67.77777777777777,53.7236213684082,2020-01-24,72.66416931152344
2019-01-25,67.77777777777777,54.591426849365234,2020-01-27,70.95730590820312
2019-01-28,67.77777777777777,53.51844024658203,2020-01-28,71.88754272460938
2019-01-29,67.77777777777777,53.03274917602539,2020-01-29,72.19483184814453
2019-01-30,67.77777777777777,54.41697311401367,2020-01-30,72.07340240478516
2019-01-31,67.77777777777777,55.79970932006836,2020-01-31,71.00933837890625
2019-02-01,67.77777777777777,55.43940734863281,2020-02-03,73.47843933105469
2019-02-04,67.77777777777777,56.56938552856445,2020-02-04,71.63528442382812
2019-02-05,66.48076923076923,57.08729934692383,2020-02-05,71.6670150756836
2019-02-06,66.48076923076923,55.65102767944336,2020-02-06,73.14987182617188
2019-02-07,66.48076923076923,54.80949783325195,2020-02-07,73.30548858642578
2019-02-08,66.48076923076923,54.634544372558594,2020-02-10,74.7699966430664
2019-02-11,66.48076923076923,54.62166213989258,2020-02-11,74.8393783569336
2019-02-12,66.48076923076923,55.88346862792969,2020-02-12,75.26412200927734
2019-02-13,66.48076923076923,55.93550109863281,2020-02-13,75.0044174194336
2019-02-14,66.48076923076923,55.9637565612793,2020-02-14,75.26907348632812
2019-02-15,66.48076923076923,55.48945999145508,2020-02-18,75.30426788330078
2019-02-19,66.48076923076923,55.830440521240234,2020-02-19,75.57337188720703
2019-02-20,66.48076923076923,55.53704071044922,2020-02-20,75.18283081054688
2019-02-21,66.48076923076923,54.72523880004883,2020-02-21,73.52108001708984
2019-02-22,66.48076923076923,55.33731460571289,2020-02-24,70.36901092529297
2019-02-25,66.48076923076923,55.3754768371582,2020-02-25,68.70677947998047
2019-02-26,65.70833333333333,55.6074104309082,2020-02-26,68.91243743896484
2019-02-27,65.70833333333333,55.65102767944336,2020-02-27,65.16960906982422
2019-02-28,65.70833333333333,55.83242416381836,2020-02-28,66.37394714355469
2019-03-01,65.70833333333333,56.921268463134766,2020-03-02,68.70677947998047
2019-03-04,65.70833333333333,57.16411590576172,2020-03-03,66.29812622070312
2019-03-05,65.84615384615384,57.94568634033203,2020-03-04,68.47283935546875
2019-03-06,65.84615384615384,57.735050201416016,2020-03-05,65.16022491455078
2019-03-07,65.84615384615384,57.0367431640625,2020-03-06,64.21755981445312
2019-03-08,65.84615384615384,56.993125915527344,2020-03-09,60.25519561767578
2019-03-11,65.84615384615384,58.44475555419922,2020-03-10,63.19811248779297
2019-03-12,65.84615384615384,59.33634948730469,2020-03-11,60.012855529785156
2019-03-13,65.84615384615384,59.42605209350586,2020-03-12,55.08900833129883
2019-03-14,65.84615384615384,59.102420806884766,2020-03-13,60.17987060546875
2019-03-15,65.84615384615384,58.991912841796875,2020-03-16,53.17845916748047
2019-03-18,65.84615384615384,58.905181884765625,2020-03-17,55.411651611328125
2019-03-19,65.84615384615384,59.594566345214844,2020-03-18,54.07996368408203
2019-03-20,65.84615384615384,60.78253173828125,2020-03-19,55.0949592590332
2019-03-21,65.84615384615384,61.26326370239258,2020-03-20,52.94105911254883
2019-03-22,65.84615384615384,59.851776123046875,2020-03-23,52.243247985839844
2019-03-25,65.84615384615384,59.342796325683594,2020-03-24,56.003902435302734
2019-03-26,65.84615384615384,58.96910858154297,2020-03-25,54.596885681152344
2019-03-27,65.84615384615384,58.3828125,2020-03-26,57.63493728637695
2019-03-28,65.84615384615384,58.098331451416016,2020-03-27,55.02507400512695
2019-03-29,65.84615384615384,58.32729721069336,2020-03-30,56.81174087524414
2019-04-01,65.84615384615384,59.42209243774414,2020-03-31,57.58686447143555
2019-04-02,65.84615384615384,59.74721145629883,2020-04-01,54.620662689208984
2019-04-03,65.84615384615384,60.008384704589844,2020-04-02,55.3606071472168
2019-04-04,65.84615384615384,60.43659973144531,2020-04-03,54.15479278564453
2019-04-05,65.84615384615384,60.04010772705078,2020-04-06,58.6395263671875
2019-04-08,65.84615384615384,59.88300323486328,2020-04-07,58.608306884765625
2019-04-09,65.84615384615384,59.60596466064453,2020-04-08,59.81956481933594
2019-04-10,65.84615384615384,59.79230499267578,2020-04-09,59.798255920410156
2019-04-11,65.84615384615384,59.94792556762695,2020-04-13,59.988563537597656
2019-04-12,65.84615384615384,60.599159240722656,2020-04-13,59.988563537597656
2019-04-15,65.84615384615384,60.787479400634766,2020-04-14,62.70547866821289
2019-04-16,65.84615384615384,61.054115295410156,2020-04-15,62.31246566772461
2019-04-17,65.70833333333333,61.46200180053711,2020-04-16,62.318904876708984
2019-04-18,65.70833333333333,61.527923583984375,2020-04-17,63.3879280090332
2019-04-22,65.70833333333333,62.137020111083984,2020-04-21,60.0753059387207
2019-04-23,65.70833333333333,62.97112274169922,2020-04-22,62.36747741699219
2019-04-24,65.70833333333333,62.448753356933594,2020-04-23,62.9998664855957
2019-04-25,65.4,62.81005096435547,2020-04-24,63.268985748291016
2019-04-26,65.4,63.309608459472656,2020-04-27,62.98450469970703
2019-04-29,65.4,64.24037170410156,2020-04-28,61.08781814575195
2019-04-30,65.73846153846154,59.421104431152344,2020-04-29,66.5191650390625
2019-05-01,65.73846153846154,58.150367736816406,2020-04-30,66.74317932128906
2019-05-02,65.4875,57.8128662109375,2020-05-01,65.28709411621094
2019-05-03,65.4875,58.954742431640625,2020-05-04,65.56362915039062
2019-05-06,65.4875,59.14852523803711,2020-05-05,66.858154296875
2019-05-07,65.4875,58.42493438720703,2020-05-06,66.68022918701172
2019-05-08,65.4875,58.02448272705078,2020-05-07,67.86223602294922
2019-05-09,65.4875,57.88521957397461,2020-05-08,68.60863494873047
2019-05-10,65.4875,57.868865966796875,2020-05-11,69.56267547607422
2019-05-13,65.4875,56.33000564575195,2020-05-12,68.1546630859375
2019-05-14,64.62272727272727,55.74866485595703,2020-05-13,66.8239517211914
2019-05-15,64.62272727272727,58.02547836303711,2020-05-14,67.24671173095703
2019-05-16,64.62272727272727,58.70445251464844,2020-05-15,68.04959106445312
2019-05-17,64.62272727272727,57.92536163330078,2020-05-18,68.65026092529297
2019-05-20,64.62272727272727,56.7299690246582,2020-05-19,68.11600494384766
2019-05-21,64.62272727272727,57.214664459228516,2020-05-20,69.8387222290039
2019-05-22,64.62272727272727,57.2845458984375,2020-05-21,69.71928405761719
2019-05-23,64.62272727272727,56.76366424560547,2020-05-22,70.04093933105469
2019-05-24,64.62272727272727,56.430118560791016,2020-05-26,70.44384765625
2019-05-28,64.62272727272727,56.477203369140625,2020-05-27,70.38984680175781
2019-05-29,64.37307692307692,55.50482177734375,2020-05-28,70.28873443603516
2019-05-30,64.37307692307692,55.57767868041992,2020-05-29,71.0460205078125
2019-05-31,64.37307692307692,54.83873748779297,2020-06-01,71.11292266845703
2019-06-03,64.37307692307692,51.480506896972656,2020-06-02,71.4816665649414
2019-06-04,64.23928571428571,52.26108932495117,2020-06-03,71.33000183105469
2019-06-05,64.06538461538462,51.77291488647461,2020-06-04,70.09346008300781
2019-06-06,64.06538461538462,51.92754364013672,2020-06-05,71.36815643310547
2019-06-07,64.06538461538462,52.94898986816406,2020-06-08,71.76563262939453
2019-06-10,64.06538461538462,53.662166595458984,2020-06-09,71.96585845947266
2019-06-11,64.06538461538462,53.5769157409668,2020-06-10,72.59131622314453
2019-06-12,64.06538461538462,53.48078155517578,2020-06-11,69.47891235351562
2019-06-13,64.06538461538462,54.07103729248047,2020-06-12,70.02508544921875
2019-06-14,64.06538461538462,53.837608337402344,2020-06-15,70.41263580322266
2019-06-17,64.06538461538462,54.213768005371094,2020-06-16,71.68782806396484
2019-06-18,64.06538461538462,54.77627944946289,2020-06-17,71.9886703491211
2019-06-19,64.06538461538462,54.740108489990234,2020-06-18,71.07575988769531
2019-06-20,64.06538461538462,55.1707878112793,2020-06-19,70.6059341430664
2019-06-21,64.06538461538462,55.7739372253418,2020-06-22,71.8954849243164
2019-06-24,64.06538461538462,55.3442497253418,2020-06-23,72.5556411743164
2019-06-25,64.06538461538462,53.90105056762695,2020-06-24,71.00538635253906
2019-06-26,64.06538461538462,53.541236877441406,2020-06-25,71.42169189453125
2019-06-27,64.06538461538462,53.35835647583008,2020-06-26,67.52821350097656
2019-06-28,64.06538461538462,53.664146423339844,2020-06-29,69.2444839477539
2019-07-01,64.06538461538462,54.51658630371094,2020-06-30,70.2793197631836
2019-07-02,64.06538461538462,55.14105224609375,2020-07-01,71.4662857055664
2019-07-03,64.06538461538462,55.65598678588867,2020-07-02,72.85050964355469
2019-07-05,64.06538461538462,56.1357307434082,2020-07-06,74.32344818115234
2019-07-08,64.2375,55.348716735839844,2020-07-07,73.84123992919922
2019-07-09,64.2375,55.72041320800781,2020-07-08,74.51922607421875
2019-07-10,64.2375,56.54411315917969,2020-07-09,75.26561737060547
2019-07-11,64.2375,56.70121765136719,2020-07-10,76.27415466308594
2019-07-12,64.2375,56.76366424560547,2020-07-13,74.94694519042969
2019-07-15,64.68076923076923,57.019893646240234,2020-07-14,75.3746337890625
2019-07-16,64.68076923076923,57.16609191894531,2020-07-15,75.1773910522461
2019-07-17,64.68076923076923,56.83305740356445,2020-07-16,75.08024597167969
2019-07-18,64.68076923076923,56.85783386230469,2020-07-17,75.17588806152344
2019-07-19,64.68076923076923,56.08022689819336,2020-07-20,77.5047378540039
2019-07-22,64.68076923076923,56.45985412597656,2020-07-21,77.11222839355469
2019-07-23,64.68076923076923,56.89797592163086,2020-07-22,77.5548095703125
2019-07-24,64.68076923076923,56.48563003540039,2020-07-23,75.17094421386719
2019-07-25,64.68076923076923,56.297794342041016,2020-07-24,74.74768829345703
2019-07-26,67.45909090909092,61.713775634765625,2020-07-27,75.79937744140625
2019-07-29,67.45909090909092,61.5462532043457,2020-07-28,74.5217056274414
2019-07-30,67.45909090909092,60.86033630371094,2020-07-29,75.50597381591797
2019-07-31,67.45909090909092,60.37464141845703,2020-07-30,76.24243927001953
2019-08-01,67.45909090909092,60.05646896362305,2020-07-31,73.74359130859375
2019-08-02,67.45909090909092,59.29026412963867,2020-08-03,73.48638153076172
2019-08-05,68.325,57.23002624511719,2020-08-04,73.01752471923828
2019-08-06,68.325,58.03935623168945,2020-08-05,73.30449676513672
2019-08-07,68.325,58.27872848510742,2020-08-06,74.58612060546875
2019-08-08,68.325,59.77942657470703,2020-08-07,74.26001739501953
2019-08-09,68.325,58.92251968383789,2020-08-10,74.1832046508789
2019-08-12,68.325,58.2088508605957,2020-08-11,73.37635040283203
2019-08-13,68.325,59.310585021972656,2020-08-12,74.69962310791016
2019-08-14,68.325,57.70085906982422,2020-08-13,75.1659927368164
2019-08-15,68.325,57.95212173461914,2020-08-14,74.57026672363281
2019-08-16,68.325,58.44227981567383,2020-08-17,75.14567565917969
2019-08-19,68.325,59.49444580078125,2020-08-18,77.10529327392578
2019-08-20,68.325,58.6563835144043,2020-08-19,76.55169677734375
2019-08-21,68.325,59.05534744262695,2020-08-20,78.11979675292969
2019-08-22,68.325,59.0523681640625,2020-08-21,78.08609771728516
2019-08-23,68.325,57.17203903198242,2020-08-24,78.5608901977539
2019-08-26,68.325,58.0443000793457,2020-08-25,79.5867919921875
2019-08-27,68.325,58.02647018432617,2020-08-26,81.48396301269531
2019-08-28,68.325,58.17167663574219,2020-08-27,80.71033477783203
2019-08-29,68.325,59.18717575073242,2020-08-28,81.25102233886719
2019-08-30,68.325,59.0033073425293,2020-08-31,80.76038360595703
2019-09-03,68.37352941176471,57.963523864746094,2020-09-02,85.11476135253906
2019-09-04,68.37352941176471,58.593929290771484,2020-09-03,80.75938415527344
2019-09-05,68.37352941176471,60.07678985595703,2020-09-04,78.36561584472656
2019-09-06,68.37352941176471,59.785865783691406,2020-09-08,75.51043701171875
2019-09-09,68.37352941176471,59.73383331298828,2020-09-08,75.51043701171875
2019-09-10,68.37352941176471,59.75513458251953,2020-09-09,76.68154907226562
2019-09-11,68.37352941176471,60.46385192871094,2020-09-10,75.6318588256836
2019-09-12,68.37352941176471,61.205772399902344,2020-09-11,75.12187194824219
2019-09-13,68.37352941176471,61.4565544128418,2020-09-14,74.77842712402344
2019-09-16,68.37352941176471,61.04024124145508,2020-09-15,76.08135986328125
2019-09-17,68.37352941176471,60.95351028442383,2020-09-16,74.93999481201172
2019-09-18,68.37352941176471,61.09079360961914,2020-09-17,73.69849395751953
2019-09-19,68.37352941176471,61.39311599731445,2020-09-18,71.91679382324219
2019-09-20,68.37352941176471,60.9515266418457,2020-09-21,70.87850952148438
2019-09-23,68.37352941176471,61.19190216064453,2020-09-22,72.3494644165039
2019-09-24,68.37352941176471,60.38108444213867,2020-09-23,69.85011291503906
2019-09-25,68.37352941176471,61.74945068359375,2020-09-24,70.5177001953125
2019-09-26,68.37352941176471,61.56855773925781,2020-09-25,71.3205795288086
2019-09-27,68.37352941176471,60.75873947143555,2020-09-28,72.29197692871094
2019-09-30,68.37352941176471,60.520347595214844,2020-09-29,72.65673828125
2019-10-01,68.37352941176471,59.77000427246094,2020-09-30,72.63592529296875
2019-10-02,68.37352941176471,58.37834548950195,2020-10-01,73.7411117553711
2019-10-03,68.37352941176471,58.94879150390625,2020-10-02,72.14031982421875
2019-10-04,68.37352941176471,60.015830993652344,2020-10-05,73.48985290527344
2019-10-07,68.37352941176471,59.88151550292969,2020-10-06,71.913330078125
2019-10-08,68.37352941176471,58.98347854614258,2020-10-07,72.3157730102539
2019-10-09,68.37352941176471,59.591583251953125,2020-10-08,73.51959228515625
2019-10-10,68.37352941176471,59.94198226928711,2020-10-09,74.85871124267578
2019-10-11,68.37352941176471,60.25123977661133,2020-10-12,77.54191589355469
2019-10-14,68.37352941176471,60.35333251953125,2020-10-13,77.66483306884766
2019-10-15,68.37352941176471,61.566078186035156,2020-10-14,77.48492431640625
2019-10-16,68.37352941176471,61.60374069213867,2020-10-15,77.08992767333984
2019-10-17,68.37352941176471,62.089439392089844,2020-10-16,77.69606018066406
2019-10-18,68.37352941176471,61.673622131347656,2020-10-19,75.82514190673828
2019-10-21,68.37352941176471,61.66718673706055,2020-10-20,76.87235260009766
2019-10-22,68.37352941176471,61.5145378112793,2020-10-21,78.60250854492188
2019-10-23,68.896875,62.328819274902344,2020-10-22,79.62694549560547
2019-10-24,68.896875,62.40216064453125,2020-10-23,80.9313735961914
2019-10-25,68.50588235294117,62.65938949584961,2020-10-26,78.51827239990234
2019-10-28,68.85714285714286,63.882530212402344,2020-10-27,79.24134826660156
2019-10-29,69.2388888888889,62.478981018066406,2020-10-28,74.87606048583984
2019-10-30,69.2388888888889,62.4809684753418,2020-10-29,77.15980529785156
2019-10-31,69.2388888888889,62.38679885864258,2020-10-30,80.09527587890625
2019-11-01,69.2388888888889,63.05339431762695,2020-11-02,80.50216674804688
2019-11-04,69.2388888888889,63.91376495361328,2020-11-03,81.55979919433594
2019-11-05,69.2388888888889,64.00445556640625,2020-11-04,86.52526092529297
2019-11-06,69.2388888888889,63.983158111572266,2020-11-05,87.3504409790039
2019-11-07,69.2388888888889,64.77265167236328,2020-11-06,87.21316528320312
2019-11-08,69.2388888888889,64.87474060058594,2020-11-09,87.29691314697266
2019-11-11,69.2388888888889,64.34344482421875,2020-11-10,86.12234497070312
2019-11-12,69.2388888888889,64.29041290283203,2020-11-11,86.59365844726562
2019-11-13,69.2388888888889,64.2393798828125,2020-11-12,86.3750991821289
2019-11-14,69.2388888888889,64.88215637207031,2020-11-13,87.83415985107422
2019-11-15,69.2388888888889,66.09095001220703,2020-11-16,87.921875
2019-11-18,69.2388888888889,65.4119873046875,2020-11-17,87.30882263183594
2019-11-19,69.2388888888889,65.05266571044922,2020-11-18,86.26703643798828
2019-11-20,69.2388888888889,64.52088165283203,2020-11-19,87.15567016601562
2019-11-21,69.2388888888889,64.4356460571289,2020-11-20,86.05592346191406
2019-11-22,69.2388888888889,64.11498260498047,2020-11-23,85.61878967285156
2019-11-25,69.2388888888889,64.70822143554688,2020-11-24,87.4198226928711
2019-11-26,70.01875,65.07299041748047,2020-11-25,87.43122100830078
2019-11-27,70.01875,65.02987670898438,2020-11-27,88.565673828125
2019-11-29,70.01875,64.63140106201172,2020-11-30,86.9489974975586
2019-12-02,70.52,63.87660598754883,2020-12-01,88.97900390625
2019-12-03,70.8,64.16802215576172,2020-12-02,90.44649505615234
2019-12-04,70.8,65.36737060546875,2020-12-03,90.29137420654297
2019-12-05,71.12058823529412,65.76485443115234,2020-12-04,90.38651275634766
2019-12-06,71.12058823529412,66.38087463378906,2020-12-07,90.052978515625
2019-12-09,71.12058823529412,66.5593032836914,2020-12-08,89.7704849243164
2019-12-10,71.12058823529412,66.55433654785156,2020-12-09,88.1116943359375
2019-12-11,71.12058823529412,66.62174224853516,2020-12-10,87.60568237304688
2019-12-12,71.12058823529412,66.83189392089844,2020-12-11,87.96004486083984
2019-12-13,71.12058823529412,66.75160217285156,2020-12-14,86.84294891357422
2019-12-16,71.12058823529412,67.43702697753906,2020-12-15,87.28005981445312
2019-12-17,71.12058823529412,67.1490707397461,2020-12-16,87.08726501464844
2019-12-18,71.12058823529412,67.00138092041016,2020-12-17,86.26060485839844
2019-12-19,71.12058823529412,67.22588348388672,2020-12-18,85.5523910522461
2019-12-20,71.12058823529412,66.96717071533203,2020-12-21,85.9657211303711
2019-12-23,71.12058823529412,66.93795776367188,2020-12-22,85.25502014160156
2019-12-24,71.12058823529412,66.63066101074219,2020-12-23,85.6520004272461
2019-12-26,71.12058823529412,67.52473449707031,2020-12-28,87.91841125488281
2019-12-27,71.12058823529412,67.13668060302734,2020-12-28,87.91841125488281
2019-12-30,71.12058823529412,66.39673614501953,2020-12-29,87.11552429199219
2019-12-31,71.12058823529412,66.38087463378906,2020-12-30,86.04948425292969
2020-01-02,71.12058823529412,67.83251953125,2021-01-04,85.54793548583984
2020-01-03,71.12058823529412,67.47766876220703,2021-01-04,85.54793548583984
2020-01-06,71.75277777777778,69.27620697021484,2021-01-05,86.23780822753906
2020-01-07,71.75277777777778,69.14240264892578,2021-01-06,85.38685607910156
2020-01-08,71.75277777777778,69.6345443725586,2021-01-07,87.93724060058594
2020-01-09,71.75277777777778,70.36557006835938,2021-01-08,89.1014175415039
2020-01-10,72.18684210526315,70.82001495361328,2021-01-11,87.04266357421875
2020-01-13,72.71315789473685,71.36865997314453,2021-01-12,86.10795593261719
2020-01-14,72.71315789473685,70.90079498291016,2021-01-13,86.59465789794922
2020-01-15,72.71315789473685,71.32752227783203,2021-01-14,85.78531646728516
2020-01-16,72.71315789473685,71.87071990966797,2021-01-15,85.62176513671875
2020-01-17,73.26500000000001,73.32579040527344,2021-01-19,88.43929290771484
2020-01-21,73.4904761904762,73.46110534667969,2021-01-20,93.17727661132812
2020-01-22,73.4904761904762,73.54139709472656,2021-01-21,93.3794937133789
2020-01-23,75.00416666666666,73.58203887939453,2021-01-22,93.79627990722656
2020-01-24,76.03846153846153,72.66416931152344,2021-01-25,93.88153076171875
2020-01-27,76.5,70.95730590820312,2021-01-26,94.55902099609375
2020-01-28,76.5,71.88754272460938,2021-01-27,90.14763641357422
2020-01-29,76.5,72.19483184814453,2021-01-28,91.8455810546875
2020-01-30,76.81666666666666,72.07340240478516,2021-01-29,90.56493377685547
2020-01-31,76.234375,71.00933837890625,2021-02-01,93.82157135009766
2020-02-03,76.234375,73.47843933105469,2021-02-02,95.11260986328125
2020-02-04,78.875,71.63528442382812,2021-02-03,102.0391845703125
2020-02-05,78.94354838709677,71.6670150756836,2021-02-04,101.77901458740234
2020-02-06,79.228125,73.14987182617188,2021-02-05,103.5235366821289
2020-02-07,79.4030303030303,73.30548858642578,2021-02-08,103.30992889404297
2020-02-10,79.4030303030303,74.7699966430664,2021-02-09,102.8574447631836
2020-02-11,79.4030303030303,74.8393783569336,2021-02-10,103.40705871582031
2020-02-12,79.4030303030303,75.26412200927734,2021-02-11,103.51956939697266
2020-02-13,79.4030303030303,75.0044174194336,2021-02-12,103.830810546875
2020-02-14,79.4030303030303,75.26907348632812,2021-02-16,104.60743713378906
2020-02-18,79.4030303030303,75.30426788330078,2021-02-17,104.99995422363281
2020-02-19,79.4030303030303,75.57337188720703,2021-02-18,104.36505889892578
2020-02-20,79.4030303030303,75.18283081054688,2021-02-19,103.52254486083984
2020-02-21,79.4030303030303,73.52108001708984,2021-02-22,101.81022644042969
2020-02-24,79.4030303030303,70.36901092529297,2021-02-23,102.10066223144531
2020-02-25,79.49411764705883,68.70677947998047,2021-02-24,103.27472686767578
2020-02-26,79.49411764705883,68.91243743896484,2021-02-25,99.91156005859375
2020-02-27,79.49411764705883,65.16960906982422,2021-02-26,100.20693969726562
2020-02-28,79.49411764705883,66.37394714355469,2021-03-01,102.5734634399414
2020-03-02,79.49411764705883,68.70677947998047,2021-03-02,102.31674194335938
2020-03-03,79.49411764705883,66.29812622070312,2021-03-03,99.68656921386719
2020-03-04,79.49411764705883,68.47283935546875,2021-03-04,100.80265808105469
2020-03-05,79.50857142857143,65.16022491455078,2021-03-05,103.9319076538086
2020-03-06,79.50857142857143,64.21755981445312,2021-03-08,99.49275970458984
2020-03-09,79.50857142857143,60.25519561767578,2021-03-09,101.121337890625
2020-03-10,79.50857142857143,63.19811248779297,2021-03-10,100.9146728515625
2020-03-11,79.50857142857143,60.012855529785156,2021-03-11,104.10388946533203
2020-03-12,79.50857142857143,55.08900833129883,2021-03-12,101.5990982055664
2020-03-13,79.50857142857143,60.17987060546875,2021-03-15,101.81916046142578
2020-03-16,79.50857142857143,53.17845916748047,2021-03-16,103.27871704101562
2020-03-17,79.50857142857143,55.411651611328125,2021-03-17,103.19593811035156
2020-03-18,79.16111111111111,54.07996368408203,2021-03-18,100.1786880493164
2020-03-19,79.16111111111111,55.0949592590332,2021-03-19,100.45721435546875
2020-03-20,79.16111111111111,52.94105911254883,2021-03-22,100.64208221435547
2020-03-23,79.16111111111111,52.243247985839844,2021-03-23,101.16939544677734
2020-03-24,79.16111111111111,56.003902435302734,2021-03-24,100.73329162597656
2020-03-25,79.16111111111111,54.596885681152344,2021-03-25,100.72980499267578
2020-03-26,78.84594594594596,57.63493728637695,2021-03-26,100.34671020507812
2020-03-27,78.84594594594596,55.02507400512695,2021-03-29,101.39044952392578
2020-03-30,78.17,56.81174087524414,2021-03-30,101.42414855957031
2020-03-31,78.17,57.58686447143555,2021-03-31,102.21959686279297
2020-04-01,78.17,54.620662689208984,2021-04-01,105.55303955078125
2020-04-02,78.17,55.3606071472168,2021-04-05,109.97283935546875
2020-04-03,78.17,54.15479278564453,2021-04-05,109.97283935546875
2020-04-06,78.17,58.6395263671875,2021-04-06,109.49211883544922
2020-04-07,77.84878048780489,58.608306884765625,2021-04-07,110.96752166748047
2020-04-08,77.84878048780489,59.81956481933594,2021-04-08,111.53252410888672
2020-04-09,77.84878048780489,59.798255920410156,2021-04-09,112.53561401367188
2020-04-13,77.84878048780489,59.988563537597656,2021-04-13,111.73075866699219
2020-04-14,77.84878048780489,62.70547866821289,2021-04-14,111.11026000976562
2020-04-15,77.84878048780489,62.31246566772461,2021-04-15,113.25821685791016
2020-04-16,77.84878048780489,62.318904876708984,2021-04-16,113.13431549072266
2020-04-17,77.65232558139536,63.3879280090332,2021-04-19,113.48172760009766
2020-04-20,77.59204545454546,62.503273010253906,2021-04-20,112.94895935058594
2020-04-21,77.4141304347826,60.0753059387207,2021-04-21,112.91625213623047
2020-04-22,77.22978723404256,62.36747741699219,2021-04-22,111.63610076904297
2020-04-23,77.5554347826087,62.9998664855957,2021-04-23,113.98574829101562
2020-04-24,77.5554347826087,63.268985748291016,2021-04-26,114.48136901855469
2020-04-27,78.2202380952381,62.98450469970703,2021-04-27,113.54218292236328
2020-04-28,78.23255813953489,61.08781814575195,2021-04-28,116.91529083251953
2020-04-29,77.73660714285714,66.5191650390625,2021-04-29,118.58647155761719
2020-04-30,77.73660714285714,66.74317932128906,2021-04-30,116.6407241821289
2020-05-01,77.73660714285714,65.28709411621094,2021-05-03,116.12430572509766
2020-05-04,77.73660714285714,65.56362915039062,2021-05-04,114.32772827148438
2020-05-05,77.8640350877193,66.858154296875,2021-05-05,114.72123718261719
2020-05-06,77.8640350877193,66.68022918701172,2021-05-06,115.84031677246094
2020-05-07,77.8640350877193,67.86223602294922,2021-05-07,116.56289672851562
2020-05-08,77.8640350877193,68.60863494873047,2021-05-10,113.58035278320312
2020-05-11,77.8640350877193,69.56267547607422,2021-05-11,112.50538635253906
2020-05-12,77.90086206896552,68.1546630859375,2021-05-12,109.0455551147461
2020-05-13,77.90086206896552,66.8239517211914,2021-05-13,110.47242736816406
2020-05-14,77.90086206896552,67.24671173095703,2021-05-14,112.91773223876953
2020-05-15,77.90086206896552,68.04959106445312,2021-05-17,113.44010162353516
2020-05-18,77.90086206896552,68.65026092529297,2021-05-18,112.12921905517578
2020-05-19,77.90086206896552,68.11600494384766,2021-05-19,112.57676696777344
2020-05-20,77.90086206896552,69.8387222290039,2021-05-20,114.33367919921875
2020-05-21,77.90086206896552,69.71928405761719,2021-05-21,113.69831848144531
2020-05-22,77.90086206896552,70.04093933105469,2021-05-24,117.014404296875
2020-05-26,77.90086206896552,70.44384765625,2021-05-26,117.96944427490234
2020-05-27,77.90086206896552,70.38984680175781,2021-05-27,117.0956802368164
2020-05-28,77.90086206896552,70.28873443603516,2021-05-28,116.8067398071289
2020-05-29,77.90086206896552,71.0460205078125,2021-06-01,118.01255798339844
2020-06-01,77.95175438596492,71.11292266845703,2021-06-01,118.01255798339844
2020-06-02,77.95175438596492,71.4816665649414,2021-06-02,117.48771667480469
2020-06-03,77.98214285714286,71.33000183105469,2021-06-03,116.34732055664062
2020-06-04,77.98214285714286,70.09346008300781,2021-06-04,118.62660217285156
2020-06-05,77.98214285714286,71.36815643310547,2021-06-07,119.05928039550781
2020-06-08,77.98214285714286,71.76563262939453,2021-06-08,118.86796569824219
2020-06-09,77.98214285714286,71.96585845947266,2021-06-09,119.33879852294922
2020-06-10,78.02631578947368,72.59131622314453,2021-06-10,120.68635559082031
2020-06-11,78.02631578947368,69.47891235351562,2021-06-11,120.4420166015625
2020-06-12,78.02631578947368,70.02508544921875,2021-06-14,121.36930847167969
2020-06-15,78.02631578947368,70.41263580322266,2021-06-15,120.3523178100586
2020-06-16,78.02631578947368,71.68782806396484,2021-06-16,119.71099853515625
2020-06-17,78.02631578947368,71.9886703491211,2021-06-17,120.6734619140625
2020-06-18,78.02631578947368,71.07575988769531,2021-06-18,119.05530548095703
2020-06-19,78.02631578947368,70.6059341430664,2021-06-21,120.74185180664062
2020-06-22,78.06896551724138,71.8954849243164,2021-06-22,121.25530242919922
2020-06-23,78.06896551724138,72.5556411743164,2021-06-23,121.05359649658203
2020-06-24,78.25,71.00538635253906,2021-06-24,121.42330932617188
2020-06-25,78.25,71.42169189453125,2021-06-25,121.4317398071289
2020-06-26,78.25,67.52821350097656,2021-06-28,121.4590072631836
2020-06-29,78.25,69.2444839477539,2021-06-29,121.19783020019531
2020-06-30,78.25,70.2793197631836,2021-06-30,121.01641845703125
2020-07-01,78.25,71.4662857055664,2021-07-01,121.3683090209961
2020-07-02,78.25,72.85050964355469,2021-07-02,124.15657806396484
2020-07-06,78.17672413793103,74.32344818115234,2021-07-06,125.08088684082031
2020-07-07,78.17672413793103,73.84123992919922,2021-07-07,125.36238098144531
2020-07-08,78.17672413793103,74.51922607421875,2021-07-08,123.9449462890625
2020-07-09,78.26293103448276,75.26561737060547,2021-07-09,124.41527557373047
2020-07-10,78.26293103448276,76.27415466308594,2021-07-12,125.85948944091797
2020-07-13,78.52916666666667,74.94694519042969,2021-07-13,126.2222671508789
2020-07-14,78.52916666666667,75.3746337890625,2021-07-14,127.1098861694336
2020-07-15,78.52916666666667,75.1773910522461,2021-07-15,125.88871002197266
2020-07-16,78.7827868852459,75.08024597167969,2021-07-16,125.85401916503906
2020-07-17,78.7827868852459,75.17588806152344,2021-07-19,123.48306274414062
2020-07-20,79.04435483870968,77.5047378540039,2021-07-20,125.10021209716797
2020-07-21,79.17857142857143,77.11222839355469,2021-07-21,126.42793273925781
2020-07-22,79.17857142857143,77.5548095703125,2021-07-22,127.2927474975586
2020-07-23,79.02903225806452,75.17094421386719,2021-07-23,131.84588623046875
2020-07-24,79.02903225806452,74.74768829345703,2021-07-26,132.85691833496094
2020-07-27,79.06935483870969,75.79937744140625,2021-07-27,130.7406768798828
2020-07-28,79.38174603174603,74.5217056274414,2021-07-28,134.89781188964844
2020-07-29,79.48095238095239,75.50597381591797,2021-07-29,134.58407592773438
2020-07-30,79.6741935483871,76.24243927001953,2021-07-30,133.54234313964844
2020-07-31,80.44275362318841,73.74359130859375,2021-08-02,133.66920471191406
2020-08-03,80.16160714285715,73.48638153076172,2021-08-03,134.4379119873047
2020-08-04,80.14636363636365,73.01752471923828,2021-08-04,133.93785095214844
2020-08-05,80.0,73.30449676513672,2021-08-05,135.05393981933594
2020-08-06,79.90566037735849,74.58612060546875,2021-08-06,134.54547119140625
2020-08-07,79.90566037735849,74.26001739501953,2021-08-09,135.70962524414062
2020-08-10,79.90566037735849,74.1832046508789,2021-08-10,135.6045684814453
2020-08-11,79.90566037735849,73.37635040283203,2021-08-11,135.0812225341797
2020-08-12,79.90566037735849,74.69962310791016,2021-08-12,135.9881591796875
2020-08-13,79.90566037735849,75.1659927368164,2021-08-13,136.51695251464844
2020-08-14,79.90566037735849,74.57026672363281,2021-08-16,137.09385681152344
2020-08-17,79.90566037735849,75.14567565917969,2021-08-17,135.46035766601562
2020-08-18,79.90566037735849,77.10529327392578,2021-08-18,134.25851440429688
2020-08-19,79.90566037735849,76.55169677734375,2021-08-19,134.48745727539062
2020-08-20,79.90566037735849,78.11979675292969,2021-08-20,136.2216033935547
2020-08-21,79.90566037735849,78.08609771728516,2021-08-23,138.81060791015625
2020-08-24,79.85576923076923,78.5608901977539,2021-08-24,140.01992797851562
2020-08-25,80.20754716981132,79.5867919921875,2021-08-25,140.83023071289062
2020-08-26,80.20754716981132,81.48396301269531,2021-08-26,140.19735717773438
2020-08-27,80.20754716981132,80.71033477783203,2021-08-27,142.73831176757812
2020-08-28,80.20754716981132,81.25102233886719,2021-08-30,143.31964111328125
2020-08-31,80.20754716981132,80.76038360595703,2021-08-31,143.42568969726562
2020-09-01,80.20754716981132,82.02664947509766,2021-09-01,143.93914794921875
2020-09-02,80.21153846153847,85.11476135253906,2021-09-02,142.02760314941406
2020-09-03,80.21153846153847,80.75938415527344,2021-09-03,142.4761505126953
2020-09-04,80.21153846153847,78.36561584472656,2021-09-07,143.0123748779297
2020-09-08,80.21153846153847,75.51043701171875,2021-09-08,142.4280548095703
2020-09-09,80.21153846153847,76.68154907226562,2021-09-09,142.2793731689453
2020-09-10,80.21153846153847,75.6318588256836,2021-09-10,139.63783264160156
2020-09-11,80.21153846153847,75.12187194824219,2021-09-13,141.08151245117188
2020-09-14,80.21153846153847,74.77842712402344,2021-09-14,141.29164123535156
2020-09-15,80.80288461538461,76.08135986328125,2021-09-15,143.1600799560547
2020-09-16,80.80288461538461,74.93999481201172,2021-09-16,142.3477783203125
2020-09-17,80.80288461538461,73.69849395751953,2021-09-17,139.5624542236328
2020-09-18,80.80288461538461,71.91679382324219,2021-09-20,137.500244140625
2020-09-21,80.80288461538461,70.87850952148438,2021-09-21,137.8109893798828
2020-09-22,80.80288461538461,72.3494644165039,2021-09-22,139.0504913330078
2020-09-23,81.28365384615384,69.85011291503906,2021-09-23,139.9748077392578
2020-09-24,81.44811320754717,70.5177001953125,2021-09-24,140.96502685546875
2020-09-25,81.44811320754717,71.3205795288086,2021-09-27,139.8320770263672
2020-09-28,82.145,72.29197692871094,2021-09-28,134.6361541748047
2020-09-29,82.145,72.65673828125,2021-09-29,133.172607421875
2020-09-30,82.145,72.63592529296875,2021-09-30,132.50108337402344
2020-10-01,82.145,73.7411117553711,2021-10-01,135.34288024902344
2020-10-02,82.145,72.14031982421875,2021-10-04,132.48472595214844
2020-10-05,82.49489795918367,73.48985290527344,2021-10-05,134.82745361328125
2020-10-06,82.49489795918367,71.913330078125,2021-10-06,136.3558807373047
2020-10-07,82.49489795918367,72.3157730102539,2021-10-07,138.00132751464844
2020-10-08,82.49489795918367,73.51959228515625,2021-10-08,138.55686950683594
2020-10-09,82.49489795918367,74.85871124267578,2021-10-11,137.6930389404297
2020-10-12,82.865,77.54191589355469,2021-10-12,135.24969482421875
2020-10-13,82.865,77.66483306884766,2021-10-13,136.37274169921875
2020-10-14,82.865,77.48492431640625,2021-10-14,139.91036987304688
2020-10-15,83.25,77.08992767333984,2021-10-15,140.12547302246094
2020-10-16,83.38775510204081,77.69606018066406,2021-10-18,141.52305603027344
2020-10-19,84.0,75.82514190673828,2021-10-19,141.97802734375
2020-10-20,84.5163043478261,76.87235260009766,2021-10-20,140.52296447753906
2020-10-21,84.5163043478261,78.60250854492188,2021-10-21,140.63893127441406
2020-10-22,84.5163043478261,79.62694549560547,2021-10-22,136.3573760986328
2020-10-23,84.73936170212765,80.9313735961914,2021-10-25,136.23892211914062
2020-10-26,84.8695652173913,78.51827239990234,2021-10-26,138.08409118652344
2020-10-27,88.32575757575758,79.24134826660156,2021-10-27,144.93235778808594
2020-10-28,88.32575757575758,74.87606048583984,2021-10-28,144.5670928955078
2020-10-29,88.32575757575758,77.15980529785156,2021-10-29,146.74476623535156
2020-10-30,90.75,80.09527587890625,2021-11-01,142.2357635498047
2020-11-02,90.99479166666667,80.50216674804688,2021-11-02,144.15426635742188
2020-11-03,91.17857142857143,81.55979919433594,2021-11-03,145.3095245361328
2020-11-04,91.17857142857143,86.52526092529297,2021-11-04,146.96434020996094
2020-11-05,91.17857142857143,87.3504409790039,2021-11-05,147.543701171875
2020-11-06,91.17857142857143,87.21316528320312,2021-11-08,147.72113037109375
2020-11-09,91.41145833333333,87.29691314697266,2021-11-09,147.60960388183594
2020-11-10,91.41145833333333,86.12234497070312,2021-11-10,144.61117553710938
2020-11-11,91.41145833333333,86.59365844726562,2021-11-11,144.48529052734375
2020-11-12,91.41145833333333,86.3750991821289,2021-11-12,147.3712158203125
2020-11-13,91.41145833333333,87.83415985107422,2021-11-15,147.147216796875
2020-11-16,91.41145833333333,87.921875,2021-11-16,146.57627868652344
2020-11-17,91.41145833333333,87.30882263183594,2021-11-17,146.74575805664062
2020-11-18,91.41145833333333,86.26703643798828,2021-11-18,148.52151489257812
2020-11-19,91.41145833333333,87.15567016601562,2021-11-19,147.61753845214844
2020-11-20,91.41145833333333,86.05592346191406,2021-11-22,145.01612854003906
2020-11-23,91.41145833333333,85.61878967285156,2021-11-23,144.50067138671875
2020-11-24,91.41145833333333,87.4198226928711,2021-11-24,144.835693359375
2020-11-25,91.41145833333333,87.43122100830078,2021-11-26,140.93333435058594
2020-11-27,91.41145833333333,88.565673828125,2021-11-29,144.25140380859375
2020-11-30,91.41145833333333,86.9489974975586,2021-11-30,140.65032958984375
2020-12-01,91.41145833333333,88.97900390625,2021-12-01,139.811767578125
2020-12-02,91.41145833333333,90.44649505615234,2021-12-02,141.70941162109375
2020-12-03,91.41145833333333,90.29137420654297,2021-12-03,140.75341796875
2020-12-04,91.41145833333333,90.38651275634766,2021-12-06,141.89675903320312
2020-12-07,91.41145833333333,90.052978515625,2021-12-07,145.97511291503906
2020-12-08,91.6436170212766,89.7704849243164,2021-12-08,146.88404846191406
2020-12-09,91.6436170212766,88.1116943359375,2021-12-09,146.34085083007812
2020-12-10,91.6436170212766,87.60568237304688,2021-12-10,146.70065307617188
2020-12-11,91.6436170212766,87.96004486083984,2021-12-13,144.54478454589844
2020-12-14,91.6436170212766,86.84294891357422,2021-12-14,142.6421356201172
2020-12-15,91.6436170212766,87.28005981445312,2021-12-15,145.15386962890625
2020-12-16,91.6436170212766,87.08726501464844,2021-12-16,143.17544555664062
2020-12-17,91.6436170212766,86.26060485839844,2021-12-17,140.47935485839844
2020-12-18,91.81770833333333,85.5523910522461,2021-12-20,140.3623504638672
2020-12-21,92.05851063829788,85.9657211303711,2021-12-21,142.2115020751953
2020-12-22,92.1304347826087,85.25502014160156,2021-12-22,145.1280975341797
2020-12-23,92.1304347826087,85.6520004272461,2021-12-23,145.62518310546875
2020-12-24,92.1304347826087,85.9458999633789,2021-12-27,146.60650634765625
2020-12-28,92.1304347826087,87.91841125488281,2021-12-28,145.39773559570312
2020-12-29,92.1304347826087,87.11552429199219,2021-12-29,145.3660125732422
2020-12-30,92.1304347826087,86.04948425292969,2021-12-30,144.91546630859375
2020-12-31,92.29787234042553,86.86178588867188,2021-12-31,143.57884216308594
2021-01-04,92.29787234042553,85.54793548583984,2022-01-04,143.13034057617188
2021-01-05,92.51041666666667,86.23780822753906,2022-01-05,136.5640411376953
2021-01-06,92.67021276595744,85.38685607910156,2022-01-06,136.53680419921875
2021-01-07,92.67021276595744,87.93724060058594,2022-01-07,135.8126983642578
2021-01-08,92.67021276595744,89.1014175415039,2022-01-10,137.45068359375
2021-01-11,93.56666666666666,87.04266357421875,2022-01-11,138.50779724121094
2021-01-12,93.56666666666666,86.10795593261719,2022-01-12,140.1874237060547
2021-01-13,93.78488372093024,86.59465789794922,2022-01-13,137.36891174316406
2021-01-14,93.78488372093024,85.78531646728516,2022-01-14,138.2545623779297
2021-01-15,93.78488372093024,85.62176513671875,2022-01-18,134.8026885986328
2021-01-19,94.51829268292683,88.43929290771484,2022-01-19,133.92893981933594
2021-01-20,94.51829268292683,93.17727661132812,2022-01-20,132.1358184814453
2021-01-21,94.7154761904762,93.3794937133789,2022-01-21,129.205810546875
2021-01-22,94.83837209302327,93.79627990722656,2022-01-24,129.65432739257812
2021-01-25,95.62325581395349,93.88153076171875,2022-01-25,125.81932067871094
2021-01-26,95.81666666666668,94.55902099609375,2022-01-26,128.09715270996094
2021-01-27,95.81666666666668,90.14763641357422,2022-01-27,127.87113189697266
2021-01-28,98.00135135135136,91.8455810546875,2022-01-28,132.17892456054688
2021-01-29,98.00135135135136,90.56493377685547,2022-01-31,134.11428833007812
2021-02-01,98.5418918918919,93.82157135009766,2022-02-01,136.4342041015625
2021-02-02,98.5418918918919,95.11260986328125,2022-02-02,146.69920349121094
2021-02-03,106.01666666666668,102.0391845703125,2022-02-03,141.83233642578125
2021-02-04,106.01666666666668,101.77901458740234,2022-02-04,142.03355407714844
2021-02-05,106.01666666666668,103.5235366821289,2022-02-07,137.9775390625
2021-02-08,106.01666666666668,103.30992889404297,2022-02-08,138.17379760742188
2021-02-09,106.01666666666668,102.8574447631836,2022-02-09,140.34751892089844
2021-02-10,106.01666666666668,103.40705871582031,2022-02-10,137.40162658691406
2021-02-11,106.01666666666668,103.51956939697266,2022-02-11,133.1022491455078
2021-02-12,106.27068965517243,103.830810546875,2022-02-14,134.33482360839844
2021-02-16,106.60932203389832,104.60743713378906,2022-02-16,136.5273895263672
2021-02-17,106.60932203389832,104.99995422363281,2022-02-17,131.3740997314453
2021-02-18,106.60932203389832,104.36505889892578,2022-02-18,129.25686645507812
2021-02-19,106.60932203389832,103.52254486083984,2022-02-22,128.67251586914062
2021-02-22,106.7491379310345,101.81022644042969,2022-02-22,128.67251586914062
2021-02-23,106.7491379310345,102.10066223144531,2022-02-23,126.46658325195312
2021-02-24,106.7491379310345,103.27472686767578,2022-02-24,131.5247344970703
2021-02-25,106.7491379310345,99.91156005859375,2022-02-25,133.27772521972656
2021-02-26,106.7491379310345,100.20693969726562,2022-02-28,133.86993408203125
2021-03-01,106.7491379310345,102.5734634399414,2022-03-01,132.8831787109375
2021-03-02,106.7491379310345,102.31674194335938,2022-03-02,133.38868713378906
2021-03-03,106.7491379310345,99.68656921386719,2022-03-03,132.72262573242188
2021-03-04,106.7491379310345,100.80265808105469,2022-03-04,130.7471466064453
2021-03-05,106.7491379310345,103.9319076538086,2022-03-07,125.2677230834961
2021-03-08,106.7491379310345,99.49275970458984,2022-03-08,125.98734283447266
2021-03-09,106.7491379310345,101.121337890625,2022-03-09,132.24729919433594
2021-03-10,106.7491379310345,100.9146728515625,2022-03-10,131.26553344726562
2021-03-11,106.7491379310345,104.10388946533203,2022-03-11,128.72901916503906
2021-03-12,106.7491379310345,101.5990982055664,2022-03-14,124.8439712524414
2021-03-15,106.90701754385967,101.81916046142578,2022-03-15,128.06243896484375
2021-03-16,106.90701754385967,103.27871704101562,2022-03-16,132.10906982421875
2021-03-17,106.90701754385967,103.19593811035156,2022-03-17,132.66265869140625
2021-03-18,106.90701754385967,100.1786880493164,2022-03-18,134.9290771484375
2021-03-19,107.16724137931035,100.45721435546875,2022-03-21,134.90525817871094
2021-03-22,107.16724137931035,100.64208221435547,2022-03-22,138.63865661621094
2021-03-23,107.42456140350878,101.16939544677734,2022-03-23,137.06016540527344
2021-03-24,107.7357142857143,100.73329162597656,2022-03-24,140.32769775390625
2021-03-25,107.90701754385967,100.72980499267578,2022-03-25,140.4278106689453
2021-03-26,107.90701754385967,100.34671020507812,2022-03-28,140.2122039794922
2021-03-29,107.90701754385967,101.39044952392578,2022-03-29,141.2529754638672
2021-03-30,108.07241379310346,101.42414855957031,2022-03-30,140.6909637451172
2021-03-31,108.07241379310346,102.21959686279297,2022-03-31,137.84521484375
2021-04-01,108.31694915254239,105.55303955078125,2022-04-01,138.91868591308594
2021-04-05,108.31694915254239,109.97283935546875,2022-04-05,139.35531616210938
2021-04-06,108.31694915254239,109.49211883544922,2022-04-06,135.34786987304688
2021-04-07,108.31694915254239,110.96752166748047,2022-04-07,134.69415283203125
2021-04-08,108.31694915254239,111.53252410888672,2022-04-08,132.11598205566406
2021-04-09,108.59500000000001,112.53561401367188,2022-04-11,127.69123840332031
2021-04-12,108.72372881355933,111.24456787109375,2022-04-12,126.59198760986328
2021-04-13,108.72372881355933,111.73075866699219,2022-04-13,128.75230407714844
2021-04-14,108.72372881355933,111.11026000976562,2022-04-14,125.61613464355469
2021-04-15,109.40169491525425,113.25821685791016,2022-04-18,126.55430603027344
2021-04-16,109.40169491525425,113.13431549072266,2022-04-18,126.55430603027344
2021-04-19,110.48688524590163,113.48172760009766,2022-04-19,128.8663330078125
2021-04-20,110.82177419354838,112.94895935058594,2022-04-20,126.91461181640625
2021-04-21,110.82177419354838,112.91625213623047,2022-04-21,123.71746063232422
2021-04-22,111.46693548387098,111.63610076904297,2022-04-22,118.58397674560547
2021-04-23,111.96796875000001,113.98574829101562,2022-04-25,121.99225616455078
2021-04-26,112.09153846153848,114.48136901855469,2022-04-26,117.6071548461914
2021-04-27,112.09153846153848,113.54218292236328,2022-04-27,113.2899398803711
2021-04-28,117.80421686746988,116.91529083251953,2022-04-28,117.48077392578125
2021-04-29,122.38928571428572,118.58647155761719,2022-04-29,113.10655975341797
2021-04-30,122.38928571428572,116.6407241821289,2022-05-02,115.55831909179688
2021-05-03,123.96691176470588,116.12430572509766,2022-05-03,116.30272674560547
2021-05-04,123.96691176470588,114.32772827148438,2022-05-04,121.18641662597656
2021-05-05,123.96691176470588,114.72123718261719,2022-05-05,115.48151397705078
2021-05-06,123.96691176470588,115.84031677246094,2022-05-06,114.72917175292969
2021-05-07,123.96691176470588,116.56289672851562,2022-05-09,111.5221176147461
2021-05-10,123.92028985507247,113.58035278320312,2022-05-10,113.38954162597656
2021-05-11,123.92028985507247,112.50538635253906,2022-05-11,112.60400390625
2021-05-12,123.92028985507247,109.0455551147461,2022-05-12,111.85218048095703
2021-05-13,123.92028985507247,110.47242736816406,2022-05-13,115.0304946899414
2021-05-14,123.92028985507247,112.91773223876953,2022-05-16,113.4391098022461
2021-05-17,123.92028985507247,113.44010162353516,2022-05-17,115.44927978515625
2021-05-18,123.92028985507247,112.12921905517578,2022-05-18,110.91598510742188
2021-05-19,123.92028985507247,112.57676696777344,2022-05-19,109.4137954711914
2021-05-20,123.92028985507247,114.33367919921875,2022-05-20,107.95077514648438
2021-05-21,123.92028985507247,113.69831848144531,2022-05-23,110.50811004638672
2021-05-24,123.92028985507247,117.014404296875,2022-05-24,105.0385971069336
2021-05-25,123.92028985507247,117.1051025390625,2022-05-25,104.87504577636719
2021-05-26,123.92028985507247,117.96944427490234,2022-05-26,106.84508514404297
2021-05-27,123.92028985507247,117.0956802368164,2022-05-27,111.32930755615234
2021-05-28,123.92028985507247,116.8067398071289,2022-05-31,112.76212310791016
2021-06-01,123.92028985507247,118.01255798339844,2022-06-01,112.89097595214844
2021-06-02,124.29285714285714,117.48771667480469,2022-06-02,116.58867645263672
2021-06-03,124.29285714285714,116.34732055664062,2022-06-03,113.53426361083984
2021-06-04,124.29285714285714,118.62660217285156,2022-06-06,115.79373168945312
2021-06-07,124.29285714285714,119.05928039550781,2022-06-07,116.11984252929688
2021-06-08,124.29285714285714,118.86796569824219,2022-06-08,116.16395568847656
2021-06-09,124.29285714285714,119.33879852294922,2022-06-09,113.826171875
2021-06-10,124.29285714285714,120.68635559082031,2022-06-10,110.18446350097656
2021-06-11,124.78521126760563,120.4420166015625,2022-06-13,105.4573974609375
2021-06-14,124.78521126760563,121.36930847167969,2022-06-14,105.77754974365234
2021-06-15,124.78521126760563,120.3523178100586,2022-06-15,108.79974365234375
2021-06-16,124.78521126760563,119.71099853515625,2022-06-16,105.10155487060547
2021-06-17,125.13928571428572,120.6734619140625,2022-06-17,106.2017822265625
2021-06-18,125.13928571428572,119.05530548095703,2022-06-21,110.56360626220703
2021-06-21,125.13928571428572,120.74185180664062,2022-06-21,110.56360626220703
2021-06-22,125.13928571428572,121.25530242919922,2022-06-22,110.50761413574219
2021-06-23,125.13928571428572,121.05359649658203,2022-06-23,111.25546264648438
2021-06-24,125.13928571428572,121.42330932617188,2022-06-24,116.9380874633789
2021-06-25,125.13928571428572,121.4317398071289,2022-06-27,114.81541442871094
2021-06-28,125.13928571428572,121.4590072631836,2022-06-28,111.02303314208984
2021-06-29,125.13928571428572,121.19783020019531,2022-06-29,110.7197265625
2021-06-30,125.5036231884058,121.01641845703125,2022-06-30,108.00528717041016
2021-07-01,125.5036231884058,121.3683090209961,2022-07-01,107.78177642822266
2021-07-02,125.5036231884058,124.15657806396484,2022-07-05,112.26749420166016
2021-07-06,125.84191176470588,125.08088684082031,2022-07-06,113.56500244140625
2021-07-07,125.84191176470588,125.36238098144531,2022-07-07,117.73897552490234
2021-07-08,125.84191176470588,123.9449462890625,2022-07-08,118.30445861816406
2021-07-09,125.84191176470588,124.41527557373047,2022-07-11,114.6597900390625
2021-07-12,126.11567164179104,125.85948944091797,2022-07-12,113.01834869384766
2021-07-13,126.11567164179104,126.2222671508789,2022-07-13,110.3747787475586
2021-07-14,126.11567164179104,127.1098861694336,2022-07-14,109.39745330810547
2021-07-15,126.11567164179104,125.88871002197266,2022-07-15,110.79505157470703
2021-07-16,126.11567164179104,125.85401916503906,2022-07-18,108.07170104980469
2021-07-19,126.4659090909091,123.48306274414062,2022-07-19,112.80968475341797
2021-07-20,126.77985074626865,125.10021209716797,2022-07-20,112.89889526367188
2021-07-21,127.14318181818183,126.42793273925781,2022-07-21,113.33504486083984
2021-07-22,127.56076923076924,127.2927474975586,2022-07-22,106.95162963867188
2021-07-23,128.1659090909091,131.84588623046875,2022-07-25,106.5650634765625
2021-07-26,128.77265625,132.85691833496094,2022-07-26,104.0969467163086
2021-07-27,128.77265625,130.7406768798828,2022-07-27,112.0662841796875
2021-07-28,136.67710843373496,134.89781188964844,2022-07-28,113.21609497070312
2021-07-29,136.8952380952381,134.58407592773438,2022-07-29,115.2976303100586
2021-07-30,136.8952380952381,133.54234313964844,2022-08-01,113.85047149658203
2021-08-02,137.27951807228916,133.66920471191406,2022-08-02,114.11808776855469
2021-08-03,142.81428571428575,134.4379119873047,2022-08-03,117.04216003417969
2021-08-04,142.81428571428575,133.93785095214844,2022-08-04,117.15120697021484
2021-08-05,142.81428571428575,135.05393981933594,2022-08-05,116.43751525878906
2021-08-06,142.81428571428575,134.54547119140625,2022-08-08,116.2690200805664
2021-08-09,142.81428571428575,135.70962524414062,2022-08-09,115.60490417480469
2021-08-10,142.81428571428575,135.6045684814453,2022-08-10,118.64791870117188
2021-08-11,142.81428571428575,135.0812225341797,2022-08-11,117.79548645019531
2021-08-12,143.1701612903226,135.9881591796875,2022-08-12,120.61051177978516
2021-08-13,143.1701612903226,136.51695251464844,2022-08-15,121.00700378417969
2021-08-16,143.4475409836066,137.09385681152344,2022-08-16,120.63033294677734
2021-08-17,143.4475409836066,135.46035766601562,2022-08-17,118.49923706054688
2021-08-18,143.4475409836066,134.25851440429688,2022-08-18,119.11378479003906
2021-08-19,143.4475409836066,134.48745727539062,2022-08-19,116.17980194091797
2021-08-20,143.4475409836066,136.2216033935547,2022-08-22,113.23590850830078
2021-08-23,143.4475409836066,138.81060791015625,2022-08-23,112.85923767089844
2021-08-24,143.4475409836066,140.01992797851562,2022-08-24,112.69075012207031
2021-08-25,143.4475409836066,140.83023071289062,2022-08-25,115.6247329711914
2021-08-26,143.4475409836066,140.19735717773438,2022-08-26,109.37019348144531
2021-08-27,143.4475409836066,142.73831176757812,2022-08-29,108.45829010009766
2021-08-30,143.4475409836066,143.31964111328125,2022-08-30,107.98250579833984
2021-08-31,143.4475409836066,143.42568969726562,2022-08-31,107.2688217163086
2021-09-01,143.4475409836066,143.93914794921875,2022-09-01,108.77546691894531
2021-09-02,143.4475409836066,142.02760314941406,2022-09-02,106.9020767211914
2021-09-03,143.4475409836066,142.4761505126953,2022-09-06,105.87122344970703
2021-09-07,143.4475409836066,143.0123748779297,2022-09-07,108.48800659179688
2021-09-08,143.4475409836066,142.4280548095703,2022-09-08,107.42739868164062
2021-09-09,143.4475409836066,142.2793731689453,2022-09-09,109.67747497558594
2021-09-10,143.4475409836066,139.63783264160156,2022-09-12,109.88561248779297
2021-09-13,143.83548387096775,141.08151245117188,2022-09-13,103.40310668945312
2021-09-14,143.83548387096775,141.29164123535156,2022-09-14,104.0771255493164
2021-09-15,143.83548387096775,143.1600799560547,2022-09-15,102.00550079345703
2021-09-16,144.19344262295084,142.3477783203125,2022-09-16,101.8964614868164
2021-09-17,144.19344262295084,139.5624542236328,2022-09-19,102.16410064697266
2021-09-20,144.19344262295084,137.500244140625,2022-09-20,100.25104522705078
2021-09-21,144.19344262295084,137.8109893798828,2022-09-21,98.40739440917969
2021-09-22,144.63833333333335,139.0504913330078,2022-09-22,99.25983428955078
2021-09-23,144.63833333333335,139.9748077392578,2022-09-23,97.87214660644531
2021-09-24,144.63833333333335,140.96502685546875,2022-09-26,97.30716705322266
2021-09-27,145.0983050847458,139.8320770263672,2022-09-27,96.64305114746094
2021-09-28,145.0983050847458,134.6361541748047,2022-09-28,99.17062377929688
2021-09-29,145.48793103448276,133.172607421875,2022-09-29,96.56375122070312
2021-09-30,145.48793103448276,132.50108337402344,2022-09-30,94.80931091308594
2021-10-01,145.90338983050847,135.34288024902344,2022-10-03,97.77302551269531
2021-10-04,145.90338983050847,132.48472595214844,2022-10-04,100.74665832519531
2021-10-05,145.90338983050847,134.82745361328125,2022-10-05,100.53849792480469
2021-10-06,145.90338983050847,136.3558807373047,2022-10-06,100.52859497070312
2021-10-07,146.26379310344825,138.00132751464844,2022-10-07,97.81266784667969
2021-10-08,146.26379310344825,138.55686950683594,2022-10-10,96.99988555908203
2021-10-11,146.26379310344825,137.6930389404297,2022-10-11,96.32585144042969
2021-10-12,146.26379310344825,135.24969482421875,2022-10-12,96.70252227783203
2021-10-13,146.54912280701754,136.37274169921875,2022-10-13,98.1893310546875
2021-10-14,146.54912280701754,139.91036987304688,2022-10-14,95.71129608154297
2021-10-15,146.54912280701754,140.12547302246094,2022-10-17,99.0913314819336
2021-10-18,148.01037735849056,141.52305603027344,2022-10-18,99.8843002319336
2021-10-19,148.01037735849056,141.97802734375,2022-10-19,98.75432586669922
2021-10-20,148.26057692307694,140.52296447753906,2022-10-20,99.0913314819336
2021-10-21,149.20686274509805,140.63893127441406,2022-10-21,100.24113464355469
2021-10-22,149.20686274509805,136.3573760986328,2022-10-24,101.61892700195312
2021-10-25,149.99117647058824,136.23892211914062,2022-10-25,103.56169891357422
2021-10-26,156.36764705882354,138.08409118652344,2022-10-26,94.09562683105469
2021-10-27,160.34,144.93235778808594,2022-10-27,91.40946197509766
2021-10-28,160.10294117647058,144.5670928955078,2022-10-28,95.44367980957031
2021-10-29,160.10294117647058,146.74476623535156,2022-10-31,93.67931365966797
2021-11-01,160.305,142.2357635498047,2022-11-01,89.67481994628906
2021-11-02,160.29901960784315,144.15426635742188,2022-11-02,86.2055892944336
2021-11-03,160.29901960784315,145.3095245361328,2022-11-03,82.69670867919922
2021-11-04,160.29901960784315,146.96434020996094,2022-11-04,85.81902313232422
2021-11-05,160.29901960784315,147.543701171875,2022-11-07,87.71222686767578
2021-11-08,161.09,147.72113037109375,2022-11-08,88.11864471435547
2021-11-09,161.09,147.60960388183594,2022-11-09,86.55252838134766
2021-11-10,161.09,144.61117553710938,2022-11-10,93.11434173583984
2021-11-11,161.09,144.48529052734375,2022-11-11,95.56262969970703
2021-11-12,161.09,147.3712158203125,2022-11-14,94.8588638305664
2021-11-15,161.09,147.147216796875,2022-11-15,97.57478332519531
2021-11-16,161.09,146.57627868652344,2022-11-16,97.98118591308594
2021-11-17,161.2156862745098,146.74575805664062,2022-11-17,97.4954833984375
2021-11-18,161.2156862745098,148.52151489257812,2022-11-18,96.57366180419922
2021-11-19,161.2156862745098,147.61753845214844,2022-11-21,94.75973510742188
2021-11-22,161.2156862745098,145.01612854003906,2022-11-22,96.1969985961914
2021-11-23,161.2156862745098,144.50067138671875,2022-11-23,97.59459686279297
2021-11-24,161.2156862745098,144.835693359375,2022-11-25,96.6033935546875
2021-11-26,161.2156862745098,140.93333435058594,2022-11-28,95.2057876586914
2021-11-29,161.2156862745098,144.25140380859375,2022-11-29,94.35334777832031
2021-11-30,161.44,140.65032958984375,2022-11-30,100.10237884521484
2021-12-01,161.44,139.811767578125,2022-12-01,100.10237884521484
2021-12-02,161.44,141.70941162109375,2022-12-02,99.55722045898438
2021-12-03,161.7450980392157,140.75341796875,2022-12-05,98.60565185546875
2021-12-06,161.7450980392157,141.89675903320312,2022-12-06,96.12761688232422
2021-12-07,161.7450980392157,145.97511291503906,2022-12-07,94.10555267333984
2021-12-08,161.7450980392157,146.88404846191406,2022-12-08,92.88636016845703
2021-12-09,161.795,146.34085083007812,2022-12-09,92.01410675048828
2021-12-10,161.795,146.70065307617188,2022-12-12,92.48987579345703
2021-12-13,161.795,144.54478454589844,2022-12-13,94.78948211669922
2021-12-14,161.795,142.6421356201172,2022-12-14,94.23440551757812
2021-12-15,161.795,145.15386962890625,2022-12-15,90.0614013671875
2021-12-16,161.795,143.17544555664062,2022-12-16,89.46668243408203
2021-12-17,161.795,140.47935485839844,2022-12-19,87.66267395019531
2021-12-20,161.795,140.3623504638672,2022-12-20,88.2375717163086
2021-12-21,161.795,142.2115020751953,2022-12-21,88.79265594482422
2021-12-22,161.795,145.1280975341797,2022-12-22,86.98865509033203
2021-12-23,161.795,145.62518310546875,2022-12-23,88.44573211669922
2021-12-27,161.795,146.60650634765625,2022-12-27,86.62190246582031
2021-12-28,161.795,145.39773559570312,2022-12-28,85.26394653320312
2021-12-29,161.795,145.3660125732422,2022-12-29,87.67257690429688
2021-12-30,161.795,144.91546630859375,2022-12-30,87.45452880859375
2021-12-31,161.795,143.57884216308594,2023-01-03,88.33670043945312
2022-01-03,161.795,143.71713256835938,2023-01-03,88.33670043945312
2022-01-04,161.795,143.13034057617188,2023-01-04,87.30583190917969
2022-01-05,161.795,136.5640411376953,2023-01-05,85.44236755371094
2022-01-06,161.795,136.53680419921875,2023-01-06,86.57234191894531
2022-01-07,161.795,135.8126983642578,2023-01-09,87.24636840820312
2022-01-10,161.795,137.45068359375,2023-01-10,87.64285278320312
2022-01-11,161.795,138.50779724121094,2023-01-11,90.71560668945312
2022-01-12,161.795,140.1874237060547,2023-01-12,90.32904052734375
2022-01-13,161.795,137.36891174316406,2023-01-13,91.31031799316406
2022-01-14,161.795,138.2545623779297,2023-01-17,90.48761749267578
2022-01-18,162.08673469387756,134.8026885986328,2023-01-18,90.31912231445312
2022-01-19,162.4950980392157,133.92893981933594,2023-01-19,92.23216247558594
2022-01-20,162.395,132.1358184814453,2023-01-20,97.15846252441406
2022-01-21,162.395,129.205810546875,2023-01-23,98.91290283203125
2022-01-24,162.4950980392157,129.65432739257812,2023-01-24,96.84127807617188
2022-01-25,165.5483870967742,125.81932067871094,2023-01-25,94.38308715820312
2022-01-26,165.9,128.09715270996094,2023-01-26,96.66287231445312
2022-01-27,165.79032258064515,127.87113189697266,2023-01-27,98.49661254882812
2022-01-28,165.921875,132.17892456054688,2023-01-30,96.08797454833984
2022-01-31,165.921875,134.11428833007812,2023-01-31,97.97126770019531
2022-02-01,166.27142857142857,136.4342041015625,2023-02-01,99.54729461669922
2022-02-02,168.82692307692307,146.69920349121094,2023-02-02,106.79304504394531
2022-02-03,168.82692307692307,141.83233642578125,2023-02-03,103.85906219482422
2022-02-04,168.82692307692307,142.03355407714844,2023-02-06,101.9955825805664
2022-02-07,168.82692307692307,137.9775390625,2023-02-07,106.69393157958984
2022-02-08,168.82692307692307,138.17379760742188,2023-02-08,98.49661254882812
2022-02-09,168.82692307692307,140.34751892089844,2023-02-09,94.1749267578125
2022-02-10,168.82692307692307,137.40162658691406,2023-02-10,93.7387924194336
2022-02-11,168.82692307692307,133.1022491455078,2023-02-13,93.77845001220703
2022-02-14,168.82692307692307,134.33482360839844,2023-02-14,93.84783935546875
2022-02-15,168.82692307692307,135.4078369140625,2023-02-15,96.08797454833984
2022-02-16,168.82692307692307,136.5273895263672,2023-02-16,94.67053985595703
2022-02-17,168.82692307692307,131.3740997314453,2023-02-17,93.52072143554688
2022-02-18,168.82692307692307,129.25686645507812,2023-02-21,90.98323059082031
2022-02-22,168.82692307692307,128.67251586914062,2023-02-22,90.8444595336914
2022-02-23,168.82692307692307,126.46658325195312,2023-02-23,90.0911636352539
2022-02-24,168.82692307692307,131.5247344970703,2023-02-24,88.34661102294922
2022-02-25,168.82692307692307,133.27772521972656,2023-02-27,89.0801010131836
2022-02-28,168.82692307692307,133.86993408203125,2023-02-28,89.2684326171875
2022-03-01,168.82692307692307,132.8831787109375,2023-03-01,89.56580352783203
2022-03-02,168.99056603773585,133.38868713378906,2023-03-02,91.1913833618164
2022-03-03,168.99056603773585,132.72262573242188,2023-03-03,92.82688903808594
2022-03-04,168.99056603773585,130.7471466064453,2023-03-06,94.29386901855469
2022-03-07,168.99056603773585,125.2677230834961,2023-03-07,93.03504180908203
2022-03-08,168.99056603773585,125.98734283447266,2023-03-08,93.4216079711914
2022-03-09,168.99056603773585,132.24729919433594,2023-03-09,91.5085678100586
2022-03-10,168.99056603773585,131.26553344726562,2023-03-10,89.83343505859375
2022-03-11,168.77777777777777,128.72901916503906,2023-03-13,90.30921936035156
2022-03-14,168.80188679245282,124.8439712524414,2023-03-14,93.14407348632812
2022-03-15,168.80188679245282,128.06243896484375,2023-03-15,95.2652587890625
2022-03-16,168.80188679245282,132.10906982421875,2023-03-16,99.43827056884766
2022-03-17,168.80188679245282,132.66265869140625,2023-03-17,100.72683715820312
2022-03-18,169.07407407407408,134.9290771484375,2023-03-20,100.33033752441406
2022-03-21,169.07407407407408,134.90525817871094,2023-03-21,103.9978256225586
2022-03-22,169.07407407407408,138.63865661621094,2023-03-22,102.4614486694336
2022-03-23,169.07407407407408,137.06016540527344,2023-03-23,104.67184448242188
2022-03-24,169.07407407407408,140.32769775390625,2023-03-24,104.51325988769531
2022-03-25,169.07407407407408,140.4278106689453,2023-03-27,101.5594482421875
2022-03-28,169.07407407407408,140.2122039794922,2023-03-28,100.14201354980469
2022-03-29,169.07407407407408,141.2529754638672,2023-03-29,100.49884796142578
2022-03-30,169.07407407407408,140.6909637451172,2023-03-30,100.00324249267578
2022-03-31,169.0566037735849,137.84521484375,2023-03-31,102.81829833984375
2022-04-01,169.0566037735849,138.91868591308594,2023-04-03,103.44275665283203
2022-04-04,169.0566037735849,141.7148895263672,2023-04-04,103.79959106445312
2022-04-05,169.0566037735849,139.35531616210938,2023-04-05,103.5517807006836
2022-04-06,169.0566037735849,135.34786987304688,2023-04-06,107.46705627441406
2022-04-07,169.0566037735849,134.69415283203125,2023-04-10,105.50446319580078
2022-04-08,169.0566037735849,132.11598205566406,2023-04-10,105.50446319580078
2022-04-11,169.0566037735849,127.69123840332031,2023-04-11,104.4240493774414
2022-04-12,169.0566037735849,126.59198760986328,2023-04-12,103.72029876708984
2022-04-13,169.0566037735849,128.75230407714844,2023-04-13,106.48576354980469
2022-04-14,168.9814814814815,125.61613464355469,2023-04-14,107.91311645507812
2022-04-18,168.9814814814815,126.55430603027344,2023-04-18,103.58152770996094
2022-04-19,169.73482142857142,128.8663330078125,2023-04-19,103.26433563232422
2022-04-20,169.80526315789473,126.91461181640625,2023-04-20,104.36456298828125
2022-04-21,169.85172413793103,123.71746063232422,2023-04-21,104.48352813720703
2022-04-22,169.85172413793103,118.58397674560547,2023-04-24,105.0385971069336
2022-04-25,170.22589285714284,121.99225616455078,2023-04-25,102.9372329711914
2022-04-26,171.05374999999998,117.6071548461914,2023-04-26,102.7984619140625
2022-04-27,168.4675,113.2899398803711,2023-04-27,106.64435577392578
2022-04-28,168.4675,117.48077392578125,2023-04-28,106.39655303955078
2022-04-29,168.4675,113.10655975341797,2023-05-01,106.25777435302734
2022-05-02,168.61101694915254,115.55831909179688,2023-05-02,104.39431762695312
2022-05-03,168.61101694915254,116.30272674560547,2023-05-03,104.48352813720703
2022-05-04,168.61101694915254,121.18641662597656,2023-05-04,103.76985168457031
2022-05-05,168.61101694915254,115.48151397705078,2023-05-05,104.64212799072266
2022-05-06,168.61101694915254,114.72917175292969,2023-05-08,106.8227767944336
2022-05-09,168.61101694915254,111.5221176147461,2023-05-09,106.40646362304688
2022-05-10,168.61101694915254,113.38954162597656,2023-05-10,110.76779174804688
2022-05-11,168.61101694915254,112.60400390625,2023-05-11,115.54544067382812
2022-05-12,168.61101694915254,111.85218048095703,2023-05-12,116.4771728515625
2022-05-13,168.61101694915254,115.0304946899414,2023-05-15,115.4859619140625
2022-05-16,168.61101694915254,113.4391098022461,2023-05-16,118.45960235595703
2022-05-17,168.6301724137931,115.44927978515625,2023-05-17,119.77788543701172
2022-05-18,168.6301724137931,110.91598510742188,2023-05-18,121.75041961669922
2022-05-19,168.6301724137931,109.4137954711914,2023-05-19,121.68102264404297
2022-05-20,168.6301724137931,107.95077514648438,2023-05-22,123.9509048461914
2022-05-23,168.6301724137931,110.50811004638672,2023-05-23,121.48278045654297
2022-05-24,168.39915254237286,105.0385971069336,2023-05-24,119.8373794555664
2022-05-25,168.39915254237286,104.87504577636719,2023-05-25,122.39471435546875
2022-05-26,168.39915254237286,106.84508514404297,2023-05-26,123.5147705078125
2022-05-27,168.39915254237286,111.32930755615234,2023-05-30,122.58302307128906
2022-05-31,168.39915254237286,112.76212310791016,2023-05-31,121.7900619506836
2022-06-01,168.0925,112.89097595214844,2023-06-01,122.63258361816406
2022-06-02,167.00491803278686,116.58867645263672,2023-06-02,123.57423400878906
2022-06-03,167.00491803278686,113.53426361083984,2023-06-05,124.90245819091797
2022-06-06,167.00491803278686,115.79373168945312,2023-06-06,126.19103240966797
2022-06-07,167.00491803278686,116.11984252929688,2023-06-07,121.42330932617188
2022-06-08,167.00491803278686,116.16395568847656,2023-06-08,121.06648254394531
2022-06-09,167.00491803278686,113.826171875,2023-06-09,121.15568542480469
2022-06-10,166.7306451612903,110.18446350097656,2023-06-12,122.55329132080078
2022-06-13,166.7306451612903,105.4573974609375,2023-06-13,122.74163055419922
2022-06-14,166.7306451612903,105.77754974365234,2023-06-14,122.58302307128906
2022-06-15,166.7306451612903,108.79974365234375,2023-06-15,123.99054718017578
2022-06-16,166.18730158730156,105.10155487060547,2023-06-16,122.44425964355469
2022-06-17,165.65,106.2017822265625,2023-06-20,122.0180435180664
2022-06-21,165.65,110.56360626220703,2023-06-21,119.49044799804688
2022-06-22,165.65,110.50761413574219,2023-06-22,122.06759643554688
2022-06-23,165.17846153846153,111.25546264648438,2023-06-23,121.26472473144531
2022-06-24,165.17846153846153,116.9380874633789,2023-06-26,117.29987335205078
2022-06-27,165.17846153846153,114.81541442871094,2023-06-27,117.28997039794922
2022-06-28,165.17846153846153,111.02303314208984,2023-06-28,119.12370300292969
2022-06-29,164.7969696969697,110.7197265625,2023-06-29,118.05319213867188
2022-06-30,164.72537313432835,108.00528717041016,2023-06-30,118.64791870117188
2022-07-01,164.72537313432835,107.78177642822266,2023-07-03,118.8461685180664
2022-07-05,164.50882352941176,112.26749420166016,2023-07-05,120.6799087524414
2022-07-06,164.50882352941176,113.56500244140625,2023-07-06,119.05430603027344
2022-07-07,164.37826086956522,117.73897552490234,2023-07-07,118.42986297607422
2022-07-08,164.37826086956522,118.30445861816406,2023-07-10,115.4264907836914
2022-07-11,164.37826086956522,114.6597900390625,2023-07-11,116.11042785644531
2022-07-12,164.37826086956522,113.01834869384766,2023-07-12,117.88468933105469
2022-07-13,164.17285714285714,110.3747787475586,2023-07-13,123.44538116455078
2022-07-14,163.90281690140844,109.39745330810547,2023-07-14,124.31765747070312
2022-07-15,163.90281690140844,110.79505157470703,2023-07-17,123.55441284179688
2022-07-18,163.5904109589041,108.07170104980469,2023-07-18,122.6722412109375
2022-07-19,162.23815789473684,112.80968475341797,2023-07-19,120.95743560791016
2022-07-20,161.66363636363636,112.89889526367188,2023-07-20,118.15231323242188
2022-07-21,161.32179487179488,113.33504486083984,2023-07-21,118.9651107788086
2022-07-22,160.97625,106.95162963867188,2023-07-24,120.46183013916016
2022-07-25,161.4632911392405,106.5650634765625,2023-07-25,121.13584899902344
2022-07-26,160.41481481481483,104.0969467163086,2023-07-26,128.13380432128906
2022-07-27,157.44895833333334,112.0662841796875,2023-07-27,128.2626495361328
2022-07-28,157.31684210526316,113.21609497070312,2023-07-28,131.41470336914062
2022-07-29,157.31684210526316,115.2976303100586,2023-07-31,131.553466796875
2022-08-01,156.90326086956523,113.85047149658203,2023-08-01,130.3937530517578
2022-08-02,152.90263157894736,114.11808776855469,2023-08-02,127.25164031982422
2022-08-03,153.33246753246755,117.04216003417969,2023-08-03,127.32100677490234
2022-08-04,153.33246753246755,117.15120697021484,2023-08-04,126.98400115966797
2022-08-05,153.33246753246755,116.43751525878906,2023-08-07,130.37393188476562
2022-08-08,153.33246753246755,116.2690200805664,2023-08-08,130.2450714111328
2022-08-09,153.33246753246755,115.60490417480469,2023-08-09,128.52040100097656
2022-08-10,153.33246753246755,118.64791870117188,2023-08-10,128.55010986328125
2022-08-11,153.33246753246755,117.79548645019531,2023-08-11,128.42123413085938
2022-08-12,153.33246753246755,120.61051177978516,2023-08-14,130.17568969726562
2022-08-15,153.33246753246755,121.00700378417969,2023-08-15,128.63934326171875
2022-08-16,153.33246753246755,120.63033294677734,2023-08-16,127.56880950927734
2022-08-17,153.33246753246755,118.49923706054688,2023-08-17,128.77809143066406
2022-08-18,153.33246753246755,119.11378479003906,2023-08-18,126.33971405029297
2022-08-19,153.33246753246755,116.17980194091797,2023-08-21,127.24171447753906
2022-08-22,153.33246753246755,113.23590850830078,2023-08-22,127.94548034667969
2022-08-23,153.33246753246755,112.85923767089844,2023-08-23,131.20657348632812
2022-08-24,153.33246753246755,112.69075012207031,2023-08-24,128.63934326171875
2022-08-25,153.33246753246755,115.6247329711914,2023-08-25,128.7384490966797
2022-08-26,153.33246753246755,109.37019348144531,2023-08-28,129.8585205078125
2022-08-29,153.33246753246755,108.45829010009766,2023-08-29,133.38722229003906
2022-08-30,153.01447368421054,107.98250579833984,2023-08-30,134.68568420410156
2022-08-31,153.01447368421054,107.2688217163086,2023-08-31,134.97314453125
2022-09-01,153.01447368421054,108.77546691894531,2023-09-01,134.4676513671875
2022-09-02,153.01447368421054,106.9020767211914,2023-09-05,134.57669067382812
2022-09-06,153.01447368421054,105.87122344970703,2023-09-06,133.27822875976562
2022-09-07,153.05324675324675,108.48800659179688,2023-09-07,134.07115173339844
2022-09-08,152.99473684210525,107.42739868164062,2023-09-08,135.1813201904297
2022-09-09,152.99473684210525,109.67747497558594,2023-09-11,135.7165985107422
2022-09-12,152.99473684210525,109.88561248779297,2023-09-12,134.15045166015625
2022-09-13,152.99473684210525,103.40310668945312,2023-09-13,135.5084228515625
2022-09-14,152.95584415584415,104.0771255493164,2023-09-14,136.88619995117188
2022-09-15,152.55394736842106,102.00550079345703,2023-09-15,136.19235229492188
2022-09-16,152.55394736842106,101.8964614868164,2023-09-18,136.99522399902344
2022-09-19,152.55394736842106,102.16410064697266,2023-09-19,136.8267364501953
2022-09-20,152.55394736842106,100.25104522705078,2023-09-20,132.56454467773438
2022-09-21,152.55394736842106,98.40739440917969,2023-09-21,129.29351806640625
2022-09-22,152.55394736842106,99.25983428955078,2023-09-22,129.10520935058594
2022-09-23,152.55394736842106,97.87214660644531,2023-09-25,129.95762634277344
2022-09-26,152.55394736842106,97.30716705322266,2023-09-26,127.43997192382812
2022-09-27,152.55394736842106,96.64305114746094,2023-09-27,129.39263916015625
2022-09-28,152.33896103896103,99.17062377929688,2023-09-28,131.14710998535156
2022-09-29,152.33896103896103,96.56375122070312,2023-09-29,129.7098388671875
2022-09-30,152.33896103896103,94.80931091308594,2023-10-02,132.99073791503906
2022-10-03,152.33896103896103,97.77302551269531,2023-10-03,131.26602172851562
2022-10-04,151.8474358974359,100.74665832519531,2023-10-04,134.05133056640625
2022-10-05,151.8474358974359,100.53849792480469,2023-10-05,133.88282775878906
2022-10-06,151.773417721519,100.52859497070312,2023-10-06,136.3707733154297
2022-10-07,151.773417721519,97.81266784667969,2023-10-09,137.20339965820312
2022-10-10,151.56375,96.99988555908203,2023-10-10,136.8465576171875
2022-10-11,151.3469135802469,96.32585144042969,2023-10-11,139.31468200683594
2022-10-12,151.17625,96.70252227783203,2023-10-12,137.74855041503906
2022-10-13,151.17625,98.1893310546875,2023-10-13,136.1527099609375
2022-10-14,151.17625,95.71129608154297,2023-10-16,137.87741088867188
2022-10-17,150.17884615384617,99.0913314819336,2023-10-17,138.49197387695312
2022-10-18,149.80526315789476,99.8843002319336,2023-10-18,136.7474365234375
2022-10-19,149.29868421052632,98.75432586669922,2023-10-19,136.53927612304688
2022-10-20,149.29868421052632,99.0913314819336,2023-10-20,134.40818786621094
2022-10-21,148.88076923076923,100.24113464355469,2023-10-23,135.30026245117188
2022-10-24,148.86623376623376,101.61892700195312,2023-10-24,137.5899658203125
2022-10-25,142.9060344827586,103.56169891357422,2023-10-25,124.5059814453125
2022-10-26,139.00696202531645,94.09562683105469,2023-10-26,121.20524597167969
2022-10-27,139.00696202531645,91.40946197509766,2023-10-27,121.09620666503906
2022-10-28,139.00696202531645,95.44367980957031,2023-10-30,123.36608123779297
2022-10-31,139.00696202531645,93.67931365966797,2023-10-31,122.98942565917969
2022-11-01,139.00696202531645,89.67481994628906,2023-11-01,125.3386001586914
2022-11-02,139.00696202531645,86.2055892944336,2023-11-02,126.36944580078125
2022-11-03,139.00696202531645,82.69670867919922,2023-11-03,127.96532440185547
2022-11-04,139.00696202531645,85.81902313232422,2023-11-06,129.10520935058594
2022-11-07,139.00696202531645,87.71222686767578,2023-11-07,129.81887817382812
2022-11-08,139.00696202531645,88.11864471435547,2023-11-08,130.68121337890625
2022-11-09,139.00696202531645,86.55252838134766,2023-11-09,129.0952911376953
2022-11-10,139.00696202531645,93.11434173583984,2023-11-10,131.42465209960938
2022-11-11,139.00696202531645,95.56262969970703,2023-11-13,130.92901611328125
2022-11-14,139.00696202531645,94.8588638305664,2023-11-14,132.44558715820312
2022-11-15,138.769375,97.57478332519531,2023-11-15,133.43679809570312
2022-11-16,138.769375,97.98118591308594,2023-11-16,135.72647094726562
2022-11-17,138.769375,97.4954833984375,2023-11-17,134.12071228027344
2022-11-18,138.72283950617282,96.57366180419922,2023-11-20,135.0524444580078
2022-11-21,138.519375,94.75973510742188,2023-11-21,135.76614379882812
2022-11-22,138.519375,96.1969985961914,2023-11-22,137.2727813720703
2022-11-23,138.43888888888887,97.59459686279297,2023-11-24,135.4886016845703
2022-11-25,138.43888888888887,96.6033935546875,2023-11-27,135.21104431152344
2022-11-28,138.43888888888887,95.2057876586914,2023-11-28,135.994140625
2022-11-29,138.294375,94.35334777832031,2023-11-29,133.80352783203125
2022-11-30,138.14749999999998,100.10237884521484,2023-11-30,131.36512756347656
2022-12-01,138.14749999999998,100.10237884521484,2023-12-01,130.70103454589844
2022-12-02,138.14749999999998,99.55722045898438,2023-12-04,128.13380432128906
2022-12-05,138.14749999999998,98.60565185546875,2023-12-05,129.8386993408203
2022-12-06,138.14749999999998,96.12761688232422,2023-12-06,128.87721252441406
2022-12-07,138.14749999999998,94.10555267333984,2023-12-07,135.72647094726562
2022-12-08,137.99746835443037,92.88636016845703,2023-12-08,133.80352783203125
2022-12-09,137.99746835443037,92.01410675048828,2023-12-11,132.11846923828125
2022-12-12,137.99746835443037,92.48987579345703,2023-12-12,131.3552703857422
2022-12-13,137.99746835443037,94.78948211669922,2023-12-13,131.40478515625
2022-12-14,138.0679487179487,94.23440551757812,2023-12-14,130.78033447265625
2022-12-15,138.14935064935065,90.0614013671875,2023-12-15,131.43455505371094
2022-12-16,138.14935064935065,89.46668243408203,2023-12-18,134.60641479492188
2022-12-19,138.14935064935065,87.66267395019531,2023-12-19,135.44894409179688
2022-12-20,138.14935064935065,88.2375717163086,2023-12-20,137.12408447265625
2022-12-21,137.95454545454547,88.79265594482422,2023-12-21,139.18580627441406
2022-12-22,137.373417721519,86.98865509033203,2023-12-22,140.2464141845703
2022-12-23,137.373417721519,88.44573211669922,2023-12-26,140.27613830566406
2022-12-27,137.3397435897436,86.62190246582031,2023-12-27,139.13626098632812
2022-12-28,137.04545454545453,85.26394653320312,2023-12-28,138.99745178222656
2022-12-29,137.04545454545453,87.67257690429688,2023-12-29,138.4622039794922
2022-12-30,137.04545454545453,87.45452880859375,2024-01-02,136.95556640625
2023-01-03,136.875,88.33670043945312,2024-01-03,137.69900512695312
2023-01-04,136.3815789473684,87.30583190917969,2024-01-04,135.19122314453125
2023-01-05,136.03896103896105,85.44236755371094,2024-01-05,134.53701782226562
2023-01-06,136.34615384615384,86.57234191894531,2024-01-08,137.6196746826172
2023-01-09,136.34615384615384,87.24636840820312,2024-01-09,139.7111358642578
2023-01-10,136.16883116883116,87.64285278320312,2024-01-10,141.0294647216797
2023-01-11,135.9090909090909,90.71560668945312,2024-01-11,140.83123779296875
2023-01-12,135.9090909090909,90.32904052734375,2024-01-12,141.39620971679688
2023-01-13,135.9090909090909,91.31031799316406,2024-01-16,141.23764038085938
2023-01-17,134.91304347826087,90.48761749267578,2024-01-17,140.22659301757812
2023-01-18,134.768115942029,90.31912231445312,2024-01-18,142.21888732910156
2023-01-19,134.38805970149255,92.23216247558594,2024-01-19,145.0934295654297
2023-01-20,134.38805970149255,97.15846252441406,2024-01-22,144.70684814453125
2023-01-23,133.765625,98.91290283203125,2024-01-23,145.74761962890625
2023-01-24,130.46938775510205,96.84127807617188,2024-01-24,147.3930206298828
2023-01-25,130.54901960784315,94.38308715820312,2024-01-25,150.53515625
2023-01-26,130.53846153846155,96.66287231445312,2024-01-26,150.85235595703125
2023-01-27,130.53846153846155,98.49661254882812,2024-01-29,152.1607666015625
2023-01-30,130.0,96.08797454833984,2024-01-30,150.12879943847656
2023-01-31,128.71153846153845,97.97126770019531,2024-01-31,138.86863708496094
2023-02-01,128.71153846153845,99.54729461669922,2024-02-01,139.9193115234375
2023-02-02,128.71153846153845,106.79304504394531,2024-02-02,141.12857055664062
2023-02-03,129.11764705882354,103.85906219482422,2024-02-05,142.41714477539062
2023-02-06,129.1304347826087,101.9955825805664,2024-02-06,142.83348083496094
2023-02-07,129.14285714285714,106.69393157958984,2024-02-07,144.26080322265625
2023-02-08,129.08450704225353,98.49661254882812,2024-02-08,144.6275634765625
2023-02-09,128.93055555555554,94.1749267578125,2024-02-09,147.69041442871094
2023-02-10,128.94520547945206,93.7387924194336,2024-02-12,146.2333221435547
2023-02-13,128.94520547945206,93.77845001220703,2024-02-13,143.8643341064453
2023-02-14,128.94520547945206,93.84783935546875,2024-02-14,144.6573028564453
2023-02-15,128.94520547945206,96.08797454833984,2024-02-15,141.51516723632812
2023-02-16,128.94520547945206,94.67053985595703,2024-02-16,139.284912109375
2023-02-17,128.94520547945206,93.52072143554688,2024-02-20,139.87965393066406
2023-02-21,128.94520547945206,90.98323059082031,2024-02-21,141.29705810546875
2023-02-22,128.94520547945206,90.8444595336914,2024-02-22,142.8235321044922
2023-02-23,128.94520547945206,90.0911636352539,2024-02-23,142.69468688964844
2023-02-24,128.94520547945206,88.34661102294922,2024-02-26,136.36087036132812
2023-02-27,128.94520547945206,89.0801010131836,2024-02-27,137.65933227539062
2023-02-28,128.94520547945206,89.2684326171875,2024-02-28,135.1813201904297
2023-03-01,128.94520547945206,89.56580352783203,2024-02-29,137.2430419921875
2023-03-02,128.94520547945206,91.1913833618164,2024-03-01,135.93463134765625
2023-03-03,128.94520547945206,92.82688903808594,2024-03-04,132.177978515625
2023-03-06,128.94520547945206,94.29386901855469,2024-03-05,131.50393676757812
2023-03-07,128.56944444444446,93.03504180908203,2024-03-06,130.2450714111328
2023-03-08,128.3835616438356,93.4216079711914,2024-03-07,133.19891357421875
2023-03-09,128.3835616438356,91.5085678100586,2024-03-08,134.21986389160156
2023-03-10,128.3835616438356,89.83343505859375,2024-03-11,136.45999145507812
2023-03-13,128.3835616438356,90.30921936035156,2024-03-12,137.28268432617188
2023-03-14,128.08333333333334,93.14407348632812,2024-03-13,138.56134033203125
2023-03-15,128.08333333333334,95.2652587890625,2024-03-14,141.84225463867188
2023-03-16,128.13698630136986,99.43827056884766,2024-03-15,139.9391326904297
2023-03-17,128.06756756756758,100.72683715820312,2024-03-18,146.38198852539062
2023-03-20,128.06756756756758,100.33033752441406,2024-03-19,145.73770141601562
2023-03-21,128.06756756756758,103.9978256225586,2024-03-20,147.43267822265625
2023-03-22,128.06756756756758,102.4614486694336,2024-03-21,146.30271911621094
2023-03-23,128.06756756756758,104.67184448242188,2024-03-22,149.44483947753906
2023-03-24,128.06756756756758,104.51325988769531,2024-03-25,148.75099182128906
2023-03-27,128.06756756756758,101.5594482421875,2024-03-26,149.34571838378906
2023-03-28,127.95890410958904,100.14201354980469,2024-03-27,149.54397583007812
2023-03-29,127.95890410958904,100.49884796142578,2024-03-28,149.60340881347656
2023-03-30,127.95890410958904,100.00324249267578,2024-04-01,154.12339782714844
2023-03-31,127.8108108108108,102.81829833984375,2024-04-01,154.12339782714844
2023-04-03,127.82432432432432,103.44275665283203,2024-04-02,153.20152282714844
2023-04-04,127.82432432432432,103.79959106445312,2024-04-03,153.558349609375
2023-04-05,127.57534246575342,103.5517807006836,2024-04-04,149.20693969726562
2023-04-06,127.52,107.46705627441406,2024-04-05,151.15963745117188
2023-04-10,127.32876712328768,105.50446319580078,2024-04-09,155.22360229492188
2023-04-11,127.32876712328768,104.4240493774414,2024-04-10,154.7676544189453
2023-04-12,127.32876712328768,103.72029876708984,2024-04-11,158.00889587402344
2023-04-13,127.32876712328768,106.48576354980469,2024-04-12,156.34365844726562
2023-04-14,127.32876712328768,107.91311645507812,2024-04-15,153.49888610839844
2023-04-17,127.32876712328768,105.0385971069336,2024-04-16,153.04293823242188
2023-04-18,127.23611111111111,103.58152770996094,2024-04-17,154.103515625
2023-04-19,127.23611111111111,103.26433563232422,2024-04-18,154.63877868652344
2023-04-20,127.04225352112677,104.36456298828125,2024-04-19,152.73565673828125
2023-04-21,127.04225352112677,104.48352813720703,2024-04-22,154.90640258789062
2023-04-24,127.35714285714286,105.0385971069336,2024-04-23,156.86900329589844
2023-04-25,126.9795918367347,102.9372329711914,2024-04-24,157.73135375976562
2023-04-26,127.58571428571429,102.7984619140625,2024-04-25,154.62887573242188
2023-04-27,127.58571428571429,106.64435577392578,2024-04-26,170.4386444091797
2023-04-28,127.58571428571429,106.39655303955078,2024-04-29,164.6896514892578
2023-05-01,127.58571428571429,106.25777435302734,2024-04-30,161.34927368164062
2023-05-02,127.58571428571429,104.39431762695312,2024-05-01,162.4197998046875
2023-05-03,127.58571428571429,104.48352813720703,2024-05-02,165.155517578125
2023-05-04,127.58571428571429,103.76985168457031,2024-05-03,165.7700958251953
2023-05-05,127.58571428571429,104.64212799072266,2024-05-06,166.6225128173828
2023-05-08,127.58571428571429,106.8227767944336,2024-05-07,169.74484252929688
2023-05-09,127.54929577464789,106.40646362304688,2024-05-08,167.89126586914062
2023-05-10,127.54929577464789,110.76779174804688,2024-05-09,168.4661865234375
2023-05-11,127.72972972972973,115.54544067382812,2024-05-10,167.16766357421875
2023-05-12,127.72972972972973,116.4771728515625,2024-05-13,167.6533660888672
2023-05-15,127.79729729729729,115.4859619140625,2024-05-14,168.8428192138672
2023-05-16,127.79729729729729,118.45960235595703,2024-05-15,170.9937744140625
2023-05-17,127.79729729729729,119.77788543701172,2024-05-16,172.64906311035156
2023-05-18,127.6986301369863,121.75041961669922,2024-05-17,174.51255798339844
2023-05-19,127.6986301369863,121.68102264404297,2024-05-20,175.364990234375
2023-05-22,127.6986301369863,123.9509048461914,2024-05-21,176.28680419921875
2023-05-23,127.94520547945206,121.48278045654297,2024-05-22,174.82977294921875
2023-05-24,128.0,119.8373794555664,2024-05-23,172.02464294433594
2023-05-25,128.0,122.39471435546875,2024-05-24,173.45196533203125
2023-05-26,128.0,123.5147705078125,2024-05-28,174.84954833984375
2023-05-30,127.84722222222223,122.58302307128906,2024-05-29,174.35398864746094
2023-05-31,127.84722222222223,121.7900619506836,2024-05-30,170.59727478027344
2023-06-01,127.84722222222223,122.63258361816406,2024-05-31,170.98385620117188
2023-06-02,127.84722222222223,123.57423400878906,2024-06-03,171.64794921875
2023-06-05,127.9041095890411,124.90245819091797,2024-06-04,172.26251220703125
2023-06-06,127.9041095890411,126.19103240966797,2024-06-05,173.86827087402344
2023-06-07,127.9041095890411,121.42330932617188,2024-06-06,175.17666625976562
2023-06-08,127.75675675675676,121.06648254394531,2024-06-07,172.92662048339844
2023-06-09,127.75675675675676,121.15568542480469,2024-06-10,173.67088317871094
2023-06-12,127.75675675675676,122.55329132080078,2024-06-11,175.2685546875
2023-06-13,127.75675675675676,122.74163055419922,2024-06-12,176.42959594726562
2023-06-14,127.75675675675676,122.58302307128906,2024-06-13,173.81973266601562
2023-06-15,127.76,123.99054718017578,2024-06-14,175.437255859375
2023-06-16,127.76,122.44425964355469,2024-06-17,175.88380432128906
2023-06-20,127.86486486486487,122.0180435180664,2024-06-20,174.9510498046875
2023-06-21,128.22222222222223,119.49044799804688,2024-06-20,174.9510498046875
2023-06-22,128.22222222222223,122.06759643554688,2024-06-21,178.25555419921875
2023-06-23,128.22222222222223,121.26472473144531,2024-06-24,177.84866333007812
2023-06-26,128.27397260273972,117.29987335205078,2024-06-25,182.62185668945312
2023-06-27,128.22972972972974,117.28997039794922,2024-06-26,182.47299194335938
2023-06-28,128.22972972972974,119.12370300292969,2024-06-27,183.99131774902344
2023-06-29,128.22972972972974,118.05319213867188,2024-06-28,180.75625610351562
2023-06-30,128.22972972972974,118.64791870117188,2024-07-01,181.58982849121094
2023-07-03,128.22972972972974,118.8461685180664,2024-07-02,183.82261657714844
2023-07-05,128.77027027027026,120.6799087524414,2024-07-05,189.14161682128906
2023-07-06,128.34246575342465,119.05430603027344,2024-07-05,189.14161682128906
2023-07-07,128.34246575342465,118.42986297607422,2024-07-08,187.58360290527344
2023-07-10,128.34246575342465,115.4264907836914,2024-07-09,187.53396606445312
2023-07-11,128.38888888888889,116.11042785644531,2024-07-10,189.71713256835938
2023-07-12,128.38888888888889,117.88468933105469,2024-07-11,184.1501007080078
2023-07-13,128.68493150684932,123.44538116455078,2024-07-12,183.65391540527344
2023-07-14,129.27027027027026,124.31765747070312,2024-07-15,185.10275268554688
2023-07-17,129.54666666666665,123.55441284179688,2024-07-16,182.51271057128906
2023-07-18,129.74666666666667,122.6722412109375,2024-07-17,179.63491821289062
2023-07-19,129.74666666666667,120.95743560791016,2024-07-18,176.33038330078125
2023-07-20,129.9078947368421,118.15231323242188,2024-07-19,176.30059814453125
2023-07-21,129.97402597402598,118.9651107788086,2024-07-22,180.2799072265625
2023-07-24,130.1578947368421,120.46183013916016,2024-07-23,180.39898681640625
2023-07-25,130.09459459459458,121.13584899902344,2024-07-24,171.30908203125
2023-07-26,132.47619047619048,128.13380432128906,2024-07-25,166.0000457763672
2023-07-27,132.47619047619048,128.2626495361328,2024-07-26,165.72218322753906
2023-07-28,132.47619047619048,131.41470336914062,2024-07-29,168.2328338623047
2023-07-31,132.82926829268294,131.553466796875,2024-07-30,168.98695373535156
2023-08-01,132.82926829268294,130.3937530517578,2024-07-31,170.2274169921875
2023-08-02,132.82926829268294,127.25164031982422,2024-08-01,169.45338439941406
2023-08-03,133.4090909090909,127.32100677490234,2024-08-02,165.384765625
2023-08-04,133.4090909090909,126.98400115966797,2024-08-05,158.03146362304688
2023-08-07,133.515625,130.37393188476562,2024-08-06,157.07882690429688
2023-08-08,133.65079365079364,130.2450714111328,2024-08-07,157.7238311767578
2023-08-09,133.90322580645162,128.52040100097656,2024-08-08,160.7902069091797
2023-08-10,133.9672131147541,128.55010986328125,2024-08-09,162.4176483154297
2023-08-11,134.06451612903226,128.42123413085938,2024-08-12,161.04818725585938
2023-08-14,134.06451612903226,130.17568969726562,2024-08-13,162.90386962890625
2023-08-15,134.06451612903226,128.63934326171875,2024-08-14,159.14288330078125
2023-08-16,134.06451612903226,127.56880950927734,2024-08-15,160.06581115722656
2023-08-17,134.06451612903226,128.77809143066406,2024-08-16,161.71307373046875
2023-08-18,134.15873015873015,126.33971405029297,2024-08-19,165.39468383789062
2023-08-21,134.15873015873015,127.24171447753906,2024-08-20,165.90078735351562
2023-08-22,134.5625,127.94548034667969,2024-08-21,164.5809783935547
2023-08-23,134.5625,131.20657348632812,2024-08-22,162.54666137695312
2023-08-24,134.5625,128.63934326171875,2024-08-23,164.35272216796875
2023-08-25,134.5625,128.7384490966797,2024-08-26,164.88861083984375
2023-08-28,134.5625,129.8585205078125,2024-08-27,163.419921875
2023-08-29,134.5625,133.38722229003906,2024-08-28,161.6039276123047
2023-08-30,134.78787878787878,134.68568420410156,2024-08-29,160.54212951660156
2023-08-31,135.01492537313433,134.97314453125,2024-08-30,162.12986755371094
2023-09-01,135.01492537313433,134.4676513671875,2024-09-03,156.15594482421875
2023-09-05,135.3181818181818,134.57669067382812,2024-09-04,155.2528839111328
2023-09-06,135.3181818181818,133.27822875976562,2024-09-05,156.036865234375
2023-09-07,135.3181818181818,134.07115173339844,2024-09-06,149.76519775390625
2023-09-08,135.3181818181818,135.1813201904297,2024-09-09,147.76792907714844
2023-09-11,135.3181818181818,135.7165985107422,2024-09-10,147.71824645996094
2023-09-12,135.3181818181818,134.15045166015625,2024-09-11,150.20240783691406
2023-09-13,135.43939393939394,135.5084228515625,2024-09-12,153.71005249023438
2023-09-14,135.63076923076923,136.88619995117188,2024-09-13,156.46249389648438
2023-09-15,135.63076923076923,136.19235229492188,2024-09-16,157.05870056152344
2023-09-18,135.63076923076923,136.99522399902344,2024-09-17,158.31072998046875
2023-09-19,135.63076923076923,136.8267364501953,2024-09-18,158.797607421875
2023-09-20,135.63076923076923,132.56454467773438,2024-09-19,161.11285400390625
2023-09-21,135.63076923076923,129.29351806640625,2024-09-20,162.5536651611328
2023-09-22,135.63076923076923,129.10520935058594,2024-09-23,160.82469177246094
2023-09-25,135.63076923076923,129.95762634277344,2024-09-24,161.26190185546875
2023-09-26,135.63076923076923,127.43997192382812,2024-09-25,160.4669647216797
2023-09-27,135.63076923076923,129.39263916015625,2024-09-26,161.69911193847656
2023-09-28,135.921875,131.14710998535156,2024-09-27,162.91139221191406
2023-09-29,135.921875,129.7098388671875,2024-09-30,164.79937744140625
2023-10-02,136.25396825396825,132.99073791503906,2024-10-01,165.93212890625
2023-10-03,136.421875,131.26602172851562,2024-10-02,164.80929565429688
2023-10-04,136.9206349206349,134.05133056640625,2024-10-03,164.80929565429688
2023-10-05,136.9206349206349,133.88282775878906,2024-10-04,166.00169372558594
2023-10-06,136.9206349206349,136.3707733154297,2024-10-07,161.94754028320312
2023-10-09,136.9206349206349,137.20339965820312,2024-10-08,163.33868408203125
2023-10-10,136.75,136.8465576171875,2024-10-09,160.8346405029297
2023-10-11,136.75,139.31468200683594,2024-10-10,161.05323791503906
2023-10-12,136.75,137.74855041503906,2024-10-11,162.20590209960938
2023-10-13,137.03076923076924,136.1527099609375,2024-10-14,163.91500854492188
2023-10-16,137.03076923076924,137.87741088867188,2024-10-15,164.41183471679688
2023-10-17,137.03076923076924,138.49197387695312,2024-10-16,164.1137237548828
2023-10-18,137.21875,136.7474365234375,2024-10-17,161.8978729248047
2023-10-19,137.21875,136.53927612304688,2024-10-18,162.38475036621094
2023-10-20,137.21875,134.40818786621094,2024-10-21,163.03062438964844
2023-10-23,137.25396825396825,135.30026245117188,2024-10-22,164.09385681152344
2023-10-24,141.38095238095238,137.5899658203125,2024-10-23,161.74879455566406
2023-10-25,144.46153846153845,124.5059814453125,2024-10-24,161.68919372558594
2023-10-26,144.46153846153845,121.20524597167969,2024-10-25,164.22303771972656
2023-10-27,144.46153846153845,121.09620666503906,2024-10-28,165.6638641357422
2023-10-30,144.46153846153845,123.36608123779297,2024-10-29,168.60508728027344
2023-10-31,144.46153846153845,122.98942565917969,2024-10-30,173.3548126220703
2023-11-01,144.46153846153845,125.3386001586914,2024-10-31,170.0260467529297
2023-11-02,144.46153846153845,126.36944580078125,2024-11-01,170.20489501953125
2023-11-03,144.46153846153845,127.96532440185547,2024-11-04,168.1678924560547
2023-11-06,144.84313725490196,129.10520935058594,2024-11-05,168.66473388671875
2023-11-07,144.84313725490196,129.81887817382812,2024-11-06,175.39183044433594
2023-11-08,145.64583333333334,130.68121337890625,2024-11-07,179.60496520996094
2023-11-09,145.64583333333334,129.0952911376953,2024-11-08,177.2201690673828
2023-11-10,145.64583333333334,131.42465209960938,2024-11-11,179.20753479003906
2023-11-13,146.08510638297872,130.92901611328125,2024-11-12,180.46945190429688
2023-11-14,146.08510638297872,132.44558715820312,2024-11-13,177.74681091308594
2023-11-15,146.08510638297872,133.43679809570312,2024-11-14,174.4677276611328
2023-11-16,145.72916666666666,135.72647094726562,2024-11-15,171.3972930908203
2023-11-17,145.72916666666666,134.12071228027344,2024-11-18,174.1894989013672
2023-11-20,145.63829787234042,135.0524444580078,2024-11-19,176.9916229248047
2023-11-21,146.5744680851064,135.76614379882812,2024-11-20,174.86517333984375
2023-11-22,146.5744680851064,137.2727813720703,2024-11-21,166.56808471679688
2023-11-24,146.5744680851064,135.4886016845703,2024-11-25,166.5879364013672
2023-11-27,146.5744680851064,135.21104431152344,2024-11-26,168.04864501953125
2023-11-28,146.5744680851064,135.994140625,2024-11-27,168.15794372558594
2023-11-29,146.5744680851064,133.80352783203125,2024-11-29,167.87969970703125
2023-11-30,146.5744680851064,131.36512756347656,2024-11-29,167.87969970703125
2023-12-01,146.5744680851064,130.70103454589844,2024-12-02,170.40362548828125
2023-12-04,146.8913043478261,128.13380432128906,2024-12-03,170.2545623779297
2023-12-05,146.8913043478261,129.8386993408203,2024-12-04,173.26536560058594
2023-12-06,147.55555555555554,128.87721252441406,2024-12-05,171.5463409423828
2023-12-07,147.95652173913044,135.72647094726562,2024-12-06,173.60325622558594
2023-12-08,147.95652173913044,133.80352783203125,2024-12-09,174.45875549316406
2023-12-11,147.95652173913044,132.11846923828125,2024-12-10,184.2078399658203
2023-12-12,147.95652173913044,131.3552703857422,2024-12-11,194.38467407226562
2023-12-13,148.4,131.40478515625,2024-12-12,190.9625701904297
2023-12-14,148.4,130.78033447265625,2024-12-13,188.83370971679688
2023-12-15,148.4,131.43455505371094,2024-12-16,195.6381378173828
2023-12-18,148.4,134.60641479492188,2024-12-17,194.4045867919922
2023-12-19,148.4,135.44894409179688,2024-12-18,187.4210662841797
2023-12-20,148.4,137.12408447265625,2024-12-19,187.53048706054688
2023-12-21,148.4,139.18580627441406,2024-12-20,190.41543579101562
2023-12-22,148.4,140.2464141845703,2024-12-23,193.6186981201172
2023-12-26,149.32558139534885,140.27613830566406,2024-12-26,194.58364868164062
2023-12-27,149.32558139534885,139.13626098632812,2024-12-26,194.58364868164062
2023-12-28,149.32558139534885,138.99745178222656,2024-12-27,191.75840759277344
2023-12-29,149.32558139534885,138.4622039794922,2024-12-30,190.24630737304688
2024-01-02,150.0731707317073,136.95556640625,2025-01-02,188.4456787109375
2024-01-03,150.0731707317073,137.69900512695312,2025-01-02,188.4456787109375
2024-01-04,150.0731707317073,135.19122314453125,2025-01-03,190.79344177246094
2024-01-05,150.0731707317073,134.53701782226562,2025-01-06,195.8470458984375
2024-01-08,150.0731707317073,137.6196746826172,2025-01-07,194.47422790527344
2024-01-09,150.54761904761904,139.7111358642578,2025-01-08,192.94223022460938
2024-01-10,150.5609756097561,141.0294647216797,2025-01-10,191.04214477539062
2024-01-11,150.025,140.83123779296875,2025-01-10,191.04214477539062
2024-01-12,150.025,141.39620971679688,2025-01-13,190.01747131347656
2024-01-16,150.28947368421052,141.23764038085938,2025-01-15,194.5338897705078
2024-01-17,151.02631578947367,140.22659301757812,2025-01-16,191.90762329101562
2024-01-18,151.45945945945945,142.21888732910156,2025-01-17,194.9815673828125
2024-01-19,151.42105263157896,145.0934295654297,2025-01-21,197.02093505859375
2024-01-22,151.42105263157896,144.70684814453125,2025-01-21,197.02093505859375
2024-01-23,152.7037037037037,145.74761962890625,2025-01-22,197.33926391601562
2024-01-24,152.7037037037037,147.3930206298828,2025-01-23,196.9512939453125
2024-01-25,152.7037037037037,150.53515625,2025-01-24,199.16970825195312
2024-01-26,152.7037037037037,150.85235595703125,2025-01-27,190.81332397460938
2024-01-29,153.14285714285714,152.1607666015625,2025-01-28,194.28521728515625
2024-01-30,153.14285714285714,150.12879943847656,2025-01-29,194.39463806152344
2024-01-31,157.34146341463415,138.86863708496094,2025-01-30,199.8262481689453
2024-02-01,157.34146341463415,139.9193115234375,2025-01-31,202.9599151611328
2024-02-02,157.34146341463415,141.12857055664062,2025-02-03,200.18438720703125
2024-02-05,157.34146341463415,142.41714477539062,2025-02-04,205.30764770507812
2024-02-06,157.34146341463415,142.83348083496094,2025-02-05,190.33583068847656
2024-02-07,157.34146341463415,144.26080322265625,2025-02-06,190.6044464111328
2024-02-08,157.775,144.6275634765625,2025-02-07,184.376953125
2024-02-09,157.775,147.69041442871094,2025-02-10,185.50108337402344
2024-02-12,157.775,146.2333221435547,2025-02-11,184.3570556640625
2024-02-13,157.775,143.8643341064453,2025-02-12,182.6559600830078
2024-02-14,157.775,144.6573028564453,2025-02-13,185.1728057861328
2024-02-15,158.23076923076923,141.51516723632812,2025-02-14,184.2675323486328
2024-02-16,158.23076923076923,139.284912109375,2025-02-18,182.81512451171875
2024-02-20,158.18421052631578,139.87965393066406,2025-02-19,184.30734252929688
2024-02-21,158.18421052631578,141.29705810546875,2025-02-20,183.60101318359375
2024-02-22,158.18421052631578,142.8235321044922,2025-02-21,178.72647094726562
2024-02-23,158.18421052631578,142.69468688964844,2025-02-24,178.31861877441406
2024-02-26,158.18421052631578,136.36087036132812,2025-02-25,174.5084991455078
2024-02-27,159.08333333333334,137.65933227539062,2025-02-26,171.83248901367188
2024-02-28,159.34285714285716,135.1813201904297,2025-02-27,167.6244659423828
2024-02-29,159.34285714285716,137.2430419921875,2025-02-28,169.39520263671875
2024-03-01,159.34285714285716,135.93463134765625,2025-03-03,166.14219665527344
2024-03-04,159.34285714285716,132.177978515625,2025-03-04,170.03189086914062
2024-03-05,159.34285714285716,131.50393676757812,2025-03-05,172.1209716796875
2024-03-06,159.34285714285716,130.2450714111328,2025-03-06,171.45443725585938
2024-03-07,159.34285714285716,133.19891357421875,2025-03-07,172.95660400390625
2024-03-08,159.34285714285716,134.21986389160156,2025-03-10,165.1981658935547
2024-03-11,159.34285714285716,136.45999145507812,2025-03-11,163.37557983398438
2024-03-12,159.91176470588235,137.28268432617188,2025-03-12,166.4331512451172
2024-03-13,159.91176470588235,138.56134033203125,2025-03-13,162.1007537841797
2024-03-14,159.91176470588235,141.84225463867188,2025-03-14,164.8197021484375
2024-03-15,159.91176470588235,139.9391326904297,2025-03-17,163.62457275390625
2024-03-18,159.45714285714286,146.38198852539062,2025-03-18,160.0192108154297
2024-03-19,159.45714285714286,145.73770141601562,2025-03-19,163.2261962890625
2024-03-20,159.45714285714286,147.43267822265625,2025-03-20,162.14059448242188
2024-03-21,159.45714285714286,146.30271911621094,2025-03-21,163.32579040527344
2024-03-22,159.88888888888889,149.44483947753906,2025-03-24,167.00083923339844
2024-03-25,159.88888888888889,148.75099182128906,2025-03-25,169.86917114257812
2024-03-26,159.88888888888889,149.34571838378906,2025-03-26,164.39144897460938
2024-03-27,159.88888888888889,149.54397583007812,2025-03-27,161.58287048339844
2024-03-28,159.88888888888889,149.60340881347656,2025-03-28,153.7049102783203
2024-04-01,160.25714285714287,154.12339782714844,2025-04-01,156.43382263183594
2024-04-02,160.6764705882353,153.20152282714844,2025-04-02,156.40391540527344
2024-04-03,160.11428571428573,153.558349609375,2025-04-03,150.1095428466797
2024-04-04,160.11428571428573,149.20693969726562,2025-04-04,145.01026916503906
2024-04-05,160.11428571428573,151.15963745117188,2025-04-07,146.15560913085938
2024-04-08,161.11764705882354,153.48899841308594,2025-04-08,144.11392211914062
2024-04-09,161.11764705882354,155.22360229492188,2025-04-09,158.06716918945312
2024-04-10,162.26315789473685,154.7676544189453,2025-04-10,152.20103454589844
2024-04-11,162.45945945945945,158.00889587402344,2025-04-11,156.50352478027344
2024-04-12,162.45945945945945,156.34365844726562,2025-04-14,158.42572021484375
2024-04-15,162.45945945945945,153.49888610839844,2025-04-15,155.67689514160156
2024-04-16,162.55263157894737,153.04293823242188,2025-04-16,152.70896911621094
2024-04-17,163.425,154.103515625,2025-04-17,150.54774475097656
2024-04-18,163.425,154.63877868652344,2025-04-21,147.07186889648438
2024-04-19,163.82926829268294,152.73565673828125,2025-04-21,147.07186889648438
2024-04-22,164.0952380952381,154.90640258789062,2025-04-22,150.8564910888672
2024-04-23,166.1875,156.86900329589844,2025-04-23,154.72079467773438
2024-04-24,166.1875,157.73135375976562,2025-04-24,158.63487243652344
2024-04-25,166.1875,154.62887573242188,2025-04-25,161.30401611328125
2024-04-26,180.28070175438597,170.4386444091797,2025-04-28,159.95948791503906
2024-04-29,181.05172413793105,164.6896514892578,2025-04-29,159.51129150390625
2024-04-30,181.68333333333334,161.34927368164062,2025-04-30,158.1568145751953
2024-05-01,181.49180327868854,162.4197998046875,2025-05-01,160.6466827392578
2024-05-02,181.49180327868854,165.155517578125,2025-05-02,163.36563110351562
2024-05-03,181.49180327868854,165.7700958251953,2025-05-05,163.54489135742188
2024-05-06,181.49180327868854,166.6225128173828,2025-05-06,162.56884765625
2024-05-07,181.49180327868854,169.74484252929688,2025-05-07,150.76686096191406
2024-05-08,181.49180327868854,167.89126586914062,2025-05-08,153.65512084960938
2024-05-09,181.49180327868854,168.4661865234375,2025-05-09,152.1313018798828
2024-05-10,181.49180327868854,167.16766357421875,2025-05-12,157.81820678710938
2024-05-13,181.49180327868854,167.6533660888672,2025-05-13,158.8838348388672
2024-05-14,181.49180327868854,168.8428192138672,2025-05-14,164.7001953125
2024-05-15,183.5625,170.9937744140625,2025-05-15,163.29591369628906
2024-05-16,183.5625,172.64906311035156,2025-05-16,165.51686096191406
2024-05-17,183.5625,174.51255798339844,2025-05-19,165.86544799804688
2024-05-20,183.68253968253967,175.364990234375,2025-05-20,163.31582641601562
2024-05-21,183.68253968253967,176.28680419921875,2025-05-21,167.8772735595703
2024-05-22,183.68253968253967,174.82977294921875,2025-05-22,170.1779022216797
2024-05-23,183.68253968253967,172.02464294433594,2025-05-23,167.78762817382812
2024-05-24,184.09375,173.45196533203125,2025-05-27,172.19969177246094
2024-05-28,184.09375,174.84954833984375,2025-05-28,171.661865234375
2024-05-29,184.09375,174.35398864746094,2025-05-29,171.16390991210938
2024-05-30,184.09375,170.59727478027344,2025-05-30,171.0443878173828
2024-05-31,184.09375,170.98385620117188,2025-06-02,168.34536743164062
2024-06-03,184.09375,171.64794921875,2025-06-03,165.5069122314453
2024-06-04,184.09375,172.26251220703125,2025-06-04,167.36935424804688
2024-06-05,184.38095238095238,173.86827087402344,2025-06-05,167.5286865234375
2024-06-06,184.38095238095238,175.17666625976562,2025-06-06,172.9765167236328
2024-06-07,184.38095238095238,172.92662048339844,2025-06-09,175.58908081054688
2024-06-10,184.38095238095238,173.67088317871094,2025-06-10,178.09194946289062
2024-06-11,185.24615384615385,175.2685546875,2025-06-11,176.8455047607422
2024-06-12,185.24615384615385,176.42959594726562,2025-06-12,175.2001953125
2024-06-13,185.24615384615385,173.81973266601562,2025-06-13,174.1731414794922
2024-06-14,185.24615384615385,175.437255859375,2025-06-16,176.2671661376953
2024-06-17,185.24615384615385,175.88380432128906,2025-06-17,175.44949340820312
2024-06-18,185.24615384615385,173.75025939941406,2025-06-18,172.8269805908203
2024-06-20,185.24615384615385,174.9510498046875,2025-06-20,166.16595458984375
2024-06-21,185.24615384615385,178.25555419921875,2025-06-23,164.72010803222656
2024-06-24,185.24615384615385,177.84866333007812,2025-06-24,166.2956085205078
2024-06-25,185.24615384615385,182.62185668945312,2025-06-25,170.1944580078125
2024-06-26,185.6969696969697,182.47299194335938,2025-06-26,173.0463409423828
2024-06-27,185.6969696969697,183.99131774902344,2025-06-27,178.0221405029297
2024-06-28,185.98529411764707,180.75625610351562,2025-06-30,175.72869873046875
2024-07-01,185.98529411764707,181.58982849121094,2025-07-01,175.3397979736328
2024-07-02,185.98529411764707,183.82261657714844,2025-07-02,178.1318359375
2024-07-03,186.1,184.39816284179688,2025-07-03,179.01931762695312
2024-07-05,186.1,189.14161682128906,2025-07-07,176.28709411621094
2024-07-08,186.34285714285716,187.58360290527344,2025-07-08,173.864013671875
2024-07-09,186.34285714285716,187.53396606445312,2025-07-09,176.11756896972656
2024-07-10,186.34285714285716,189.71713256835938,2025-07-10,177.11471557617188
2024-07-11,186.34285714285716,184.1501007080078,2025-07-11,179.6774139404297
2024-07-12,186.34285714285716,183.65391540527344,2025-07-14,181.04351806640625
2024-07-15,186.34285714285716,185.10275268554688,2025-07-15,181.48226928710938
2024-07-16,187.73239436619718,182.51271057128906,2025-07-16,182.4495086669922
2024-07-17,188.45205479452054,179.63491821289062,2025-07-17,183.05776977539062
2024-07-18,188.98611111111111,176.33038330078125,2025-07-18,184.5335693359375
2024-07-19,188.98611111111111,176.30059814453125,2025-07-21,189.55923461914062
2024-07-22,189.2054794520548,180.2799072265625,2025-07-22,190.79571533203125
2024-07-23,189.76,180.39898681640625,2025-07-23,189.6888427734375
2024-07-24,191.73033707865167,171.30908203125,2025-07-24,191.6233367919922
2024-07-25,191.73033707865167,166.0000457763672,2025-07-25,192.63046264648438
2024-07-26,191.73033707865167,165.72218322753906,2025-07-28,192.0321807861328
2024-07-29,192.0340909090909,168.2328338623047,2025-07-29,195.1931610107422
2024-07-30,196.52631578947367,168.98695373535156,2025-07-30,195.970947265625
2024-07-31,196.7012987012987,170.2274169921875,2025-07-31,191.35411071777344
2024-08-01,196.7012987012987,169.45338439941406,2025-08-01,188.59201049804688
2024-08-02,196.7012987012987,165.384765625,2025-08-04,194.4851837158203
2024-08-05,196.7012987012987,158.03146362304688,2025-08-05,194.11622619628906
2024-08-06,197.18987341772151,157.07882690429688,2025-08-06,195.53219604492188
2024-08-07,197.18987341772151,157.7238311767578,2025-08-07,195.96096801757812
2024-08-08,197.18987341772151,160.7902069091797,2025-08-08,200.84701538085938
2024-08-09,197.18987341772151,162.4176483154297,2025-08-11,200.42822265625
2024-08-12,197.18987341772151,161.04818725585938,2025-08-12,202.7615509033203
2024-08-13,197.18987341772151,162.90386962890625,2025-08-13,201.385498046875
2024-08-14,197.35,159.14288330078125,2025-08-14,202.3627166748047
2024-08-15,197.35,160.06581115722656,2025-08-15,203.31996154785156
2024-08-16,197.35,161.71307373046875,2025-08-18,202.92111206054688
2024-08-19,197.50617283950618,165.39468383789062,2025-08-19,200.99661254882812
2024-08-20,197.50617283950618,165.90078735351562,2025-08-20,198.7530059814453
2024-08-21,197.50617283950618,164.5809783935547,2025-08-21,199.18179321289062
2024-08-22,197.50617283950618,162.54666137695312,2025-08-22,205.5037384033203
2024-08-23,197.50617283950618,164.35272216796875,2025-08-25,207.8969268798828
2024-08-26,197.50617283950618,164.88861083984375,2025-08-26,206.5507354736328
2024-08-27,197.50617283950618,163.419921875,2025-08-27,206.88978576660156
2024-08-28,197.50617283950618,161.6039276123047,2025-08-28,211.03794860839844
2024-08-29,197.609756097561,160.54212951660156,2025-08-29,212.30435180664062
2024-08-30,197.75903614457832,162.12986755371094,2025-09-02,210.74879455566406
2024-09-03,197.66666666666666,156.15594482421875,2025-09-03,230.00384521484375
2024-09-04,197.66666666666666,155.2528839111328,2025-09-04,231.63917541503906
2024-09-05,197.6627906976744,156.036865234375,2025-09-05,234.33152770996094
2024-09-06,197.6627906976744,149.76519775390625,2025-09-08,233.5829620361328
2024-09-09,197.6627906976744,147.76792907714844,2025-09-09,239.1620330810547
2024-09-10,197.375,147.71824645996094,2025-09-10,238.70294189453125
2024-09-11,197.375,150.20240783691406,2025-09-11,239.9005889892578
2024-09-12,197.375,153.71005249023438,2025-09-12,240.32977294921875
2024-09-13,197.375,156.46249389648438,2025-09-15,251.11866760253906
2024-09-16,198.27472527472528,157.05870056152344,2025-09-16,250.66954040527344
2024-09-17,198.27472527472528,158.31072998046875,2025-09-17,249.042724609375
2024-09-18,198.27472527472528,158.797607421875,2025-09-18,251.537841796875
2024-09-19,198.53333333333333,161.11285400390625,2025-09-19,254.2225799560547
2024-09-20,198.53333333333333,162.5536651611328,2025-09-22,252.036865234375
2024-09-23,198.43956043956044,160.82469177246094,2025-09-23,251.16856384277344
2024-09-24,198.43956043956044,161.26190185546875,2025-09-24,246.6573944091797
2024-09-25,198.45652173913044,160.4669647216797,2025-09-25,245.3100128173828
2024-09-26,198.68817204301075,161.69911193847656,2025-09-26,246.0585479736328
2024-09-27,198.68817204301075,162.91139221191406,2025-09-29,243.5734100341797
2024-09-30,198.61052631578949,164.79937744140625,2025-09-30,242.6252899169922
2024-10-01,199.22340425531914,165.93212890625,2025-10-01,244.4217529296875
2024-10-02,199.0421052631579,164.80929565429688,2025-10-02,245.210205078125
2024-10-03,199.0421052631579,164.80929565429688,2025-10-03,244.8708953857422
2024-10-04,199.0421052631579,166.00169372558594,2025-10-06,249.94094848632812
2024-10-07,199.0421052631579,161.94754028320312,2025-10-07,245.2800750732422
2024-10-08,200.23076923076923,163.33868408203125,2025-10-08,244.14230346679688
2024-10-09,200.27956989247312,160.8346405029297,2025-10-09,241.05833435058594
2024-10-10,200.27956989247312,161.05323791503906,2025-10-10,236.10801696777344
2024-10-11,200.27956989247312,162.20590209960938,2025-10-13,243.6732177734375
2024-10-14,200.65217391304347,163.91500854492188,2025-10-14,244.97068786621094
2024-10-15,201.2087912087912,164.41183471679688,2025-10-15,250.53977966308594
2024-10-16,201.41304347826087,164.1137237548828,2025-10-16,250.96896362304688
2024-10-17,201.64835164835165,161.8978729248047,2025-10-17,252.80535888671875
2024-10-18,201.64835164835165,162.38475036621094,2025-10-20,256.04901123046875
2024-10-21,201.94444444444446,163.03062438964844,2025-10-21,249.97091674804688
2024-10-22,201.94444444444446,164.09385681152344,2025-10-22,251.19850158691406
2024-10-23,201.94444444444446,161.74879455566406,2025-10-23,252.58578491210938
2024-10-24,203.36363636363637,161.68919372558594,2025-10-24,259.4124450683594
2024-10-25,203.36363636363637,164.22303771972656,2025-10-27,268.7441711425781
2024-10-28,203.12698412698413,165.6638641357422,2025-10-28,266.9476623535156
2024-10-29,203.66129032258064,168.60508728027344,2025-10-29,274.0338134765625
2024-10-30,204.58441558441558,173.3548126220703,2025-10-30,280.9303283691406
2024-10-31,204.58441558441558,170.0260467529297,2025-10-31,280.6408996582031
2024-11-01,204.58441558441558,170.20489501953125,2025-11-03,283.1659240722656
2024-11-04,204.58441558441558,168.1678924560547,2025-11-04,276.9980163574219
2024-11-05,204.58441558441558,168.66473388671875,2025-11-05,283.75482177734375
2024-11-06,204.33333333333334,175.39183044433594,2025-11-06,284.19390869140625
2024-11-07,204.33333333333334,179.60496520996094,2025-11-07,278.2854919433594
2024-11-08,204.33333333333334,177.2201690673828,2025-11-10,289.5334777832031
2024-11-11,204.33333333333334,179.20753479003906,2025-11-11,290.7411193847656
2024-11-12,204.48648648648648,180.46945190429688,2025-11-12,286.15008544921875
2024-11-13,204.48648648648648,177.74681091308594,2025-11-13,278.0260314941406
2024-11-14,204.48648648648648,174.4677276611328,2025-11-14,275.8702087402344
2024-11-15,204.48648648648648,171.3972930908203,2025-11-17,284.4634094238281
2024-11-18,204.48648648648648,174.1894989013672,2025-11-18,283.7248229980469
2024-11-19,204.48648648648648,176.9916229248047,2025-11-19,292.2381896972656
2024-11-20,204.48648648648648,174.86517333984375,2025-11-20,288.884765625
2024-11-21,204.41095890410958,166.56808471679688,2025-11-21,299.0747985839844
2024-11-22,204.41095890410958,163.7162628173828,2025-11-24,317.9578552246094
2024-11-25,204.41095890410958,166.5879364013672,2025-11-25,322.8083801269531
2024-11-26,204.41095890410958,168.04864501953125,2025-11-26,319.3252258300781
2024-11-27,204.41095890410958,168.15794372558594,2025-11-28,319.55474853515625
2024-11-29,204.41095890410958,167.87969970703125,2025-12-01,314.2751159667969
2024-12-02,204.41095890410958,170.40362548828125,2025-12-02,315.1932678222656
2024-12-03,204.41095890410958,170.2545623779297,2025-12-03,319.0058288574219
2024-12-04,204.41095890410958,173.26536560058594,2025-12-04,316.999755859375
2024-12-05,204.41095890410958,171.5463409423828,2025-12-05,320.64263916015625
2024-12-06,204.41095890410958,173.60325622558594,2025-12-08,313.3121643066406
2024-12-09,204.18309859154928,174.45875549316406,2025-12-09,316.66778564453125
2024-12-10,204.19444444444446,184.2078399658203,2025-12-10,319.7937316894531
2024-12-11,204.19444444444446,194.38467407226562,2025-12-11,312.02386474609375
2024-12-12,204.27397260273972,190.9625701904297,2025-12-12,308.887939453125
2024-12-13,204.27397260273972,188.83370971679688,2025-12-15,307.8193359375
2024-12-16,204.27397260273972,195.6381378173828,2025-12-16,306.1714782714844
2024-12-17,204.27397260273972,194.4045867919922,2025-12-17,296.3342590332031
2024-12-18,204.64864864864865,187.4210662841797,2025-12-18,302.0668029785156
2024-12-19,204.64864864864865,187.53048706054688,2025-12-19,306.7607116699219
2024-12-20,204.64864864864865,190.41543579101562,2025-12-22,309.3773193359375
2024-12-23,204.72,193.6186981201172,2025-12-23,313.94134521484375
2024-12-24,204.5810810810811,195.09100341796875,2025-12-24,313.6816711425781
2024-12-26,204.83333333333334,194.58364868164062,2025-12-26,313.10247802734375
2024-12-27,204.83333333333334,191.75840759277344,2025-12-29,313.15240478515625
2024-12-30,204.83333333333334,190.24630737304688,2025-12-30,313.4420166015625
2024-12-31,205.25714285714287,188.31637573242188,2025-12-31,312.5931091308594
2025-01-02,205.46478873239437,188.4456787109375,2026-01-02,314.74029541015625
2025-01-03,205.80555555555554,190.79344177246094,2026-01-05,316.1285095214844
2025-01-06,206.26388888888889,195.8470458984375,2026-01-06,313.9313659667969
2025-01-07,206.3835616438356,194.47422790527344,2026-01-07,321.56146240234375
2025-01-08,206.3835616438356,192.94223022460938,2026-01-08,325.0169372558594
2025-01-10,206.63513513513513,191.04214477539062,2026-01-12,331.4285888671875
2025-01-13,206.21333333333334,190.01747131347656,2026-01-13,335.5332336425781
2025-01-14,206.0,188.6745147705078,2026-01-14,335.4034118652344
2025-01-15,206.0,194.5338897705078,2026-01-15,332.347412109375
2025-01-16,206.0,191.90762329101562,2026-01-16,329.5710144042969
2025-01-17,206.0,194.9815673828125,2026-01-20,321.5814208984375
2025-01-21,207.21052631578948,197.02093505859375,2026-01-21,327.953125
2025-01-22,207.25862068965517,197.33926391601562,2026-01-22,330.11029052734375
2025-01-23,207.25862068965517,196.9512939453125,2026-01-23,327.5036926269531
2025-01-24,207.135593220339,199.16970825195312,2026-01-26,332.8267822265625
2025-01-27,207.5593220338983,190.81332397460938,2026-01-27,334.1150817871094
2025-01-28,207.51724137931035,194.28521728515625,2026-01-28,335.57318115234375
2025-01-29,207.51724137931035,194.39463806152344,2026-01-29,337.810302734375
2025-01-30,207.8135593220339,199.8262481689453,2026-01-30,337.56060791015625
2025-01-31,207.8135593220339,202.9599151611328,2026-02-02,343.2431945800781
2025-02-03,207.52631578947367,200.18438720703125,2026-02-03,339.26837158203125
2025-02-04,207.52631578947367,205.30764770507812,2026-02-04,332.6070861816406
2025-02-05,208.65671641791045,190.33583068847656,2026-02-05,330.81939697265625
2025-02-06,208.65671641791045,190.6044464111328,2026-02-06,322.4402770996094
2025-02-07,208.65671641791045,184.376953125,2026-02-09,323.8984069824219
2025-02-10,208.65671641791045,185.50108337402344,2026-02-10,318.16583251953125
2025-02-11,208.63636363636363,184.3570556640625,2026-02-11,310.55572509765625
2025-02-12,208.63636363636363,182.6559600830078,2026-02-12,308.59832763671875
2025-02-13,208.63636363636363,185.1728057861328,2026-02-13,305.32257080078125
2025-02-14,208.63636363636363,184.2675323486328,2026-02-17,301.6273498535156
2025-02-18,208.6153846153846,182.81512451171875,2026-02-18,302.9356689453125
2025-02-19,208.6153846153846,184.30734252929688,2026-02-19,302.456298828125
2025-02-20,208.6153846153846,183.60101318359375,2026-02-20,314.570556640625
2025-02-21,208.6153846153846,178.72647094726562,2026-02-23,311.0850524902344
2025-02-24,208.6153846153846,178.31861877441406,2026-02-24,310.495849609375
2025-02-25,208.6153846153846,174.5084991455078,2026-02-25,312.4932556152344
2025-02-26,208.65625,171.83248901367188,2026-02-26,306.98040771484375
2025-02-27,208.63492063492063,167.6244659423828,2026-02-27,311.354736328125
2025-02-28,208.63492063492063,169.39520263671875,2026-03-02,306.12152099609375
2025-03-03,208.93548387096774,166.14219665527344,2026-03-03,303.1853332519531
2025-03-04,208.93548387096774,170.03189086914062,2026-03-04,302.7359619140625
2025-03-05,209.31666666666666,172.1209716796875,2026-03-05,300.4888916015625
2025-03-06,209.31666666666666,171.45443725585938,2026-03-06,298.1319274902344
2025-03-07,209.31666666666666,172.95660400390625,2026-03-09,306.1770935058594
2025-03-10,210.1551724137931,165.1981658935547,2026-03-10,306.8567199707031
2025-03-11,210.1551724137931,163.37557983398438,2026-03-11,308.5157470703125
2025-03-12,210.1551724137931,166.4331512451172,2026-03-12,303.3687744140625
2025-03-13,210.1551724137931,162.1007537841797,2026-03-13,302.09954833984375
2025-03-14,210.1551724137931,164.8197021484375,2026-03-16,305.3775939941406
2025-03-17,210.57407407407408,163.62457275390625,2026-03-17,310.7344055175781
2025-03-18,210.4181818181818,160.0192108154297,2026-03-18,307.5063171386719
2025-03-19,210.31034482758622,163.2261962890625,2026-03-19,306.9466552734375
2025-03-20,210.31034482758622,162.14059448242188,2026-03-20,300.8203125
2025-03-21,210.31034482758622,163.32579040527344,2026-03-23,301.87969970703125
2025-03-24,210.66666666666666,167.00083923339844,2026-03-24,290.2666320800781
2025-03-25,210.85714285714286,169.86917114257812,2026-03-25,290.7563171386719
2025-03-26,210.6909090909091,164.39144897460938,2026-03-26,280.7523193359375
2025-03-27,210.6909090909091,161.58287048339844,2026-03-27,274.1762390136719
2025-03-28,210.6909090909091,153.7049102783203,2026-03-30,273.33673095703125
2025-03-31,210.27272727272728,154.01364135742188,2026-03-31,287.3883361816406
2025-04-01,210.7962962962963,156.43382263183594,2026-04-01,297.2124938964844
2025-04-02,210.7962962962963,156.40391540527344,2026-04-02,295.59344482421875
2025-04-03,210.7962962962963,150.1095428466797,2026-04-06,299.8109130859375
2025-04-04,210.7962962962963,145.01026916503906,2026-04-06,299.8109130859375
2025-04-07,210.7962962962963,146.15560913085938,2026-04-07,305.27764892578125
2025-04-08,210.52830188679246,144.11392211914062,2026-04-08,317.1305847167969
2025-04-09,209.96363636363637,158.06716918945312,2026-04-09,318.29986572265625
2025-04-10,208.8448275862069,152.20103454589844,2026-04-10,317.0506286621094
2025-04-11,208.32203389830508,156.50352478027344,2026-04-13,321.1181945800781
2025-04-14,207.47457627118644,158.42572021484375,2026-04-14,332.7112731933594
2025-04-15,206.96610169491527,155.67689514160156,2026-04-15,336.91876220703125
2025-04-16,205.70491803278688,152.70896911621094,2026-04-16,335.81939697265625
2025-04-17,205.203125,150.54774475097656,2026-04-17,341.4760437011719
2025-04-21,205.203125,147.07186889648438,2026-04-21,332.0916442871094
2025-04-22,205.203125,150.8564910888672,2026-04-22,339.1174621582031
2025-04-23,204.92307692307693,154.72079467773438,2026-04-23,338.6877136230469
2025-04-24,204.92307692307693,158.63487243652344,2026-04-24,344.19439697265625
2025-04-25,203.19736842105263,161.30401611328125,2026-04-27,350.130859375
2025-04-28,203.19736842105263,159.95948791503906,2026-04-28,349.5711975097656
2025-04-29,201.91803278688525,159.51129150390625,2026-04-29,349.7311096191406
2025-04-30,202.53225806451613,158.1568145751953,2026-04-30,384.5702819824219
2025-05-01,202.53225806451613,160.6466827392578,2026-05-01,385.45977783203125
2025-05-02,202.53225806451613,163.36563110351562,2026-05-04,383.0212097167969
2025-05-05,202.53225806451613,163.54489135742188,2026-05-05,388.1981201171875
2025-05-06,202.81967213114754,162.56884765625,2026-05-06,397.8023986816406
2025-05-07,202.81967213114754,150.76686096191406,2026-05-07,397.7524108886719
2025-05-08,202.93548387096774,153.65512084960938,2026-05-08,400.56072998046875
2025-05-09,202.93548387096774,152.1313018798828,2026-05-11,388.40802001953125
2025-05-12,202.93548387096774,157.81820678710938,2026-05-12,387.1187744140625
2025-05-13,202.93548387096774,158.8838348388672,2026-05-13,402.3796691894531
2025-05-14,202.93548387096774,164.7001953125,2026-05-14,400.8305969238281
2025-05-15,202.93548387096774,163.29591369628906,2026-05-15,396.54315185546875
2025-05-16,202.93548387096774,165.51686096191406,2026-05-18,396.70306396484375
2025-05-19,202.93548387096774,165.86544799804688,2026-05-19,387.4285888671875
2025-05-20,202.93548387096774,163.31582641601562,2026-05-20,388.6778564453125
2025-05-21,202.71428571428572,167.8772735595703,2026-05-21,387.4285888671875
2025-05-22,202.71428571428572,170.1779022216797,2026-05-22,382.74139404296875
2025-05-23,202.71428571428572,167.78762817382812,2026-05-26,388.6478576660156
2025-05-27,202.71428571428572,172.19969177246094,2026-05-27,388.5978698730469
2025-05-28,202.71428571428572,171.661865234375,2026-05-28,389.8971252441406
2025-05-29,202.71428571428572,171.16390991210938,2026-05-29,380.1129455566406
2025-05-30,202.71428571428572,171.0443878173828,2026-06-01,376.14532470703125
2025-06-02,202.71428571428572,168.34536743164062,2026-06-02,361.6340026855469
2025-06-03,202.71428571428572,165.5069122314453,2026-06-03,358.77569580078125
2025-06-04,202.71428571428572,167.36935424804688,2026-06-04,371.96783447265625
2025-06-05,202.71428571428572,167.5286865234375,2026-06-05,368.30999755859375
2025-06-06,202.71428571428572,172.9765167236328,2026-06-08,363.30999755859375
2025-06-09,202.67741935483872,175.58908081054688,2026-06-09,364.260009765625
2025-06-10,202.67741935483872,178.09194946289062,2026-06-10,356.3800048828125
2025-06-11,202.55737704918033,176.8455047607422,2026-06-11,357.7699890136719
2025-06-12,202.55737704918033,175.2001953125,2026-06-12,359.67999267578125
2025-06-13,202.55737704918033,174.1731414794922,2026-06-15,369.3500061035156
2025-06-16,202.55737704918033,176.2671661376953,2026-06-16,373.25
2025-06-17,202.06666666666666,175.44949340820312,2026-06-17,363.7900085449219
2025-06-18,202.06666666666666,172.8269805908203,2026-06-18,368.0299987792969
2025-06-20,202.06666666666666,166.16595458984375,2026-06-22,349.67999267578125
2025-06-23,201.9322033898305,164.72010803222656,2026-06-23,346.1300048828125
2025-06-24,201.95,166.2956085205078,2026-06-24,345.2900085449219
2025-06-25,201.44262295081967,170.1944580078125,2026-06-25,343.7099914550781
2025-06-26,201.44262295081967,173.0463409423828,2026-06-26,337.3900146484375
2025-06-27,201.74193548387098,178.0221405029297,2026-06-29,353.6499938964844
2025-06-30,201.74193548387098,175.72869873046875,2026-06-30,357.3699951171875
2025-07-01,201.74193548387098,175.3397979736328,2026-07-01,361.2099914550781
2025-07-02,201.41935483870967,178.1318359375,2026-07-02,359.9100036621094
2025-07-03,200.95081967213116,179.01931762695312,2026-07-06,366.4599914550781
2025-07-07,200.38983050847457,176.28709411621094,2026-07-07,367.0299987792969
2025-07-08,200.08196721311475,173.864013671875,2026-07-08,361.9200134277344
2025-07-09,200.08196721311475,176.11756896972656,2026-07-09,358.8900146484375
2025-07-10,199.66666666666666,177.11471557617188,2026-07-10,357.17999267578125
2025-07-11,199.66666666666666,179.6774139404297,2026-07-13,352.510009765625
2025-07-14,199.12280701754386,181.04351806640625,2026-07-14,359.510009765625
2025-07-15,199.27586206896552,181.48226928710938,2026-07-15,370.9200134277344
2025-07-16,199.27868852459017,182.4495086669922,,
2025-07-17,199.53225806451613,183.05776977539062,,
2025-07-18,199.6984126984127,184.5335693359375,,
2025-07-21,199.3015873015873,189.55923461914062,,
2025-07-22,199.359375,190.79571533203125,,
2025-07-23,199.52307692307693,189.6888427734375,,
2025-07-24,203.1904761904762,191.6233367919922,,
2025-07-25,203.1904761904762,192.63046264648438,,
2025-07-28,202.9277108433735,192.0321807861328,,
2025-07-29,202.73809523809524,195.1931610107422,,
2025-07-30,202.46987951807228,195.970947265625,,
2025-07-31,202.46987951807228,191.35411071777344,,
2025-08-01,202.46987951807228,188.59201049804688,,
2025-08-04,202.46987951807228,194.4851837158203,,
2025-08-05,200.59459459459458,194.11622619628906,,
2025-08-06,200.59459459459458,195.53219604492188,,
2025-08-07,200.59459459459458,195.96096801757812,,
2025-08-08,200.59459459459458,200.84701538085938,,
2025-08-11,200.59459459459458,200.42822265625,,
2025-08-12,200.59459459459458,202.7615509033203,,
2025-08-13,200.59459459459458,201.385498046875,,
2025-08-14,200.59459459459458,202.3627166748047,,
2025-08-15,200.59459459459458,203.31996154785156,,
2025-08-18,200.59459459459458,202.92111206054688,,
2025-08-19,200.59459459459458,200.99661254882812,,
2025-08-20,200.59459459459458,198.7530059814453,,
2025-08-21,200.85333333333332,199.18179321289062,,
2025-08-22,200.85333333333332,205.5037384033203,,
2025-08-25,200.85333333333332,207.8969268798828,,
2025-08-26,200.85333333333332,206.5507354736328,,
2025-08-27,200.85333333333332,206.88978576660156,,
2025-08-28,200.85333333333332,211.03794860839844,,
2025-08-29,200.85333333333332,212.30435180664062,,
2025-09-02,200.71052631578948,210.74879455566406,,
2025-09-03,205.6904761904762,230.00384521484375,,
2025-09-04,206.4470588235294,231.63917541503906,,
2025-09-05,207.30232558139534,234.33152770996094,,
2025-09-08,208.367816091954,233.5829620361328,,
2025-09-09,208.367816091954,239.1620330810547,,
2025-09-10,208.367816091954,238.70294189453125,,
2025-09-11,208.367816091954,239.9005889892578,,
2025-09-12,208.367816091954,240.32977294921875,,
2025-09-15,209.26436781609195,251.11866760253906,,
2025-09-16,209.29761904761904,250.66954040527344,,
2025-09-17,209.29761904761904,249.042724609375,,
2025-09-18,210.18823529411765,251.537841796875,,
2025-09-19,211.11627906976744,254.2225799560547,,
2025-09-22,212.6818181818182,252.036865234375,,
2025-09-23,212.6818181818182,251.16856384277344,,
2025-09-24,212.5505617977528,246.6573944091797,,
2025-09-25,213.46666666666667,245.3100128173828,,
2025-09-26,213.46666666666667,246.0585479736328,,
2025-09-29,214.14772727272728,243.5734100341797,,
2025-09-30,215.0561797752809,242.6252899169922,,
2025-10-01,215.0561797752809,244.4217529296875,,
2025-10-02,215.66666666666666,245.210205078125,,
2025-10-03,215.66666666666666,244.8708953857422,,
2025-10-06,216.06741573033707,249.94094848632812,,
2025-10-07,217.53932584269663,245.2800750732422,,
2025-10-08,218.5581395348837,244.14230346679688,,
2025-10-09,219.90697674418604,241.05833435058594,,
2025-10-10,219.90697674418604,236.10801696777344,,
2025-10-13,220.97619047619048,243.6732177734375,,
2025-10-14,222.2560975609756,244.97068786621094,,
2025-10-15,223.29113924050634,250.53977966308594,,
2025-10-16,223.29113924050634,250.96896362304688,,
2025-10-17,224.0,252.80535888671875,,
2025-10-20,224.69135802469137,256.04901123046875,,
2025-10-21,225.41772151898735,249.97091674804688,,
2025-10-22,226.225,251.19850158691406,,
2025-10-23,231.92857142857142,252.58578491210938,,
2025-10-24,232.77464788732394,259.4124450683594,,
2025-10-27,233.70833333333334,268.7441711425781,,
2025-10-28,233.61971830985917,266.9476623535156,,
2025-10-29,233.61971830985917,274.0338134765625,,
2025-10-30,252.34065934065933,280.9303283691406,,
2025-10-31,252.34065934065933,280.6408996582031,,
2025-11-03,252.34065934065933,283.1659240722656,,
2025-11-04,252.34065934065933,276.9980163574219,,
2025-11-05,252.8111111111111,283.75482177734375,,
2025-11-06,252.8111111111111,284.19390869140625,,
2025-11-07,252.8111111111111,278.2854919433594,,
2025-11-10,253.6043956043956,289.5334777832031,,
2025-11-11,253.6043956043956,290.7411193847656,,
2025-11-12,253.6043956043956,286.15008544921875,,
2025-11-13,253.6043956043956,278.0260314941406,,
2025-11-14,253.6043956043956,275.8702087402344,,
2025-11-17,253.6043956043956,284.4634094238281,,
2025-11-18,255.04395604395606,283.7248229980469,,
2025-11-19,255.04395604395606,292.2381896972656,,
2025-11-20,255.04395604395606,288.884765625,,
2025-11-21,255.04395604395606,299.0747985839844,,
2025-11-24,256.1304347826087,317.9578552246094,,
2025-11-25,256.60215053763443,322.8083801269531,,
2025-11-26,256.60215053763443,319.3252258300781,,
2025-11-28,256.60215053763443,319.55474853515625,,
2025-12-01,257.86170212765956,314.2751159667969,,
2025-12-02,257.86170212765956,315.1932678222656,,
2025-12-03,257.86170212765956,319.0058288574219,,
2025-12-04,257.86170212765956,316.999755859375,,
2025-12-05,258.8315789473684,320.64263916015625,,
2025-12-08,258.8315789473684,313.3121643066406,,
2025-12-09,258.8315789473684,316.66778564453125,,
2025-12-10,258.8315789473684,319.7937316894531,,
2025-12-11,259.9375,312.02386474609375,,
2025-12-12,261.22680412371136,308.887939453125,,
2025-12-15,261.22680412371136,307.8193359375,,
2025-12-16,262.0612244897959,306.1714782714844,,
2025-12-17,262.0612244897959,296.3342590332031,,
2025-12-18,262.0612244897959,302.0668029785156,,
2025-12-19,262.949494949495,306.7607116699219,,
2025-12-22,264.4343434343434,309.3773193359375,,
2025-12-23,265.38775510204084,313.94134521484375,,
2025-12-24,265.38775510204084,313.6816711425781,,
2025-12-26,265.8556701030928,313.10247802734375,,
2025-12-29,265.8556701030928,313.15240478515625,,
2025-12-30,266.5416666666667,313.4420166015625,,
2025-12-31,267.7628865979381,312.5931091308594,,
2026-01-02,267.7628865979381,314.74029541015625,,
2026-01-05,270.375,316.1285095214844,,
2026-01-06,270.375,313.9313659667969,,
2026-01-07,271.6082474226804,321.56146240234375,,
2026-01-08,272.61224489795916,325.0169372558594,,
2026-01-09,273.54545454545456,328.14288330078125,,
2026-01-12,274.979797979798,331.4285888671875,,
2026-01-13,279.2857142857143,335.5332336425781,,
2026-01-14,279.9484536082474,335.4034118652344,,
2026-01-15,280.6770833333333,332.347412109375,,
2026-01-16,280.6770833333333,329.5710144042969,,
2026-01-20,284.5376344086022,321.5814208984375,,
2026-01-21,303.6027397260274,327.953125,,
2026-01-22,303.6027397260274,330.11029052734375,,
2026-01-23,304.1756756756757,327.5036926269531,,
2026-01-26,306.82666666666665,332.8267822265625,,
2026-01-27,307.5921052631579,334.1150817871094,,
2026-01-28,307.5921052631579,335.57318115234375,,
2026-01-29,307.5921052631579,337.810302734375,,
2026-01-30,307.5921052631579,337.56060791015625,,
2026-02-02,310.35526315789474,343.2431945800781,,
2026-02-03,310.35526315789474,339.26837158203125,,
2026-02-04,310.35526315789474,332.6070861816406,,
2026-02-05,323.6276595744681,330.81939697265625,,
2026-02-06,324.9583333333333,322.4402770996094,,
2026-02-09,324.9583333333333,323.8984069824219,,
2026-02-10,324.9583333333333,318.16583251953125,,
2026-02-11,324.9583333333333,310.55572509765625,,
2026-02-12,324.9583333333333,308.59832763671875,,
2026-02-13,325.37113402061857,305.32257080078125,,
2026-02-17,325.37113402061857,301.6273498535156,,
2026-02-18,326.46875,302.9356689453125,,
2026-02-19,327.3814432989691,302.456298828125,,
2026-02-20,327.3814432989691,314.570556640625,,
2026-02-23,327.98979591836735,311.0850524902344,,
2026-02-24,327.98979591836735,310.495849609375,,
2026-02-25,327.98979591836735,312.4932556152344,,
2026-02-26,327.98979591836735,306.98040771484375,,
2026-02-27,327.98979591836735,311.354736328125,,
2026-03-02,329.41237113402065,306.12152099609375,,
2026-03-03,336.2808988764045,303.1853332519531,,
2026-03-04,337.03409090909093,302.7359619140625,,
2026-03-05,337.6896551724138,300.4888916015625,,
2026-03-06,337.6896551724138,298.1319274902344,,
2026-03-09,338.1279069767442,306.1770935058594,,
2026-03-10,338.1279069767442,306.8567199707031,,
2026-03-11,338.1279069767442,308.5157470703125,,
2026-03-12,338.1279069767442,303.3687744140625,,
2026-03-13,338.8390804597701,302.09954833984375,,
2026-03-16,339.5232558139535,305.3775939941406,,
2026-03-17,339.5232558139535,310.7344055175781,,
2026-03-18,340.16470588235296,307.5063171386719,,
2026-03-19,340.76190476190476,306.9466552734375,,
2026-03-20,340.76190476190476,300.8203125,,
2026-03-23,342.2439024390244,301.87969970703125,,
2026-03-24,343.98765432098764,290.2666320800781,,
2026-03-25,344.6,290.7563171386719,,
2026-03-26,344.6,280.7523193359375,,
2026-03-27,345.9146341463415,274.1762390136719,,
2026-03-30,346.5432098765432,273.33673095703125,,
2026-03-31,346.5432098765432,287.3883361816406,,
2026-04-01,347.5,297.2124938964844,,
2026-04-02,347.6666666666667,295.59344482421875,,
2026-04-06,349.873417721519,299.8109130859375,,
2026-04-07,349.873417721519,305.27764892578125,,
2026-04-08,351.45,317.1305847167969,,
2026-04-09,351.45,318.29986572265625,,
2026-04-10,351.45,317.0506286621094,,
2026-04-13,352.2926829268293,321.1181945800781,,
2026-04-14,352.9277108433735,332.7112731933594,,
2026-04-15,352.9277108433735,336.91876220703125,,
2026-04-16,353.8170731707317,335.81939697265625,,
2026-04-17,353.8170731707317,341.4760437011719,,
2026-04-20,355.0365853658537,337.2185974121094,,
2026-04-21,356.0731707317073,332.0916442871094,,
2026-04-22,357.9024390243902,339.1174621582031,,
2026-04-23,358.6951219512195,338.6877136230469,,
2026-04-24,359.1927710843373,344.19439697265625,,
2026-04-27,359.9146341463415,350.130859375,,
2026-04-28,359.9146341463415,349.5711975097656,,
2026-04-29,373.1774193548387,349.7311096191406,,
2026-04-30,383.87179487179486,384.5702819824219,,
2026-05-01,384.8625,385.45977783203125,,
2026-05-04,386.6341463414634,383.0212097167969,,
2026-05-05,386.6341463414634,388.1981201171875,,
2026-05-06,387.51807228915663,397.8023986816406,,
2026-05-07,387.51807228915663,397.7524108886719,,
2026-05-08,387.51807228915663,400.56072998046875,,
2026-05-11,388.280487804878,388.40802001953125,,
2026-05-12,388.280487804878,387.1187744140625,,
2026-05-13,388.280487804878,402.3796691894531,,
2026-05-14,388.280487804878,400.8305969238281,,
2026-05-15,388.280487804878,396.54315185546875,,
2026-05-18,389.12345679012344,396.70306396484375,,
2026-05-19,389.12345679012344,387.4285888671875,,
2026-05-20,392.2823529411765,388.6778564453125,,
2026-05-21,392.2906976744186,387.4285888671875,,
2026-05-22,392.2906976744186,382.74139404296875,,
2026-05-26,393.8333333333333,388.6478576660156,,
2026-05-27,393.8333333333333,388.5978698730469,,
2026-05-28,393.8333333333333,389.8971252441406,,
2026-05-29,394.25882352941176,380.1129455566406,,
2026-06-01,395.08235294117645,376.14532470703125,,
2026-06-02,395.3720930232558,361.6340026855469,,
2026-06-03,396.0,358.77569580078125,,
2026-06-04,396.5348837209302,371.96783447265625,,
2026-06-05,396.5348837209302,368.30999755859375,,
2026-06-08,396.5348837209302,363.30999755859375,,
2026-06-09,396.5348837209302,364.260009765625,,
2026-06-10,396.90588235294115,356.3800048828125,,
2026-06-11,397.04761904761904,357.7699890136719,,
2026-06-12,397.04761904761904,359.67999267578125,,
2026-06-15,397.69879518072287,369.3500061035156,,
2026-06-16,397.69879518072287,373.25,,
2026-06-17,397.69879518072287,363.7900085449219,,
2026-06-18,398.280487804878,368.0299987792969,,
2026-06-22,398.87654320987656,349.67999267578125,,
2026-06-23,398.87654320987656,346.1300048828125,,
2026-06-24,398.87654320987656,345.2900085449219,,
2026-06-25,398.87654320987656,343.7099914550781,,
2026-06-26,398.87654320987656,337.3900146484375,,
2026-06-29,398.87654320987656,353.6499938964844,,
2026-06-30,399.24691358024694,357.3699951171875,,
2026-07-01,399.24691358024694,361.2099914550781,,
2026-07-02,399.4512195121951,359.9100036621094,,
2026-07-06,399.87654320987656,366.4599914550781,,
2026-07-07,400.0,367.0299987792969,,
2026-07-08,400.37974683544303,361.9200134277344,,
2026-07-09,400.8333333333333,358.8900146484375,,
2026-07-10,401.39240506329116,357.17999267578125,,
2026-07-13,402.7922077922078,352.510009765625,,
2026-07-14,402.7922077922078,359.510009765625,,
2026-07-15,402.7922077922078,370.9200134277344,,
