Date,ConsensusTarget,StockPrice,ForwardDate,StockPrice12mForward
2016-03-15,105.0,60.217803955078125,2017-03-15,74.52288055419922
2016-03-16,105.0,61.265953063964844,2017-03-16,73.7505874633789
2016-03-17,105.0,58.375057220458984,2017-03-17,72.8567886352539
2016-03-18,105.0,59.97267150878906,2017-03-20,72.94355773925781
2016-03-21,105.0,59.38096237182617,2017-03-21,72.6572036743164
2016-03-22,105.0,60.79257583618164,2017-03-22,73.2038803100586
2016-03-23,105.0,60.158634185791016,2017-03-23,73.25596618652344
2016-03-24,105.0,60.116371154785156,2017-03-24,73.04768371582031
2016-03-28,105.0,59.69371795654297,2017-03-28,73.54229736328125
2016-03-29,105.0,60.60662841796875,2017-03-29,73.27330017089844
2016-03-30,105.0,60.67424774169922,2017-03-30,73.55098724365234
2016-03-31,105.0,60.86867904663086,2017-03-31,72.9869384765625
2016-04-01,105.0,62.06050491333008,2017-04-03,73.28197479248047
2016-04-04,105.0,61.85763168334961,2017-04-04,74.7051010131836
2016-04-05,105.0,61.73929214477539,2017-04-05,74.3059310913086
2016-04-06,105.0,63.19319534301758,2017-04-06,74.07164764404297
2016-04-07,105.0,63.049476623535156,2017-04-07,74.03694152832031
2016-04-08,105.0,62.88041305541992,2017-04-10,74.16709899902344
2016-04-11,105.0,62.50850296020508,2017-04-11,74.5662612915039
2016-04-12,105.0,63.0325927734375,2017-04-12,74.84394073486328
2016-04-13,105.0,63.53131103515625,2017-04-13,74.52288055419922
2016-04-14,105.0,63.9285774230957,2017-04-17,71.48573303222656
2016-04-15,105.0,63.84405517578125,2017-04-17,71.48573303222656
2016-04-18,105.0,65.2725830078125,2017-04-18,70.4617691040039
2016-04-19,105.0,65.29793548583984,2017-04-19,70.19280242919922
2016-04-20,105.0,65.15422821044922,2017-04-20,71.10391235351562
2016-04-21,105.0,65.39937591552734,2017-04-21,71.06051635742188
2016-04-22,105.0,65.78820037841797,2017-04-24,72.38819885253906
2016-04-25,105.0,65.88118743896484,2017-04-25,70.4617691040039
2016-04-26,105.0,64.46955871582031,2017-04-26,70.2535171508789
2016-04-27,105.0,64.67243957519531,2017-04-27,70.57460021972656
2016-04-28,105.0,64.6301498413086,2017-04-28,71.2080307006836
2016-04-29,105.0,63.84405517578125,2017-05-01,70.9997787475586
2016-05-02,99.0,64.87532043457031,2017-05-02,70.89566040039062
2016-05-03,99.0,64.45264434814453,2017-05-03,70.5051498413086
2016-05-04,99.0,63.28618621826172,2017-05-04,72.05846405029297
2016-05-05,99.0,63.62428283691406,2017-05-05,71.59852600097656
2016-05-06,99.0,63.05794143676758,2017-05-08,70.0018539428711
2016-05-09,99.0,63.89476013183594,2017-05-09,70.10600280761719
2016-05-10,99.0,64.98515319824219,2017-05-10,70.33159637451172
2016-05-11,99.0,64.93412017822266,2017-05-11,70.06088256835938
2016-05-12,99.0,64.63631439208984,2017-05-12,70.03467559814453
2016-05-13,99.0,64.95111846923828,2017-05-15,70.1307373046875
2016-05-16,99.0,66.61894226074219,2017-05-16,68.98662567138672
2016-05-17,99.0,65.00220489501953,2017-05-17,68.2442855834961
2016-05-18,99.0,64.95111846923828,2017-05-18,68.384033203125
2016-05-19,99.0,63.23225784301758,2017-05-19,67.94735717773438
2016-05-20,99.0,63.65774154663086,2017-05-22,67.23118591308594
2016-05-23,99.0,63.03654861450195,2017-05-23,68.11328125
2016-05-24,99.0,63.81092071533203,2017-05-24,68.08710479736328
2016-05-25,99.0,63.42795944213867,2017-05-25,68.4189682006836
2016-05-26,99.0,64.26187133789062,2017-05-26,68.16567993164062
2016-05-27,99.0,63.81092071533203,2017-05-30,68.42769622802734
2016-05-31,99.0,63.844947814941406,2017-05-31,69.4931869506836
2016-06-01,99.0,63.76836395263672,2017-06-01,69.8600082397461
2016-06-02,99.0,64.21083068847656,2017-06-02,69.9822769165039
2016-06-03,99.0,63.921504974365234,2017-06-05,69.30106353759766
2016-06-06,99.0,63.683250427246094,2017-06-06,69.07398223876953
2016-06-07,99.0,63.564117431640625,2017-06-07,69.33597564697266
2016-06-08,99.0,63.742862701416016,2017-06-08,69.9560775756836
2016-06-09,99.0,63.33440399169922,2017-06-09,70.77701568603516
2016-06-10,99.0,62.92593765258789,2017-06-12,70.65473175048828
2016-06-13,99.0,62.849365234375,2017-06-13,70.96041870117188
2016-06-14,99.0,63.24077606201172,2017-06-14,71.26609802246094
2016-06-15,99.0,62.72173309326172,2017-06-15,71.65911102294922
2016-06-16,99.0,63.18119430541992,2017-06-16,71.51063537597656
2016-06-17,99.0,62.849365234375,2017-06-19,71.91239929199219
2016-06-20,99.0,62.3558235168457,2017-06-20,72.2704849243164
2016-06-21,99.0,61.75168228149414,2017-06-21,72.17442321777344
2016-06-22,99.0,62.177146911621094,2017-06-22,73.63289642333984
2016-06-23,99.0,62.91743087768555,2017-06-23,73.26611328125
2016-06-24,99.0,63.24928665161133,2017-06-26,73.60670471191406
2016-06-27,99.0,63.72581481933594,2017-06-27,72.52375793457031
2016-06-28,99.0,63.947052001953125,2017-06-28,72.5761489868164
2016-06-29,99.0,66.49981689453125,2017-06-29,72.22679901123047
2016-06-30,99.0,67.01038360595703,2017-06-30,71.87748718261719
2016-07-01,99.0,67.18058013916016,2017-07-03,72.22679901123047
2016-07-05,99.0,67.76770782470703,2017-07-05,72.22679901123047
2016-07-06,99.0,68.09104919433594,2017-07-06,71.26609802246094
2016-07-07,99.0,67.49539947509766,2017-07-07,71.86872100830078
2016-07-08,99.0,67.78471374511719,2017-07-10,71.85999298095703
2016-07-11,99.0,67.34223937988281,2017-07-11,71.921142578125
2016-07-12,99.0,67.79325103759766,2017-07-12,72.92549133300781
2016-07-13,99.0,67.5294418334961,2017-07-13,73.37963104248047
2016-07-14,100.5,68.57606506347656,2017-07-14,73.66783142089844
2016-07-15,100.5,68.26126098632812,2017-07-17,73.04774475097656
2016-07-18,100.5,68.03150177001953,2017-07-18,73.10014343261719
2016-07-19,100.5,68.04853057861328,2017-07-19,73.56305694580078
2016-07-20,100.5,68.31230926513672,2017-07-20,74.01717376708984
2016-07-21,100.5,68.41442108154297,2017-07-21,73.93859100341797
2016-07-22,100.5,69.42701721191406,2017-07-24,74.00846099853516
2016-07-25,100.5,69.75886535644531,2017-07-25,71.7813949584961
2016-07-26,100.5,69.85249328613281,2017-07-26,71.47571563720703
2016-07-27,100.5,70.96717834472656,2017-07-27,72.50627136230469
2016-07-28,100.5,70.56724548339844,2017-07-28,72.5761489868164
2016-07-29,100.5,70.53324127197266,2017-07-31,72.19186401367188
2016-08-01,100.5,70.77999877929688,2017-08-01,71.93860626220703
2016-08-02,100.5,70.89910888671875,2017-08-02,71.45823669433594
2016-08-03,100.5,70.38855743408203,2017-08-03,71.55430603027344
2016-08-04,100.5,70.13326263427734,2017-08-04,71.88618469238281
2016-08-05,100.5,69.4014663696289,2017-08-07,71.67656707763672
2016-08-08,100.5,69.43551635742188,2017-08-08,71.5892333984375
2016-08-09,100.5,69.3504409790039,2017-08-09,72.11326599121094
2016-08-10,100.5,68.54207611083984,2017-08-10,71.65911102294922
2016-08-11,100.5,68.98733520507812,2017-08-11,71.32513427734375
2016-08-12,100.5,68.69619750976562,2017-08-14,71.62397003173828
2016-08-15,100.5,68.73045349121094,2017-08-15,71.81732177734375
2016-08-16,100.5,68.37079620361328,2017-08-16,70.92080688476562
2016-08-17,100.5,68.60198211669922,2017-08-17,68.38072967529297
2016-08-18,100.5,68.31941223144531,2017-08-18,67.7391128540039
2016-08-19,100.5,67.70281982421875,2017-08-21,68.01155090332031
2016-08-22,100.5,67.8997802734375,2017-08-22,68.78504180908203
2016-08-23,100.5,68.1395492553711,2017-08-23,68.68832397460938
2016-08-24,100.5,67.17190551757812,2017-08-24,69.31238555908203
2016-08-25,100.5,66.80363464355469,2017-08-25,69.25086212158203
2016-08-26,100.5,67.0006332397461,2017-08-28,69.29479217529297
2016-08-29,100.5,67.30892944335938,2017-08-29,69.0398941040039
2016-08-30,100.5,66.59812927246094,2017-08-30,70.74504089355469
2016-08-31,100.5,66.58100128173828,2017-08-31,71.44818878173828
2016-09-01,100.5,66.13569641113281,2017-09-01,70.38468170166016
2016-09-02,100.5,65.81029510498047,2017-09-05,70.15614318847656
2016-09-06,100.5,67.23184967041016,2017-09-06,70.76261138916016
2016-09-07,100.5,67.30034637451172,2017-09-07,71.66789245605469
2016-09-08,99.4,68.4135971069336,2017-09-08,72.88082122802734
2016-09-09,99.4,67.0006332397461,2017-09-11,72.62592315673828
2016-09-12,98.0,67.7199478149414,2017-09-12,72.22163391113281
2016-09-13,98.0,67.2061538696289,2017-09-13,72.45014953613281
2016-09-14,98.0,67.04341888427734,2017-09-14,73.01266479492188
2016-09-15,98.0,67.49729919433594,2017-09-15,72.45897674560547
2016-09-16,98.0,67.48017883300781,2017-09-18,72.52923583984375
2016-09-19,98.0,67.78845977783203,2017-09-19,71.83490753173828
2016-09-20,98.0,68.40502166748047,2017-09-20,72.08975219726562
2016-09-21,98.0,69.25279998779297,2017-09-21,73.24119567871094
2016-09-22,98.0,69.61248779296875,2017-09-22,73.75096130371094
2016-09-23,98.0,69.50116729736328,2017-09-25,74.39258575439453
2016-09-26,98.0,68.09671783447266,2017-09-26,74.0234375
2016-09-27,97.4,69.2613754272461,2017-09-27,74.4013671875
2016-09-28,97.4,69.11579132080078,2017-09-28,74.7090072631836
2016-09-29,97.4,68.2851333618164,2017-09-29,75.18363189697266
2016-09-30,97.4,68.73045349121094,2017-10-02,75.89556121826172
2016-10-03,97.4,69.36414337158203,2017-10-03,75.98344421386719
2016-10-04,97.4,69.45832824707031,2017-10-04,76.43170166015625
2016-10-05,97.4,70.00639343261719,2017-10-05,77.03816986083984
2016-10-06,97.4,69.76660919189453,2017-10-06,76.53717803955078
2016-10-07,97.4,70.29756927490234,2017-10-09,76.51080322265625
2016-10-10,97.4,71.12821960449219,2017-10-10,75.72856140136719
2016-10-11,97.4,70.05777740478516,2017-10-11,75.64067077636719
2016-10-12,97.4,68.94453430175781,2017-10-12,75.96587371826172
2016-10-13,97.4,68.50780487060547,2017-10-13,76.07134246826172
2016-10-14,97.4,67.88264465332031,2017-10-16,75.54398345947266
2016-10-17,97.4,67.24896240234375,2017-10-17,75.64067077636719
2016-10-18,97.4,67.45448303222656,2017-10-18,75.35062408447266
2016-10-19,97.4,67.27462768554688,2017-10-19,75.90435028076172
2016-10-20,97.4,67.4288101196289,2017-10-20,76.66901397705078
2016-10-21,97.4,67.00917053222656,2017-10-23,76.62507629394531
2016-10-24,97.4,66.4268569946289,2017-10-24,74.85841369628906
2016-10-25,97.4,66.58100128173828,2017-10-25,74.57715606689453
2016-10-26,97.4,65.73322296142578,2017-10-26,73.97069549560547
2016-10-27,97.4,65.21943664550781,2017-10-27,73.70701599121094
2016-10-28,97.4,63.82357406616211,2017-10-30,72.64353942871094
2016-10-31,98.33333333333333,63.23270797729492,2017-10-31,72.01947021484375
2016-11-01,98.33333333333333,62.49623489379883,2017-11-01,72.85448455810547
2016-11-02,98.33333333333333,62.21363830566406,2017-11-02,73.06538391113281
2016-11-03,98.33333333333333,61.75120544433594,2017-11-03,73.39940643310547
2016-11-04,98.33333333333333,62.076629638671875,2017-11-06,72.8984146118164
2016-11-07,98.33333333333333,63.266944885253906,2017-11-07,73.1972427368164
2016-11-08,98.33333333333333,63.386817932128906,2017-11-08,73.83885192871094
2016-11-09,98.33333333333333,67.12905883789062,2017-11-09,73.8212890625
2016-11-10,98.33333333333333,67.52555847167969,2017-11-10,73.20602416992188
2016-11-11,98.33333333333333,66.94806671142578,2017-11-13,72.82808685302734
2016-11-14,98.33333333333333,66.38780212402344,2017-11-14,72.96077728271484
2016-11-15,98.33333333333333,66.6463623046875,2017-11-15,72.69544219970703
2016-11-16,98.33333333333333,66.31884002685547,2017-11-16,73.80103302001953
2016-11-17,98.33333333333333,66.9825439453125,2017-11-17,73.31456756591797
2016-11-18,98.33333333333333,66.08609771728516,2017-11-20,73.5710678100586
2016-11-21,98.33333333333333,66.06022644042969,2017-11-21,73.86294555664062
2016-11-22,98.33333333333333,65.49998474121094,2017-11-22,74.01329040527344
2016-11-23,98.33333333333333,58.612972259521484,2017-11-24,74.32284545898438
2016-11-25,89.75,59.578346252441406,2017-11-27,75.01274108886719
2016-11-28,89.75,57.92340087890625,2017-11-28,75.22503662109375
2016-11-29,89.75,57.88028335571289,2017-11-29,75.14543914794922
2016-11-30,89.75,57.85445022583008,2017-11-30,74.86241149902344
2016-12-01,89.75,56.86319351196289,2017-12-01,75.46385955810547
2016-12-02,89.75,58.363006591796875,2017-12-04,75.6938247680664
2016-12-05,89.75,57.9751091003418,2017-12-05,76.11835479736328
2016-12-06,89.75,58.44057846069336,2017-12-06,75.46385955810547
2016-12-07,89.75,58.07854461669922,2017-12-07,75.95030975341797
2016-12-08,89.75,57.914772033691406,2017-12-08,76.46330261230469
2016-12-09,89.75,58.48366928100586,2017-12-11,76.65788269042969
2016-12-12,89.75,58.276790618896484,2017-12-12,76.69328308105469
2016-12-13,89.75,59.16461181640625,2017-12-13,77.73695373535156
2016-12-14,89.75,58.328514099121094,2017-12-14,76.50752258300781
2016-12-15,89.75,61.517738342285156,2017-12-15,76.54289245605469
2016-12-16,88.2,63.189918518066406,2017-12-18,76.13605499267578
2016-12-19,88.2,63.28477096557617,2017-12-19,76.69328308105469
2016-12-20,88.2,63.25025939941406,2017-12-20,75.83531951904297
2016-12-21,88.2,63.13821792602539,2017-12-21,75.72035217285156
2016-12-22,88.2,63.14683151245117,2017-12-22,75.24271392822266
2016-12-23,88.2,63.60367965698242,2017-12-26,75.17196655273438
2016-12-27,88.2,63.62091827392578,2017-12-27,75.30464172363281
2016-12-28,88.2,62.97444534301758,2017-12-28,75.22503662109375
2016-12-29,88.2,63.40544128417969,2017-12-29,74.70318603515625
2016-12-30,88.2,63.39681625366211,2018-01-02,74.89775848388672
2017-01-03,88.2,64.30184936523438,2018-01-03,75.30464172363281
2017-01-04,88.2,64.40528869628906,2018-01-04,75.6407470703125
2017-01-05,88.2,65.15518188476562,2018-01-05,76.56945037841797
2017-01-06,88.2,65.22416687011719,2018-01-08,76.1802749633789
2017-01-09,88.2,65.7413330078125,2018-01-09,76.11835479736328
2017-01-10,88.2,65.7413330078125,2018-01-10,76.15371704101562
2017-01-11,84.0,64.87073516845703,2018-01-11,76.41024017333984
2017-01-12,84.0,66.4998550415039,2018-01-12,76.93211364746094
2017-01-13,84.0,66.71534729003906,2018-01-16,75.43731689453125
2017-01-17,84.0,66.24124908447266,2018-01-17,76.25102996826172
2017-01-18,84.0,66.827392578125,2018-01-18,75.90608215332031
2017-01-19,84.0,66.2326431274414,2018-01-19,75.61421966552734
2017-01-20,84.0,66.20675659179688,2018-01-22,75.56997680664062
2017-01-23,84.0,65.78441619873047,2018-01-23,74.66780853271484
2017-01-24,84.0,64.51736450195312,2018-01-24,74.56169891357422
2017-01-25,84.0,64.51736450195312,2018-01-25,75.18966674804688
2017-01-26,84.0,64.28461456298828,2018-01-26,77.02053833007812
2017-01-27,84.0,64.97419738769531,2018-01-29,77.48047637939453
2017-01-30,84.0,64.38802337646484,2018-01-30,76.1448974609375
2017-01-31,84.0,66.39642333984375,2018-01-31,72.0409164428711
2017-02-01,84.0,66.88772583007812,2018-02-01,72.89000701904297
2017-02-02,84.0,66.70671844482422,2018-02-02,71.80208587646484
2017-02-03,84.0,66.56879425048828,2018-02-05,68.53836059570312
2017-02-06,84.0,67.08597564697266,2018-02-06,68.98060607910156
2017-02-07,84.0,66.97393035888672,2018-02-07,67.85731506347656
2017-02-08,84.0,67.32730865478516,2018-02-08,65.63726043701172
2017-02-09,84.0,66.97393035888672,2018-02-09,67.42390441894531
2017-02-10,84.0,67.0514907836914,2018-02-12,67.44161224365234
2017-02-13,84.0,67.48538208007812,2018-02-13,67.4062271118164
2017-02-14,84.0,68.38786315917969,2018-02-14,68.63856506347656
2017-02-15,84.0,69.6374282836914,2018-02-15,69.52069854736328
2017-02-16,84.0,69.45520782470703,2018-02-16,70.36721801757812
2017-02-17,84.0,69.75890350341797,2018-02-20,69.10192108154297
2017-02-21,84.0,69.73287200927734,2018-02-21,69.10192108154297
2017-02-22,84.0,70.34895324707031,2018-02-22,68.7811508178711
2017-02-23,84.0,71.63324737548828,2018-02-23,70.17118835449219
2017-02-24,84.0,71.91093444824219,2018-02-26,71.44541931152344
2017-02-27,84.0,72.0757827758789,2018-02-27,70.12663269042969
2017-02-28,84.0,71.85887908935547,2018-02-28,68.62967681884766
2017-03-01,84.0,72.7613296508789,2018-03-01,68.1662826538086
2017-03-02,84.0,71.94566345214844,2018-03-02,68.81678771972656
2017-03-03,84.0,72.70059204101562,2018-03-05,69.23558044433594
2017-03-06,84.0,72.74397277832031,2018-03-06,68.7811508178711
2017-03-07,84.0,71.7981185913086,2018-03-07,69.00391387939453
2017-03-08,80.33333333333333,72.37952423095703,2018-03-08,70.29593658447266
2017-03-09,80.33333333333333,73.3687515258789,2018-03-09,70.9375228881836
2017-03-10,80.33333333333333,73.2038803100586,2018-03-12,70.42961120605469
2017-03-13,80.33333333333333,73.01299285888672,2018-03-13,70.52762603759766
2017-03-14,80.33333333333333,73.2906494140625,2018-03-14,69.93954467773438
2017-03-15,80.33333333333333,74.52288055419922,2018-03-15,70.17118835449219
2017-03-16,80.33333333333333,73.7505874633789,2018-03-16,71.72164154052734
2017-03-17,80.33333333333333,72.8567886352539,2018-03-19,70.15339660644531
2017-03-20,80.33333333333333,72.94355773925781,2018-03-20,69.83257293701172
2017-03-21,80.33333333333333,72.6572036743164,2018-03-21,69.71675872802734
2017-03-22,80.33333333333333,73.2038803100586,2018-03-22,68.19306182861328
2017-03-23,80.33333333333333,73.25596618652344,2018-03-23,66.61585998535156
2017-03-24,80.33333333333333,73.04768371582031,2018-03-26,67.88117980957031
2017-03-27,73.0,73.09974670410156,2018-03-27,67.4178237915039
2017-03-28,73.0,73.54229736328125,2018-03-28,68.62073516845703
2017-03-29,73.0,73.27330017089844,2018-03-29,68.9415283203125
2017-03-30,73.0,73.55098724365234,2018-04-02,67.45346069335938
2017-03-31,73.0,72.9869384765625,2018-04-02,67.45346069335938
2017-04-03,73.0,73.28197479248047,2018-04-03,69.09302520751953
2017-04-04,73.0,74.7051010131836,2018-04-04,70.03755950927734
2017-04-05,73.0,74.3059310913086,2018-04-05,70.05534362792969
2017-04-06,73.0,74.07164764404297,2018-04-06,68.47817993164062
2017-04-07,73.0,74.03694152832031,2018-04-09,68.91480255126953
2017-04-10,73.0,74.16709899902344,2018-04-10,70.59001922607422
2017-04-11,73.0,74.5662612915039,2018-04-11,70.15339660644531
2017-04-12,73.0,74.84394073486328,2018-04-12,70.65235137939453
2017-04-13,73.0,74.52288055419922,2018-04-13,71.03553771972656
2017-04-17,73.0,71.48573303222656,2018-04-17,71.21373748779297
2017-04-18,73.0,70.4617691040039,2018-04-18,71.03553771972656
2017-04-19,73.0,70.19280242919922,2018-04-19,71.06226348876953
2017-04-20,73.0,71.10391235351562,2018-04-20,70.4474105834961
2017-04-21,73.0,71.06051635742188,2018-04-23,71.46321868896484
2017-04-24,73.0,72.38819885253906,2018-04-24,71.3652114868164
2017-04-25,73.0,70.4617691040039,2018-04-25,72.30084228515625
2017-04-26,73.0,70.2535171508789,2018-04-26,73.55723571777344
2017-04-27,73.0,70.57460021972656,2018-04-27,73.71763610839844
2017-04-28,73.0,71.2080307006836,2018-04-30,72.23845672607422
2017-05-01,73.0,70.9997787475586,2018-05-01,70.4563217163086
2017-05-02,73.0,70.89566040039062,2018-05-02,70.24247741699219
2017-05-03,73.0,70.5051498413086,2018-05-03,69.53854370117188
2017-05-04,73.0,72.05846405029297,2018-05-04,69.85933685302734
2017-05-05,73.0,71.59852600097656,2018-05-07,70.06426239013672
2017-05-08,73.0,70.0018539428711,2018-05-08,70.28705596923828
2017-05-09,73.0,70.10600280761719,2018-05-09,70.63455963134766
2017-05-10,73.0,70.33159637451172,2018-05-10,72.05134582519531
2017-05-11,73.0,70.06088256835938,2018-05-11,73.46810913085938
2017-05-12,73.0,70.03467559814453,2018-05-14,74.02059173583984
2017-05-15,73.0,70.1307373046875,2018-05-15,73.2542724609375
2017-05-16,73.0,68.98662567138672,2018-05-16,72.83528900146484
2017-05-17,73.0,68.2442855834961,2018-05-17,73.26596069335938
2017-05-18,73.0,68.384033203125,2018-05-18,73.6337890625
2017-05-19,73.0,67.94735717773438,2018-05-21,73.41846466064453
2017-05-22,73.0,67.23118591308594,2018-05-22,73.76837158203125
2017-05-23,73.0,68.11328125,2018-05-23,74.18109893798828
2017-05-24,73.0,68.08710479736328,2018-05-24,74.20801544189453
2017-05-25,82.0,68.4189682006836,2018-05-25,74.2618408203125
2017-05-26,82.0,68.16567993164062,2018-05-29,73.96575927734375
2017-05-30,82.0,68.42769622802734,2018-05-30,75.23977661132812
2017-05-31,82.0,69.4931869506836,2018-05-31,76.29850006103516
2017-06-01,82.0,69.8600082397461,2018-06-01,76.12803649902344
2017-06-02,82.0,69.9822769165039,2018-06-04,76.32542419433594
2017-06-05,82.0,69.30106353759766,2018-06-05,76.10111236572266
2017-06-06,82.0,69.07398223876953,2018-06-06,77.0970230102539
2017-06-07,82.0,69.33597564697266,2018-06-07,77.05215454101562
2017-06-08,82.0,69.9560775756836,2018-06-08,77.23159790039062
2017-06-09,82.0,70.77701568603516,2018-06-11,77.0342025756836
2017-06-12,82.0,70.65473175048828,2018-06-12,76.70223999023438
2017-06-13,82.0,70.96041870117188,2018-06-13,76.90861511230469
2017-06-14,82.0,71.26609802246094,2018-06-14,77.47384643554688
2017-07-17,93.5,73.04774475097656,2018-07-17,80.36286926269531
2017-07-18,93.5,73.10014343261719,2018-07-18,80.77557373046875
2017-07-19,93.5,73.56305694580078,2018-07-19,80.23722839355469
2017-07-20,93.5,74.01717376708984,2018-07-20,79.37593078613281
2017-07-21,93.5,73.93859100341797,2018-07-23,79.74375915527344
2017-07-24,93.5,74.00846099853516,2018-07-24,83.75426483154297
2017-07-25,93.5,71.7813949584961,2018-07-25,86.5177001953125
2017-07-26,93.5,71.47571563720703,2018-07-26,85.39617919921875
2017-07-27,93.5,72.50627136230469,2018-07-27,86.67022705078125
2017-07-28,93.5,72.5761489868164,2018-07-30,87.94424438476562
2017-07-31,93.5,72.19186401367188,2018-07-31,88.65303802490234
2017-08-01,93.5,71.93860626220703,2018-08-01,88.55433654785156
2017-08-02,93.5,71.45823669433594,2018-08-02,89.24520111083984
2017-08-03,93.5,71.55430603027344,2018-08-03,90.2411117553711
2017-08-04,93.5,71.88618469238281,2018-08-06,91.51514434814453
2017-08-07,93.5,71.67656707763672,2018-08-07,91.4612808227539
2017-08-08,93.5,71.5892333984375,2018-08-08,91.75736999511719
2017-08-09,93.5,72.11326599121094,2018-08-09,91.68560028076172
2017-08-10,93.5,71.65911102294922,2018-08-10,91.73943328857422
2017-08-11,93.5,71.32513427734375,2018-08-13,91.90992736816406
2017-08-14,93.5,71.62397003173828,2018-08-14,92.41783142089844
2017-08-15,93.5,71.81732177734375,2018-08-15,93.22075653076172
2017-08-16,93.5,70.92080688476562,2018-08-16,94.14999389648438
2017-08-17,93.5,68.38072967529297,2018-08-17,95.22355651855469
2017-08-18,93.5,67.7391128540039,2018-08-20,95.4671401977539
2017-08-21,93.5,68.01155090332031,2018-08-21,94.7905044555664
2017-08-22,93.5,68.78504180908203,2018-08-22,94.75443267822266
2017-08-23,93.5,68.68832397460938,2018-08-23,94.56498718261719
2017-08-24,93.5,69.31238555908203,2018-08-24,95.4220199584961
2017-08-25,93.5,69.25086212158203,2018-08-27,94.82660675048828
2017-08-28,93.5,69.29479217529297,2018-08-28,94.88976287841797
2017-08-29,93.5,69.0398941040039,2018-08-29,95.02507781982422
2017-08-30,93.5,70.74504089355469,2018-08-30,95.16040802001953
2017-08-31,93.5,71.44818878173828,2018-08-31,95.31376647949219
2017-09-01,93.5,70.38468170166016,2018-09-04,94.38453674316406
2017-09-05,93.5,70.15614318847656,2018-09-05,95.37692260742188
2017-09-06,86.0,70.76261138916016,2018-09-06,95.0611801147461
2017-09-07,86.0,71.66789245605469,2018-09-07,96.55876159667969
2017-09-08,86.0,72.88082122802734,2018-09-10,96.00843811035156
2017-09-11,86.0,72.62592315673828,2018-09-11,95.30474853515625
2017-09-12,86.0,72.22163391113281,2018-09-12,95.60247802734375
2017-09-13,86.0,72.45014953613281,2018-09-13,96.15278625488281
2017-09-14,86.0,73.01266479492188,2018-09-14,95.4220199584961
2017-09-15,88.5,72.45897674560547,2018-09-17,95.36791229248047
2017-09-18,88.5,72.52923583984375,2018-09-18,96.42345428466797
2017-09-19,88.5,71.83490753173828,2018-09-19,95.39496612548828
2017-09-20,88.5,72.08975219726562,2018-09-20,95.69267272949219
2017-09-21,88.5,73.24119567871094,2018-09-21,95.92723846435547
2017-09-22,88.5,73.75096130371094,2018-09-24,95.25963592529297
2017-09-25,88.5,74.39258575439453,2018-09-25,95.35889434814453
2017-09-26,88.5,74.0234375,2018-09-26,95.90918731689453
2017-09-27,88.5,74.4013671875,2018-09-27,96.25202178955078
2017-09-28,88.5,74.7090072631836,2018-09-28,96.81137084960938
2017-09-29,88.5,75.18363189697266,2018-10-01,97.07299041748047
2017-10-02,88.5,75.89556121826172,2018-10-02,97.39778900146484
2017-10-03,88.5,75.98344421386719,2018-10-03,97.99319458007812
2017-10-04,88.5,76.43170166015625,2018-10-04,101.93566131591797
2017-10-05,88.5,77.03816986083984,2018-10-05,103.76705932617188
2017-10-06,88.5,76.53717803955078,2018-10-08,104.16400146484375
2017-10-09,88.5,76.51080322265625,2018-10-09,104.15498352050781
2017-10-10,85.4,75.72856140136719,2018-10-10,102.25141143798828
2017-10-11,85.4,75.64067077636719,2018-10-11,97.3526840209961
2017-10-12,85.4,75.96587371826172,2018-10-12,99.67122650146484
2017-10-13,87.5,76.07134246826172,2018-10-15,99.79753875732422
2017-10-16,87.5,75.54398345947266,2018-10-16,100.16744232177734
2017-10-17,87.5,75.64067077636719,2018-10-17,102.4769515991211
2017-10-18,87.5,75.35062408447266,2018-10-18,102.224365234375
2017-10-19,87.5,75.90435028076172,2018-10-19,100.9703598022461
2017-10-20,87.5,76.66901397705078,2018-10-22,101.069580078125
2017-10-23,88.28571428571429,76.62507629394531,2018-10-23,99.59004211425781
2017-10-24,88.28571428571429,74.85841369628906,2018-10-24,95.918212890625
2017-10-25,88.28571428571429,74.57715606689453,2018-10-25,97.33464050292969
2017-10-26,88.28571428571429,73.97069549560547,2018-10-26,95.98139190673828
2017-10-27,88.28571428571429,73.70701599121094,2018-10-29,96.89256286621094
2017-10-30,88.28571428571429,72.64353942871094,2018-10-30,97.7405776977539
2017-10-31,88.28571428571429,72.01947021484375,2018-10-31,97.83081817626953
2017-11-01,88.28571428571429,72.85448455810547,2018-11-01,97.30754852294922
2017-11-02,88.28571428571429,73.06538391113281,2018-11-02,96.30615997314453
2017-11-03,88.28571428571429,73.39940643310547,2018-11-05,99.364501953125
2017-11-06,88.28571428571429,72.8984146118164,2018-11-06,95.53933715820312
2017-11-07,88.28571428571429,73.1972427368164,2018-11-07,98.98558044433594
2017-11-08,88.28571428571429,73.83885192871094,2018-11-08,99.32841491699219
2017-11-09,88.28571428571429,73.8212890625,2018-11-09,101.23196411132812
2017-11-10,88.28571428571429,73.20602416992188,2018-11-12,102.1251220703125
2017-11-13,88.28571428571429,72.82808685302734,2018-11-13,101.39437866210938
2017-11-14,88.28571428571429,72.96077728271484,2018-11-14,99.56553649902344
2017-11-15,88.28571428571429,72.69544219970703,2018-11-15,101.7325668334961
2017-11-16,88.28571428571429,73.80103302001953,2018-11-16,103.21049499511719
2017-11-17,88.28571428571429,73.31456756591797,2018-11-19,105.00579071044922
2017-11-20,88.28571428571429,73.5710678100586,2018-11-20,104.0174789428711
2017-11-21,88.5,73.86294555664062,2018-11-21,101.75977325439453
2017-11-22,88.5,74.01329040527344,2018-11-23,102.34004974365234
2017-11-24,88.5,74.32284545898438,2018-11-26,101.89575958251953
2017-11-27,88.5,75.01274108886719,2018-11-27,103.56412506103516
2017-11-28,88.5,75.22503662109375,2018-11-28,104.75192260742188
2017-11-29,88.5,75.14543914794922,2018-11-29,106.08477783203125
2017-11-30,88.5,74.86241149902344,2018-11-30,107.57177734375
2017-12-01,88.5,75.46385955810547,2018-12-03,107.46297454833984
2017-12-04,88.5,75.6938247680664,2018-12-04,105.6495590209961
2017-12-05,88.5,76.11835479736328,2018-12-06,105.03297424316406
2017-12-06,88.5,75.46385955810547,2018-12-06,105.03297424316406
2017-12-07,88.5,75.95030975341797,2018-12-07,102.98383331298828
2017-12-08,88.5,76.46330261230469,2018-12-10,103.44625091552734
2017-12-11,88.5,76.65788269042969,2018-12-11,103.81798553466797
2017-12-12,88.5,76.69328308105469,2018-12-12,103.67292785644531
2017-12-13,88.5,77.73695373535156,2018-12-13,104.14442443847656
2017-12-14,88.5,76.50752258300781,2018-12-14,101.4877700805664
2017-12-15,88.5,76.54289245605469,2018-12-17,98.2508316040039
2017-12-18,88.5,76.13605499267578,2018-12-18,96.56433868408203
2017-12-19,88.5,76.69328308105469,2018-12-19,98.93083190917969
2017-12-20,88.5,75.83531951904297,2018-12-20,99.09406280517578
2017-12-21,88.5,75.72035217285156,2018-12-21,99.2119369506836
2017-12-22,88.5,75.24271392822266,2018-12-24,96.79102325439453
2017-12-26,88.5,75.17196655273438,2018-12-26,100.72612762451172
2017-12-27,88.5,75.30464172363281,2018-12-27,102.35820007324219
2017-12-28,88.5,75.22503662109375,2018-12-28,103.54600524902344
2017-12-29,88.5,74.70318603515625,2018-12-31,104.9241943359375
2018-01-02,88.5,74.89775848388672,2019-01-02,104.16255950927734
2018-01-03,88.5,75.30464172363281,2019-01-03,100.92561340332031
2018-01-04,88.5,75.6407470703125,2019-01-04,103.96306610107422
2018-01-05,88.5,76.56945037841797,2019-01-07,104.52521514892578
2018-01-08,88.5,76.1802749633789,2019-01-08,105.48634338378906
2018-01-09,88.5,76.11835479736328,2019-01-09,106.27519989013672
2018-01-10,88.5,76.15371704101562,2019-01-10,105.1236801147461
2018-01-11,88.5,76.41024017333984,2019-01-11,105.34127807617188
2018-01-12,88.5,76.93211364746094,2019-01-14,103.98121643066406
2018-01-16,86.83333333333333,75.43731689453125,2019-01-16,105.9034423828125
2018-01-17,86.83333333333333,76.25102996826172,2019-01-17,108.04325866699219
2018-01-18,86.83333333333333,75.90608215332031,2019-01-18,105.7130355834961
2018-01-19,86.83333333333333,75.61421966552734,2019-01-22,106.1663589477539
2018-01-22,86.83333333333333,75.56997680664062,2019-01-22,106.1663589477539
2018-01-23,86.83333333333333,74.66780853271484,2019-01-23,107.70777130126953
2018-01-24,86.83333333333333,74.56169891357422,2019-01-24,104.26228332519531
2018-01-25,86.83333333333333,75.18966674804688,2019-01-25,104.2441635131836
2018-01-26,86.83333333333333,77.02053833007812,2019-01-28,104.29856872558594
2018-01-29,86.83333333333333,77.48047637939453,2019-01-29,104.91510772705078
2018-01-30,86.83333333333333,76.1448974609375,2019-01-30,106.03036499023438
2018-01-31,86.83333333333333,72.0409164428711,2019-01-31,108.6779556274414
2018-02-01,85.125,72.89000701904297,2019-02-01,109.61188507080078
2018-02-02,85.125,71.80208587646484,2019-02-04,108.95903015136719
2018-02-05,85.125,68.53836059570312,2019-02-05,109.19475555419922
2018-02-06,85.125,68.98060607910156,2019-02-06,108.14299774169922
2018-02-07,85.125,67.85731506347656,2019-02-07,106.5381088256836
2018-02-08,85.125,65.63726043701172,2019-02-08,108.44221496582031
2018-02-09,85.125,67.42390441894531,2019-02-11,107.00054168701172
2018-02-12,85.125,67.44161224365234,2019-02-12,108.34248352050781
2018-02-13,85.125,67.4062271118164,2019-02-13,108.48753356933594
2018-02-14,85.125,68.63856506347656,2019-02-14,110.07830047607422
2018-02-15,85.125,69.52069854736328,2019-02-15,111.65545654296875
2018-02-16,85.125,70.36721801757812,2019-02-19,111.33634948730469
2018-02-20,85.125,69.10192108154297,2019-02-20,111.81953430175781
2018-02-21,85.125,69.10192108154297,2019-02-21,111.87420654296875
2018-02-22,85.125,68.7811508178711,2019-02-22,113.04108428955078
2018-02-23,85.125,70.17118835449219,2019-02-25,112.94083404541016
2018-02-26,85.125,71.44541931152344,2019-02-26,113.65188598632812
2018-02-27,85.125,70.12663269042969,2019-02-27,114.57261657714844
2018-02-28,85.125,68.62967681884766,2019-02-28,115.12871551513672
2018-03-01,85.125,68.1662826538086,2019-03-01,117.4533462524414
2018-03-02,85.125,68.81678771972656,2019-03-04,116.19529724121094
2018-03-05,85.125,69.23558044433594,2019-03-05,117.1342544555664
2018-03-06,87.14285714285714,68.7811508178711,2019-03-06,115.48423767089844
2018-03-07,87.14285714285714,69.00391387939453,2019-03-07,115.17430114746094
2018-03-08,87.14285714285714,70.29593658447266,2019-03-08,115.50245666503906
2018-03-09,87.14285714285714,70.9375228881836,2019-03-11,112.58528137207031
2018-03-12,87.14285714285714,70.42961120605469,2019-03-12,112.58528137207031
2018-03-13,87.14285714285714,70.52762603759766,2019-03-13,113.32369995117188
2018-03-14,87.14285714285714,69.93954467773438,2019-03-14,112.2024154663086
2018-03-15,85.66666666666667,70.17118835449219,2019-03-15,112.98639678955078
2018-03-16,85.66666666666667,71.72164154052734,2019-03-18,114.1714859008789
2018-03-19,85.66666666666667,70.15339660644531,2019-03-19,115.40220642089844
2018-03-20,85.66666666666667,69.83257293701172,2019-03-20,116.83342742919922
2018-03-21,85.66666666666667,69.71675872802734,2019-03-21,116.97018432617188
2018-03-22,85.66666666666667,68.19306182861328,2019-03-22,116.96106719970703
2018-03-23,85.66666666666667,66.61585998535156,2019-03-25,118.3923110961914
2018-03-26,85.66666666666667,67.88117980957031,2019-03-26,119.440673828125
2018-03-27,85.66666666666667,67.4178237915039,2019-03-27,117.38951873779297
2018-03-28,85.66666666666667,68.62073516845703,2019-03-28,117.5536117553711
2018-03-29,85.66666666666667,68.9415283203125,2019-03-29,118.29203033447266
2018-04-02,85.66666666666667,67.45346069335938,2019-04-02,117.89093017578125
2018-04-03,85.66666666666667,69.09302520751953,2019-04-03,115.82156372070312
2018-04-04,85.66666666666667,70.03755950927734,2019-04-04,114.50879669189453
2018-04-05,85.66666666666667,70.05534362792969,2019-04-05,115.76685333251953
2018-04-06,85.66666666666667,68.47817993164062,2019-04-08,115.92183685302734
2018-04-09,88.2,68.91480255126953,2019-04-09,115.99474334716797
2018-04-10,88.2,70.59001922607422,2019-04-10,115.94916534423828
2018-04-11,88.2,70.15339660644531,2019-04-11,114.0894775390625
2018-04-12,85.75,70.65235137939453,2019-04-12,112.1841812133789
2018-04-13,85.75,71.03553771972656,2019-04-15,113.114013671875
2018-04-16,85.75,71.39195251464844,2019-04-16,109.3581314086914
2018-04-17,85.75,71.21373748779297,2019-04-17,106.20394134521484
2018-04-18,85.75,71.03553771972656,2019-04-18,105.01881408691406
2018-04-19,85.75,71.06226348876953,2019-04-22,105.26495361328125
2018-04-20,85.75,70.4474105834961,2019-04-22,105.26495361328125
2018-04-23,83.33333333333333,71.46321868896484,2019-04-23,107.1064224243164
2018-04-24,83.33333333333333,71.3652114868164,2019-04-24,107.57138061523438
2018-04-25,82.0,72.30084228515625,2019-04-25,107.78105163574219
2018-04-26,82.0,73.55723571777344,2019-04-26,109.2761001586914
2018-04-27,82.0,73.71763610839844,2019-04-29,109.02996826171875
2018-04-30,82.0,72.23845672607422,2019-04-30,106.6961898803711
2018-05-01,82.0,70.4563217163086,2019-05-01,107.73544311523438
2018-05-02,82.0,70.24247741699219,2019-05-02,107.99071502685547
2018-05-03,82.0,69.53854370117188,2019-05-03,106.57768249511719
2018-05-04,82.0,69.85933685302734,2019-05-06,106.34066772460938
2018-05-07,82.0,70.06426239013672,2019-05-07,104.78181457519531
2018-05-08,82.0,70.28705596923828,2019-05-08,105.97601318359375
2018-05-09,82.0,70.63455963134766,2019-05-09,105.56580352783203
2018-05-10,82.0,72.05134582519531,2019-05-10,105.94867706298828
2018-05-11,82.0,73.46810913085938,2019-05-13,104.26217651367188
2018-05-14,82.0,74.02059173583984,2019-05-14,104.78181457519531
2018-05-15,82.0,73.2542724609375,2019-05-15,105.40169525146484
2018-05-16,82.0,72.83528900146484,2019-05-16,107.01058959960938
2018-05-17,82.0,73.26596069335938,2019-05-17,106.35050201416016
2018-05-18,82.0,73.6337890625,2019-05-20,106.55221557617188
2018-05-21,79.33333333333333,73.41846466064453,2019-05-21,106.87306213378906
2018-05-22,79.33333333333333,73.76837158203125,2019-05-22,108.15652465820312
2018-05-23,79.33333333333333,74.18109893798828,2019-05-23,107.08390045166016
2018-05-24,79.33333333333333,74.20801544189453,2019-05-24,107.06558227539062
2018-05-25,79.33333333333333,74.2618408203125,2019-05-28,106.12135314941406
2018-05-29,79.33333333333333,73.96575927734375,2019-05-29,105.87381744384766
2018-05-30,79.33333333333333,75.23977661132812,2019-05-30,106.24967956542969
2018-05-31,79.33333333333333,76.29850006103516,2019-05-31,106.28638458251953
2018-06-01,79.33333333333333,76.12803649902344,2019-06-03,107.04723358154297
2018-06-04,79.33333333333333,76.32542419433594,2019-06-04,107.77146911621094
2018-06-05,79.33333333333333,76.10111236572266,2019-06-05,107.27642059326172
2018-06-06,79.33333333333333,77.0970230102539,2019-06-06,107.71646118164062
2018-06-07,79.33333333333333,77.05215454101562,2019-06-07,108.4957046508789
2018-06-08,84.5,77.23159790039062,2019-06-10,104.44373321533203
2018-06-11,84.5,77.0342025756836,2019-06-11,102.86692810058594
2018-06-12,84.5,76.70223999023438,2019-06-12,105.64463806152344
2018-06-13,84.5,76.90861511230469,2019-06-13,102.5093994140625
2018-06-14,84.5,77.47384643554688,2019-06-14,102.43605041503906
2018-06-15,84.5,77.94934844970703,2019-06-17,103.95785522460938
2018-06-18,84.5,77.2585220336914,2019-06-18,105.10379028320312
2018-06-19,84.5,77.8955307006836,2019-06-19,105.63549041748047
2018-06-20,84.5,77.41105651855469,2019-06-20,105.93798828125
2018-06-21,84.4,77.22261810302734,2019-06-21,105.87381744384766
2018-06-22,84.4,77.08805847167969,2019-06-24,106.00215148925781
2018-06-25,84.4,76.95346069335938,2019-06-25,105.75464630126953
2018-06-26,84.4,76.36131286621094,2019-06-26,102.06936645507812
2018-06-27,84.4,75.96653747558594,2019-06-27,102.18853759765625
2018-06-28,84.4,76.70223999023438,2019-06-28,101.56517791748047
2018-06-29,84.4,76.55870819091797,2019-07-01,103.35279083251953
2018-07-02,84.4,77.0342025756836,2019-07-02,104.69123840332031
2018-07-03,84.4,77.61737823486328,2019-07-03,104.8929214477539
2018-07-05,84.4,77.66227722167969,2019-07-05,103.42615509033203
2018-07-06,84.4,78.40692901611328,2019-07-08,102.23436737060547
2018-07-09,84.4,78.83759307861328,2019-07-09,103.66450500488281
2018-07-10,84.4,78.99909210205078,2019-07-10,104.99376678466797
2018-07-11,84.4,78.55945587158203,2019-07-11,100.67593383789062
2018-07-12,84.4,79.77070617675781,2019-07-12,99.27332305908203
2018-07-13,84.4,80.48846435546875,2019-07-15,99.43834686279297
2018-07-16,84.4,79.91423034667969,2019-07-16,99.75920104980469
2018-07-17,85.33333333333333,80.36286926269531,2019-07-17,98.1732406616211
2018-07-18,85.33333333333333,80.77557373046875,2019-07-18,99.31915283203125
2018-07-19,84.57142857142857,80.23722839355469,2019-07-19,97.89823150634766
2018-07-20,84.57142857142857,79.37593078613281,2019-07-22,98.33826446533203
2018-07-23,84.57142857142857,79.74375915527344,2019-07-23,99.20916748046875
2018-07-24,84.57142857142857,83.75426483154297,2019-07-24,99.48417663574219
2018-07-25,88.36363636363636,86.5177001953125,2019-07-25,98.84246063232422
2018-07-26,88.36363636363636,85.39617919921875,2019-07-26,99.25497436523438
2018-07-27,88.36363636363636,86.67022705078125,2019-07-29,99.66751861572266
2018-07-30,88.36363636363636,87.94424438476562,2019-07-30,99.64002227783203
2018-07-31,89.5,88.65303802490234,2019-07-31,99.87836456298828
2018-08-01,91.4,88.55433654785156,2019-08-01,101.3084716796875
2018-08-02,91.4,89.24520111083984,2019-08-02,103.05944061279297
2018-08-03,91.4,90.2411117553711,2019-08-05,99.6583480834961
2018-08-06,91.4,91.51514434814453,2019-08-06,102.1243667602539
2018-08-07,91.4,91.4612808227539,2019-08-07,101.86769104003906
2018-08-08,91.4,91.75736999511719,2019-08-08,104.48037719726562
2018-08-09,91.4,91.68560028076172,2019-08-09,104.29704284667969
2018-08-10,91.4,91.73943328857422,2019-08-12,104.14118194580078
2018-08-13,91.4,91.90992736816406,2019-08-13,106.06634521484375
2018-08-14,91.4,92.41783142089844,2019-08-14,101.67359924316406
2018-08-15,91.4,93.22075653076172,2019-08-15,101.6182861328125
2018-08-16,91.4,94.14999389648438,2019-08-16,101.88565063476562
2018-08-17,91.4,95.22355651855469,2019-08-19,103.7386245727539
2018-08-20,91.4,95.4671401977539,2019-08-20,102.33736419677734
2018-08-21,91.4,94.7905044555664,2019-08-21,102.7522201538086
2018-08-22,91.4,94.75443267822266,2019-08-22,102.89048767089844
2018-08-23,91.4,94.56498718261719,2019-08-23,100.95454406738281
2018-08-24,91.4,95.4220199584961,2019-08-26,103.04718017578125
2018-08-27,91.4,94.82660675048828,2019-08-27,102.07923889160156
2018-08-28,91.4,94.88976287841797,2019-08-28,102.30047607421875
2018-08-29,91.4,95.02507781982422,2019-08-29,103.48047637939453
2018-08-30,91.4,95.16040802001953,2019-08-30,104.14424133300781
2018-08-31,91.4,95.31376647949219,2019-09-03,105.05689239501953
2018-09-04,91.4,94.38453674316406,2019-09-04,104.40234375
2018-09-05,91.4,95.37692260742188,2019-09-05,105.64688873291016
2018-09-06,91.4,95.0611801147461,2019-09-06,105.13986206054688
2018-09-07,92.81818181818181,96.55876159667969,2019-09-09,102.39268493652344
2018-09-10,92.81818181818181,96.00843811035156,2019-09-10,102.4203109741211
2018-09-11,92.81818181818181,95.30474853515625,2019-09-11,102.96424102783203
2018-09-12,92.81818181818181,95.60247802734375,2019-09-12,102.76139831542969
2018-09-13,92.81818181818181,96.15278625488281,2019-09-13,102.22672271728516
2018-09-14,92.81818181818181,95.4220199584961,2019-09-16,101.5261001586914
2018-09-17,92.81818181818181,95.36791229248047,2019-09-17,102.4387435913086
2018-09-18,94.41666666666667,96.42345428466797,2019-09-18,103.91376495361328
2018-09-19,94.41666666666667,95.39496612548828,2019-09-19,105.41641998291016
2018-09-20,94.41666666666667,95.69267272949219,2019-09-20,107.08502197265625
2018-09-21,94.41666666666667,95.92723846435547,2019-09-23,105.25968170166016
2018-09-24,94.41666666666667,95.25963592529297,2019-09-24,104.40234375
2018-09-25,94.41666666666667,95.35889434814453,2019-09-25,102.68766784667969
2018-09-26,94.41666666666667,95.90918731689453,2019-09-26,103.08407592773438
2018-09-27,94.41666666666667,96.25202178955078,2019-09-27,103.59111785888672
2018-09-28,94.41666666666667,96.81137084960938,2019-09-30,103.09329986572266
2018-10-01,94.41666666666667,97.07299041748047,2019-10-01,102.29126739501953
2018-10-02,94.41666666666667,97.39778900146484,2019-10-02,98.64063262939453
2018-10-03,95.38461538461539,97.99319458007812,2019-10-03,98.90795135498047
2018-10-04,95.38461538461539,101.93566131591797,2019-10-04,99.74689483642578
2018-10-05,97.85714285714286,103.76705932617188,2019-10-07,99.4057846069336
2018-10-08,97.85714285714286,104.16400146484375,2019-10-08,98.8157958984375
2018-10-09,97.85714285714286,104.15498352050781,2019-10-09,98.91719818115234
2018-10-10,97.85714285714286,102.25141143798828,2019-10-10,98.56689453125
2018-10-11,97.85714285714286,97.3526840209961,2019-10-11,99.89437866210938
2018-10-12,99.33333333333333,99.67122650146484,2019-10-14,99.47032165527344
2018-10-15,99.33333333333333,99.79753875732422,2019-10-15,101.12969970703125
2018-10-16,99.33333333333333,100.16744232177734,2019-10-16,99.51641845703125
2018-10-17,99.33333333333333,102.4769515991211,2019-10-17,99.986572265625
2018-10-18,99.33333333333333,102.224365234375,2019-10-18,100.15250396728516
2018-10-19,99.33333333333333,100.9703598022461,2019-10-21,99.47953033447266
2018-10-22,99.33333333333333,101.069580078125,2019-10-22,101.25877380371094
2018-10-23,100.85714285714286,99.59004211425781,2019-10-23,99.00940704345703
2018-10-24,102.06666666666666,95.918212890625,2019-10-24,99.41499328613281
2018-10-25,102.06666666666666,97.33464050292969,2019-10-25,101.59062957763672
2018-10-26,102.06666666666666,95.98139190673828,2019-10-28,104.16267395019531
2018-10-29,102.06666666666666,96.89256286621094,2019-10-29,102.94578552246094
2018-10-30,102.06666666666666,97.7405776977539,2019-10-30,103.91376495361328
2018-10-31,102.06666666666666,97.83081817626953,2019-10-31,105.04767608642578
2018-11-01,102.06666666666666,97.30754852294922,2019-11-01,103.72018432617188
2018-11-02,102.06666666666666,96.30615997314453,2019-11-04,104.2732925415039
2018-11-05,102.06666666666666,99.364501953125,2019-11-05,102.55859375
2018-11-06,102.06666666666666,95.53933715820312,2019-11-06,104.92782592773438
2018-11-07,102.06666666666666,98.98558044433594,2019-11-07,103.9598388671875
2018-11-08,102.06666666666666,99.32841491699219,2019-11-08,104.66046905517578
2018-11-09,102.06666666666666,101.23196411132812,2019-11-11,103.98753356933594
2018-11-12,102.06666666666666,102.1251220703125,2019-11-12,104.32859802246094
2018-11-13,102.06666666666666,101.39437866210938,2019-11-13,103.97828674316406
2018-11-14,102.06666666666666,99.56553649902344,2019-11-14,103.27828979492188
2018-11-15,102.06666666666666,101.7325668334961,2019-11-15,104.94718933105469
2018-11-16,102.06666666666666,103.21049499511719,2019-11-18,105.76310729980469
2018-11-19,102.06666666666666,105.00579071044922,2019-11-19,106.71810913085938
2018-11-20,102.06666666666666,104.0174789428711,2019-11-20,106.26378631591797
2018-11-21,102.06666666666666,101.75977325439453,2019-11-21,106.39358520507812
2018-11-23,102.06666666666666,102.34004974365234,2019-11-25,108.91551971435547
2018-11-26,102.06666666666666,101.89575958251953,2019-11-26,108.56316375732422
2018-11-27,102.06666666666666,103.56412506103516,2019-11-27,108.8876953125
2018-11-28,102.06666666666666,104.75192260742188,2019-11-29,108.80423736572266
2018-11-29,102.06666666666666,106.08477783203125,2019-11-29,108.80423736572266
2018-11-30,102.06666666666666,107.57177734375,2019-12-02,108.23865509033203
2018-12-03,102.06666666666666,107.46297454833984,2019-12-03,109.0453109741211
2018-12-04,102.06666666666666,105.6495590209961,2019-12-04,110.02812194824219
2018-12-06,102.21428571428571,105.03297424316406,2019-12-06,110.92747497558594
2018-12-07,102.21428571428571,102.98383331298828,2019-12-09,111.4837875366211
2018-12-10,102.21428571428571,103.44625091552734,2019-12-10,111.86394500732422
2018-12-11,102.21428571428571,103.81798553466797,2019-12-11,111.9844741821289
2018-12-12,102.21428571428571,103.67292785644531,2019-12-12,112.83747863769531
2018-12-13,102.21428571428571,104.14442443847656,2019-12-13,112.67986297607422
2018-12-14,102.21428571428571,101.4877700805664,2019-12-16,113.90372467041016
2018-12-17,102.21428571428571,98.2508316040039,2019-12-17,116.2031021118164
2018-12-18,102.21428571428571,96.56433868408203,2019-12-18,120.05091857910156
2018-12-19,103.61538461538461,98.93083190917969,2019-12-19,121.3211441040039
2018-12-20,103.61538461538461,99.09406280517578,2019-12-20,122.78604125976562
2018-12-21,103.61538461538461,99.2119369506836,2019-12-23,121.59928131103516
2018-12-24,103.61538461538461,96.79102325439453,2019-12-24,121.56221008300781
2018-12-26,103.61538461538461,100.72612762451172,2019-12-26,121.59004211425781
2018-12-27,103.61538461538461,102.35820007324219,2019-12-27,121.9423599243164
2018-12-28,103.61538461538461,103.54600524902344,2019-12-30,121.73838806152344
2018-12-31,103.61538461538461,104.9241943359375,2019-12-31,121.85887908935547
2019-01-02,103.61538461538461,104.16255950927734,2020-01-02,122.58212280273438
2019-01-03,103.61538461538461,100.92561340332031,2020-01-03,122.17414093017578
2019-01-04,103.61538461538461,103.96306610107422,2020-01-06,122.62846374511719
2019-01-07,103.61538461538461,104.52521514892578,2020-01-07,122.8602523803711
2019-01-08,103.61538461538461,105.48634338378906,2020-01-08,123.97286987304688
2019-01-09,103.61538461538461,106.27519989013672,2020-01-09,126.02191162109375
2019-01-10,103.61538461538461,105.1236801147461,2020-01-10,127.95045471191406
2019-01-11,103.61538461538461,105.34127807617188,2020-01-13,128.82200622558594
2019-01-14,104.75,103.98121643066406,2020-01-14,130.40745544433594
2019-01-15,104.75,106.1663589477539,2020-01-15,130.83399963378906
2019-01-16,107.0,105.9034423828125,2020-01-16,131.13063049316406
2019-01-17,107.0,108.04325866699219,2020-01-17,129.4154052734375
2019-01-18,107.0,105.7130355834961,2020-01-21,130.64852905273438
2019-01-22,113.85714285714286,106.1663589477539,2020-01-22,131.251220703125
2019-01-23,113.85714285714286,107.70777130126953,2020-01-23,130.9267578125
2019-01-24,113.85714285714286,104.26228332519531,2020-01-24,128.94253540039062
2019-01-25,113.85714285714286,104.2441635131836,2020-01-27,128.23789978027344
2019-01-28,115.83333333333333,104.29856872558594,2020-01-28,129.11871337890625
2019-01-29,115.83333333333333,104.91510772705078,2020-01-29,129.73060607910156
2019-01-30,115.83333333333333,106.03036499023438,2020-01-30,132.2803497314453
2019-01-31,115.83333333333333,108.6779556274414,2020-01-31,129.47108459472656
2019-02-01,115.83333333333333,109.61188507080078,2020-02-03,130.73204040527344
2019-02-04,115.83333333333333,108.95903015136719,2020-02-04,132.99432373046875
2019-02-05,115.83333333333333,109.19475555419922,2020-02-05,136.61953735351562
2019-02-06,115.83333333333333,108.14299774169922,2020-02-06,136.57318115234375
2019-02-07,115.83333333333333,106.5381088256836,2020-02-07,135.7480010986328
2019-02-08,115.83333333333333,108.44221496582031,2020-02-10,134.91357421875
2019-02-11,115.83333333333333,107.00054168701172,2020-02-11,133.7453155517578
2019-02-12,115.83333333333333,108.34248352050781,2020-02-12,133.0592041015625
2019-02-13,115.83333333333333,108.48753356933594,2020-02-13,132.1551971435547
2019-02-14,115.83333333333333,110.07830047607422,2020-02-14,131.52145385742188
2019-02-15,115.83333333333333,111.65545654296875,2020-02-18,131.4188995361328
2019-02-19,115.83333333333333,111.33634948730469,2020-02-19,131.25115966796875
2019-02-20,115.83333333333333,111.81953430175781,2020-02-20,132.34158325195312
2019-02-21,115.83333333333333,111.87420654296875,2020-02-21,132.3788604736328
2019-02-22,115.83333333333333,113.04108428955078,2020-02-24,128.75344848632812
2019-02-25,115.83333333333333,112.94083404541016,2020-02-25,126.19982147216797
2019-02-26,115.83333333333333,113.65188598632812,2020-02-26,124.44769287109375
2019-02-27,115.83333333333333,114.57261657714844,2020-02-27,120.40287017822266
2019-02-28,115.83333333333333,115.12871551513672,2020-02-28,117.55099487304688
2019-03-01,115.83333333333333,117.4533462524414,2020-03-02,123.80461120605469
2019-03-04,115.83333333333333,116.19529724121094,2020-03-03,121.44667053222656
2019-03-05,115.83333333333333,117.1342544555664,2020-03-04,130.83172607421875
2019-03-06,115.83333333333333,115.48423767089844,2020-03-05,130.61741638183594
2019-03-07,117.6,115.17430114746094,2020-03-06,131.83831787109375
2019-03-08,117.6,115.50245666503906,2020-03-09,126.48871612548828
2019-03-11,117.6,112.58528137207031,2020-03-10,131.58665466308594
2019-03-12,117.6,112.58528137207031,2020-03-11,130.49627685546875
2019-03-13,117.6,113.32369995117188,2020-03-12,117.44850158691406
2019-03-14,117.6,112.2024154663086,2020-03-13,129.89044189453125
2019-03-15,117.6,112.98639678955078,2020-03-16,120.5799789428711
2019-03-18,119.0,114.1714859008789,2020-03-17,133.45993041992188
2019-03-19,119.0,115.40220642089844,2020-03-18,133.35743713378906
2019-03-20,119.0,116.83342742919922,2020-03-19,124.03761291503906
2019-03-21,119.0,116.97018432617188,2020-03-20,114.07471466064453
2019-03-22,119.0,116.96106719970703,2020-03-23,110.95259094238281
2019-03-25,119.0,118.3923110961914,2020-03-24,114.53138732910156
2019-03-26,119.0,119.440673828125,2020-03-25,113.6460189819336
2019-03-27,119.0,117.38951873779297,2020-03-26,125.2119140625
2019-03-28,119.0,117.5536117553711,2020-03-27,124.9882583618164
2019-03-29,119.0,118.29203033447266,2020-03-30,129.02374267578125
2019-04-01,119.0,117.64478302001953,2020-03-31,129.2847137451172
2019-04-02,123.0,117.89093017578125,2020-04-01,127.14114379882812
2019-04-03,123.0,115.82156372070312,2020-04-02,132.5093536376953
2019-04-04,119.5,114.50879669189453,2020-04-03,130.1607666015625
2019-04-05,119.5,115.76685333251953,2020-04-06,131.9781036376953
2019-04-08,119.5,115.92183685302734,2020-04-07,132.22972106933594
2019-04-09,119.5,115.99474334716797,2020-04-08,136.2745361328125
2019-04-10,119.5,115.94916534423828,2020-04-09,135.81787109375
2019-04-11,119.0,114.0894775390625,2020-04-13,134.59698486328125
2019-04-12,119.0,112.1841812133789,2020-04-13,134.59698486328125
2019-04-15,119.0,113.114013671875,2020-04-14,140.83193969726562
2019-04-16,119.0,109.3581314086914,2020-04-15,140.89715576171875
2019-04-17,119.0,106.20394134521484,2020-04-16,144.20571899414062
2019-04-18,119.0,105.01881408691406,2020-04-17,146.59158325195312
2019-04-22,119.0,105.26495361328125,2020-04-21,142.28585815429688
2019-05-01,133.0,107.73544311523438,2020-04-30,144.12179565429688
2019-05-02,133.0,107.99071502685547,2020-05-01,143.18057250976562
2019-05-03,133.0,106.57768249511719,2020-05-04,142.8543243408203
2019-05-06,133.0,106.34066772460938,2020-05-05,147.1508026123047
2019-05-07,133.0,104.78181457519531,2020-05-06,146.02308654785156
2019-05-08,133.0,105.97601318359375,2020-05-07,142.56544494628906
2019-05-09,133.0,105.56580352783203,2020-05-08,143.0686798095703
2019-05-10,133.0,105.94867706298828,2020-05-11,147.76588439941406
2019-05-13,133.0,104.26217651367188,2020-05-12,146.99237060546875
2019-05-14,133.0,104.78181457519531,2020-05-13,147.1880645751953
2019-05-15,133.0,105.40169525146484,2020-05-14,148.3023681640625
2019-05-16,133.0,107.01058959960938,2020-05-15,149.0982666015625
2019-05-17,133.0,106.35050201416016,2020-05-18,147.90908813476562
2019-05-20,133.0,106.55221557617188,2020-05-19,146.72926330566406
2019-05-21,133.0,106.87306213378906,2020-05-20,143.38641357421875
2019-05-22,133.0,108.15652465820312,2020-05-21,142.5904998779297
2019-05-23,133.0,107.08390045166016,2020-05-22,141.54176330566406
2019-05-24,133.0,107.06558227539062,2020-05-26,138.5453643798828
2019-05-28,134.0,106.12135314941406,2020-05-27,136.42916870117188
2019-05-29,134.0,105.87381744384766,2020-05-28,141.06422424316406
2019-05-30,134.0,106.24967956542969,2020-05-29,143.21786499023438
2019-05-31,134.0,106.28638458251953,2020-06-01,142.7496795654297
2019-06-03,134.0,107.04723358154297,2020-06-02,144.0699920654297
2019-06-04,134.0,107.77146911621094,2020-06-03,142.82456970214844
2019-06-05,134.0,107.27642059326172,2020-06-04,141.12037658691406
2019-06-06,134.0,107.71646118164062,2020-06-05,139.7158660888672
2019-06-07,134.0,108.4957046508789,2020-06-08,139.7158660888672
2019-06-10,134.0,104.44373321533203,2020-06-09,139.64093017578125
2019-06-11,134.0,102.86692810058594,2020-06-10,141.39193725585938
2019-06-12,134.0,105.64463806152344,2020-06-11,134.91226196289062
2019-06-13,134.0,102.5093994140625,2020-06-12,134.40660095214844
2019-06-14,134.0,102.43605041503906,2020-06-15,132.51516723632812
2019-06-17,134.0,103.95785522460938,2020-06-16,153.29319763183594
2019-06-18,134.0,105.10379028320312,2020-06-17,149.7911834716797
2019-06-19,134.0,105.63549041748047,2020-06-18,150.82119750976562
2019-06-20,134.0,105.93798828125,2020-06-19,149.76309204101562
2019-06-21,134.0,105.87381744384766,2020-06-22,150.24066162109375
2019-06-24,134.0,106.00215148925781,2020-06-23,149.20123291015625
2019-06-25,134.0,105.75464630126953,2020-06-24,147.03826904296875
2019-06-26,134.0,102.06936645507812,2020-06-25,152.4972381591797
2019-06-27,134.0,102.18853759765625,2020-06-26,152.46922302246094
2019-06-28,134.0,101.56517791748047,2020-06-29,152.3662109375
2019-07-01,134.0,103.35279083251953,2020-06-30,153.73326110839844
2019-07-02,134.0,104.69123840332031,2020-07-01,152.90928649902344
2019-07-03,134.0,104.8929214477539,2020-07-02,153.44302368164062
2019-07-05,134.0,103.42615509033203,2020-07-06,156.2708740234375
2019-07-08,134.0,102.23436737060547,2020-07-07,156.13975524902344
2019-07-09,134.0,103.66450500488281,2020-07-08,158.3683319091797
2019-07-10,134.0,104.99376678466797,2020-07-09,155.8588409423828
2019-07-11,134.0,100.67593383789062,2020-07-10,152.96546936035156
2019-07-12,134.0,99.27332305908203,2020-07-13,151.7669219970703
2019-07-15,134.0,99.43834686279297,2020-07-14,153.452392578125
2019-07-16,134.0,99.75920104980469,2020-07-15,154.9224853515625
2019-07-17,134.0,98.1732406616211,2020-07-16,154.5011444091797
2019-07-18,134.0,99.31915283203125,2020-07-17,155.4000701904297
2019-07-19,134.0,97.89823150634766,2020-07-20,156.4113311767578
2019-07-22,134.0,98.33826446533203,2020-07-21,154.7820587158203
2019-07-23,134.0,99.20916748046875,2020-07-22,154.35133361816406
2019-07-24,134.0,99.48417663574219,2020-07-23,151.24253845214844
2019-07-25,134.0,98.84246063232422,2020-07-24,149.38858032226562
2019-07-26,134.0,99.25497436523438,2020-07-27,150.28746032714844
2019-07-29,134.0,99.66751861572266,2020-07-28,152.30064392089844
2019-07-30,134.0,99.64002227783203,2020-07-29,151.4579315185547
2019-07-31,134.0,99.87836456298828,2020-07-30,143.2646942138672
2019-08-01,134.0,101.3084716796875,2020-07-31,140.7271270751953
2019-08-02,134.0,103.05944061279297,2020-08-03,143.1148681640625
2019-08-05,134.0,99.6583480834961,2020-08-04,144.99693298339844
2019-08-06,134.0,102.1243667602539,2020-08-05,144.5194091796875
2019-08-07,134.0,101.86769104003906,2020-08-06,143.15235900878906
2019-08-08,134.0,104.48037719726562,2020-08-07,143.1991424560547
2019-08-09,134.0,104.29704284667969,2020-08-10,143.2646942138672
2019-08-12,134.0,104.14118194580078,2020-08-11,141.04547119140625
2019-08-13,134.0,106.06634521484375,2020-08-12,142.84335327148438
2019-08-14,134.0,101.67359924316406,2020-08-13,141.57305908203125
2019-08-15,134.0,101.6182861328125,2020-08-14,141.22486877441406
2019-08-16,134.0,101.88565063476562,2020-08-17,142.5799102783203
2019-08-19,134.0,103.7386245727539,2020-08-18,144.06654357910156
2019-08-20,134.0,102.33736419677734,2020-08-19,143.29493713378906
2019-08-21,134.0,102.7522201538086,2020-08-20,142.40106201171875
2019-08-22,134.0,102.89048767089844,2020-08-21,140.4439239501953
2019-08-23,134.0,100.95454406738281,2020-08-24,140.6885986328125
2019-08-26,134.0,103.04718017578125,2020-08-25,140.839111328125
2019-08-27,134.0,102.07923889160156,2020-08-26,140.4439239501953
2019-08-28,134.0,102.30047607421875,2020-08-27,140.1710662841797
2019-08-29,134.0,103.48047637939453,2020-08-28,138.6373291015625
2019-08-30,134.0,104.14424133300781,2020-08-31,139.6253204345703
2019-09-03,134.0,105.05689239501953,2020-09-02,140.71678161621094
2019-09-04,134.0,104.40234375,2020-09-03,140.21812438964844
2019-09-05,134.0,105.64688873291016,2020-09-04,141.99649047851562
2019-09-06,134.0,105.13986206054688,2020-09-08,140.49095153808594
2019-09-09,134.0,102.39268493652344,2020-09-08,140.49095153808594
2019-09-10,129.33333333333334,102.4203109741211,2020-09-09,142.99388122558594
2019-09-11,129.33333333333334,102.96424102783203,2020-09-10,137.58349609375
2019-09-12,129.33333333333334,102.76139831542969,2020-09-11,139.34303283691406
2019-09-13,129.33333333333334,102.22672271728516,2020-09-14,140.1992950439453
2019-09-16,129.33333333333334,101.5261001586914,2020-09-15,141.21548461914062
2019-09-17,129.33333333333334,102.4387435913086,2020-09-16,142.0435333251953
2019-09-18,129.33333333333334,103.91376495361328,2020-09-17,143.46434020996094
2019-09-19,129.33333333333334,105.41641998291016,2020-09-18,145.06390380859375
2019-09-20,129.33333333333334,107.08502197265625,2020-09-21,142.25048828125
2019-09-23,129.33333333333334,105.25968170166016,2020-09-22,141.0084991455078
2019-09-24,129.33333333333334,104.40234375,2020-09-23,140.96142578125
2019-09-25,129.33333333333334,102.68766784667969,2020-09-24,140.0205078125
2019-09-26,129.33333333333334,103.08407592773438,2020-09-25,141.3848419189453
2019-09-27,129.33333333333334,103.59111785888672,2020-09-28,139.3524627685547
2019-09-30,129.33333333333334,103.09329986572266,2020-09-29,137.62110900878906
2019-10-01,129.33333333333334,102.29126739501953,2020-09-30,139.27720642089844
2019-10-02,129.33333333333334,98.64063262939453,2020-10-01,135.76747131347656
2019-10-03,129.33333333333334,98.90795135498047,2020-10-02,136.63314819335938
2019-10-04,129.33333333333334,99.74689483642578,2020-10-05,137.9692840576172
2019-10-07,129.33333333333334,99.4057846069336,2020-10-06,135.61695861816406
2019-10-08,129.33333333333334,98.8157958984375,2020-10-07,140.16165161132812
2019-10-09,129.33333333333334,98.91719818115234,2020-10-08,144.43348693847656
2019-10-10,129.33333333333334,98.56689453125,2020-10-09,147.61386108398438
2019-10-11,129.33333333333334,99.89437866210938,2020-10-12,145.3650360107422
2019-10-14,129.33333333333334,99.47032165527344,2020-10-13,141.21548461914062
2019-10-15,129.33333333333334,101.12969970703125,2020-10-14,139.69122314453125
2019-10-16,129.33333333333334,99.51641845703125,2020-10-15,138.11041259765625
2019-10-17,130.25,99.986572265625,2020-10-16,137.48941040039062
2019-10-18,130.25,100.15250396728516,2020-10-19,134.36549377441406
2019-10-21,130.25,99.47953033447266,2020-10-20,135.10882568359375
2019-10-22,130.25,101.25877380371094,2020-10-21,132.96351623535156
2019-10-23,130.25,99.00940704345703,2020-10-22,133.28338623046875
2019-10-24,130.25,99.41499328613281,2020-10-23,133.97032165527344
2019-10-25,130.25,101.59062957763672,2020-10-26,133.3304901123047
2019-10-28,130.25,104.16267395019531,2020-10-27,124.10931396484375
2019-10-29,129.33333333333334,102.94578552246094,2020-10-28,123.55415344238281
2019-10-30,129.33333333333334,103.91376495361328,2020-10-29,124.72093200683594
2019-10-31,129.33333333333334,105.04767608642578,2020-10-30,122.75434875488281
2019-11-01,129.33333333333334,103.72018432617188,2020-11-02,123.85529327392578
2019-11-04,129.33333333333334,104.2732925415039,2020-11-03,123.24366760253906
2019-11-05,129.33333333333334,102.55859375,2020-11-04,139.81349182128906
2019-11-06,129.33333333333334,104.92782592773438,2020-11-05,136.92483520507812
2019-11-07,129.33333333333334,103.9598388671875,2020-11-06,134.30902099609375
2019-11-08,129.33333333333334,104.66046905517578,2020-11-09,133.92324829101562
2019-11-11,129.33333333333334,103.98753356933594,2020-11-10,137.90342712402344
2019-11-12,129.33333333333334,104.32859802246094,2020-11-11,136.20973205566406
2019-11-13,129.33333333333334,103.97828674316406,2020-11-12,133.38189697265625
2019-11-14,129.33333333333334,103.27828979492188,2020-11-13,134.65867614746094
2019-11-15,129.33333333333334,104.94718933105469,2020-11-16,132.9656982421875
2019-11-18,129.33333333333334,105.76310729980469,2020-11-17,133.54266357421875
2019-11-19,129.33333333333334,106.71810913085938,2020-11-18,132.5684814453125
2019-11-20,129.33333333333334,106.26378631591797,2020-11-19,135.63279724121094
2019-11-21,129.33333333333334,106.39358520507812,2020-11-20,137.6000213623047
2019-11-22,129.33333333333334,107.73799133300781,2020-11-23,135.6044464111328
2019-11-25,126.5,108.91551971435547,2020-11-24,137.0419921875
2019-11-26,126.5,108.56316375732422,2020-11-25,136.90008544921875
2019-11-27,126.5,108.8876953125,2020-11-27,139.44422912597656
2019-11-29,126.5,108.80423736572266,2020-11-30,137.75135803222656
2019-12-02,126.5,108.23865509033203,2020-12-01,137.66619873046875
2019-12-03,126.5,109.0453109741211,2020-12-02,137.28790283203125
2019-12-04,126.5,110.02812194824219,2020-12-03,136.29483032226562
2019-12-05,126.5,111.04801177978516,2020-12-04,140.3994903564453
2019-12-06,126.5,110.92747497558594,2020-12-07,139.4253692626953
2019-12-09,126.5,111.4837875366211,2020-12-08,141.2034149169922
2019-12-10,126.5,111.86394500732422,2020-12-09,149.43162536621094
2019-12-11,126.5,111.9844741821289,2020-12-10,152.2688751220703
2019-12-12,126.5,112.83747863769531,2020-12-11,151.36094665527344
2019-12-13,126.5,112.67986297607422,2020-12-14,149.34646606445312
2019-12-16,126.5,113.90372467041016,2020-12-15,158.35015869140625
2019-12-17,126.5,116.2031021118164,2020-12-16,162.7196502685547
2019-12-18,138.25,120.05091857910156,2020-12-17,163.26820373535156
2019-12-19,138.25,121.3211441040039,2020-12-18,162.10488891601562
2019-12-20,138.25,122.78604125976562,2020-12-21,159.6269989013672
2019-12-23,138.25,121.59928131103516,2020-12-22,157.6786651611328
2019-12-24,138.25,121.56221008300781,2020-12-23,156.50592041015625
2019-12-26,138.25,121.59004211425781,2020-12-28,157.47064208984375
2019-12-27,138.25,121.9423599243164,2020-12-28,157.47064208984375
2019-12-30,143.6,121.73838806152344,2020-12-29,157.54627990722656
2019-12-31,143.6,121.85887908935547,2020-12-30,157.95298767089844
2020-01-02,143.6,122.58212280273438,2021-01-04,156.52488708496094
2020-01-03,143.6,122.17414093017578,2021-01-04,156.52488708496094
2020-01-06,143.6,122.62846374511719,2021-01-05,157.30035400390625
2020-01-07,143.6,122.8602523803711,2021-01-06,155.40884399414062
2020-01-08,143.6,123.97286987304688,2021-01-07,156.8369903564453
2020-01-09,143.6,126.02191162109375,2021-01-08,157.38552856445312
2020-01-10,143.6,127.95045471191406,2021-01-11,175.85641479492188
2020-01-13,143.6,128.82200622558594,2021-01-12,169.10360717773438
2020-01-14,143.6,130.40745544433594,2021-01-13,175.44024658203125
2020-01-15,143.6,130.83399963378906,2021-01-14,176.56568908691406
2020-01-16,143.6,131.13063049316406,2021-01-15,180.42445373535156
2020-01-17,143.6,129.4154052734375,2021-01-19,187.71633911132812
2020-01-21,143.6,130.64852905273438,2021-01-20,190.34561157226562
2020-01-22,143.6,131.251220703125,2021-01-21,191.37644958496094
2020-01-23,143.6,130.9267578125,2021-01-22,194.96092224121094
2020-01-24,143.6,128.94253540039062,2021-01-25,200.8341827392578
2020-01-27,143.6,128.23789978027344,2021-01-26,201.18411254882812
2020-01-28,143.6,129.11871337890625,2021-01-27,196.31338500976562
2020-01-29,143.6,129.73060607910156,2021-01-28,198.72508239746094
2020-01-30,143.6,132.2803497314453,2021-01-29,196.6916961669922
2020-01-31,143.6,129.47108459472656,2021-02-01,192.12359619140625
2020-02-03,143.6,130.73204040527344,2021-02-02,186.8462371826172
2020-02-04,143.6,132.99432373046875,2021-02-03,186.27879333496094
2020-02-05,143.6,136.61953735351562,2021-02-04,190.68606567382812
2020-02-06,144.33333333333334,136.57318115234375,2021-02-05,190.8279266357422
2020-02-07,144.33333333333334,135.7480010986328,2021-02-08,194.6110076904297
2020-02-10,144.33333333333334,134.91357421875,2021-02-09,190.7711944580078
2020-02-11,144.33333333333334,133.7453155517578,2021-02-10,193.3058319091797
2020-02-12,144.33333333333334,133.0592041015625,2021-02-11,192.39407348632812
2020-02-13,144.33333333333334,132.1551971435547,2021-02-12,196.86729431152344
2020-02-14,144.33333333333334,131.52145385742188,2021-02-16,195.41421508789062
2020-02-18,144.33333333333334,131.4188995361328,2021-02-17,196.07904052734375
2020-02-19,144.33333333333334,131.25115966796875,2021-02-18,191.00753784179688
2020-02-20,144.33333333333334,132.34158325195312,2021-02-19,190.81756591796875
2020-02-21,144.33333333333334,132.3788604736328,2021-02-22,190.58963012695312
2020-02-24,144.33333333333334,128.75344848632812,2021-02-23,192.2991180419922
2020-02-25,144.33333333333334,126.19982147216797,2021-02-24,194.23655700683594
2020-02-26,144.33333333333334,124.44769287109375,2021-02-25,193.57176208496094
2020-02-27,144.33333333333334,120.40287017822266,2021-02-26,194.5879364013672
2020-02-28,144.33333333333334,117.55099487304688,2021-03-01,196.0885467529297
2020-03-02,144.33333333333334,123.80461120605469,2021-03-02,193.87567138671875
2020-03-03,144.33333333333334,121.44667053222656,2021-03-03,191.84324645996094
2020-03-04,144.33333333333334,130.83172607421875,2021-03-04,190.4566650390625
2020-03-05,144.33333333333334,130.61741638183594,2021-03-05,196.51588439941406
2020-03-06,144.33333333333334,131.83831787109375,2021-03-08,196.62034606933594
2020-03-09,149.2,126.48871612548828,2021-03-09,195.74659729003906
2020-03-10,149.2,131.58665466308594,2021-03-10,195.11981201171875
2020-03-11,152.33333333333334,130.49627685546875,2021-03-11,194.89186096191406
2020-03-12,152.33333333333334,117.44850158691406,2021-03-12,197.6175537109375
2020-03-13,152.33333333333334,129.89044189453125,2021-03-15,179.6488800048828
2020-03-16,152.33333333333334,120.5799789428711,2021-03-16,181.30137634277344
2020-03-17,152.33333333333334,133.45993041992188,2021-03-17,177.34107971191406
2020-03-18,152.33333333333334,133.35743713378906,2021-03-18,174.6818389892578
2020-03-19,152.33333333333334,124.03761291503906,2021-03-19,175.0237579345703
2020-03-20,152.33333333333334,114.07471466064453,2021-03-22,176.4958038330078
2020-03-23,152.33333333333334,110.95259094238281,2021-03-23,174.44439697265625
2020-03-24,152.33333333333334,114.53138732910156,2021-03-24,171.1109161376953
2020-03-25,152.33333333333334,113.6460189819336,2021-03-25,173.88404846191406
2020-03-26,152.33333333333334,125.2119140625,2021-03-26,175.99246215820312
2020-03-27,152.33333333333334,124.9882583618164,2021-03-29,176.97067260742188
2020-03-30,152.33333333333334,129.02374267578125,2021-03-30,176.17288208007812
2020-03-31,152.33333333333334,129.2847137451172,2021-03-31,177.42648315429688
2020-04-01,152.33333333333334,127.14114379882812,2021-04-01,175.92601013183594
2020-04-02,151.71428571428572,132.5093536376953,2021-04-05,175.59356689453125
2020-04-03,151.71428571428572,130.1607666015625,2021-04-05,175.59356689453125
2020-04-06,151.71428571428572,131.9781036376953,2021-04-06,173.60865783691406
2020-04-07,151.71428571428572,132.22972106933594,2021-04-07,173.15280151367188
2020-04-08,151.71428571428572,136.2745361328125,2021-04-08,173.42822265625
2020-04-09,151.71428571428572,135.81787109375,2021-04-09,175.2136688232422
2020-04-13,151.71428571428572,134.59698486328125,2021-04-13,173.35223388671875
2020-04-14,151.71428571428572,140.83193969726562,2021-04-14,173.79861450195312
2020-04-15,155.57142857142858,140.89715576171875,2021-04-15,176.57180786132812
2020-04-16,155.57142857142858,144.20571899414062,2021-04-16,179.734375
2020-04-17,155.57142857142858,146.59158325195312,2021-04-19,180.104736328125
2020-04-20,155.57142857142858,147.0576171875,2021-04-20,181.02597045898438
2020-04-21,155.875,142.28585815429688,2021-04-21,181.348876953125
2020-04-22,155.875,146.05108642578125,2021-04-22,177.6449737548828
2020-04-23,155.875,149.05206298828125,2021-04-23,179.23098754882812
2020-04-24,157.11111111111111,151.8479766845703,2021-04-26,177.80642700195312
2020-04-27,157.11111111111111,150.3195343017578,2021-04-27,173.04837036132812
2020-04-28,157.11111111111111,146.6009063720703,2021-04-28,171.4718475341797
2020-04-29,157.11111111111111,144.6065216064453,2021-04-29,173.03883361816406
2020-04-30,157.11111111111111,144.12179565429688,2021-04-30,173.58018493652344
2020-05-01,157.11111111111111,143.18057250976562,2021-05-03,176.57180786132812
2020-05-04,157.11111111111111,142.8543243408203,2021-05-04,178.7371368408203
2020-05-05,157.11111111111111,147.1508026123047,2021-05-05,183.1153564453125
2020-05-06,157.11111111111111,146.02308654785156,2021-05-06,184.1410369873047
2020-05-07,157.11111111111111,142.56544494628906,2021-05-07,185.5941162109375
2020-05-08,157.11111111111111,143.0686798095703,2021-05-10,184.96731567382812
2020-05-11,157.11111111111111,147.76588439941406,2021-05-11,184.9578094482422
2020-05-12,157.11111111111111,146.99237060546875,2021-05-12,183.4857177734375
2020-05-13,157.11111111111111,147.1880645751953,2021-05-13,185.95640563964844
2020-05-14,157.11111111111111,148.3023681640625,2021-05-14,187.16790771484375
2020-05-15,157.11111111111111,149.0982666015625,2021-05-17,186.5192108154297
2020-05-18,157.11111111111111,147.90908813476562,2021-05-18,185.66067504882812
2020-05-19,157.11111111111111,146.72926330566406,2021-05-19,187.45404052734375
2020-05-20,157.11111111111111,143.38641357421875,2021-05-20,190.3348388671875
2020-05-21,157.11111111111111,142.5904998779297,2021-05-21,190.66871643066406
2020-05-22,157.11111111111111,141.54176330566406,2021-05-24,191.75621032714844
2020-05-26,157.11111111111111,138.5453643798828,2021-05-26,191.72756958007812
2020-05-27,157.11111111111111,136.42916870117188,2021-05-27,190.0200653076172
2020-05-28,157.11111111111111,141.06422424316406,2021-05-28,190.53518676757812
2020-05-29,157.11111111111111,143.21786499023438,2021-06-01,189.27601623535156
2020-06-01,157.11111111111111,142.7496795654297,2021-06-01,189.27601623535156
2020-06-02,157.11111111111111,144.0699920654297,2021-06-02,189.95327758789062
2020-06-03,157.11111111111111,142.82456970214844,2021-06-03,193.35877990722656
2020-06-04,157.11111111111111,141.12037658691406,2021-06-04,192.71011352539062
2020-06-05,157.11111111111111,139.7158660888672,2021-06-07,212.26535034179688
2020-06-08,157.11111111111111,139.7158660888672,2021-06-08,210.52923583984375
2020-06-09,157.11111111111111,139.64093017578125,2021-06-09,215.5850372314453
2020-06-10,157.11111111111111,141.39193725585938,2021-06-10,222.77752685546875
2020-06-11,157.11111111111111,134.91226196289062,2021-06-11,213.7630157470703
2020-06-12,157.11111111111111,134.40660095214844,2021-06-14,215.68038940429688
2020-06-15,157.11111111111111,132.51516723632812,2021-06-15,213.21932983398438
2020-06-16,159.14285714285714,153.29319763183594,2021-06-16,210.58651733398438
2020-06-17,163.0,149.7911834716797,2021-06-17,211.9696807861328
2020-06-18,163.0,150.82119750976562,2021-06-18,208.47836303710938
2020-06-19,164.88888888888889,149.76309204101562,2021-06-21,212.40850830078125
2020-06-22,164.88888888888889,150.24066162109375,2021-06-22,211.2351531982422
2020-06-23,164.88888888888889,149.20123291015625,2021-06-23,207.0951690673828
2020-06-24,164.88888888888889,147.03826904296875,2021-06-24,222.23379516601562
2020-06-25,164.88888888888889,152.4972381591797,2021-06-25,219.61053466796875
2020-06-26,164.88888888888889,152.46922302246094,2021-06-28,217.70269775390625
2020-06-29,164.875,152.3662109375,2021-06-29,218.79969787597656
2020-06-30,164.875,153.73326110839844,2021-06-30,218.94284057617188
2020-07-01,164.875,152.90928649902344,2021-07-01,220.4785919189453
2020-07-02,164.875,153.44302368164062,2021-07-02,223.1781768798828
2020-07-06,164.875,156.2708740234375,2021-07-06,224.57090759277344
2020-07-07,164.875,156.13975524902344,2021-07-07,224.9524688720703
2020-07-08,164.875,158.3683319091797,2021-07-08,226.1925811767578
2020-07-09,164.875,155.8588409423828,2021-07-09,224.16073608398438
2020-07-10,164.875,152.96546936035156,2021-07-12,225.13369750976562
2020-07-13,164.875,151.7669219970703,2021-07-13,224.4564208984375
2020-07-14,164.875,153.452392578125,2021-07-14,225.4580535888672
2020-07-15,164.875,154.9224853515625,2021-07-15,220.80296325683594
2020-07-16,164.875,154.5011444091797,2021-07-16,221.74728393554688
2020-07-17,164.875,155.4000701904297,2021-07-19,223.3498992919922
2020-07-20,164.875,156.4113311767578,2021-07-20,224.18936157226562
2020-07-21,164.875,154.7820587158203,2021-07-21,226.354736328125
2020-07-22,164.875,154.35133361816406,2021-07-22,227.4994354248047
2020-07-23,164.875,151.24253845214844,2021-07-23,232.89862060546875
2020-07-24,164.875,149.38858032226562,2021-07-26,232.00193786621094
2020-07-27,164.875,150.28746032714844,2021-07-27,232.3548583984375
2020-07-28,164.875,152.30064392089844,2021-07-28,235.1498260498047
2020-07-29,164.875,151.4579315185547,2021-07-29,234.02420043945312
2020-07-30,164.875,143.2646942138672,2021-07-30,232.27853393554688
2020-07-31,164.875,140.7271270751953,2021-08-02,235.23568725585938
2020-08-03,164.875,143.1148681640625,2021-08-03,244.19297790527344
2020-08-04,164.875,144.99693298339844,2021-08-04,250.3743438720703
2020-08-05,167.28571428571428,144.5194091796875,2021-08-05,252.0150909423828
2020-08-06,167.28571428571428,143.15235900878906,2021-08-06,251.2996368408203
2020-08-07,167.28571428571428,143.1991424560547,2021-08-09,254.8482208251953
2020-08-10,167.28571428571428,143.2646942138672,2021-08-10,257.0326232910156
2020-08-11,167.28571428571428,141.04547119140625,2021-08-11,251.9292449951172
2020-08-12,167.28571428571428,142.84335327148438,2021-08-12,252.13973999023438
2020-08-13,167.28571428571428,141.57305908203125,2021-08-13,252.84791564941406
2020-08-14,166.0,141.22486877441406,2021-08-16,258.3315124511719
2020-08-17,166.0,142.5799102783203,2021-08-17,260.982421875
2020-08-18,166.0,144.06654357910156,2021-08-18,256.9725646972656
2020-08-19,166.0,143.29493713378906,2021-08-19,258.7716979980469
2020-08-20,166.0,142.40106201171875,2021-08-20,259.2597961425781
2020-08-21,166.0,140.4439239501953,2021-08-23,256.30267333984375
2020-08-24,166.0,140.6885986328125,2021-08-24,251.46983337402344
2020-08-25,166.0,140.839111328125,2021-08-25,252.52249145507812
2020-08-26,166.0,140.4439239501953,2021-08-26,250.0822296142578
2020-08-27,166.0,140.1710662841797,2021-08-27,248.57972717285156
2020-08-28,166.0,138.6373291015625,2021-08-30,251.0296173095703
2020-08-31,166.0,139.6253204345703,2021-08-31,247.18251037597656
2020-09-01,166.0,138.5996856689453,2021-09-01,246.33078002929688
2020-09-02,166.0,140.71678161621094,2021-09-02,248.40745544433594
2020-09-03,167.11111111111111,140.21812438964844,2021-09-03,248.3691864013672
2020-09-04,167.11111111111111,141.99649047851562,2021-09-07,243.8426055908203
2020-09-08,167.0,140.49095153808594,2021-09-08,243.8809051513672
2020-09-09,167.0,142.99388122558594,2021-09-09,229.6790771484375
2020-09-10,167.0,137.58349609375,2021-09-10,229.2005615234375
2020-09-11,167.0,139.34303283691406,2021-09-13,227.72677612304688
2020-09-14,167.0,140.1992950439453,2021-09-14,223.06622314453125
2020-09-15,167.0,141.21548461914062,2021-09-15,223.67869567871094
2020-09-16,167.0,142.0435333251953,2021-09-16,221.10438537597656
2020-09-17,167.0,143.46434020996094,2021-09-17,220.20480346679688
2020-09-18,167.0,145.06390380859375,2021-09-20,221.67857360839844
2020-09-21,167.0,142.25048828125,2021-09-21,220.27178955078125
2020-09-22,167.0,141.0084991455078,2021-09-22,218.4822235107422
2020-09-23,167.0,140.96142578125,2021-09-23,222.1953582763672
2020-09-24,167.0,140.0205078125,2021-09-24,221.7168426513672
2020-09-25,167.0,141.3848419189453,2021-09-27,216.6638946533203
2020-09-28,167.0,139.3524627685547,2021-09-28,212.07032775878906
2020-09-29,164.44444444444446,137.62110900878906,2021-09-29,220.45362854003906
2020-09-30,166.5,139.27720642089844,2021-09-30,221.11395263671875
2020-10-01,166.5,135.76747131347656,2021-10-01,219.71673583984375
2020-10-02,166.5,136.63314819335938,2021-10-04,215.18057250976562
2020-10-05,166.5,137.9692840576172,2021-10-05,220.99913024902344
2020-10-06,166.5,135.61695861816406,2021-10-06,218.05154418945312
2020-10-07,166.5,140.16165161132812,2021-10-07,223.15234375
2020-10-08,166.5,144.43348693847656,2021-10-08,223.87969970703125
2020-10-09,166.5,147.61386108398438,2021-10-11,223.62130737304688
2020-10-12,166.5,145.3650360107422,2021-10-12,222.7695770263672
2020-10-13,167.42857142857142,141.21548461914062,2021-10-13,226.27215576171875
2020-10-14,167.42857142857142,139.69122314453125,2021-10-14,226.5113983154297
2020-10-15,167.42857142857142,138.11041259765625,2021-10-15,227.6502227783203
2020-10-16,171.5,137.48941040039062,2021-10-18,228.70291137695312
2020-10-19,173.42857142857142,134.36549377441406,2021-10-19,231.88967895507812
2020-10-20,173.42857142857142,135.10882568359375,2021-10-20,233.23907470703125
2020-10-21,173.42857142857142,132.96351623535156,2021-10-21,230.79873657226562
2020-10-22,174.5,133.28338623046875,2021-10-22,233.26779174804688
2020-10-23,175.28571428571428,133.97032165527344,2021-10-25,234.51187133789062
2020-10-26,175.28571428571428,133.3304901123047,2021-10-26,237.75613403320312
2020-10-27,175.28571428571428,124.10931396484375,2021-10-27,239.41171264648438
2020-10-28,174.625,123.55415344238281,2021-10-28,242.4549560546875
2020-10-29,174.625,124.72093200683594,2021-10-29,243.8043212890625
2020-10-30,174.625,122.75434875488281,2021-11-01,238.5886993408203
2020-11-02,174.625,123.85529327392578,2021-11-02,245.804443359375
2020-11-03,174.625,123.24366760253906,2021-11-03,254.80978393554688
2020-11-04,174.625,139.81349182128906,2021-11-04,259.345947265625
2020-11-05,174.625,136.92483520507812,2021-11-05,253.6039581298828
2020-11-06,174.625,134.30902099609375,2021-11-08,249.32615661621094
2020-11-09,174.625,133.92324829101562,2021-11-09,250.7521209716797
2020-11-10,171.88888888888889,137.90342712402344,2021-11-10,253.26901245117188
2020-11-11,171.88888888888889,136.20973205566406,2021-11-11,251.3358612060547
2020-11-12,171.88888888888889,133.38189697265625,2021-11-12,249.2908477783203
2020-11-13,171.88888888888889,134.65867614746094,2021-11-15,248.11952209472656
2020-11-16,171.88888888888889,132.9656982421875,2021-11-16,247.43785095214844
2020-11-17,170.3,133.54266357421875,2021-11-17,250.7598114013672
2020-11-18,170.3,132.5684814453125,2021-11-18,250.90379333496094
2020-11-19,170.3,135.63279724121094,2021-11-19,250.29901123046875
2020-11-20,170.3,137.6000213623047,2021-11-22,250.04930114746094
2020-11-23,170.3,135.6044464111328,2021-11-23,251.50860595703125
2020-11-24,170.3,137.0419921875,2021-11-24,251.5471649169922
2020-11-25,170.3,136.90008544921875,2021-11-26,249.98207092285156
2020-11-27,170.3,139.44422912597656,2021-11-29,244.6631622314453
2020-11-30,170.3,137.75135803222656,2021-11-30,238.14405822753906
2020-12-01,170.3,137.66619873046875,2021-12-01,239.19056701660156
2020-12-02,170.3,137.28790283203125,2021-12-02,237.9904327392578
2020-12-03,170.3,136.29483032226562,2021-12-03,235.78216552734375
2020-12-04,170.3,140.3994903564453,2021-12-06,236.50228881835938
2020-12-07,170.3,139.4253692626953,2021-12-07,235.33094787597656
2020-12-08,170.3,141.2034149169922,2021-12-08,234.57247924804688
2020-12-09,170.3,149.43162536621094,2021-12-09,233.20912170410156
2020-12-10,171.45454545454547,152.2688751220703,2021-12-10,234.399658203125
2020-12-11,171.45454545454547,151.36094665527344,2021-12-13,238.614501953125
2020-12-14,171.45454545454547,149.34646606445312,2021-12-14,239.43060302734375
2020-12-15,169.6,158.35015869140625,2021-12-15,264.29730224609375
2020-12-16,169.6,162.7196502685547,2021-12-16,267.9072570800781
2020-12-17,168.44444444444446,163.26820373535156,2021-12-17,256.7508850097656
2020-12-18,168.44444444444446,162.10488891601562,2021-12-20,252.96803283691406
2020-12-21,168.44444444444446,159.6269989013672,2021-12-21,254.31219482421875
2020-12-22,168.44444444444446,157.6786651611328,2021-12-22,255.86758422851562
2020-12-23,168.44444444444446,156.50592041015625,2021-12-23,262.20428466796875
2020-12-24,168.44444444444446,157.6219482421875,2021-12-27,267.30242919921875
2020-12-28,168.44444444444446,157.47064208984375,2021-12-28,265.40130615234375
2020-12-29,168.44444444444446,157.54627990722656,2021-12-29,267.31201171875
2020-12-30,168.44444444444446,157.95298767089844,2021-12-30,266.188720703125
2020-12-31,168.44444444444446,159.68370056152344,2021-12-31,265.19976806640625
2021-01-04,168.44444444444446,156.52488708496094,2022-01-04,256.16510009765625
2021-01-05,168.44444444444446,157.30035400390625,2022-01-05,250.25096130371094
2021-01-06,168.44444444444446,155.40884399414062,2022-01-06,248.9835968017578
2021-01-07,168.44444444444446,156.8369903564453,2022-01-07,249.14686584472656
2021-01-08,168.44444444444446,157.38552856445312,2022-01-10,249.7324676513672
2021-01-11,168.44444444444446,175.85641479492188,2022-01-11,251.8543243408203
2021-01-12,168.44444444444446,169.10360717773438,2022-01-12,245.70960998535156
2021-01-13,168.44444444444446,175.44024658203125,2022-01-13,239.7090301513672
2021-01-14,168.44444444444446,176.56568908691406,2022-01-14,234.3804473876953
2021-01-15,168.44444444444446,180.42445373535156,2022-01-18,237.2127685546875
2021-01-19,173.8,187.71633911132812,2022-01-19,235.27333068847656
2021-01-20,173.8,190.34561157226562,2022-01-20,233.42996215820312
2021-01-21,173.8,191.37644958496094,2022-01-21,233.3627166748047
2021-01-22,178.45454545454547,194.96092224121094,2022-01-24,230.8280792236328
2021-01-25,178.45454545454547,200.8341827392578,2022-01-25,229.90638732910156
2021-01-26,178.45454545454547,201.18411254882812,2022-01-26,228.3701629638672
2021-01-27,178.45454545454547,196.31338500976562,2022-01-27,227.2756805419922
2021-01-28,178.45454545454547,198.72508239746094,2022-01-28,235.3213348388672
2021-01-29,178.45454545454547,196.6916961669922,2022-01-31,235.59979248046875
2021-02-01,185.07692307692307,192.12359619140625,2022-02-01,238.37449645996094
2021-02-02,185.07692307692307,186.8462371826172,2022-02-02,240.82276916503906
2021-02-03,185.07692307692307,186.27879333496094,2022-02-03,235.04290771484375
2021-02-04,187.35714285714286,190.68606567382812,2022-02-04,232.604248046875
2021-02-05,187.35714285714286,190.8279266357422,2022-02-07,233.83316040039062
2021-02-08,187.35714285714286,194.6110076904297,2022-02-08,230.33839416503906
2021-02-09,187.35714285714286,190.7711944580078,2022-02-09,233.56439208984375
2021-02-10,187.35714285714286,193.3058319091797,2022-02-10,230.07919311523438
2021-02-11,189.69230769230768,192.39407348632812,2022-02-11,226.33477783203125
2021-02-12,192.92857142857142,196.86729431152344,2022-02-14,226.26731872558594
2021-02-16,192.92857142857142,195.41421508789062,2022-02-16,236.7664337158203
2021-02-17,192.92857142857142,196.07904052734375,2022-02-17,232.32192993164062
2021-02-18,192.92857142857142,191.00753784179688,2022-02-18,231.6855926513672
2021-02-19,192.92857142857142,190.81756591796875,2022-02-22,230.5479736328125
2021-02-22,192.92857142857142,190.58963012695312,2022-02-22,230.5479736328125
2021-02-23,192.92857142857142,192.2991180419922,2022-02-23,229.75738525390625
2021-02-24,192.92857142857142,194.23655700683594,2022-02-24,234.356201171875
2021-02-25,192.92857142857142,193.57176208496094,2022-02-25,241.84735107421875
2021-02-26,192.92857142857142,194.5879364013672,2022-02-28,240.97964477539062
2021-03-01,192.92857142857142,196.0885467529297,2022-03-01,240.54576110839844
2021-03-02,192.92857142857142,193.87567138671875,2022-03-02,245.04820251464844
2021-03-03,194.23076923076923,191.84324645996094,2022-03-03,249.35777282714844
2021-03-04,194.23076923076923,190.4566650390625,2022-03-04,253.4359588623047
2021-03-05,194.23076923076923,196.51588439941406,2022-03-07,252.25013732910156
2021-03-08,194.23076923076923,196.62034606933594,2022-03-08,250.60150146484375
2021-03-09,194.23076923076923,195.74659729003906,2022-03-09,253.35882568359375
2021-03-10,194.23076923076923,195.11981201171875,2022-03-10,256.4728698730469
2021-03-11,194.23076923076923,194.89186096191406,2022-03-11,256.74285888671875
2021-03-12,194.23076923076923,197.6175537109375,2022-03-14,259.34600830078125
2021-03-15,196.42857142857142,179.6488800048828,2022-03-15,265.5741271972656
2021-03-16,196.42857142857142,181.30137634277344,2022-03-16,266.5189514160156
2021-03-17,196.42857142857142,177.34107971191406,2022-03-17,275.263427734375
2021-03-18,196.42857142857142,174.6818389892578,2022-03-18,277.31695556640625
2021-03-19,196.42857142857142,175.0237579345703,2022-03-21,279.2452697753906
2021-03-22,196.42857142857142,176.4958038330078,2022-03-22,274.7910461425781
2021-03-23,196.42857142857142,174.44439697265625,2022-03-23,273.99078369140625
2021-03-24,196.42857142857142,171.1109161376953,2022-03-24,277.36529541015625
2021-03-25,196.42857142857142,173.88404846191406,2022-03-25,278.6474609375
2021-03-26,196.42857142857142,175.99246215820312,2022-03-28,281.1927185058594
2021-03-29,200.46153846153845,176.97067260742188,2022-03-29,278.0401611328125
2021-03-30,200.46153846153845,176.17288208007812,2022-03-30,279.4861755371094
2021-03-31,200.46153846153845,177.42648315429688,2022-03-31,276.092529296875
2021-04-01,200.46153846153845,175.92601013183594,2022-04-01,282.1664733886719
2021-04-05,200.46153846153845,175.59356689453125,2022-04-05,281.99298095703125
2021-04-06,200.46153846153845,173.60865783691406,2022-04-06,294.86376953125
2021-04-07,200.46153846153845,173.15280151367188,2022-04-07,297.3608093261719
2021-04-08,200.46153846153845,173.42822265625,2022-04-08,300.5037841796875
2021-04-09,200.46153846153845,175.2136688232422,2022-04-11,297.8717956542969
2021-04-12,200.46153846153845,172.67794799804688,2022-04-12,297.0234069824219
2021-04-13,200.46153846153845,173.35223388671875,2022-04-13,291.8076477050781
2021-04-14,200.46153846153845,173.79861450195312,2022-04-14,291.0266418457031
2021-04-15,200.5,176.57180786132812,2022-04-18,288.0957336425781
2021-04-16,200.5,179.734375,2022-04-18,288.0957336425781
2021-04-19,200.5,180.104736328125,2022-04-19,286.3507995605469
2021-04-20,200.5,181.02597045898438,2022-04-20,282.4075927734375
2021-04-21,200.5,181.348876953125,2022-04-21,279.2162780761719
2021-04-22,202.36363636363637,177.6449737548828,2022-04-22,268.726806640625
2021-04-23,202.36363636363637,179.23098754882812,2022-04-25,274.96453857421875
2021-04-26,202.36363636363637,177.80642700195312,2022-04-26,272.6795959472656
2021-04-27,205.6,173.04837036132812,2022-04-27,274.85845947265625
2021-04-28,208.15384615384616,171.4718475341797,2022-04-28,286.6014099121094
2021-04-29,208.15384615384616,173.03883361816406,2022-04-29,281.6458740234375
2021-04-30,208.15384615384616,173.58018493652344,2022-05-02,279.1681213378906
2021-05-03,208.15384615384616,176.57180786132812,2022-05-03,277.7315979003906
2021-05-04,208.15384615384616,178.7371368408203,2022-05-04,284.3164367675781
2021-05-05,208.15384615384616,183.1153564453125,2022-05-05,281.8772888183594
2021-05-06,208.15384615384616,184.1410369873047,2022-05-06,286.24468994140625
2021-05-07,208.15384615384616,185.5941162109375,2022-05-09,278.8499450683594
2021-05-10,213.0,184.96731567382812,2022-05-10,275.4466552734375
2021-05-11,213.0,184.9578094482422,2022-05-11,276.401123046875
2021-05-12,213.0,183.4857177734375,2022-05-12,281.32763671875
2021-05-13,213.0,185.95640563964844,2022-05-13,282.1112365722656
2021-05-14,213.0,187.16790771484375,2022-05-16,289.60833740234375
2021-05-17,218.1818181818182,186.5192108154297,2022-05-17,291.5623474121094
2021-05-18,218.1818181818182,185.66067504882812,2022-05-18,285.5550537109375
2021-05-19,218.1818181818182,187.45404052734375,2022-05-19,276.9261779785156
2021-05-20,218.1818181818182,190.3348388671875,2022-05-20,289.0955505371094
2021-05-21,218.1818181818182,190.66871643066406,2022-05-23,292.7231750488281
2021-05-24,218.1818181818182,191.75621032714844,2022-05-24,295.9734802246094
2021-05-25,218.1818181818182,190.0391387939453,2022-05-25,296.98931884765625
2021-05-26,218.1818181818182,191.72756958007812,2022-05-26,303.22869873046875
2021-05-27,218.1818181818182,190.0200653076172,2022-05-27,312.9216613769531
2021-05-28,218.1818181818182,190.53518676757812,2022-05-31,303.20947265625
2021-06-01,218.1818181818182,189.27601623535156,2022-06-01,300.9263916015625
2021-06-02,218.1818181818182,189.95327758789062,2022-06-02,292.55877685546875
2021-06-03,218.1818181818182,193.35877990722656,2022-06-03,291.80419921875
2021-06-04,218.1818181818182,192.71011352539062,2022-06-06,293.4584045410156
2021-06-07,218.1818181818182,212.26535034179688,2022-06-07,301.9131164550781
2021-06-08,218.1818181818182,210.52923583984375,2022-06-08,303.25775146484375
2021-06-09,221.7,215.5850372314453,2022-06-09,293.3519592285156
2021-06-10,221.7,222.77752685546875,2022-06-10,287.315673828125
2021-06-11,221.7,213.7630157470703,2022-06-13,281.7726745605469
2021-06-14,226.0909090909091,215.68038940429688,2022-06-14,281.2987365722656
2021-06-15,228.91666666666666,213.21932983398438,2022-06-15,283.4269104003906
2021-06-16,228.91666666666666,210.58651733398438,2022-06-16,278.66748046875
2021-06-17,228.91666666666666,211.9696807861328,2022-06-17,281.4051513671875
2021-06-18,228.91666666666666,208.47836303710938,2022-06-21,287.6349182128906
2021-06-21,228.91666666666666,212.40850830078125,2022-06-21,287.6349182128906
2021-06-22,228.91666666666666,211.2351531982422,2022-06-22,296.6797180175781
2021-06-23,228.91666666666666,207.0951690673828,2022-06-23,302.51287841796875
2021-06-24,235.5,222.23379516601562,2022-06-24,314.9918212890625
2021-06-25,235.5,219.61053466796875,2022-06-27,316.58795166015625
2021-06-28,235.5,217.70269775390625,2022-06-28,307.25299072265625
2021-06-29,235.5,218.79969787597656,2022-06-29,312.4573059082031
2021-06-30,235.5,218.94284057617188,2022-06-30,313.64727783203125
2021-07-01,235.5,220.4785919189453,2022-07-01,314.1115417480469
2021-07-02,237.26666666666668,223.1781768798828,2022-07-05,316.50091552734375
2021-07-06,238.0625,224.57090759277344,2022-07-06,319.37396240234375
2021-07-07,238.0625,224.9524688720703,2022-07-07,317.24578857421875
2021-07-08,238.0625,226.1925811767578,2022-07-08,319.6834716796875
2021-07-09,238.0625,224.16073608398438,2022-07-11,320.26397705078125
2021-07-12,238.0625,225.13369750976562,2022-07-12,313.02813720703125
2021-07-13,238.0625,224.4564208984375,2022-07-13,311.9349670410156
2021-07-14,238.0625,225.4580535888672,2022-07-14,316.2204284667969
2021-07-15,238.0625,220.80296325683594,2022-07-15,320.7766418457031
2021-07-16,238.0625,221.74728393554688,2022-07-18,311.2674560546875
2021-07-19,239.13333333333333,223.3498992919922,2022-07-19,315.5528564453125
2021-07-20,239.13333333333333,224.18936157226562,2022-07-20,311.5189514160156
2021-07-21,239.13333333333333,226.354736328125,2022-07-21,316.2494201660156
2021-07-22,240.14285714285714,227.4994354248047,2022-07-22,318.0196838378906
2021-07-23,240.14285714285714,232.89862060546875,2022-07-25,320.7283020019531
2021-07-26,240.14285714285714,232.00193786621094,2022-07-26,320.7379455566406
2021-07-27,240.14285714285714,232.3548583984375,2022-07-27,318.2034912109375
2021-07-28,240.14285714285714,235.1498260498047,2022-07-28,320.00274658203125
2021-07-29,240.14285714285714,234.02420043945312,2022-07-29,318.92901611328125
2021-07-30,240.14285714285714,232.27853393554688,2022-08-01,313.56982421875
2021-08-02,243.25,235.23568725585938,2022-08-02,309.748779296875
2021-08-03,243.25,244.19297790527344,2022-08-03,303.5866394042969
2021-08-04,250.46153846153845,250.3743438720703,2022-08-04,295.80908203125
2021-08-05,254.6,252.0150909423828,2022-08-05,291.4850769042969
2021-08-06,254.6,251.2996368408203,2022-08-08,292.62646484375
2021-08-09,254.6,254.8482208251953,2022-08-09,293.1295166015625
2021-08-10,254.6,257.0326232910156,2022-08-10,294.6676025390625
2021-08-11,254.6,251.9292449951172,2022-08-11,291.33990478515625
2021-08-12,256.0,252.13973999023438,2022-08-12,298.9972229003906
2021-08-13,256.0,252.84791564941406,2022-08-15,304.6844787597656
2021-08-16,256.0,258.3315124511719,2022-08-16,301.1614685058594
2021-08-17,256.0,260.982421875,2022-08-17,307.4796447753906
2021-08-18,256.0,256.9725646972656,2022-08-18,307.382568359375
2021-08-19,256.0,258.7716979980469,2022-08-19,313.2542419433594
2021-08-20,256.0,259.2597961425781,2022-08-22,313.5744934082031
2021-08-23,256.0,256.30267333984375,2022-08-23,305.8102722167969
2021-08-24,256.0,251.46983337402344,2022-08-24,309.4692077636719
2021-08-25,256.0,252.52249145507812,2022-08-25,313.61328125
2021-08-26,256.0,250.0822296142578,2022-08-26,306.2567443847656
2021-08-27,256.0,248.57972717285156,2022-08-29,301.0062255859375
2021-08-30,258.93333333333334,251.0296173095703,2022-08-30,297.988037109375
2021-08-31,258.93333333333334,247.18251037597656,2022-08-31,292.34918212890625
2021-09-01,258.93333333333334,246.33078002929688,2022-09-01,300.016357421875
2021-09-02,258.93333333333334,248.40745544433594,2022-09-02,292.4462585449219
2021-09-03,258.93333333333334,248.3691864013672,2022-09-06,297.7744140625
2021-09-07,258.93333333333334,243.8426055908203,2022-09-07,302.4134826660156
2021-09-08,258.93333333333334,243.8809051513672,2022-09-08,306.198486328125
2021-09-09,258.93333333333334,229.6790771484375,2022-09-09,308.33367919921875
2021-09-10,258.93333333333334,229.2005615234375,2022-09-12,305.9267883300781
2021-09-13,261.35714285714283,227.72677612304688,2022-09-13,297.4444885253906
2021-09-14,261.35714285714283,223.06622314453125,2022-09-14,300.4820861816406
2021-09-15,261.35714285714283,223.67869567871094,2022-09-15,300.3463134765625
2021-09-16,261.35714285714283,221.10438537597656,2022-09-16,299.78338623046875
2021-09-17,261.35714285714283,220.20480346679688,2022-09-19,296.09539794921875
2021-09-20,261.35714285714283,221.67857360839844,2022-09-20,292.83453369140625
2021-09-21,261.35714285714283,220.27178955078125,2022-09-21,287.7392272949219
2021-09-22,261.35714285714283,218.4822235107422,2022-09-22,301.705078125
2021-09-23,261.35714285714283,222.1953582763672,2022-09-23,302.27764892578125
2021-09-24,261.35714285714283,221.7168426513672,2022-09-26,298.4343566894531
2021-09-27,261.35714285714283,216.6638946533203,2022-09-27,301.9282531738281
2021-09-28,261.35714285714283,212.07032775878906,2022-09-28,324.52191162109375
2021-09-29,261.6,220.45362854003906,2022-09-29,320.2807922363281
2021-09-30,261.6,221.11395263671875,2022-09-30,313.8170471191406
2021-10-01,261.6,219.71673583984375,2022-10-03,312.07012939453125
2021-10-04,261.6,215.18057250976562,2022-10-04,320.164306640625
2021-10-05,261.6,220.99913024902344,2022-10-05,321.99859619140625
2021-10-06,261.6,218.05154418945312,2022-10-06,323.13409423828125
2021-10-07,261.6,223.15234375,2022-10-07,317.0295104980469
2021-10-08,261.6,223.87969970703125,2022-10-10,314.3412170410156
2021-10-11,262.125,223.62130737304688,2022-10-11,317.9417724609375
2021-10-12,262.125,222.7695770263672,2022-10-12,315.0011291503906
2021-10-13,262.125,226.27215576171875,2022-10-13,322.3091125488281
2021-10-14,262.125,226.5113983154297,2022-10-14,321.62005615234375
2021-10-15,262.125,227.6502227783203,2022-10-17,322.9496154785156
2021-10-18,262.125,228.70291137695312,2022-10-18,325.1528015136719
2021-10-19,262.125,231.88967895507812,2022-10-19,319.58197021484375
2021-10-20,262.125,233.23907470703125,2022-10-20,319.36846923828125
2021-10-21,262.125,230.79873657226562,2022-10-21,330.7235107421875
2021-10-22,262.125,233.26779174804688,2022-10-24,337.6432800292969
2021-10-25,262.125,234.51187133789062,2022-10-25,340.9527893066406
2021-10-26,272.61538461538464,237.75613403320312,2022-10-26,347.3096618652344
2021-10-27,272.61538461538464,239.41171264648438,2022-10-27,345.8247375488281
2021-10-28,272.61538461538464,242.4549560546875,2022-10-28,349.28955078125
2021-10-29,272.61538461538464,243.8043212890625,2022-10-31,351.41497802734375
2021-11-01,272.61538461538464,238.5886993408203,2022-11-01,342.1853332519531
2021-11-02,272.61538461538464,245.804443359375,2022-11-02,344.49517822265625
2021-11-03,272.61538461538464,254.80978393554688,2022-11-03,351.0170593261719
2021-11-04,272.61538461538464,259.345947265625,2022-11-04,346.87298583984375
2021-11-05,272.61538461538464,253.6039581298828,2022-11-07,354.3070983886719
2021-11-08,272.61538461538464,249.32615661621094,2022-11-08,355.85028076171875
2021-11-09,272.61538461538464,250.7521209716797,2022-11-09,352.5601806640625
2021-11-10,272.61538461538464,253.26901245117188,2022-11-10,357.8495788574219
2021-11-11,272.61538461538464,251.3358612060547,2022-11-11,341.91357421875
2021-11-12,272.61538461538464,249.2908477783203,2022-11-14,346.5266418457031
2021-11-15,272.61538461538464,248.11952209472656,2022-11-15,340.580322265625
2021-11-16,272.61538461538464,247.43785095214844,2022-11-16,343.4804382324219
2021-11-17,272.61538461538464,250.7598114013672,2022-11-17,351.1106262207031
2021-11-18,272.61538461538464,250.90379333496094,2022-11-18,351.98651123046875
2021-11-19,275.35714285714283,250.29901123046875,2022-11-21,351.4998474121094
2021-11-22,275.35714285714283,250.04930114746094,2022-11-22,351.2176818847656
2021-11-23,275.35714285714283,251.50860595703125,2022-11-23,352.0351867675781
2021-11-24,275.35714285714283,251.5471649169922,2022-11-25,355.47064208984375
2021-11-26,275.35714285714283,249.98207092285156,2022-11-28,355.9766540527344
2021-11-29,275.35714285714283,244.6631622314453,2022-11-29,354.2054748535156
2021-11-30,275.35714285714283,238.14405822753906,2022-11-30,361.1445617675781
2021-12-01,275.35714285714283,239.19056701660156,2022-12-01,360.4145812988281
2021-12-02,275.35714285714283,237.9904327392578,2022-12-02,364.72601318359375
2021-12-03,275.35714285714283,235.78216552734375,2022-12-05,359.4024963378906
2021-12-06,275.35714285714283,236.50228881835938,2022-12-06,358.6725769042969
2021-12-07,275.35714285714283,235.33094787597656,2022-12-07,362.0107116699219
2021-12-08,275.35714285714283,234.57247924804688,2022-12-08,361.8355407714844
2021-12-09,275.0,233.20912170410156,2022-12-09,351.3246765136719
2021-12-10,275.0,234.399658203125,2022-12-12,357.4170837402344
2021-12-13,276.53846153846155,238.614501953125,2022-12-13,349.0570983886719
2021-12-14,276.53846153846155,239.43060302734375,2022-12-14,353.7674865722656
2021-12-15,276.53846153846155,264.29730224609375,2022-12-15,350.37091064453125
2021-12-16,276.53846153846155,267.9072570800781,2022-12-16,350.2346496582031
2021-12-17,273.64285714285717,256.7508850097656,2022-12-19,348.2005615234375
2021-12-20,278.8125,252.96803283691406,2022-12-20,350.0108642578125
2021-12-21,278.8125,254.31219482421875,2022-12-21,358.15673828125
2021-12-22,279.35714285714283,255.86758422851562,2022-12-22,355.5290832519531
2021-12-23,279.35714285714283,262.20428466796875,2022-12-23,358.0497131347656
2021-12-27,279.35714285714283,267.30242919921875,2022-12-27,355.11053466796875
2021-12-28,279.35714285714283,265.40130615234375,2022-12-28,355.44140625
2021-12-29,279.35714285714283,267.31201171875,2022-12-29,357.1932678222656
2021-12-30,280.6923076923077,266.188720703125,2022-12-30,356.0448303222656
2021-12-31,280.6923076923077,265.19976806640625,2023-01-03,355.2175598144531
2022-01-03,283.25,260.8889465332031,2023-01-03,355.2175598144531
2022-01-04,283.0,256.16510009765625,2023-01-04,353.378173828125
2022-01-05,283.0,250.25096130371094,2023-01-05,349.31005859375
2022-01-06,283.0,248.9835968017578,2023-01-06,353.22247314453125
2022-01-07,283.0,249.14686584472656,2023-01-09,340.4634094238281
2022-01-10,283.0,249.7324676513672,2023-01-10,343.3052978515625
2022-01-11,283.0,251.8543243408203,2023-01-11,350.76025390625
2022-01-12,283.0,245.70960998535156,2023-01-12,349.5047607421875
2022-01-13,283.0,239.7090301513672,2023-01-13,351.9377746582031
2022-01-14,283.0,234.3804473876953,2023-01-17,348.1617126464844
2022-01-18,283.0,237.2127685546875,2023-01-18,342.5851135253906
2022-01-19,283.0,235.27333068847656,2023-01-19,341.67999267578125
2022-01-20,283.0,233.42996215820312,2023-01-20,336.8041687011719
2022-01-21,283.57142857142856,233.3627166748047,2023-01-23,333.0474853515625
2022-01-24,282.8,230.8280792236328,2023-01-24,337.1156921386719
2022-01-25,282.8,229.90638732910156,2023-01-25,340.3662109375
2022-01-26,282.8,228.3701629638672,2023-01-26,338.6922607421875
2022-01-27,282.8,227.2756805419922,2023-01-27,332.9404602050781
2022-01-28,282.8,235.3213348388672,2023-01-30,331.38330078125
2022-01-31,282.8,235.59979248046875,2023-01-31,334.935546875
2022-02-01,283.6923076923077,238.37449645996094,2023-02-01,333.3979187011719
2022-02-02,284.09090909090907,240.82276916503906,2023-02-02,321.845703125
2022-02-03,284.09090909090907,235.04290771484375,2023-02-03,330.0013122558594
2022-02-04,283.3076923076923,232.604248046875,2023-02-06,328.619384765625
2022-02-07,283.3076923076923,233.83316040039062,2023-02-07,330.58526611328125
2022-02-08,283.3076923076923,230.33839416503906,2023-02-08,331.60711669921875
2022-02-09,283.3076923076923,233.56439208984375,2023-02-09,332.6387634277344
2022-02-10,283.3076923076923,230.07919311523438,2023-02-10,335.8796691894531
2022-02-11,283.3076923076923,226.33477783203125,2023-02-13,341.0182189941406
2022-02-14,283.3076923076923,226.26731872558594,2023-02-14,339.3486633300781
2022-02-15,283.3076923076923,235.08889770507812,2023-02-15,327.09515380859375
2022-02-16,283.3076923076923,236.7664337158203,2023-02-16,318.36639404296875
2022-02-17,283.3076923076923,232.32192993164062,2023-02-17,320.6412658691406
2022-02-18,283.3076923076923,231.6855926513672,2023-02-21,319.7723083496094
2022-02-22,283.3076923076923,230.5479736328125,2023-02-22,321.2955017089844
2022-02-23,283.3076923076923,229.75738525390625,2023-02-23,319.7820739746094
2022-02-24,283.3076923076923,234.356201171875,2023-02-24,314.041015625
2022-02-25,283.3076923076923,241.84735107421875,2023-02-27,309.1396484375
2022-02-28,281.9166666666667,240.97964477539062,2023-02-28,303.8672180175781
2022-03-01,281.9166666666667,240.54576110839844,2023-03-01,306.74749755859375
2022-03-02,281.9166666666667,245.04820251464844,2023-03-02,307.6067199707031
2022-03-03,281.9166666666667,249.35777282714844,2023-03-03,310.9068908691406
2022-03-04,281.9166666666667,253.4359588623047,2023-03-06,311.4243469238281
2022-03-07,281.9166666666667,252.25013732910156,2023-03-07,303.29107666015625
2022-03-08,281.9166666666667,250.60150146484375,2023-03-08,305.15606689453125
2022-03-09,281.9166666666667,253.35882568359375,2023-03-09,309.3642272949219
2022-03-10,281.9166666666667,256.4728698730469,2023-03-10,307.5774230957031
2022-03-11,281.9166666666667,256.74285888671875,2023-03-13,316.8236389160156
2022-03-14,281.9166666666667,259.34600830078125,2023-03-14,319.3427429199219
2022-03-15,281.9166666666667,265.5741271972656,2023-03-15,321.68603515625
2022-03-16,281.9166666666667,266.5189514160156,2023-03-16,321.74456787109375
2022-03-17,281.9166666666667,275.263427734375,2023-03-17,321.4028015136719
2022-03-18,281.9166666666667,277.31695556640625,2023-03-20,325.71844482421875
2022-03-21,281.9166666666667,279.2452697753906,2023-03-21,323.2579650878906
2022-03-22,281.9166666666667,274.7910461425781,2023-03-22,323.1506042480469
2022-03-23,281.9166666666667,273.99078369140625,2023-03-23,324.7811279296875
2022-03-24,281.9166666666667,277.36529541015625,2023-03-24,328.1886901855469
2022-03-25,281.9166666666667,278.6474609375,2023-03-27,326.69488525390625
2022-03-28,281.9166666666667,281.1927185058594,2023-03-28,329.6727600097656
2022-03-29,283.45454545454544,278.0401611328125,2023-03-29,327.934814453125
2022-03-30,283.45454545454544,279.4861755371094,2023-03-30,332.64093017578125
2022-03-31,283.45454545454544,276.092529296875,2023-03-31,335.3064880371094
2022-04-01,283.45454545454544,282.1664733886719,2023-04-03,342.45355224609375
2022-04-04,283.45454545454544,280.9612731933594,2023-04-04,346.2418518066406
2022-04-05,283.45454545454544,281.99298095703125,2023-04-05,353.6818542480469
2022-04-06,290.1666666666667,294.86376953125,2023-04-06,359.5888671875
2022-04-07,290.1666666666667,297.3608093261719,2023-04-10,358.32940673828125
2022-04-08,290.1666666666667,300.5037841796875,2023-04-10,358.32940673828125
2022-04-11,292.0,297.8717956542969,2023-04-11,355.43927001953125
2022-04-12,289.6666666666667,297.0234069824219,2023-04-12,360.3309020996094
2022-04-13,289.6666666666667,291.8076477050781,2023-04-13,366.2868347167969
2022-04-14,289.6666666666667,291.0266418457031,2023-04-14,365.87677001953125
2022-04-18,289.6666666666667,288.0957336425781,2023-04-18,361.17059326171875
2022-04-19,289.6666666666667,286.3507995605469,2023-04-19,361.71734619140625
2022-04-20,289.6666666666667,282.4075927734375,2023-04-20,365.954833984375
2022-04-21,289.6666666666667,279.2162780761719,2023-04-21,376.1383972167969
2022-04-22,289.6666666666667,268.726806640625,2023-04-24,374.2930603027344
2022-04-25,289.6666666666667,274.96453857421875,2023-04-25,375.74786376953125
2022-04-26,289.6666666666667,272.6795959472656,2023-04-26,367.38031005859375
2022-04-27,289.6666666666667,274.85845947265625,2023-04-27,381.127685546875
2022-04-28,289.6666666666667,286.6014099121094,2023-04-28,386.5074768066406
2022-04-29,300.53333333333336,281.6458740234375,2023-05-01,396.2224426269531
2022-05-02,304.0,279.1681213378906,2023-05-02,394.6504821777344
2022-05-03,304.0,277.7315979003906,2023-05-03,421.0027770996094
2022-05-04,304.0,284.3164367675781,2023-05-04,418.3177490234375
2022-05-05,304.0,281.8772888183594,2023-05-05,417.70263671875
2022-05-06,304.0,286.24468994140625,2023-05-08,422.4966735839844
2022-05-09,304.0,278.8499450683594,2023-05-09,418.25921630859375
2022-05-10,304.0,275.4466552734375,2023-05-10,425.62109375
2022-05-11,304.0,276.401123046875,2023-05-11,425.259765625
2022-05-12,304.0,281.32763671875,2023-05-12,425.2696228027344
2022-05-13,304.0,282.1112365722656,2023-05-15,425.3479309082031
2022-05-16,304.0,289.60833740234375,2023-05-16,427.4427795410156
2022-05-17,304.0,291.5623474121094,2023-05-17,428.24554443359375
2022-05-18,304.0,285.5550537109375,2023-05-18,428.6566162109375
2022-05-19,303.53333333333336,276.9261779785156,2023-05-19,433.052001953125
2022-05-20,303.53333333333336,289.0955505371094,2023-05-22,424.8388977050781
2022-05-23,305.875,292.7231750488281,2023-05-23,414.2862243652344
2022-05-24,305.875,295.9734802246094,2023-05-24,416.7922058105469
2022-05-25,305.875,296.98931884765625,2023-05-25,418.29974365234375
2022-05-26,305.875,303.22869873046875,2023-05-26,416.81182861328125
2022-05-27,305.875,312.9216613769531,2023-05-30,418.231201171875
2022-05-31,305.875,303.20947265625,2023-05-31,420.4044189453125
2022-06-01,308.7647058823529,300.9263916015625,2023-06-01,427.2861328125
2022-06-02,308.7647058823529,292.55877685546875,2023-06-02,433.0030212402344
2022-06-03,308.7647058823529,291.80419921875,2023-06-05,434.8923645019531
2022-06-06,308.7647058823529,293.4584045410156,2023-06-06,433.72747802734375
2022-06-07,308.7647058823529,301.9131164550781,2023-06-07,427.1686096191406
2022-06-08,311.1875,303.25775146484375,2023-06-08,436.2628479003906
2022-06-09,311.1875,293.3519592285156,2023-06-09,436.63482666015625
2022-06-10,311.1875,287.315673828125,2023-06-12,435.920166015625
2022-06-13,311.1875,281.7726745605469,2023-06-13,436.3215026855469
2022-06-14,311.1875,281.2987365722656,2023-06-14,438.2793884277344
2022-06-15,311.1875,283.4269104003906,2023-06-15,444.3584289550781
2022-06-16,316.2,278.66748046875,2023-06-16,438.2695617675781
2022-06-17,316.2,281.4051513671875,2023-06-20,442.420166015625
2022-06-21,316.38461538461536,287.6349182128906,2023-06-21,443.4480285644531
2022-06-22,316.38461538461536,296.6797180175781,2023-06-22,448.0293273925781
2022-06-23,316.38461538461536,302.51287841796875,2023-06-23,449.1649169921875
2022-06-24,316.38461538461536,314.9918212890625,2023-06-26,443.2130432128906
2022-06-27,316.38461538461536,316.58795166015625,2023-06-27,454.70556640625
2022-06-28,316.38461538461536,307.25299072265625,2023-06-28,449.02777099609375
2022-06-29,316.38461538461536,312.4573059082031,2023-06-29,454.69573974609375
2022-06-30,316.38461538461536,313.64727783203125,2023-06-30,459.0910949707031
2022-07-01,316.38461538461536,314.1115417480469,2023-07-03,451.69049072265625
2022-07-05,319.4166666666667,316.50091552734375,2023-07-05,455.8802795410156
2022-07-06,319.4166666666667,319.37396240234375,2023-07-06,453.4427490234375
2022-07-07,322.15384615384613,317.24578857421875,2023-07-07,442.5474548339844
2022-07-08,327.35714285714283,319.6834716796875,2023-07-10,443.60467529296875
2022-07-11,327.35714285714283,320.26397705078125,2023-07-11,430.1250305175781
2022-07-12,327.35714285714283,313.02813720703125,2023-07-12,431.3094787597656
2022-07-13,327.35714285714283,311.9349670410156,2023-07-13,425.533935546875
2022-07-14,327.35714285714283,316.2204284667969,2023-07-14,439.98272705078125
2022-07-15,327.35714285714283,320.7766418457031,2023-07-17,437.71160888671875
2022-07-18,327.35714285714283,311.2674560546875,2023-07-18,441.68597412109375
2022-07-19,327.35714285714283,315.5528564453125,2023-07-19,443.9961853027344
2022-07-20,327.35714285714283,311.5189514160156,2023-07-20,454.0399169921875
2022-07-21,330.15384615384613,316.2494201660156,2023-07-21,452.2973937988281
2022-07-22,330.15384615384613,318.0196838378906,2023-07-24,449.634765625
2022-07-25,335.0,320.7283020019531,2023-07-25,447.892333984375
2022-07-26,335.0,320.7379455566406,2023-07-26,444.0256042480469
2022-07-27,335.0,318.2034912109375,2023-07-27,445.39605712890625
2022-07-28,335.0,320.00274658203125,2023-07-28,448.8124694824219
2022-07-29,335.0,318.92901611328125,2023-07-31,444.9653625488281
2022-08-01,335.0,313.56982421875,2023-08-01,443.5361633300781
2022-08-02,335.0,309.748779296875,2023-08-02,444.8968200683594
2022-08-03,335.0,303.5866394042969,2023-08-03,439.68902587890625
2022-08-04,346.2,295.80908203125,2023-08-04,440.0120544433594
2022-08-05,346.2,291.4850769042969,2023-08-07,444.5052490234375
2022-08-08,346.2,292.62646484375,2023-08-08,510.6015625
2022-08-09,346.2,293.1295166015625,2023-08-09,515.1339111328125
2022-08-10,346.2,294.6676025390625,2023-08-10,510.34710693359375
2022-08-11,346.2,291.33990478515625,2023-08-11,517.1406860351562
2022-08-12,346.2,298.9972229003906,2023-08-14,527.78466796875
2022-08-15,346.2,304.6844787597656,2023-08-15,536.2410278320312
2022-08-16,346.2,301.1614685058594,2023-08-16,535.8680419921875
2022-08-17,346.2,307.4796447753906,2023-08-17,527.4510498046875
2022-08-18,346.2,307.382568359375,2023-08-18,536.0545654296875
2022-08-19,346.2,313.2542419433594,2023-08-21,539.6058959960938
2022-08-22,346.2,313.5744934082031,2023-08-22,543.1473388671875
2022-08-23,346.2,305.8102722167969,2023-08-23,542.85302734375
2022-08-24,346.2,309.4692077636719,2023-08-24,537.5947265625
2022-08-25,346.2,313.61328125,2023-08-25,543.1375732421875
2022-08-26,346.2,306.2567443847656,2023-08-28,543.4024047851562
2022-08-29,346.2,301.0062255859375,2023-08-29,543.3828735351562
2022-08-30,346.2,297.988037109375,2023-08-30,537.5850219726562
2022-08-31,346.2,292.34918212890625,2023-08-31,543.6771240234375
2022-09-01,346.2,300.016357421875,2023-09-01,546.5318603515625
2022-09-02,346.2,292.4462585449219,2023-09-05,547.59130859375
2022-09-06,350.72727272727275,297.7744140625,2023-09-06,549.31787109375
2022-09-07,355.8333333333333,302.4134826660156,2023-09-07,562.3458251953125
2022-09-08,355.8333333333333,306.198486328125,2023-09-08,575.3247680664062
2022-09-09,355.8333333333333,308.33367919921875,2023-09-11,584.2518310546875
2022-09-12,355.8333333333333,305.9267883300781,2023-09-12,587.920654296875
2022-09-13,355.8333333333333,297.4444885253906,2023-09-13,587.5087890625
2022-09-14,355.8333333333333,300.4820861816406,2023-09-14,580.376708984375
2022-09-15,355.8333333333333,300.3463134765625,2023-09-15,564.7296142578125
2022-09-16,355.8333333333333,299.78338623046875,2023-09-18,560.4328002929688
2022-09-19,355.8333333333333,296.09539794921875,2023-09-19,564.0428466796875
2022-09-20,355.8333333333333,292.83453369140625,2023-09-20,558.823974609375
2022-09-21,355.8333333333333,287.7392272949219,2023-09-21,539.6844482421875
2022-09-22,356.38461538461536,301.705078125,2023-09-22,540.08642578125
2022-09-23,356.38461538461536,302.27764892578125,2023-09-25,541.80322265625
2022-09-26,356.38461538461536,298.4343566894531,2023-09-26,539.566650390625
2022-09-27,356.38461538461536,301.9282531738281,2023-09-27,539.3212890625
2022-09-28,356.38461538461536,324.52191162109375,2023-09-28,534.1121826171875
2022-09-29,356.38461538461536,320.2807922363281,2023-09-29,526.9312133789062
2022-09-30,356.38461538461536,313.8170471191406,2023-10-02,528.0690307617188
2022-10-03,356.38461538461536,312.07012939453125,2023-10-03,515.2179565429688
2022-10-04,355.75,320.164306640625,2023-10-04,521.3688354492188
2022-10-05,355.75,321.99859619140625,2023-10-05,531.1986083984375
2022-10-06,355.75,323.13409423828125,2023-10-06,554.4876708984375
2022-10-07,355.75,317.0295104980469,2023-10-09,560.9036865234375
2022-10-10,364.09090909090907,314.3412170410156,2023-10-10,568.310302734375
2022-10-11,364.09090909090907,317.9417724609375,2023-10-11,593.7871704101562
2022-10-12,367.75,315.0011291503906,2023-10-12,598.9080200195312
2022-10-13,367.75,322.3091125488281,2023-10-13,597.6327514648438
2022-10-14,367.75,321.62005615234375,2023-10-16,604.9314575195312
2022-10-17,367.75,322.9496154785156,2023-10-17,596.7595825195312
2022-10-18,367.75,325.1528015136719,2023-10-18,595.7099609375
2022-10-19,367.75,319.58197021484375,2023-10-19,579.5821533203125
2022-10-20,367.75,319.36846923828125,2023-10-20,573.5391845703125
2022-10-21,367.75,330.7235107421875,2023-10-23,565.7008666992188
2022-10-24,367.75,337.6432800292969,2023-10-24,581.1812133789062
2022-10-25,367.75,340.9527893066406,2023-10-25,575.3247680664062
2022-10-26,367.75,347.3096618652344,2023-10-26,557.313232421875
2022-10-27,375.6666666666667,345.8247375488281,2023-10-27,549.592529296875
2022-10-28,375.6666666666667,349.28955078125,2023-10-30,554.968505859375
2022-10-31,378.125,351.41497802734375,2023-10-31,543.4121704101562
2022-11-01,378.125,342.1853332519531,2023-11-01,543.9322509765625
2022-11-02,384.1666666666667,344.49517822265625,2023-11-02,569.2716064453125
2022-11-03,384.1666666666667,351.0170593261719,2023-11-03,557.0286254882812
2022-11-04,384.1666666666667,346.87298583984375,2023-11-06,583.8888549804688
2022-11-07,384.1666666666667,354.3070983886719,2023-11-07,588.538818359375
2022-11-08,378.6923076923077,355.85028076171875,2023-11-08,607.374267578125
2022-11-09,378.6923076923077,352.5601806640625,2023-11-09,580.0922241210938
2022-11-10,378.6923076923077,357.8495788574219,2023-11-10,586.36083984375
2022-11-11,378.6923076923077,341.91357421875,2023-11-13,601.0761108398438
2022-11-14,378.6923076923077,346.5266418457031,2023-11-14,600.3291625976562
2022-11-15,378.6923076923077,340.580322265625,2023-11-15,578.4317626953125
2022-11-16,378.6923076923077,343.4804382324219,2023-11-16,578.6383056640625
2022-11-17,382.7857142857143,351.1106262207031,2023-11-17,581.5474243164062
2022-11-18,383.6,351.98651123046875,2023-11-20,587.336181640625
2022-11-21,386.64285714285717,351.4998474121094,2023-11-21,582.422119140625
2022-11-22,385.8666666666667,351.2176818847656,2023-11-22,584.869384765625
2022-11-23,385.8666666666667,352.0351867675781,2023-11-24,590.7760620117188
2022-11-25,385.8666666666667,355.47064208984375,2023-11-27,581.3704833984375
2022-11-28,385.8666666666667,355.9766540527344,2023-11-28,581.439208984375
2022-11-29,388.07142857142856,354.2054748535156,2023-11-29,581.69482421875
2022-11-30,388.07142857142856,361.1445617675781,2023-11-30,580.8888549804688
2022-12-01,388.07142857142856,360.4145812988281,2023-12-01,574.0090942382812
2022-12-02,388.07142857142856,364.72601318359375,2023-12-04,575.6209106445312
2022-12-05,390.8666666666667,359.4024963378906,2023-12-05,578.0484619140625
2022-12-06,394.6470588235294,358.6725769042969,2023-12-06,579.1295776367188
2022-12-07,395.0,362.0107116699219,2023-12-07,578.1665649414062
2022-12-08,393.94736842105266,361.8355407714844,2023-12-08,587.7783813476562
2022-12-09,393.94736842105266,351.3246765136719,2023-12-11,574.0090942382812
2022-12-12,393.94736842105266,357.4170837402344,2023-12-12,574.7167358398438
2022-12-13,393.94736842105266,349.0570983886719,2023-12-13,587.2379760742188
2022-12-14,396.25,353.7674865722656,2023-12-14,563.817138671875
2022-12-15,397.3809523809524,350.37091064453125,2023-12-15,562.2152099609375
2022-12-16,397.95454545454544,350.2346496582031,2023-12-18,569.8025512695312
2022-12-19,397.95454545454544,348.2005615234375,2023-12-19,569.851806640625
2022-12-20,397.95454545454544,350.0108642578125,2023-12-20,560.4166870117188
2022-12-21,397.95454545454544,358.15673828125,2023-12-21,562.1759033203125
2022-12-22,397.95454545454544,355.5290832519531,2023-12-22,560.5936279296875
2022-12-23,397.95454545454544,358.0497131347656,2023-12-26,560.86865234375
2022-12-27,397.95454545454544,355.11053466796875,2023-12-27,571.5225830078125
2022-12-28,397.95454545454544,355.44140625,2023-12-28,570.8739013671875
2022-12-29,397.95454545454544,357.1932678222656,2023-12-29,572.9083251953125
2022-12-30,397.95454545454544,356.0448303222656,2024-01-02,582.029052734375
2023-01-03,398.04347826086956,355.2175598144531,2024-01-03,607.0910034179688
2023-01-04,400.0,353.378173828125,2024-01-04,603.9459838867188
2023-01-05,400.23809523809524,349.31005859375,2024-01-05,607.9263305664062
2023-01-06,400.23809523809524,353.22247314453125,2024-01-08,615.2779541015625
2023-01-09,400.23809523809524,340.4634094238281,2024-01-09,614.7373657226562
2023-01-10,400.23809523809524,343.3052978515625,2024-01-10,619.3665161132812
2023-01-11,400.23809523809524,350.76025390625,2024-01-11,624.8013916015625
2023-01-12,400.23809523809524,349.5047607421875,2024-01-12,631.8779296875
2023-01-13,400.23809523809524,351.9377746582031,2024-01-16,623.6712036132812
2023-01-17,400.23809523809524,348.1617126464844,2024-01-17,618.1084594726562
2023-01-18,400.23809523809524,342.5851135253906,2024-01-18,612.64404296875
2023-01-19,400.23809523809524,341.67999267578125,2024-01-19,617.7842407226562
2023-01-20,400.23809523809524,336.8041687011719,2024-01-22,620.0446166992188
2023-01-23,400.23809523809524,333.0474853515625,2024-01-23,618.8652954101562
2023-01-24,400.23809523809524,337.1156921386719,2024-01-24,622.8162231445312
2023-01-25,400.23809523809524,340.3662109375,2024-01-25,616.8405151367188
2023-01-26,400.23809523809524,338.6922607421875,2024-01-26,628.270751953125
2023-01-27,400.23809523809524,332.9404602050781,2024-01-29,633.922119140625
2023-01-30,400.23809523809524,331.38330078125,2024-01-30,633.9025268554688
2023-01-31,400.23809523809524,334.935546875,2024-01-31,634.5216674804688
2023-02-01,400.23809523809524,333.3979187011719,2024-02-01,649.0870361328125
2023-02-02,400.23809523809524,321.845703125,2024-02-02,656.1832275390625
2023-02-03,400.8695652173913,330.0013122558594,2024-02-05,694.071044921875
2023-02-06,400.8695652173913,328.619384765625,2024-02-06,692.9212036132812
2023-02-07,400.8695652173913,330.58526611328125,2024-02-07,712.9215087890625
2023-02-08,400.8695652173913,331.60711669921875,2024-02-08,723.0447387695312
2023-02-09,400.8695652173913,332.6387634277344,2024-02-09,727.4476928710938
2023-02-10,400.8695652173913,335.8796691894531,2024-02-12,724.5975952148438
2023-02-13,400.8695652173913,341.0182189941406,2024-02-13,730.2095336914062
2023-02-14,400.8695652173913,339.3486633300781,2024-02-14,745.6078491210938
2023-02-15,400.8695652173913,327.09515380859375,2024-02-15,746.070556640625
2023-02-16,395.75,318.36639404296875,2024-02-16,769.975341796875
2023-02-17,395.75,320.6412658691406,2024-02-20,743.9832763671875
2023-02-21,395.75,319.7723083496094,2024-02-21,734.3839111328125
2023-02-22,395.75,321.2955017089844,2024-02-22,757.7472534179688
2023-02-23,395.75,319.7820739746094,2024-02-23,757.6488037109375
2023-02-24,395.75,314.041015625,2024-02-26,759.9920654296875
2023-02-27,395.75,309.1396484375,2024-02-27,753.1790161132812
2023-02-28,395.75,303.8672180175781,2024-02-28,745.9327392578125
2023-03-01,397.68,306.74749755859375,2024-02-29,742.033935546875
2023-03-02,397.68,307.6067199707031,2024-03-01,770.0344848632812
2023-03-03,396.2307692307692,310.9068908691406,2024-03-04,780.0374755859375
2023-03-06,392.15384615384613,311.4243469238281,2024-03-05,765.574462890625
2023-03-07,391.36,303.29107666015625,2024-03-06,767.720703125
2023-03-08,391.36,305.15606689453125,2024-03-07,768.1047973632812
2023-03-09,391.36,309.3642272949219,2024-03-08,750.36328125
2023-03-10,391.36,307.5774230957031,2024-03-11,723.0223388671875
2023-03-13,390.7307692307692,316.8236389160156,2024-03-12,743.2843627929688
2023-03-14,390.7307692307692,319.3427429199219,2024-03-13,746.129638671875
2023-03-15,390.7307692307692,321.68603515625,2024-03-14,748.9749755859375
2023-03-16,390.7307692307692,321.74456787109375,2024-03-15,742.5162963867188
2023-03-17,390.7307692307692,321.4028015136719,2024-03-18,750.875244140625
2023-03-20,390.7307692307692,325.71844482421875,2024-03-19,760.8388671875
2023-03-21,390.7307692307692,323.2579650878906,2024-03-20,760.91748046875
2023-03-22,391.84,323.1506042480469,2024-03-21,758.357666015625
2023-03-23,391.84,324.7811279296875,2024-03-22,758.7023315429688
2023-03-24,391.84,328.1886901855469,2024-03-25,761.1932983398438
2023-03-27,391.84,326.69488525390625,2024-03-26,762.926025390625
2023-03-28,391.84,329.6727600097656,2024-03-27,766.1553955078125
2023-03-29,391.84,327.934814453125,2024-03-28,765.9387817382812
2023-03-30,391.84,332.64093017578125,2024-04-01,748.7977905273438
2023-03-31,391.84,335.3064880371094,2024-04-01,748.7977905273438
2023-04-03,388.6923076923077,342.45355224609375,2024-04-02,752.1550903320312
2023-04-04,388.6923076923077,346.2418518066406,2024-04-03,763.9992065429688
2023-04-05,388.6923076923077,353.6818542480469,2024-04-04,756.2113037109375
2023-04-06,388.6923076923077,359.5888671875,2024-04-05,772.0921020507812
2023-04-10,390.8888888888889,358.32940673828125,2024-04-09,745.5388793945312
2023-04-11,390.2962962962963,355.43927001953125,2024-04-10,750.2055053710938
2023-04-12,390.2962962962963,360.3309020996094,2024-04-11,747.8526611328125
2023-04-13,390.2962962962963,366.2868347167969,2024-04-12,740.0254516601562
2023-04-14,392.25,365.87677001953125,2024-04-15,739.1690063476562
2023-04-17,392.25,363.552978515625,2024-04-16,735.201171875
2023-04-18,392.25,361.17059326171875,2024-04-17,739.1690063476562
2023-04-19,392.25,361.71734619140625,2024-04-18,734.4234008789062
2023-04-20,392.25,365.954833984375,2024-04-19,715.0869140625
2023-04-21,392.25,376.1383972167969,2024-04-22,720.029296875
2023-04-24,392.25,374.2930603027344,2024-04-23,734.1674194335938
2023-04-25,392.25,375.74786376953125,2024-04-24,720.8859252929688
2023-04-26,392.25,367.38031005859375,2024-04-25,713.6691284179688
2023-04-27,392.25,381.127685546875,2024-04-26,722.1756591796875
2023-04-28,401.09090909090907,386.5074768066406,2024-04-29,725.8085327148438
2023-05-01,403.25714285714287,396.2224426269531,2024-04-30,769.0301513671875
2023-05-02,404.16129032258067,394.6504821777344,2024-05-01,764.7474365234375
2023-05-03,404.16129032258067,421.0027770996094,2024-05-02,744.2294311523438
2023-05-04,411.7352941176471,418.3177490234375,2024-05-03,723.6129760742188
2023-05-05,411.7352941176471,417.70263671875,2024-05-06,754.8330688476562
2023-05-08,414.72727272727275,422.4966735839844,2024-05-07,765.7516479492188
2023-05-09,414.72727272727275,418.25921630859375,2024-05-08,763.0244750976562
2023-05-10,414.72727272727275,425.62109375,2024-05-09,759.6278076171875
2023-05-11,414.72727272727275,425.259765625,2024-05-10,748.2562255859375
2023-05-12,414.72727272727275,425.2696228027344,2024-05-13,745.9918212890625
2023-05-15,417.44117647058823,425.3479309082031,2024-05-14,752.1747436523438
2023-05-16,417.44117647058823,427.4427795410156,2024-05-15,776.1795654296875
2023-05-17,416.8787878787879,428.24554443359375,2024-05-16,760.4984741210938
2023-05-18,417.5625,428.6566162109375,2024-05-17,759.393798828125
2023-05-19,417.5625,433.052001953125,2024-05-20,772.3923950195312
2023-05-22,421.0,424.8388977050781,2024-05-21,792.1069946289062
2023-05-23,423.3939393939394,414.2862243652344,2024-05-22,791.8506469726562
2023-05-24,425.6470588235294,416.7922058105469,2024-05-23,797.3143310546875
2023-05-25,425.6470588235294,418.29974365234375,2024-05-24,796.3082885742188
2023-05-26,429.3611111111111,416.81182861328125,2024-05-28,796.7324829101562
2023-05-30,429.3611111111111,418.231201171875,2024-05-29,800.3519287109375
2023-05-31,429.3611111111111,420.4044189453125,2024-05-30,803.8331909179688
2023-06-01,429.3611111111111,427.2861328125,2024-05-31,809.0405883789062
2023-06-02,429.3611111111111,433.0030212402344,2024-06-03,819.81005859375
2023-06-05,429.72727272727275,434.8923645019531,2024-06-04,821.121826171875
2023-06-06,430.625,433.72747802734375,2024-06-05,820.30322265625
2023-06-07,432.4193548387097,427.1686096191406,2024-06-06,825.7570190429688
2023-06-08,432.4193548387097,436.2628479003906,2024-06-07,838.2820434570312
2023-06-09,432.4193548387097,436.63482666015625,2024-06-10,853.0853881835938
2023-06-12,432.4193548387097,435.920166015625,2024-06-11,853.8941040039062
2023-06-13,432.1666666666667,436.3215026855469,2024-06-12,855.3536987304688
2023-06-14,432.58620689655174,438.2793884277344,2024-06-13,871.1629028320312
2023-06-15,433.39285714285717,444.3584289550781,2024-06-14,866.35009765625
2023-06-16,433.39285714285717,438.2695617675781,2024-06-17,872.81982421875
2023-06-20,435.17241379310343,442.420166015625,2024-06-20,873.7862548828125
2023-06-21,435.17241379310343,443.4480285644531,2024-06-20,873.7862548828125
2023-06-22,435.17241379310343,448.0293273925781,2024-06-21,871.7053833007812
2023-06-23,435.17241379310343,449.1649169921875,2024-06-24,877.8495483398438
2023-06-26,435.17241379310343,443.2130432128906,2024-06-25,892.1497802734375
2023-06-27,438.7096774193548,454.70556640625,2024-06-26,888.8458862304688
2023-06-28,438.7096774193548,449.02777099609375,2024-06-27,896.518798828125
2023-06-29,438.7096774193548,454.69573974609375,2024-06-28,892.9091796875
2023-06-30,438.7096774193548,459.0910949707031,2024-07-01,901.775390625
2023-07-03,440.0,451.69049072265625,2024-07-02,894.2208862304688
2023-07-05,440.0,455.8802795410156,2024-07-05,901.97265625
2023-07-06,440.0,453.4427490234375,2024-07-05,901.97265625
2023-07-07,440.0,442.5474548339844,2024-07-08,905.3553466796875
2023-07-10,440.0,443.60467529296875,2024-07-09,919.6557006835938
2023-07-11,443.5806451612903,430.1250305175781,2024-07-10,926.8353881835938
2023-07-12,443.5806451612903,431.3094787597656,2024-07-11,921.2730712890625
2023-07-13,446.90625,425.533935546875,2024-07-12,935.336669921875
2023-07-14,450.3333333333333,439.98272705078125,2024-07-15,937.3682861328125
2023-07-17,453.2647058823529,437.71160888671875,2024-07-16,928.6303100585938
2023-07-18,453.2647058823529,441.68597412109375,2024-07-17,893.1163330078125
2023-07-19,453.2647058823529,443.9961853027344,2024-07-18,837.207275390625
2023-07-20,455.3142857142857,454.0399169921875,2024-07-19,845.6590576171875
2023-07-21,457.4594594594595,452.2973937988281,2024-07-22,854.0419921875
2023-07-24,457.4594594594595,449.634765625,2024-07-23,866.1922607421875
2023-07-25,457.4594594594595,447.892333984375,2024-07-24,848.0358276367188
2023-07-26,459.2368421052632,444.0256042480469,2024-07-25,809.8787841796875
2023-07-27,459.2368421052632,445.39605712890625,2024-07-26,793.5370483398438
2023-07-28,460.53846153846155,448.8124694824219,2024-07-29,796.663330078125
2023-07-31,460.53846153846155,444.9653625488281,2024-07-30,779.3255004882812
2023-08-01,460.53846153846155,443.5361633300781,2024-07-31,793.1920166015625
2023-08-02,460.53846153846155,444.8968200683594,2024-08-01,820.9738159179688
2023-08-03,463.4054054054054,439.68902587890625,2024-08-02,793.3792114257812
2023-08-04,463.4054054054054,440.0120544433594,2024-08-05,764.5814819335938
2023-08-07,463.4054054054054,444.5052490234375,2024-08-06,782.2545776367188
2023-08-08,467.39473684210526,510.6015625,2024-08-07,761.5045166015625
2023-08-09,491.5833333333333,515.1339111328125,2024-08-08,833.6665649414062
2023-08-10,491.14285714285717,510.34710693359375,2024-08-09,879.3978881835938
2023-08-11,491.14285714285717,517.1406860351562,2024-08-12,872.1984252929688
2023-08-14,491.14285714285717,527.78466796875,2024-08-13,895.5423583984375
2023-08-15,491.14285714285717,536.2410278320312,2024-08-14,918.8468627929688
2023-08-16,495.5833333333333,535.8680419921875,2024-08-15,920.0321044921875
2023-08-17,495.5833333333333,527.4510498046875,2024-08-16,910.6893310546875
2023-08-18,495.5833333333333,536.0545654296875,2024-08-19,910.3831176757812
2023-08-21,495.5833333333333,539.6058959960938,2024-08-20,938.1940307617188
2023-08-22,498.3265306122449,543.1473388671875,2024-08-21,940.169189453125
2023-08-23,498.3265306122449,542.85302734375,2024-08-22,942.3419799804688
2023-08-24,498.3265306122449,537.5947265625,2024-08-23,940.9298095703125
2023-08-25,498.3265306122449,543.1375732421875,2024-08-26,938.7471923828125
2023-08-28,498.3265306122449,543.4024047851562,2024-08-27,942.648193359375
2023-08-29,499.4583333333333,543.3828735351562,2024-08-28,937.1768188476562
2023-08-30,499.4583333333333,537.5850219726562,2024-08-29,928.5452880859375
2023-08-31,502.4255319148936,543.6771240234375,2024-08-30,948.1195068359375
2023-09-01,502.4255319148936,546.5318603515625,2024-09-03,944.6728515625
2023-09-05,514.5714285714286,547.59130859375,2024-09-04,934.5795288085938
2023-09-06,514.5714285714286,549.31787109375,2024-09-05,901.4354858398438
2023-09-07,514.5714285714286,562.3458251953125,2024-09-06,891.5198974609375
2023-09-08,514.5714285714286,575.3247680664062,2024-09-09,897.0110473632812
2023-09-11,517.4791666666666,584.2518310546875,2024-09-10,890.0780639648438
2023-09-12,517.4791666666666,587.920654296875,2024-09-11,909.4744873046875
2023-09-13,517.4791666666666,587.5087890625,2024-09-12,923.429443359375
2023-09-14,517.4791666666666,580.376708984375,2024-09-13,912.2596435546875
2023-09-15,517.4791666666666,564.7296142578125,2024-09-16,912.0917358398438
2023-09-18,517.4791666666666,560.4328002929688,2024-09-17,894.9469604492188
2023-09-19,517.4791666666666,564.0428466796875,2024-09-18,893.7518310546875
2023-09-20,517.4791666666666,558.823974609375,2024-09-19,903.697021484375
2023-09-21,517.4791666666666,539.6844482421875,2024-09-20,910.067138671875
2023-09-22,517.4791666666666,540.08642578125,2024-09-23,907.1338500976562
2023-09-25,517.4791666666666,541.80322265625,2024-09-24,912.970703125
2023-09-26,517.4791666666666,539.566650390625,2024-09-25,913.09912109375
2023-09-27,517.4791666666666,539.3212890625,2024-09-26,898.0480346679688
2023-09-28,517.4791666666666,534.1121826171875,2024-09-27,866.9088134765625
2023-09-29,517.4791666666666,526.9312133789062,2024-09-30,874.9578247070312
2023-10-02,524.1458333333334,528.0690307617188,2024-10-01,873.5159301757812
2023-10-03,524.1458333333334,515.2179565429688,2024-10-02,880.024169921875
2023-10-04,524.1458333333334,521.3688354492188,2024-10-03,874.5725708007812
2023-10-05,524.1458333333334,531.1986083984375,2024-10-04,876.1627807617188
2023-10-06,524.1458333333334,554.4876708984375,2024-10-07,887.263427734375
2023-10-09,533.3125,560.9036865234375,2024-10-08,902.3934326171875
2023-10-10,533.3125,568.310302734375,2024-10-09,908.3388061523438
2023-10-11,536.1632653061224,593.7871704101562,2024-10-10,899.4010009765625
2023-10-12,538.0625,598.9080200195312,2024-10-11,920.5060424804688
2023-10-13,538.0625,597.6327514648438,2024-10-14,917.9877319335938
2023-10-16,538.0625,604.9314575195312,2024-10-15,901.9984741210938
2023-10-17,538.0625,596.7595825195312,2024-10-16,905.0599365234375
2023-10-18,538.0625,595.7099609375,2024-10-17,905.7512817382812
2023-10-19,538.0625,579.5821533203125,2024-10-18,906.5907592773438
2023-10-20,538.0625,573.5391845703125,2024-10-21,894.8975830078125
2023-10-23,542.64,565.7008666992188,2024-10-22,897.8800659179688
2023-10-24,542.64,581.1812133789062,2024-10-23,892.0532836914062
2023-10-25,542.64,575.3247680664062,2024-10-24,880.2710571289062
2023-10-26,552.8666666666667,557.313232421875,2024-10-25,881.6340942382812
2023-10-27,552.8666666666667,549.592529296875,2024-10-28,884.48828125
2023-10-30,558.1627906976744,554.968505859375,2024-10-29,892.3792114257812
2023-10-31,558.1627906976744,543.4121704101562,2024-10-30,836.3326416015625
2023-11-01,563.275,543.9322509765625,2024-10-31,819.4544067382812
2023-11-02,563.275,569.2716064453125,2024-11-01,808.7784423828125
2023-11-03,567.1463414634146,557.0286254882812,2024-11-04,796.1471557617188
2023-11-06,567.1463414634146,583.8888549804688,2024-11-05,796.0680541992188
2023-11-07,567.1463414634146,588.538818359375,2024-11-06,766.7559814453125
2023-11-08,567.1463414634146,607.374267578125,2024-11-07,787.5648193359375
2023-11-09,566.3809523809524,580.0922241210938,2024-11-08,821.2321166992188
2023-11-10,566.3809523809524,586.36083984375,2024-11-11,822.1209716796875
2023-11-13,567.829268292683,601.0761108398438,2024-11-12,808.7092895507812
2023-11-14,567.829268292683,600.3291625976562,2024-11-13,801.7467041015625
2023-11-15,569.3095238095239,578.4317626953125,2024-11-14,776.4837646484375
2023-11-16,569.3095238095239,578.6383056640625,2024-11-15,738.170654296875
2023-11-17,570.7209302325581,581.5474243164062,2024-11-18,719.375
2023-11-20,575.8571428571429,587.336181640625,2024-11-19,721.8777465820312
2023-11-21,577.7073170731708,582.422119140625,2024-11-20,745.3029174804688
2023-11-22,577.7073170731708,584.869384765625,2024-11-21,741.8505249023438
2023-11-24,582.0769230769231,590.7760620117188,2024-11-25,746.8758544921875
2023-11-27,582.0769230769231,581.3704833984375,2024-11-26,780.8265991210938
2023-11-28,582.0769230769231,581.439208984375,2024-11-27,779.708740234375
2023-11-29,583.775,581.69482421875,2024-11-29,786.791748046875
2023-11-30,583.775,580.8888549804688,2024-11-29,786.791748046875
2023-12-01,583.775,574.0090942382812,2024-12-02,791.1937255859375
2023-12-04,583.775,575.6209106445312,2024-12-03,804.5782470703125
2023-12-05,583.775,578.0484619140625,2024-12-04,820.9105834960938
2023-12-06,583.775,579.1295776367188,2024-12-05,816.7360229492188
2023-12-07,583.775,578.1665649414062,2024-12-06,817.8142700195312
2023-12-08,583.775,587.7783813476562,2024-12-09,794.9331665039062
2023-12-11,583.775,574.0090942382812,2024-12-10,790.9761352539062
2023-12-12,583.775,574.7167358398438,2024-12-11,787.4644165039062
2023-12-13,583.775,587.2379760742188,2024-12-12,773.9315185546875
2023-12-14,583.775,563.817138671875,2024-12-13,780.6287841796875
2023-12-15,583.775,562.2152099609375,2024-12-16,770.6176147460938
2023-12-18,586.3076923076923,569.8025512695312,2024-12-17,770.24169921875
2023-12-19,586.3076923076923,569.851806640625,2024-12-18,756.4813842773438
2023-12-20,586.3076923076923,560.4166870117188,2024-12-19,749.3884887695312
2023-12-21,586.9,562.1759033203125,2024-12-20,759.49853515625
2023-12-22,586.9,560.5936279296875,2024-12-23,787.7117309570312
2023-12-26,592.0,560.86865234375,2024-12-26,785.5947875976562
2023-12-27,592.0,571.5225830078125,2024-12-26,785.5947875976562
2023-12-28,592.0,570.8739013671875,2024-12-27,774.7427368164062
2023-12-29,592.0,572.9083251953125,2024-12-30,765.5132446289062
2024-01-02,592.0,582.029052734375,2025-01-02,769.6976928710938
2024-01-03,592.0,607.0910034179688,2025-01-02,769.6976928710938
2024-01-04,592.0,603.9459838867188,2025-01-03,773.5655517578125
2024-01-05,592.0,607.9263305664062,2025-01-06,756.8672485351562
2024-01-08,593.1081081081081,615.2779541015625,2025-01-07,764.968994140625
2024-01-09,593.1081081081081,614.7373657226562,2025-01-08,778.7490844726562
2024-01-10,594.3055555555555,619.3665161132812,2025-01-10,791.2927856445312
2024-01-11,595.2857142857143,624.8013916015625,2025-01-10,791.2927856445312
2024-01-12,595.2857142857143,631.8779296875,2025-01-13,788.898681640625
2024-01-16,596.6176470588235,623.6712036132812,2025-01-15,738.7047729492188
2024-01-17,598.7878787878788,618.1084594726562,2025-01-16,749.4479370117188
2024-01-18,605.483870967742,612.64404296875,2025-01-17,717.9109497070312
2024-01-19,605.483870967742,617.7842407226562,2025-01-21,734.3618774414062
2024-01-22,605.483870967742,620.0446166992188,2025-01-21,734.3618774414062
2024-01-23,611.09375,618.8652954101562,2025-01-22,745.8668212890625
2024-01-24,613.7878787878788,622.8162231445312,2025-01-23,758.3511352539062
2024-01-25,617.03125,616.8405151367188,2025-01-24,776.9586181640625
2024-01-26,617.03125,628.270751953125,2025-01-27,799.4736938476562
2024-01-29,617.03125,633.922119140625,2025-01-28,796.3280029296875
2024-01-30,617.03125,633.9025268554688,2025-01-29,795.427734375
2024-01-31,617.03125,634.5216674804688,2025-01-30,814.3717041015625
2024-02-01,617.4242424242424,649.0870361328125,2025-01-31,802.3524169921875
2024-02-02,617.4242424242424,656.1832275390625,2025-02-03,801.7094116210938
2024-02-05,617.8787878787879,694.071044921875,2025-02-04,817.1810913085938
2024-02-06,647.8,692.9212036132812,2025-02-05,833.1177978515625
2024-02-07,685.5172413793103,712.9215087890625,2025-02-06,861.0043334960938
2024-02-08,685.5172413793103,723.0447387695312,2025-02-07,868.8590087890625
2024-02-09,685.5172413793103,727.4476928710938,2025-02-10,859.5304565429688
2024-02-12,685.5172413793103,724.5975952148438,2025-02-11,855.6922607421875
2024-02-13,685.5172413793103,730.2095336914062,2025-02-12,863.5764770507812
2024-02-14,689.8333333333334,745.6078491210938,2025-02-13,862.4784545898438
2024-02-15,689.8333333333334,746.070556640625,2025-02-14,836.624755859375
2024-02-16,698.2258064516129,769.975341796875,2025-02-18,849.4376220703125
2024-02-20,704.1935483870968,743.9832763671875,2025-02-19,859.1983642578125
2024-02-21,707.8125,734.3839111328125,2025-02-20,865.2135009765625
2024-02-22,707.8125,757.7472534179688,2025-02-21,865.7683715820312
2024-02-23,707.8125,757.6488037109375,2025-02-24,873.41845703125
2024-02-26,707.8125,759.9920654296875,2025-02-25,893.6337280273438
2024-02-27,707.8125,753.1790161132812,2025-02-26,906.7241821289062
2024-02-28,707.8125,745.9327392578125,2025-02-27,896.9632568359375
2024-02-29,707.8125,742.033935546875,2025-02-28,912.293212890625
2024-03-01,716.6666666666666,770.0344848632812,2025-03-03,921.3008422851562
2024-03-04,725.3333333333334,780.0374755859375,2025-03-04,902.8098754882812
2024-03-05,725.3333333333334,765.574462890625,2025-03-05,921.3008422851562
2024-03-06,725.3333333333334,767.720703125,2025-03-06,904.4945068359375
2024-03-07,725.3333333333334,768.1047973632812,2025-03-07,861.70556640625
2024-03-08,725.3333333333334,750.36328125,2025-03-10,822.2462158203125
2024-03-11,725.3333333333334,723.0223388671875,2025-03-11,816.59765625
2024-03-12,725.3333333333334,743.2843627929688,2025-03-12,814.4175415039062
2024-03-13,725.3333333333334,746.129638671875,2025-03-13,794.390625
2024-03-14,725.3333333333334,748.9749755859375,2025-03-14,806.113525390625
2024-03-15,729.3548387096774,742.5162963867188,2025-03-17,817.291259765625
2024-03-18,729.3548387096774,750.875244140625,2025-03-18,815.0617065429688
2024-03-19,729.3548387096774,760.8388671875,2025-03-19,829.430419921875
2024-03-20,729.3548387096774,760.91748046875,2025-03-20,834.9401245117188
2024-03-21,729.3548387096774,758.357666015625,2025-03-21,829.9853515625
2024-03-22,733.125,758.7023315429688,2025-03-24,857.06787109375
2024-03-25,733.125,761.1932983398438,2025-03-25,844.6314086914062
2024-03-26,733.125,762.926025390625,2025-03-26,819.273193359375
2024-03-27,733.125,766.1553955078125,2025-03-27,814.2293701171875
2024-03-28,733.125,765.9387817382812,2025-03-28,815.0617065429688
2024-04-01,738.90625,748.7977905273438,2025-04-01,797.938232421875
2024-04-02,743.6363636363636,752.1550903320312,2025-04-02,810.810546875
2024-04-03,743.6363636363636,763.9992065429688,2025-04-03,781.9444580078125
2024-04-04,743.6363636363636,756.2113037109375,2025-04-04,731.525146484375
2024-04-05,745.7352941176471,772.0921020507812,2025-04-07,717.17626953125
2024-04-08,752.34375,765.279052734375,2025-04-08,719.6635131835938
2024-04-09,754.9032258064516,745.5388793945312,2025-04-09,746.884765625
2024-04-10,754.9032258064516,750.2055053710938,2025-04-10,714.3817138671875
2024-04-11,753.90625,747.8526611328125,2025-04-11,725.7775268554688
2024-04-12,753.90625,740.0254516601562,2025-04-14,747.5189208984375
2024-04-15,755.7575757575758,739.1690063476562,2025-04-15,750.3233642578125
2024-04-16,755.7575757575758,735.201171875,2025-04-16,728.2451782226562
2024-04-17,755.7575757575758,739.1690063476562,2025-04-17,832.353759765625
2024-04-18,757.5,734.4234008789062,2025-04-21,810.6124267578125
2024-04-19,757.5,715.0869140625,2025-04-21,810.6124267578125
2024-04-22,764.0625,720.029296875,2025-04-22,820.0462036132812
2024-04-23,764.0625,734.1674194335938,2025-04-23,821.9091796875
2024-04-24,764.0625,720.8859252929688,2025-04-24,851.9446411132812
2024-04-25,764.0625,713.6691284179688,2025-04-25,876.530029296875
2024-04-26,764.0625,722.1756591796875,2025-04-28,869.3456420898438
2024-04-29,764.0625,725.8085327148438,2025-04-29,877.1840209960938
2024-04-30,767.7272727272727,769.0301513671875,2025-04-30,890.8095703125
2024-05-01,784.1351351351351,764.7474365234375,2025-05-01,786.908935546875
2024-05-02,785.8611111111111,744.2294311523438,2025-05-02,816.1616821289062
2024-05-03,785.8611111111111,723.6129760742188,2025-05-05,814.0213623046875
2024-05-06,785.8611111111111,754.8330688476562,2025-05-06,768.1008911132812
2024-05-07,785.8611111111111,765.7516479492188,2025-05-07,769.6863403320312
2024-05-08,793.0285714285715,763.0244750976562,2025-05-08,744.6452026367188
2024-05-09,793.0285714285715,759.6278076171875,2025-05-09,727.9181518554688
2024-05-10,793.0285714285715,748.2562255859375,2025-05-12,748.7279663085938
2024-05-13,793.0285714285715,745.9918212890625,2025-05-13,739.3040161132812
2024-05-14,799.0285714285715,752.1747436523438,2025-05-14,709.0802001953125
2024-05-15,799.0285714285715,776.1795654296875,2025-05-15,726.649658203125
2024-05-16,804.0,760.4984741210938,2025-05-16,752.0698852539062
2024-05-17,804.0,759.393798828125,2025-05-19,749.8058471679688
2024-05-20,809.2727272727273,772.3923950195312,2025-05-20,741.7627563476562
2024-05-21,809.2727272727273,792.1069946289062,2025-05-21,719.857666015625
2024-05-22,809.2727272727273,791.8506469726562,2025-05-22,710.1762084960938
2024-05-23,809.2727272727273,797.3143310546875,2025-05-23,708.6967163085938
2024-05-24,809.2727272727273,796.3082885742188,2025-05-27,720.1257934570312
2024-05-28,814.25,796.7324829101562,2025-05-28,714.3368530273438
2024-05-29,814.25,800.3519287109375,2025-05-29,717.4944458007812
2024-05-30,814.25,803.8331909179688,2025-05-30,732.48828125
2024-05-31,814.25,809.0405883789062,2025-06-02,741.8719482421875
2024-06-03,814.25,819.81005859375,2025-06-03,745.50634765625
2024-06-04,814.25,821.121826171875,2025-06-04,760.4605102539062
2024-06-05,814.25,820.30322265625,2025-06-05,760.3016357421875
2024-06-06,814.25,825.7570190429688,2025-06-06,764.4721069335938
2024-06-07,818.5757575757576,838.2820434570312,2025-06-09,768.2752075195312
2024-06-10,818.5757575757576,853.0853881835938,2025-06-10,801.52001953125
2024-06-11,820.5294117647059,853.8941040039062,2025-06-11,802.9300537109375
2024-06-12,822.3714285714286,855.3536987304688,2025-06-12,806.3261108398438
2024-06-13,822.3714285714286,871.1629028320312,2025-06-13,813.6044921875
2024-06-14,822.3714285714286,866.35009765625,2025-06-16,801.9072875976562
2024-06-17,824.1111111111111,872.81982421875,2025-06-17,785.6820678710938
2024-06-18,824.1111111111111,879.1809692382812,2025-06-18,779.5157470703125
2024-06-20,831.75,873.7862548828125,2025-06-20,757.372314453125
2024-06-21,831.75,871.7053833007812,2025-06-23,765.226806640625
2024-06-24,842.1282051282051,877.8495483398438,2025-06-24,772.614501953125
2024-06-25,847.0243902439024,892.1497802734375,2025-06-25,786.734619140625
2024-06-26,847.9285714285714,888.8458862304688,2025-06-26,789.5347900390625
2024-06-27,847.9285714285714,896.518798828125,2025-06-27,770.0030517578125
2024-06-28,847.9285714285714,892.9091796875,2025-06-30,774.0543823242188
2024-07-01,848.7906976744187,901.775390625,2025-07-01,770.4498291015625
2024-07-02,848.7906976744187,894.2208862304688,2025-07-02,773.80615234375
2024-07-03,852.25,885.7294921875,2025-07-03,775.186279296875
2024-07-05,856.0444444444445,901.97265625,2025-07-07,767.4410400390625
2024-07-08,856.0444444444445,905.3553466796875,2025-07-08,772.1974487304688
2024-07-09,856.0444444444445,919.6557006835938,2025-07-09,781.3924560546875
2024-07-10,859.7173913043479,926.8353881835938,2025-07-10,785.09619140625
2024-07-11,865.5625,921.2730712890625,2025-07-11,787.4396362304688
2024-07-12,865.5625,935.336669921875,2025-07-14,793.7252197265625
2024-07-15,865.9591836734694,937.3682861328125,2025-07-15,766.3289794921875
2024-07-16,865.9591836734694,928.6303100585938,2025-07-16,784.2521362304688
2024-07-17,865.9591836734694,893.1163330078125,2025-07-17,756.1510009765625
2024-07-18,865.9591836734694,837.207275390625,2025-07-18,766.2892456054688
2024-07-19,865.9591836734694,845.6590576171875,2025-07-21,756.8262329101562
2024-07-22,874.936170212766,854.0419921875,2025-07-22,770.9860229492188
2024-07-23,878.7391304347826,866.1922607421875,2025-07-23,793.2783813476562
2024-07-24,878.8723404255319,848.0358276367188,2025-07-24,799.7723388671875
2024-07-25,878.8723404255319,809.8787841796875,2025-07-25,806.9814453125
2024-07-26,878.8723404255319,793.5370483398438,2025-07-28,802.4335327148438
2024-07-29,878.8723404255319,796.663330078125,2025-07-29,757.5908203125
2024-07-30,878.8723404255319,779.3255004882812,2025-07-30,754.740966796875
2024-07-31,884.2826086956521,793.1920166015625,2025-07-31,734.8715209960938
2024-08-01,884.2826086956521,820.9738159179688,2025-08-01,756.9751586914062
2024-08-02,884.2826086956521,793.3792114257812,2025-08-04,763.5982666015625
2024-08-05,892.8,764.5814819335938,2025-08-05,760.5697021484375
2024-08-06,900.525,782.2545776367188,2025-08-06,741.1272583007812
2024-08-07,900.525,761.5045166015625,2025-08-07,636.3583374023438
2024-08-08,900.525,833.6665649414062,2025-08-08,621.2552490234375
2024-08-09,912.7209302325581,879.3978881835938,2025-08-11,630.7579345703125
2024-08-12,915.2727272727273,872.1984252929688,2025-08-12,634.9383544921875
2024-08-13,917.6046511627907,895.5423583984375,2025-08-13,655.8505859375
2024-08-14,920.6136363636364,918.8468627929688,2025-08-14,679.622314453125
2024-08-15,919.9302325581396,920.0321044921875,2025-08-15,697.8336791992188
2024-08-16,922.4318181818181,910.6893310546875,2025-08-18,694.6690673828125
2024-08-19,924.0227272727273,910.3831176757812,2025-08-19,699.8041381835938
2024-08-20,926.4418604651163,938.1940307617188,2025-08-20,702.0233154296875
2024-08-21,926.4418604651163,940.169189453125,2025-08-21,706.382080078125
2024-08-22,926.4418604651163,942.3419799804688,2025-08-22,708.2330932617188
2024-08-23,926.4418604651163,940.9298095703125,2025-08-25,691.9622802734375
2024-08-26,926.4418604651163,938.7471923828125,2025-08-26,732.4652099609375
2024-08-27,930.5227272727273,942.648193359375,2025-08-27,730.6141967773438
2024-08-28,930.5227272727273,937.1768188476562,2025-08-28,728.4149169921875
2024-08-29,928.9069767441861,928.5452880859375,2025-08-29,729.0319213867188
2024-08-30,928.9069767441861,948.1195068359375,2025-09-02,731.6292114257812
2024-09-03,928.9069767441861,944.6728515625,2025-09-03,734.2564697265625
2024-09-04,928.9069767441861,934.5795288085938,2025-09-04,739.3118286132812
2024-09-05,928.9069767441861,901.4354858398438,2025-09-05,723.6878662109375
2024-09-06,928.9069767441861,891.5198974609375,2025-09-08,735.0625
2024-09-09,927.9090909090909,897.0110473632812,2025-09-09,746.974609375
2024-09-10,927.9090909090909,890.0780639648438,2025-09-10,750.965087890625
2024-09-11,927.9090909090909,909.4744873046875,2025-09-11,752.6170654296875
2024-09-12,929.7209302325581,923.429443359375,2025-09-12,751.7313842773438
2024-09-13,933.5909090909091,912.2596435546875,2025-09-15,744.5662841796875
2024-09-16,932.5111111111111,912.0917358398438,2025-09-16,761.0062866210938
2024-09-17,932.5111111111111,894.9469604492188,2025-09-17,756.4484252929688
2024-09-18,932.5111111111111,893.7518310546875,2025-09-18,759.2349243164062
2024-09-19,934.3863636363636,903.697021484375,2025-09-19,748.3478393554688
2024-09-20,934.3863636363636,910.067138671875,2025-09-22,751.2935180664062
2024-09-23,934.3863636363636,907.1338500976562,2025-09-23,743.362060546875
2024-09-24,934.3863636363636,912.970703125,2025-09-24,738.2568969726562
2024-09-25,934.3863636363636,913.09912109375,2025-09-25,711.1290283203125
2024-09-26,934.3863636363636,898.0480346679688,2025-09-26,721.03076171875
2024-09-27,934.3863636363636,866.9088134765625,2025-09-29,722.9913330078125
2024-09-30,938.1666666666666,874.9578247070312,2025-09-30,759.3045654296875
2024-10-01,938.1666666666666,873.5159301757812,2025-10-01,821.4221801757812
2024-10-02,938.1666666666666,880.024169921875,2025-10-02,815.879150390625
2024-10-03,943.1666666666666,874.5725708007812,2025-10-03,835.8021850585938
2024-10-04,943.1666666666666,876.1627807617188,2025-10-06,840.9571533203125
2024-10-07,943.1666666666666,887.263427734375,2025-10-07,839.5440673828125
2024-10-08,943.1666666666666,902.3934326171875,2025-10-08,841.6238403320312
2024-10-09,948.5365853658536,908.3388061523438,2025-10-09,851.2072143554688
2024-10-10,950.547619047619,899.4010009765625,2025-10-10,829.4530639648438
2024-10-11,950.547619047619,920.5060424804688,2025-10-13,815.431396484375
2024-10-14,953.8536585365854,917.9877319335938,2025-10-14,808.41552734375
2024-10-15,953.8536585365854,901.9984741210938,2025-10-15,822.5667114257812
2024-10-16,957.325,905.0599365234375,2025-10-16,815.4114379882812
2024-10-17,960.8048780487804,905.7512817382812,2025-10-17,798.941650390625
2024-10-18,960.8048780487804,906.5907592773438,2025-10-20,805.0419921875
2024-10-21,960.8048780487804,894.8975830078125,2025-10-21,795.6973876953125
2024-10-22,960.8048780487804,897.8800659179688,2025-10-22,808.4950561523438
2024-10-23,960.8048780487804,892.0532836914062,2025-10-23,817.0634155273438
2024-10-24,960.8048780487804,880.2710571289062,2025-10-24,821.4520263671875
2024-10-25,967.6904761904761,881.6340942382812,2025-10-27,822.4073486328125
2024-10-28,969.7073170731708,884.48828125,2025-10-28,816.1279296875
2024-10-29,975.1351351351351,892.3792114257812,2025-10-29,809.58984375
2024-10-30,975.1351351351351,836.3326416015625,2025-10-30,840.4097900390625
2024-10-31,978.3333333333334,819.4544067382812,2025-10-31,858.680908203125
2024-11-01,978.3333333333334,808.7784423828125,2025-11-03,892.1878662109375
2024-11-04,979.25,796.1471557617188,2025-11-04,902.4677124023438
2024-11-05,979.25,796.0680541992188,2025-11-05,921.3259887695312
2024-11-06,979.25,766.7559814453125,2025-11-06,932.8997192382812
2024-11-07,979.25,787.5648193359375,2025-11-07,919.8930053710938
2024-11-08,979.25,821.2321166992188,2025-11-10,961.958251953125
2024-11-11,982.8205128205128,822.1209716796875,2025-11-11,983.8317260742188
2024-11-12,982.8205128205128,808.7092895507812,2025-11-12,1012.8505859375
2024-11-13,982.8205128205128,801.7467041015625,2025-11-13,1017.9158935546875
2024-11-14,982.8205128205128,776.4837646484375,2025-11-14,1021.8126831054688
2024-11-15,983.25,738.170654296875,2025-11-17,1018.2448120117188
2024-11-18,983.25,719.375,2025-11-18,1026.5665283203125
2024-11-19,983.25,721.8777465820312,2025-11-19,1046.0504150390625
2024-11-20,983.25,745.3029174804688,2025-11-20,1039.76171875
2024-11-21,983.25,741.8505249023438,2025-11-21,1056.1162109375
2024-11-22,983.25,739.9610595703125,2025-11-24,1066.5408935546875
2024-11-25,983.25,746.8758544921875,2025-11-25,1106.186279296875
2024-11-26,983.25,780.8265991210938,2025-11-26,1100.605224609375
2024-11-27,983.25,779.708740234375,2025-11-28,1071.8328857421875
2024-11-29,983.25,786.791748046875,2025-12-01,1054.3123779296875
2024-12-02,983.25,791.1937255859375,2025-12-02,1042.582275390625
2024-12-03,983.25,804.5782470703125,2025-12-03,1030.064697265625
2024-12-04,983.25,820.9105834960938,2025-12-04,1011.0591430664062
2024-12-05,983.9230769230769,816.7360229492188,2025-12-05,1006.893310546875
2024-12-06,983.9230769230769,817.8142700195312,2025-12-08,994.21630859375
2024-12-09,986.5263157894736,794.9331665039062,2025-12-09,978.8982543945312
2024-12-10,989.2702702702703,790.9761352539062,2025-12-10,990.2796630859375
2024-12-11,989.2702702702703,787.4644165039062,2025-12-11,1005.9664306640625
2024-12-12,989.2702702702703,773.9315185546875,2025-12-12,1024.03515625
2024-12-13,989.2702702702703,780.6287841796875,2025-12-15,1058.5977783203125
2024-12-16,992.1666666666666,770.6176147460938,2025-12-16,1050.724609375
2024-12-17,992.1666666666666,770.24169921875,2025-12-17,1038.266845703125
2024-12-18,995.2285714285714,756.4813842773438,2025-12-18,1053.3057861328125
2024-12-19,995.2285714285714,749.3884887695312,2025-12-19,1067.8165283203125
2024-12-20,995.2285714285714,759.49853515625,2025-12-22,1072.8394775390625
2024-12-23,1001.6,787.7117309570312,2025-12-23,1068.015869140625
2024-12-24,1005.6206896551724,787.1082763671875,2025-12-24,1073.3377685546875
2024-12-26,1005.6206896551724,785.5947875976562,2025-12-26,1074.105224609375
2024-12-27,1005.6206896551724,774.7427368164062,2025-12-29,1075.081787109375
2024-12-30,1009.9285714285714,765.5132446289062,2025-12-30,1076.0985107421875
2024-12-31,1010.2592592592592,763.6929321289062,2025-12-31,1071.045654296875
2025-01-02,1009.7692307692307,769.6976928710938,2026-01-02,1076.706298828125
2025-01-03,1009.7692307692307,773.5655517578125,2026-01-05,1037.9876708984375
2025-01-06,1009.7692307692307,756.8672485351562,2026-01-06,1060.441650390625
2025-01-07,1009.16,764.968994140625,2026-01-07,1104.3426513671875
2025-01-08,1009.9565217391304,778.7490844726562,2026-01-08,1081.52001953125
2025-01-10,1009.9565217391304,791.2927856445312,2026-01-12,1077.3441162109375
2025-01-13,1015.6363636363636,788.898681640625,2026-01-13,1073.5469970703125
2025-01-14,1015.6363636363636,736.8944702148438,2026-01-14,1069.660400390625
2025-01-15,1015.6363636363636,738.7047729492188,2026-01-15,1029.4765625
2025-01-16,1015.6363636363636,749.4479370117188,2026-01-16,1034.8883056640625
2025-01-17,1015.6363636363636,717.9109497070312,2026-01-20,1037.7685546875
2025-01-21,1021.8571428571429,734.3618774414062,2026-01-21,1074.87255859375
2025-01-22,1021.8571428571429,745.8668212890625,2026-01-22,1083.70263671875
2025-01-23,1021.8571428571429,758.3511352539062,2026-01-23,1060.6907958984375
2025-01-24,1021.8571428571429,776.9586181640625,2026-01-26,1059.156005859375
2025-01-27,1021.8571428571429,799.4736938476562,2026-01-27,1035.99462890625
2025-01-28,1026.9130434782608,796.3280029296875,2026-01-28,1020.337646484375
2025-01-29,1026.9130434782608,795.427734375,2026-01-29,1020.676513671875
2025-01-30,1026.9130434782608,814.3717041015625,2026-01-30,1033.642578125
2025-01-31,1026.9130434782608,802.3524169921875,2026-02-02,1040.5989990234375
2025-02-03,1040.3636363636363,801.7094116210938,2026-02-03,1000.0664672851562
2025-02-04,1040.3636363636363,817.1810913085938,2026-02-04,1103.3758544921875
2025-02-05,1040.3636363636363,833.1177978515625,2026-02-05,1017.3876953125
2025-02-06,1034.842105263158,861.0043334960938,2026-02-06,1054.6014404296875
2025-02-07,1034.842105263158,868.8590087890625,2026-02-09,1041.1370849609375
2025-02-10,1035.388888888889,859.5304565429688,2026-02-10,1021.5336303710938
2025-02-11,1034.5294117647059,855.6922607421875,2026-02-11,1011.7767333984375
2025-02-12,1034.5294117647059,863.5764770507812,2026-02-12,1034.7587890625
2025-02-13,1034.8125,862.4784545898438,2026-02-13,1038.2127685546875
2025-02-14,1034.8125,836.624755859375,2026-02-17,1034.2696533203125
2025-02-18,1044.8,849.4376220703125,2026-02-18,1018.8062133789062
2025-02-19,1044.8,859.1983642578125,2026-02-19,1021.4616088867188
2025-02-20,1044.8,865.2135009765625,2026-02-20,1007.7852172851562
2025-02-21,1044.8,865.7683715820312,2026-02-23,1056.740966796875
2025-02-24,1040.4285714285713,873.41845703125,2026-02-24,1040.359130859375
2025-02-25,1040.4285714285713,893.6337280273438,2026-02-25,1027.06201171875
2025-02-26,1040.4285714285713,906.7241821289062,2026-02-26,1020.2637329101562
2025-02-27,1040.4285714285713,896.9632568359375,2026-02-27,1050.18212890625
2025-02-28,1040.4285714285713,912.293212890625,2026-03-02,1016.2206420898438
2025-03-03,1040.4285714285713,921.3008422851562,2026-03-03,1005.9982299804688
2025-03-04,1040.4285714285713,902.8098754882812,2026-03-04,1001.8453979492188
2025-03-05,1044.4,921.3008422851562,2026-03-05,981.5703125
2025-03-06,1044.4,904.4945068359375,2026-03-06,988.628173828125
2025-03-07,1044.4,861.70556640625,2026-03-09,1006.6571655273438
2025-03-10,1055.7857142857142,822.2462158203125,2026-03-10,999.6292114257812
2025-03-11,1055.7857142857142,816.59765625,2026-03-11,998.121826171875
2025-03-12,1055.7857142857142,814.4175415039062,2026-03-12,975.5706176757812
2025-03-13,1052.3846153846155,794.390625,2026-03-13,983.38720703125
2025-03-14,1052.3846153846155,806.113525390625,2026-03-16,987.4202270507812
2025-03-17,1066.3333333333333,817.291259765625,2026-03-17,928.751220703125
2025-03-18,1066.3333333333333,815.0617065429688,2026-03-18,916.4723510742188
2025-03-19,1066.3333333333333,829.430419921875,2026-03-19,915.92333984375
2025-03-20,1066.3333333333333,834.9401245117188,2026-03-20,905.1419067382812
2025-03-21,1066.3333333333333,829.9853515625,2026-03-23,908.9852294921875
2025-03-24,1066.3333333333333,857.06787109375,2026-03-24,901.4682006835938
2025-03-25,1066.3333333333333,844.6314086914062,2026-03-25,914.7353515625
2025-03-26,1066.3333333333333,819.273193359375,2026-03-26,895.4585571289062
2025-03-27,1066.3333333333333,814.2293701171875,2026-03-27,876.7307739257812
2025-03-28,1066.3333333333333,815.0617065429688,2026-03-30,885.1063842773438
2025-03-31,1066.3333333333333,818.430908203125,2026-03-31,918.189453125
2025-04-01,1066.3333333333333,797.938232421875,2026-04-01,952.8796997070312
2025-04-02,1070.090909090909,810.810546875,2026-04-02,933.9722290039062
2025-04-03,1070.090909090909,781.9444580078125,2026-04-06,925.4668579101562
2025-04-04,1070.090909090909,731.525146484375,2026-04-06,925.4668579101562
2025-04-07,1070.090909090909,717.17626953125,2026-04-07,929.489990234375
2025-04-08,1054.9166666666667,719.6635131835938,2026-04-08,951.6618041992188
2025-04-09,1062.5,746.884765625,2026-04-09,953.5485229492188
2025-04-10,1062.5,714.3817138671875,2026-04-10,937.8555297851562
2025-04-11,1062.5,725.7775268554688,2026-04-13,927.9525756835938
2025-04-14,1052.1538461538462,747.5189208984375,2026-04-14,920.9147338867188
2025-04-15,1052.1538461538462,750.3233642578125,2026-04-15,903.4747924804688
2025-04-16,1048.1666666666667,728.2451782226562,2026-04-16,902.4365234375
2025-04-17,1048.1666666666667,832.353759765625,2026-04-17,925.4369506835938
2025-04-21,1048.1666666666667,810.6124267578125,2026-04-21,901.4682006835938
2025-04-22,1042.5384615384614,820.0462036132812,2026-04-22,919.8964233398438
2025-04-23,1042.5384615384614,821.9091796875,2026-04-23,916.0730590820312
2025-04-24,1025.25,851.9446411132812,2026-04-24,882.4409790039062
2025-04-25,1025.25,876.530029296875,2026-04-27,866.7779541015625
2025-04-28,1000.2307692307693,869.3456420898438,2026-04-28,872.498046875
2025-04-29,1000.2307692307693,877.1840209960938,2026-04-29,849.7472534179688
2025-04-30,993.4545454545455,890.8095703125,2026-04-30,932.993896484375
2025-05-01,993.4545454545455,786.908935546875,2026-05-01,961.674560546875
2025-05-02,998.1666666666666,816.1616821289062,2026-05-04,966.2666625976562
2025-05-05,996.6363636363636,814.0213623046875,2026-05-05,987.170654296875
2025-05-06,996.6363636363636,768.1008911132812,2026-05-06,985.353759765625
2025-05-07,996.6363636363636,769.6863403320312,2026-05-07,973.2846069335938
2025-05-08,996.6363636363636,744.6452026367188,2026-05-08,946.8201293945312
2025-05-09,996.6363636363636,727.9181518554688,2026-05-11,965.3282470703125
2025-05-12,996.6363636363636,748.7279663085938,2026-05-12,988.1689453125
2025-05-13,996.6363636363636,739.3040161132812,2026-05-13,1014.0044555664062
2025-05-14,996.6363636363636,709.0802001953125,2026-05-14,1004.9700317382812
2025-05-15,996.3,726.649658203125,2026-05-15,1004.9199829101562
2025-05-16,996.3,752.0698852539062,2026-05-18,988.0900268554688
2025-05-19,996.3,749.8058471679688,2026-05-19,1021.4099731445312
2025-05-20,996.3,741.7627563476562,2026-05-20,1018.8699951171875
2025-05-21,996.3,719.857666015625,2026-05-21,1041.6500244140625
2025-05-22,996.3,710.1762084960938,2026-05-22,1065.0
2025-05-23,996.3,708.6967163085938,2026-05-26,1064.739990234375
2025-05-27,996.3,720.1257934570312,2026-05-27,1082.9200439453125
2025-05-28,996.3,714.3368530273438,2026-05-28,1126.800048828125
2025-05-29,996.3,717.4944458007812,2026-05-29,1105.0
2025-05-30,996.3,732.48828125,2026-06-01,1082.199951171875
2025-06-02,996.3,741.8719482421875,2026-06-02,1064.1500244140625
2025-06-03,996.3,745.50634765625,2026-06-03,1078.780029296875
2025-06-04,996.3,760.4605102539062,2026-06-04,1125.27001953125
2025-06-05,996.3,760.3016357421875,2026-06-05,1131.4200439453125
2025-06-06,996.3,764.4721069335938,2026-06-08,1149.1500244140625
2025-06-09,996.3,768.2752075195312,2026-06-09,1144.6800537109375
2025-06-10,996.3,801.52001953125,2026-06-10,1136.3699951171875
2025-06-11,996.3,802.9300537109375,2026-06-11,1160.949951171875
2025-06-12,996.3,806.3261108398438,2026-06-12,1133.0
2025-06-13,996.3,813.6044921875,2026-06-15,1129.3499755859375
2025-06-16,996.3,801.9072875976562,2026-06-16,1122.5
2025-06-17,996.3,785.6820678710938,2026-06-17,1112.0
2025-06-18,996.3,779.5157470703125,2026-06-18,1098.5699462890625
2025-06-20,990.8181818181819,757.372314453125,2026-06-22,1102.0799560546875
2025-06-23,990.8181818181819,765.226806640625,2026-06-23,1107.0799560546875
2025-06-24,990.8181818181819,772.614501953125,2026-06-24,1117.260009765625
2025-06-25,990.8181818181819,786.734619140625,2026-06-25,1127.68994140625
2025-06-26,990.8181818181819,789.5347900390625,2026-06-26,1208.1199951171875
2025-06-27,990.8181818181819,770.0030517578125,2026-06-29,1229.9300537109375
2025-06-30,990.8181818181819,774.0543823242188,2026-06-30,1199.4300537109375
2025-07-01,990.8181818181819,770.4498291015625,2026-07-01,1191.739990234375
2025-07-02,990.8181818181819,773.80615234375,2026-07-02,1213.9100341796875
2025-07-03,990.8181818181819,775.186279296875,2026-07-06,1200.06005859375
2025-07-07,990.8181818181819,767.4410400390625,2026-07-07,1235.56005859375
2025-07-08,990.8181818181819,772.1974487304688,2026-07-08,1215.8299560546875
2025-07-09,990.8181818181819,781.3924560546875,2026-07-09,1216.949951171875
2025-07-10,1002.8333333333334,785.09619140625,2026-07-10,1188.5799560546875
2025-07-11,998.1538461538462,787.4396362304688,2026-07-13,1181.8699951171875
2025-07-14,998.1538461538462,793.7252197265625,2026-07-14,1152.5400390625
2025-07-15,998.1538461538462,766.3289794921875,2026-07-15,1156.6300048828125
2025-07-16,998.1538461538462,784.2521362304688,,
2025-07-17,998.1538461538462,756.1510009765625,,
2025-07-18,998.1538461538462,766.2892456054688,,
2025-07-21,998.1538461538462,756.8262329101562,,
2025-07-22,998.1538461538462,770.9860229492188,,
2025-07-23,998.1538461538462,793.2783813476562,,
2025-07-24,998.1538461538462,799.7723388671875,,
2025-07-25,998.1538461538462,806.9814453125,,
2025-07-28,983.2727272727273,802.4335327148438,,
2025-07-29,983.2727272727273,757.5908203125,,
2025-07-30,983.2727272727273,754.740966796875,,
2025-07-31,983.2727272727273,734.8715209960938,,
2025-08-01,983.2727272727273,756.9751586914062,,
2025-08-04,977.8,763.5982666015625,,
2025-08-05,977.8,760.5697021484375,,
2025-08-06,977.8,741.1272583007812,,
2025-08-07,977.8,636.3583374023438,,
2025-08-08,981.0833333333334,621.2552490234375,,
2025-08-11,974.8461538461538,630.7579345703125,,
2025-08-12,974.8461538461538,634.9383544921875,,
2025-08-13,958.2,655.8505859375,,
2025-08-14,958.2,679.622314453125,,
2025-08-15,958.2,697.8336791992188,,
2025-08-18,958.2,694.6690673828125,,
2025-08-19,958.2,699.8041381835938,,
2025-08-20,958.2,702.0233154296875,,
2025-08-21,958.2,706.382080078125,,
2025-08-22,958.2,708.2330932617188,,
2025-08-25,958.2,691.9622802734375,,
2025-08-26,958.2,732.4652099609375,,
2025-08-27,942.0625,730.6141967773438,,
2025-08-28,942.0625,728.4149169921875,,
2025-08-29,942.0625,729.0319213867188,,
2025-09-02,931.5333333333333,731.6292114257812,,
2025-09-03,931.5333333333333,734.2564697265625,,
2025-09-04,931.5333333333333,739.3118286132812,,
2025-09-05,931.5333333333333,723.6878662109375,,
2025-09-08,931.5333333333333,735.0625,,
2025-09-09,931.5333333333333,746.974609375,,
2025-09-10,931.5333333333333,750.965087890625,,
2025-09-11,931.5333333333333,752.6170654296875,,
2025-09-12,931.5333333333333,751.7313842773438,,
2025-09-15,931.5333333333333,744.5662841796875,,
2025-09-16,938.9375,761.0062866210938,,
2025-09-17,932.5294117647059,756.4484252929688,,
2025-09-18,932.5294117647059,759.2349243164062,,
2025-09-19,932.5294117647059,748.3478393554688,,
2025-09-22,932.5294117647059,751.2935180664062,,
2025-09-23,932.5294117647059,743.362060546875,,
2025-09-24,932.5294117647059,738.2568969726562,,
2025-09-25,932.5294117647059,711.1290283203125,,
2025-09-26,932.5294117647059,721.03076171875,,
2025-09-29,932.5294117647059,722.9913330078125,,
2025-09-30,932.5294117647059,759.3045654296875,,
2025-10-01,932.5294117647059,821.4221801757812,,
2025-10-02,932.5294117647059,815.879150390625,,
2025-10-03,937.5555555555555,835.8021850585938,,
2025-10-06,940.4705882352941,840.9571533203125,,
2025-10-07,929.0,839.5440673828125,,
2025-10-08,930.1176470588235,841.6238403320312,,
2025-10-09,930.1176470588235,851.2072143554688,,
2025-10-10,930.1176470588235,829.4530639648438,,
2025-10-13,930.25,815.431396484375,,
2025-10-14,930.25,808.41552734375,,
2025-10-15,930.25,822.5667114257812,,
2025-10-16,931.2941176470588,815.4114379882812,,
2025-10-17,931.2941176470588,798.941650390625,,
2025-10-20,928.5625,805.0419921875,,
2025-10-21,928.5625,795.6973876953125,,
2025-10-22,928.5625,808.4950561523438,,
2025-10-23,928.5625,817.0634155273438,,
2025-10-24,928.5625,821.4520263671875,,
2025-10-27,943.8,822.4073486328125,,
2025-10-28,943.8,816.1279296875,,
2025-10-29,943.8,809.58984375,,
2025-10-30,936.2142857142857,840.4097900390625,,
2025-10-31,939.4666666666667,858.680908203125,,
2025-11-03,939.4666666666667,892.1878662109375,,
2025-11-04,939.4666666666667,902.4677124023438,,
2025-11-05,939.4666666666667,921.3259887695312,,
2025-11-06,949.5,932.8997192382812,,
2025-11-07,957.1764705882352,919.8930053710938,,
2025-11-10,964.5263157894736,961.958251953125,,
2025-11-11,964.5263157894736,983.8317260742188,,
2025-11-12,991.3,1012.8505859375,,
2025-11-13,999.8571428571429,1017.9158935546875,,
2025-11-14,999.8571428571429,1021.8126831054688,,
2025-11-17,999.8571428571429,1018.2448120117188,,
2025-11-18,1006.6818181818181,1026.5665283203125,,
2025-11-19,1014.304347826087,1046.0504150390625,,
2025-11-20,1014.304347826087,1039.76171875,,
2025-11-21,1014.304347826087,1056.1162109375,,
2025-11-24,1036.76,1066.5408935546875,,
2025-11-25,1036.76,1106.186279296875,,
2025-11-26,1036.76,1100.605224609375,,
2025-11-28,1036.76,1071.8328857421875,,
2025-12-01,1036.76,1054.3123779296875,,
2025-12-02,1036.76,1042.582275390625,,
2025-12-03,1041.6153846153845,1030.064697265625,,
2025-12-04,1047.4814814814815,1011.0591430664062,,
2025-12-05,1047.4814814814815,1006.893310546875,,
2025-12-08,1047.4814814814815,994.21630859375,,
2025-12-09,1047.4814814814815,978.8982543945312,,
2025-12-10,1052.9285714285713,990.2796630859375,,
2025-12-11,1052.9285714285713,1005.9664306640625,,
2025-12-12,1052.9285714285713,1024.03515625,,
2025-12-15,1060.344827586207,1058.5977783203125,,
2025-12-16,1060.344827586207,1050.724609375,,
2025-12-17,1060.344827586207,1038.266845703125,,
2025-12-18,1064.7857142857142,1053.3057861328125,,
2025-12-19,1064.7857142857142,1067.8165283203125,,
2025-12-22,1064.7857142857142,1072.8394775390625,,
2025-12-23,1064.7857142857142,1068.015869140625,,
2025-12-24,1064.7857142857142,1073.3377685546875,,
2025-12-26,1064.7857142857142,1074.105224609375,,
2025-12-29,1064.7857142857142,1075.081787109375,,
2025-12-30,1064.7857142857142,1076.0985107421875,,
2025-12-31,1064.7857142857142,1071.045654296875,,
2026-01-02,1064.7857142857142,1076.706298828125,,
2026-01-05,1064.7857142857142,1037.9876708984375,,
2026-01-06,1064.7857142857142,1060.441650390625,,
2026-01-07,1062.1851851851852,1104.3426513671875,,
2026-01-08,1066.8076923076924,1081.52001953125,,
2026-01-09,1066.8076923076924,1059.96337890625,,
2026-01-12,1066.8076923076924,1077.3441162109375,,
2026-01-13,1066.8076923076924,1073.5469970703125,,
2026-01-14,1066.8076923076924,1069.660400390625,,
2026-01-15,1066.8076923076924,1029.4765625,,
2026-01-16,1066.8076923076924,1034.8883056640625,,
2026-01-20,1070.2962962962963,1037.7685546875,,
2026-01-21,1070.2962962962963,1074.87255859375,,
2026-01-22,1070.2962962962963,1083.70263671875,,
2026-01-23,1070.2962962962963,1060.6907958984375,,
2026-01-26,1070.2962962962963,1059.156005859375,,
2026-01-27,1070.2962962962963,1035.99462890625,,
2026-01-28,1070.2962962962963,1020.337646484375,,
2026-01-29,1070.2962962962963,1020.676513671875,,
2026-01-30,1070.2962962962963,1033.642578125,,
2026-02-02,1069.5714285714287,1040.5989990234375,,
2026-02-03,1069.5714285714287,1000.0664672851562,,
2026-02-04,1069.5714285714287,1103.3758544921875,,
2026-02-05,1101.7,1017.3876953125,,
2026-02-06,1101.7,1054.6014404296875,,
2026-02-09,1114.5333333333333,1041.1370849609375,,
2026-02-10,1135.7241379310344,1021.5336303710938,,
2026-02-11,1135.7241379310344,1011.7767333984375,,
2026-02-12,1135.7241379310344,1034.7587890625,,
2026-02-13,1135.7241379310344,1038.2127685546875,,
2026-02-17,1135.7241379310344,1034.2696533203125,,
2026-02-18,1135.7241379310344,1018.8062133789062,,
2026-02-19,1135.7241379310344,1021.4616088867188,,
2026-02-20,1142.8666666666666,1007.7852172851562,,
2026-02-23,1142.8666666666666,1056.740966796875,,
2026-02-24,1158.1379310344828,1040.359130859375,,
2026-02-25,1161.2,1027.06201171875,,
2026-02-26,1161.2,1020.2637329101562,,
2026-02-27,1161.2,1050.18212890625,,
2026-03-02,1161.2,1016.2206420898438,,
2026-03-03,1161.2,1005.9982299804688,,
2026-03-04,1161.2,1001.8453979492188,,
2026-03-05,1161.2,981.5703125,,
2026-03-06,1161.2,988.628173828125,,
2026-03-09,1161.2,1006.6571655273438,,
2026-03-10,1161.2,999.6292114257812,,
2026-03-11,1161.2,998.121826171875,,
2026-03-12,1161.2,975.5706176757812,,
2026-03-13,1161.2,983.38720703125,,
2026-03-16,1165.0344827586207,987.4202270507812,,
2026-03-17,1165.7241379310344,928.751220703125,,
2026-03-18,1165.7241379310344,916.4723510742188,,
2026-03-19,1165.7241379310344,915.92333984375,,
2026-03-20,1165.7241379310344,905.1419067382812,,
2026-03-23,1165.7241379310344,908.9852294921875,,
2026-03-24,1165.7241379310344,901.4682006835938,,
2026-03-25,1165.7241379310344,914.7353515625,,
2026-03-26,1165.7241379310344,895.4585571289062,,
2026-03-27,1165.7241379310344,876.7307739257812,,
2026-03-30,1165.6333333333334,885.1063842773438,,
2026-03-31,1165.6333333333334,918.189453125,,
2026-04-01,1165.6333333333334,952.8796997070312,,
2026-04-02,1174.6666666666667,933.9722290039062,,
2026-04-06,1174.6666666666667,925.4668579101562,,
2026-04-07,1182.4827586206898,929.489990234375,,
2026-04-08,1182.4827586206898,951.6618041992188,,
2026-04-09,1182.4827586206898,953.5485229492188,,
2026-04-10,1187.3,937.8555297851562,,
2026-04-13,1187.3,927.9525756835938,,
2026-04-14,1187.3,920.9147338867188,,
2026-04-15,1195.551724137931,903.4747924804688,,
2026-04-16,1195.551724137931,902.4365234375,,
2026-04-17,1195.551724137931,925.4369506835938,,
2026-04-20,1195.551724137931,918.3192138671875,,
2026-04-21,1195.551724137931,901.4682006835938,,
2026-04-22,1195.1333333333334,919.8964233398438,,
2026-04-23,1195.1333333333334,916.0730590820312,,
2026-04-24,1195.1333333333334,882.4409790039062,,
2026-04-27,1195.1333333333334,866.7779541015625,,
2026-04-28,1195.1333333333334,872.498046875,,
2026-04-29,1195.1333333333334,849.7472534179688,,
2026-04-30,1202.3793103448277,932.993896484375,,
2026-05-01,1203.3,961.674560546875,,
2026-05-04,1207.225806451613,966.2666625976562,,
2026-05-05,1212.3333333333333,987.170654296875,,
2026-05-06,1215.84375,985.353759765625,,
2026-05-07,1220.225806451613,973.2846069335938,,
2026-05-08,1220.225806451613,946.8201293945312,,
2026-05-11,1233.551724137931,965.3282470703125,,
2026-05-12,1224.0357142857142,988.1689453125,,
2026-05-13,1226.0,1014.0044555664062,,
2026-05-14,1226.0,1004.9700317382812,,
2026-05-15,1226.0,1004.9199829101562,,
2026-05-18,1228.923076923077,988.0900268554688,,
2026-05-19,1230.8,1021.4099731445312,,
2026-05-20,1230.8,1018.8699951171875,,
2026-05-21,1230.8,1041.6500244140625,,
2026-05-22,1230.8,1065.0,,
2026-05-26,1226.2916666666667,1064.739990234375,,
2026-05-27,1226.2916666666667,1082.9200439453125,,
2026-05-28,1226.2916666666667,1126.800048828125,,
2026-05-29,1226.2916666666667,1105.0,,
2026-06-01,1226.2916666666667,1082.199951171875,,
2026-06-02,1229.0434782608695,1064.1500244140625,,
2026-06-03,1230.3636363636363,1078.780029296875,,
2026-06-04,1230.3636363636363,1125.27001953125,,
2026-06-05,1230.3636363636363,1131.4200439453125,,
2026-06-08,1230.3636363636363,1149.1500244140625,,
2026-06-09,1237.1818181818182,1144.6800537109375,,
2026-06-10,1237.1818181818182,1136.3699951171875,,
2026-06-11,1237.1818181818182,1160.949951171875,,
2026-06-12,1237.1818181818182,1133.0,,
2026-06-15,1235.7142857142858,1129.3499755859375,,
2026-06-16,1235.7142857142858,1122.5,,
2026-06-17,1235.7142857142858,1112.0,,
2026-06-18,1235.7142857142858,1098.5699462890625,,
2026-06-22,1235.7142857142858,1102.0799560546875,,
2026-06-23,1235.7142857142858,1107.0799560546875,,
2026-06-24,1235.7142857142858,1117.260009765625,,
2026-06-25,1235.5454545454545,1127.68994140625,,
2026-06-26,1235.5454545454545,1208.1199951171875,,
2026-06-29,1235.5454545454545,1229.9300537109375,,
2026-06-30,1235.5454545454545,1199.4300537109375,,
2026-07-01,1235.5454545454545,1191.739990234375,,
2026-07-02,1235.5454545454545,1213.9100341796875,,
2026-07-06,1240.5217391304348,1200.06005859375,,
2026-07-07,1247.1666666666667,1235.56005859375,,
2026-07-08,1264.7777777777778,1215.8299560546875,,
2026-07-09,1264.7777777777778,1216.949951171875,,
2026-07-10,1267.25,1188.5799560546875,,
2026-07-13,1272.7,1181.8699951171875,,
2026-07-14,1276.3225806451612,1152.5400390625,,
2026-07-15,1286.4375,1156.6300048828125,,
