Date,ConsensusTarget,StockPrice,ForwardDate,StockPrice12mForward
2016-01-06,60.0,47.116920471191406,2017-01-05,55.79892349243164
2016-01-07,60.0,45.478084564208984,2017-01-06,56.28257751464844
2016-01-08,60.0,45.6175537109375,2017-01-09,56.10345458984375
2016-01-11,60.0,45.59139633178711,2017-01-10,56.08552932739258
2016-01-12,60.0,46.00984191894531,2017-01-11,56.5960578918457
2016-01-13,63.0,45.016056060791016,2017-01-12,56.076576232910156
2016-01-14,63.0,46.2974967956543,2017-01-13,56.157203674316406
2016-01-15,63.0,44.44944381713867,2017-01-17,56.004920959472656
2016-01-19,63.0,44.0745964050293,2017-01-18,55.97806167602539
2016-01-20,63.0,44.27509689331055,2017-01-19,55.79892349243164
2016-01-21,63.0,44.004852294921875,2017-01-20,56.19300842285156
2016-01-22,63.0,45.582679748535156,2017-01-23,56.39004898071289
2016-01-25,63.0,45.146812438964844,2017-01-24,56.89162063598633
2016-01-26,63.0,45.478084564208984,2017-01-25,57.034915924072266
2016-01-27,63.0,44.649932861328125,2017-01-26,57.56333923339844
2016-01-28,63.0,45.38219451904297,2017-01-27,58.91578674316406
2016-01-29,62.0,48.023521423339844,2017-01-30,58.33360290527344
2016-02-01,62.0,47.6922721862793,2017-01-31,57.9036865234375
2016-02-02,62.0,46.20160675048828,2017-02-01,56.94535827636719
2016-02-03,62.0,45.46936798095703,2017-02-02,56.57813262939453
2016-02-04,62.0,45.329891204833984,2017-02-03,57.034915924072266
2016-02-05,62.0,43.72591018676758,2017-02-06,56.99909591674805
2016-02-08,62.0,43.07210159301758,2017-02-07,56.81100845336914
2016-02-09,62.0,42.95877456665039,2017-02-08,56.73040008544922
2016-02-10,62.0,43.3336067199707,2017-02-09,57.37527084350586
2016-02-11,62.0,43.316184997558594,2017-02-10,57.321533203125
2016-02-12,62.0,44.02229690551758,2017-02-13,57.966407775878906
2016-02-16,62.0,44.856380462646484,2017-02-15,58.146610260009766
2016-02-17,62.0,46.024105072021484,2017-02-16,58.137596130371094
2016-02-18,62.0,45.82216262817383,2017-02-17,58.227699279785156
2016-02-19,62.0,45.49729919433594,2017-02-21,58.110572814941406
2016-02-22,62.0,46.22603225708008,2017-02-21,58.110572814941406
2016-02-23,62.0,44.935401916503906,2017-02-22,57.993431091308594
2016-02-24,62.0,45.09343719482422,2017-02-23,58.227699279785156
2016-02-25,62.0,45.74314880371094,2017-02-24,58.227699279785156
2016-02-26,62.0,45.04075241088867,2017-02-27,57.87630081176758
2016-02-29,62.0,44.672000885009766,2017-02-28,57.651023864746094
2016-03-01,62.0,46.164581298828125,2017-03-01,58.51606750488281
2016-03-02,62.0,46.48942565917969,2017-03-02,57.678062438964844
2016-03-03,62.0,45.962642669677734,2017-03-03,57.89431381225586
2016-03-04,59.75,45.68169021606445,2017-03-06,57.912322998046875
2016-03-07,59.75,44.8036994934082,2017-03-07,58.029476165771484
2016-03-08,59.75,45.34804916381836,2017-03-08,58.56109619140625
2016-03-09,59.75,46.392852783203125,2017-03-09,58.32682800292969
2016-03-10,59.75,45.699241638183594,2017-03-10,58.507041931152344
2016-03-11,59.75,46.59479522705078,2017-03-13,58.308799743652344
2016-03-14,59.75,46.68259811401367,2017-03-14,58.038490295410156
2016-03-15,59.75,47.05134582519531,2017-03-15,58.3448486328125
2016-03-16,59.75,47.718631744384766,2017-03-16,58.24573516845703
2016-03-17,59.75,47.99079132080078,2017-03-17,58.45298385620117
2016-03-18,59.75,46.96355056762695,2017-03-20,58.507041931152344
2016-03-21,59.75,47.28840637207031,2017-03-21,57.85826873779297
2016-03-22,59.75,47.472774505615234,2017-03-22,58.59715270996094
2016-03-23,59.75,47.384986877441406,2017-03-23,58.45298385620117
2016-03-24,59.75,47.59568786621094,2017-03-24,58.55210494995117
2016-03-28,59.75,47.0074462890625,2017-03-28,58.83142852783203
2016-03-29,59.75,48.034698486328125,2017-03-29,58.99363708496094
2016-03-30,59.75,48.33320617675781,2017-03-30,59.209896087646484
2016-03-31,59.75,48.49123001098633,2017-03-31,59.34503173828125
2016-04-01,59.5,48.78977584838867,2017-04-03,59.065704345703125
2016-04-04,59.5,48.66682815551758,2017-04-04,59.2279167175293
2016-04-05,59.5,47.90299987792969,2017-04-05,59.0747184753418
2016-04-06,59.5,48.39466857910156,2017-04-06,59.2279167175293
2016-04-07,59.5,47.8151969909668,2017-04-07,59.182861328125
2016-04-08,59.5,47.78007888793945,2017-04-10,59.04768371582031
2016-04-11,59.5,47.683502197265625,2017-04-11,59.00264358520508
2016-04-12,59.5,47.98200988769531,2017-04-12,58.77736282348633
2016-04-13,59.5,48.596614837646484,2017-04-13,58.52505874633789
2016-04-14,59.5,48.60538864135742,2017-04-17,59.00264358520508
2016-04-15,59.5,48.860008239746094,2017-04-17,59.00264358520508
2016-04-18,59.5,49.571163177490234,2017-04-18,58.921531677246094
2016-04-19,56.142857142857146,49.509708404541016,2017-04-19,58.606178283691406
2016-04-20,56.142857142857146,48.80732345581055,2017-04-20,59.02066421508789
2016-04-21,56.142857142857146,48.9741325378418,2017-04-21,59.83161544799805
2016-04-22,56.75,45.462188720703125,2017-04-24,60.849857330322266
2016-04-25,56.75,45.751922607421875,2017-04-25,61.201263427734375
2016-04-26,56.30769230769231,45.163665771484375,2017-04-26,61.12017059326172
2016-04-27,56.30769230769231,44.72467803955078,2017-04-27,61.51664352416992
2016-04-28,56.30769230769231,43.81156539916992,2017-04-28,61.68785095214844
2016-04-29,56.30769230769231,43.785221099853516,2017-05-01,62.543880462646484
2016-05-02,56.30769230769231,44.43494415283203,2017-05-02,62.44477844238281
2016-05-03,56.30769230769231,43.70621871948242,2017-05-03,62.24653244018555
2016-05-04,56.30769230769231,43.785221099853516,2017-05-04,62.00323486328125
2016-05-05,56.30769230769231,43.846683502197266,2017-05-05,62.174434661865234
2016-05-06,56.30769230769231,44.241790771484375,2017-05-08,62.1203727722168
2016-05-09,56.30769230769231,43.960838317871094,2017-05-09,62.21049118041992
2016-05-10,56.30769230769231,44.794918060302734,2017-05-10,62.45376968383789
2016-05-11,56.30769230769231,44.821258544921875,2017-05-11,61.68785095214844
2016-05-12,56.30769230769231,45.225128173828125,2017-05-12,61.61577224731445
2016-05-13,56.30769230769231,44.847599029541016,2017-05-15,61.66080856323242
2016-05-16,56.30769230769231,45.50608444213867,2017-05-16,62.90237045288086
2016-05-17,56.30769230769231,44.657325744628906,2017-05-17,61.1533317565918
2016-05-18,56.30769230769231,44.92255401611328,2017-05-18,61.36174774169922
2016-05-19,56.30769230769231,44.48934555053711,2017-05-19,61.34363555908203
2016-05-20,56.30769230769231,44.75458908081055,2017-05-22,62.032371520996094
2016-05-23,56.30769230769231,44.232948303222656,2017-05-23,62.240806579589844
2016-05-24,56.30769230769231,45.61219024658203,2017-05-24,62.3223876953125
2016-05-25,56.30769230769231,46.080780029296875,2017-05-25,63.092689514160156
2016-05-26,56.30769230769231,45.87742233276367,2017-05-26,63.40079879760742
2016-05-27,56.30769230769231,46.25759506225586,2017-05-30,63.808624267578125
2016-05-31,56.30769230769231,46.85880661010742,2017-05-31,63.29206085205078
2016-06-01,56.30769230769231,46.7261848449707,2017-06-01,63.52766036987305
2016-06-02,56.30769230769231,46.399070739746094,2017-06-02,65.03205871582031
2016-06-03,56.30769230769231,45.788997650146484,2017-06-05,65.50328826904297
2016-06-06,56.30769230769231,46.089630126953125,2017-06-06,65.72079467773438
2016-06-07,56.30769230769231,46.06309127807617,2017-06-07,65.60295867919922
2016-06-08,56.30769230769231,46.010040283203125,2017-06-08,65.20423126220703
2016-06-09,56.30769230769231,45.63870620727539,2017-06-09,63.72705078125
2016-06-10,56.30769230769231,45.514930725097656,2017-06-12,63.23768615722656
2016-06-13,56.30769230769231,44.3302001953125,2017-06-13,64.02610778808594
2016-06-14,56.30769230769231,44.056121826171875,2017-06-14,63.68172836303711
2016-06-15,56.30769230769231,43.93233871459961,2017-06-15,63.34645462036133
2016-06-16,56.30769230769231,44.55123519897461,2017-06-16,63.43708801269531
2016-06-17,56.30769230769231,44.32135009765625,2017-06-19,64.22547149658203
2016-06-20,56.30769230769231,44.268314361572266,2017-06-20,63.35549545288086
2016-06-21,56.30769230769231,45.258544921875,2017-06-21,63.68172836303711
2016-06-22,56.30769230769231,45.08171463012695,2017-06-22,63.672672271728516
2016-06-23,56.30769230769231,45.89509963989258,2017-06-23,64.53359985351562
2016-06-24,56.30769230769231,44.056121826171875,2017-06-26,63.91737365722656
2016-06-27,56.30769230769231,42.81832504272461,2017-06-27,62.72111892700195
2016-06-28,56.30769230769231,43.711307525634766,2017-06-28,63.255836486816406
2016-06-29,56.30769230769231,44.6838493347168,2017-06-29,62.06864929199219
2016-06-30,56.30769230769231,45.240840911865234,2017-06-30,62.46736526489258
2016-07-01,56.30769230769231,45.23201370239258,2017-07-03,61.77863693237305
2016-07-05,56.0,45.240840911865234,2017-07-05,62.60331344604492
2016-07-06,56.0,45.42652893066406,2017-07-06,62.141143798828125
2016-07-07,54.53846153846154,45.42652893066406,2017-07-07,62.94765090942383
2016-07-08,54.53846153846154,46.239906311035156,2017-07-10,63.4189338684082
2016-07-11,54.53846153846154,46.496315002441406,2017-07-11,63.427982330322266
2016-07-12,53.583333333333336,47.04447937011719,2017-07-12,64.47924041748047
2016-07-13,53.583333333333336,47.30971145629883,2017-07-13,65.04109191894531
2016-07-14,53.583333333333336,47.51304626464844,2017-07-14,65.95641326904297
2016-07-15,53.583333333333336,47.477699279785156,2017-07-17,66.47299194335938
2016-07-18,53.583333333333336,47.70756912231445,2017-07-18,66.42764282226562
2016-07-19,53.583333333333336,46.93837356567383,2017-07-19,66.93514251708984
2016-07-20,54.07692307692308,49.431617736816406,2017-07-20,67.26142120361328
2016-07-21,53.07142857142857,49.33435821533203,2017-07-21,66.87174224853516
2016-07-22,53.07142857142857,50.0151481628418,2017-07-24,66.69953155517578
2016-07-25,53.07142857142857,50.1566047668457,2017-07-25,67.2342300415039
2016-07-26,53.07142857142857,50.18312072753906,2017-07-26,67.10734558105469
2016-07-27,53.07142857142857,49.679168701171875,2017-07-27,66.30078125
2016-07-28,52.53846153846154,49.69685745239258,2017-07-28,66.19204711914062
2016-07-29,52.53846153846154,50.112396240234375,2017-07-31,65.88391876220703
2016-08-01,52.53846153846154,50.02398681640625,2017-08-01,65.77516174316406
2016-08-02,52.53846153846154,50.02398681640625,2017-08-02,65.48514556884766
2016-08-03,52.53846153846154,50.368797302246094,2017-08-03,65.38549041748047
2016-08-04,52.53846153846154,50.74013900756836,2017-08-04,65.86579132080078
2016-08-05,52.53846153846154,51.244075775146484,2017-08-07,65.6120376586914
2016-08-08,52.53846153846154,51.332496643066406,2017-08-08,65.96549224853516
2016-08-09,52.53846153846154,51.45628356933594,2017-08-09,65.67549133300781
2016-08-10,52.53846153846154,51.29713439941406,2017-08-10,64.71487426757812
2016-08-11,52.53846153846154,51.544681549072266,2017-08-11,65.7026596069336
2016-08-12,52.53846153846154,51.22639465332031,2017-08-14,66.69047546386719
2016-08-15,52.53846153846154,51.385536193847656,2017-08-15,66.70868682861328
2016-08-16,52.53846153846154,51.10084915161133,2017-08-16,67.1004638671875
2016-08-17,52.53846153846154,51.20762634277344,2017-08-17,65.96160888671875
2016-08-18,52.53846153846154,51.243194580078125,2017-08-18,66.04360961914062
2016-08-19,52.53846153846154,51.26099395751953,2017-08-21,65.73383331298828
2016-08-22,52.53846153846154,51.305477142333984,2017-08-22,66.65404510498047
2016-08-23,52.53846153846154,51.50118637084961,2017-08-23,66.25315856933594
2016-08-24,52.53846153846154,51.55458068847656,2017-08-24,66.225830078125
2016-08-25,52.53846153846154,51.750282287597656,2017-08-25,66.34427642822266
2016-08-26,52.53846153846154,51.625755310058594,2017-08-28,66.3533935546875
2016-08-29,53.357142857142854,51.68803024291992,2017-08-29,66.55382537841797
2016-08-30,53.357142857142854,51.50118637084961,2017-08-30,67.42843627929688
2016-08-31,53.357142857142854,51.118648529052734,2017-08-31,68.12084197998047
2016-09-01,53.38461538461539,51.23430633544922,2017-09-01,67.36466979980469
2016-09-02,53.38461538461539,51.305477142333984,2017-09-05,67.06401062011719
2016-09-06,53.38461538461539,51.2520866394043,2017-09-06,66.87269592285156
2016-09-07,53.38461538461539,51.29658508300781,2017-09-07,67.72908782958984
2016-09-08,53.38461538461539,51.09196472167969,2017-09-08,67.40110778808594
2016-09-09,53.38461538461539,50.006595611572266,2017-09-11,68.11176300048828
2016-09-12,53.38461538461539,50.7538948059082,2017-09-12,68.03885650634766
2016-09-13,53.38461538461539,50.291290283203125,2017-09-13,68.52172088623047
2016-09-14,53.38461538461539,50.05107879638672,2017-09-14,68.12084197998047
2016-09-15,53.38461538461539,50.87843704223633,2017-09-15,68.61283111572266
2016-09-16,53.38461538461539,50.93181610107422,2017-09-18,68.47618103027344
2016-09-19,53.38461538461539,50.64714813232422,2017-09-19,68.7313003540039
2016-09-20,53.38461538461539,50.5403938293457,2017-09-20,68.27572631835938
2016-09-21,53.38461538461539,51.38555145263672,2017-09-21,67.61065673828125
2016-09-22,53.38461538461539,51.43891906738281,2017-09-22,67.79285430908203
2016-09-23,53.38461538461539,51.09196472167969,2017-09-25,66.74514770507812
2016-09-26,53.38461538461539,50.620460510253906,2017-09-26,66.74514770507812
2016-09-27,53.38461538461539,51.55458068847656,2017-09-27,67.28266906738281
2016-09-28,53.38461538461539,51.625755310058594,2017-09-28,67.30088806152344
2016-09-29,52.36363636363637,51.065269470214844,2017-09-29,67.86575317382812
2016-09-30,52.36363636363637,51.243194580078125,2017-10-02,67.97508239746094
2016-10-03,52.36363636363637,51.083065032958984,2017-10-03,67.6562271118164
2016-10-04,52.36363636363637,50.92292785644531,2017-10-04,68.04798889160156
2016-10-05,52.36363636363637,51.27880096435547,2017-10-05,69.21416473388672
2016-10-06,52.36363636363637,51.36774444580078,2017-10-06,69.24147033691406
2016-10-07,52.36363636363637,51.42113494873047,2017-10-09,69.50569152832031
2016-10-10,52.36363636363637,51.634639739990234,2017-10-10,69.50569152832031
2016-10-11,52.36363636363637,50.87843704223633,2017-10-11,69.62413787841797
2016-10-12,52.36363636363637,50.807273864746094,2017-10-12,70.2618637084961
2016-10-13,52.36363636363637,50.63823318481445,2017-10-13,70.59896850585938
2016-10-14,52.36363636363637,51.083065032958984,2017-10-16,70.7447509765625
2016-10-17,54.0,50.90513610839844,2017-10-17,70.6900863647461
2016-10-18,54.0,51.29658508300781,2017-10-18,70.70831298828125
2016-10-19,54.0,51.18092346191406,2017-10-19,70.98162841796875
2016-10-20,50.4,50.93181610107422,2017-10-20,71.80158233642578
2016-10-21,50.4,53.075862884521484,2017-10-23,71.81980895996094
2016-10-24,50.25,54.267982482910156,2017-10-24,71.84713745117188
2016-10-25,50.25,54.25907897949219,2017-10-25,71.63758850097656
2016-10-26,50.25,53.93880844116211,2017-10-26,71.75602722167969
2016-10-27,50.25,53.46730041503906,2017-10-27,76.3569564819336
2016-10-28,50.25,53.26267623901367,2017-10-30,76.42982482910156
2016-10-31,50.25,53.307159423828125,2017-10-31,75.7829818725586
2016-11-01,50.25,53.200408935546875,2017-11-01,75.7829818725586
2016-11-02,50.25,52.871238708496094,2017-11-02,76.57559967041016
2016-11-03,50.25,52.67552185058594,2017-11-03,76.65760803222656
2016-11-04,50.25,52.23069381713867,2017-11-06,76.95829010009766
2016-11-07,50.25,53.75197219848633,2017-11-07,76.77604675292969
2016-11-08,50.25,53.79646301269531,2017-11-08,77.04026794433594
2016-11-09,50.25,53.52957534790039,2017-11-09,76.61204528808594
2016-11-10,50.25,52.221805572509766,2017-11-10,76.41162109375
2016-11-11,50.25,52.50648880004883,2017-11-13,76.46627807617188
2016-11-14,50.25,51.705806732177734,2017-11-14,76.57559967041016
2016-11-15,50.25,52.726844787597656,2017-11-15,75.98045349121094
2016-11-16,50.25,53.42545700073242,2017-11-16,76.18186950683594
2016-11-17,53.8,54.312156677246094,2017-11-17,75.44934844970703
2016-11-18,53.8,54.05241012573242,2017-11-20,75.56838989257812
2016-11-21,53.8,54.50919723510742,2017-11-21,76.65800476074219
2016-11-22,53.8,54.7420654296875,2017-11-22,76.09945678710938
2016-11-23,53.8,54.09719467163086,2017-11-24,76.23683166503906
2016-11-25,53.8,54.21363067626953,2017-11-27,76.79537200927734
2016-11-28,53.8,54.28528594970703,2017-11-28,77.72017669677734
2016-11-29,53.8,54.71520233154297,2017-11-29,76.31007385253906
2016-11-30,53.8,53.97180938720703,2017-11-30,77.07006072998047
2016-12-01,53.8,53.02241516113281,2017-12-01,77.15245056152344
2016-12-02,53.8,53.06718444824219,2017-12-04,74.24072265625
2016-12-05,53.8,53.935970306396484,2017-12-05,74.70769500732422
2016-12-06,53.8,53.69415283203125,2017-12-06,75.79730987548828
2016-12-07,53.8,54.96596908569336,2017-12-07,75.53175354003906
2016-12-08,53.8,54.64353942871094,2017-12-08,77.06090545654297
2016-12-09,53.8,55.50335693359375,2017-12-11,78.04064178466797
2016-12-12,53.8,55.68248748779297,2017-12-12,78.3611068725586
2016-12-13,53.8,56.407955169677734,2017-12-13,78.15049743652344
2016-12-14,53.8,56.13927459716797,2017-12-14,77.54618835449219
2016-12-15,53.8,56.04970932006836,2017-12-15,79.52397155761719
2016-12-16,53.8,55.79892349243164,2017-12-18,79.0936508178711
2016-12-19,53.8,56.981170654296875,2017-12-19,78.59004211425781
2016-12-20,53.8,56.9095344543457,2017-12-20,78.3061752319336
2016-12-21,53.8,56.9095344543457,2017-12-21,78.2878646850586
2016-12-22,58.166666666666664,56.91849136352539,2017-12-22,78.2970199584961
2016-12-23,58.166666666666664,56.64084243774414,2017-12-26,78.19630432128906
2016-12-27,58.166666666666664,56.67666244506836,2017-12-27,78.48015594482422
2016-12-28,58.166666666666664,56.416927337646484,2017-12-28,78.48930358886719
2016-12-29,58.166666666666664,56.33632278442383,2017-12-29,78.3244857788086
2016-12-30,58.166666666666664,55.6556282043457,2018-01-02,78.69988250732422
2017-01-03,58.166666666666664,56.04970932006836,2018-01-03,79.06616973876953
2017-01-04,62.4,55.79892349243164,2018-01-04,79.76205444335938
2017-01-05,62.4,55.79892349243164,2018-01-05,80.7509536743164
2017-01-06,62.4,56.28257751464844,2018-01-08,80.83336639404297
2017-01-09,62.4,56.10345458984375,2018-01-09,80.7784194946289
2017-01-10,62.4,56.08552932739258,2018-01-10,80.41216278076172
2017-01-11,62.4,56.5960578918457,2018-01-11,80.65023803710938
2017-01-12,62.4,56.076576232910156,2018-01-12,82.04200744628906
2017-01-13,62.4,56.157203674316406,2018-01-16,80.89745330810547
2017-01-17,63.0,56.004920959472656,2018-01-17,82.53646850585938
2017-01-18,70.66666666666667,55.97806167602539,2018-01-18,82.49984741210938
2017-01-19,70.66666666666667,55.79892349243164,2018-01-19,82.40827941894531
2017-01-20,70.66666666666667,56.19300842285156,2018-01-22,83.8824691772461
2017-01-23,70.66666666666667,56.39004898071289,2018-01-23,84.14799499511719
2017-01-24,70.66666666666667,56.89162063598633,2018-01-24,84.07478332519531
2017-01-25,70.66666666666667,57.034915924072266,2018-01-25,84.54174041748047
2017-01-26,70.66666666666667,57.56333923339844,2018-01-26,86.12581634521484
2017-01-27,70.66666666666667,58.91578674316406,2018-01-29,85.99762725830078
2017-01-30,70.66666666666667,58.33360290527344,2018-01-30,84.9171371459961
2017-01-31,70.66666666666667,57.9036865234375,2018-01-31,86.99566650390625
2017-02-01,70.66666666666667,56.94535827636719,2018-02-01,86.30895233154297
2017-02-02,70.66666666666667,56.57813262939453,2018-02-02,84.03813934326172
2017-02-03,70.66666666666667,57.034915924072266,2018-02-05,80.57698822021484
2017-02-06,70.66666666666667,56.99909591674805,2018-02-06,83.6260986328125
2017-02-07,70.66666666666667,56.81100845336914,2018-02-07,82.05118560791016
2017-02-08,70.66666666666667,56.73040008544922,2018-02-08,77.83920288085938
2017-02-09,70.66666666666667,57.37527084350586,2018-02-09,80.74180603027344
2017-02-10,70.66666666666667,57.321533203125,2018-02-12,81.6116714477539
2017-02-13,70.66666666666667,57.966407775878906,2018-02-13,82.25261688232422
2017-02-14,70.66666666666667,58.18265914916992,2018-02-14,83.54056549072266
2017-02-15,70.66666666666667,58.146610260009766,2018-02-15,85.2424545288086
2017-02-16,70.66666666666667,58.137596130371094,2018-02-16,84.63526916503906
2017-02-17,70.66666666666667,58.227699279785156,2018-02-20,85.29764556884766
2017-02-21,70.66666666666667,58.110572814941406,2018-02-21,84.1661148071289
2017-02-22,70.66666666666667,57.993431091308594,2018-02-22,84.38687896728516
2017-02-23,70.66666666666667,58.227699279785156,2018-02-23,86.5303955078125
2017-02-24,70.66666666666667,58.227699279785156,2018-02-26,87.78152465820312
2017-02-27,74.0,57.87630081176758,2018-02-27,86.65918731689453
2017-02-28,74.0,57.651023864746094,2018-02-28,86.26358795166016
2017-03-01,74.0,58.51606750488281,2018-03-01,85.417236328125
2017-03-02,74.0,57.678062438964844,2018-03-02,85.60120391845703
2017-03-03,74.0,57.89431381225586,2018-03-05,86.14399719238281
2017-03-06,74.0,57.912322998046875,2018-03-06,85.8496322631836
2017-03-07,74.0,58.029476165771484,2018-03-07,86.34640502929688
2017-03-08,74.0,58.56109619140625,2018-03-08,86.87075805664062
2017-03-09,74.0,58.32682800292969,2018-03-09,88.81185150146484
2017-03-10,74.0,58.507041931152344,2018-03-12,89.0234375
2017-03-13,74.0,58.308799743652344,2018-03-13,86.85237884521484
2017-03-14,74.0,58.038490295410156,2018-03-14,86.3371810913086
2017-03-15,74.0,58.3448486328125,2018-03-15,86.64078521728516
2017-03-16,74.0,58.24573516845703,2018-03-16,87.02715301513672
2017-03-17,74.0,58.45298385620117,2018-03-19,85.45404815673828
2017-03-20,74.0,58.507041931152344,2018-03-20,85.67481994628906
2017-03-21,74.0,57.85826873779297,2018-03-21,85.07685852050781
2017-03-22,74.0,58.59715270996094,2018-03-22,82.60218811035156
2017-03-23,74.0,58.45298385620117,2018-03-23,80.20115661621094
2017-03-24,74.0,58.55210494995117,2018-03-26,86.27278900146484
2017-03-27,74.0,58.66023254394531,2018-03-27,82.30781555175781
2017-03-28,74.0,58.83142852783203,2018-03-28,82.23419952392578
2017-03-29,74.0,58.99363708496094,2018-03-29,83.9637222290039
2017-03-30,74.0,59.209896087646484,2018-04-02,81.43385314941406
2017-03-31,74.0,59.34503173828125,2018-04-02,81.43385314941406
2017-04-03,74.0,59.065704345703125,2018-04-03,82.52861022949219
2017-04-04,74.0,59.2279167175293,2018-04-04,84.93888092041016
2017-04-05,74.0,59.0747184753418,2018-04-05,84.98485565185547
2017-04-06,74.0,59.2279167175293,2018-04-06,83.00698852539062
2017-04-07,74.0,59.182861328125,2018-04-09,83.50373077392578
2017-04-10,74.0,59.04768371582031,2018-04-10,85.4448471069336
2017-04-11,74.0,59.00264358520508,2018-04-11,84.50650787353516
2017-04-12,74.0,58.77736282348633,2018-04-12,86.08880615234375
2017-04-13,74.0,58.52505874633789,2018-04-13,85.62882995605469
2017-04-17,74.0,59.00264358520508,2018-04-17,88.37947845458984
2017-04-18,74.0,58.921531677246094,2018-04-18,88.7198486328125
2017-04-19,74.0,58.606178283691406,2018-04-19,88.416259765625
2017-04-20,74.0,59.02066421508789,2018-04-20,87.39513397216797
2017-04-21,74.0,59.83161544799805,2018-04-23,87.71711730957031
2017-04-24,74.0,60.849857330322266,2018-04-24,85.66563415527344
2017-04-25,74.0,61.201263427734375,2018-04-25,84.92046356201172
2017-04-26,74.0,61.12017059326172,2018-04-26,86.7143783569336
2017-04-27,76.0,61.51664352416992,2018-04-27,88.1495132446289
2017-04-28,76.0,61.68785095214844,2018-04-30,86.03359985351562
2017-05-01,76.0,62.543880462646484,2018-05-01,87.39513397216797
2017-05-02,76.0,62.44477844238281,2018-05-02,86.02440643310547
2017-05-03,76.0,62.24653244018555,2018-05-03,86.5395736694336
2017-05-04,76.0,62.00323486328125,2018-05-04,87.54231262207031
2017-05-05,76.0,62.174434661865234,2018-05-07,88.51748657226562
2017-05-08,76.0,62.1203727722168,2018-05-08,88.14029693603516
2017-05-09,76.0,62.21049118041992,2018-05-09,89.1798324584961
2017-05-10,76.0,62.45376968383789,2018-05-10,90.07219696044922
2017-05-11,76.0,61.68785095214844,2018-05-11,89.87898254394531
2017-05-12,76.0,61.61577224731445,2018-05-14,90.18257904052734
2017-05-15,76.0,61.66080856323242,2018-05-15,89.52940368652344
2017-05-16,76.0,62.90237045288086,2018-05-16,89.76040649414062
2017-05-17,80.0,61.1533317565918,2018-05-17,88.86418151855469
2017-05-18,80.0,61.36174774169922,2018-05-18,89.03048706054688
2017-05-19,80.0,61.34363555908203,2018-05-21,90.17616271972656
2017-05-22,80.0,62.032371520996094,2018-05-22,90.08378601074219
2017-05-23,80.0,62.240806579589844,2018-05-23,91.15554809570312
2017-05-24,80.0,62.3223876953125,2018-05-24,90.83216857910156
2017-05-25,80.0,63.092689514160156,2018-05-25,90.87835693359375
2017-05-26,80.0,63.40079879760742,2018-05-29,90.55499267578125
2017-05-30,80.0,63.808624267578125,2018-05-30,91.42347717285156
2017-05-31,80.0,63.29206085205078,2018-05-31,91.32184600830078
2017-06-01,80.0,63.52766036987305,2018-06-01,93.1235580444336
2017-06-02,80.0,65.03205871582031,2018-06-04,93.93659210205078
2017-06-05,80.0,65.50328826904297,2018-06-05,94.41705322265625
2017-06-06,80.0,65.72079467773438,2018-06-06,94.69420623779297
2017-06-07,80.0,65.60295867919922,2018-06-07,93.20668029785156
2017-06-08,80.0,65.20423126220703,2018-06-08,93.8996353149414
2017-06-09,80.0,63.72705078125,2018-06-11,93.36373901367188
2017-06-12,80.0,63.23768615722656,2018-06-12,93.60396575927734
2017-06-13,80.0,64.02610778808594,2018-06-13,93.17897033691406
2017-06-14,80.0,63.68172836303711,2018-06-14,93.70561218261719
2017-06-15,80.0,63.34645462036133,2018-06-15,92.51372528076172
2017-06-16,80.0,63.43708801269531,2018-06-18,93.1882095336914
2017-06-19,80.0,64.22547149658203,2018-06-19,93.1882095336914
2017-06-20,80.0,63.35549545288086,2018-06-20,94.12139892578125
2017-06-21,80.0,63.68172836303711,2018-06-21,93.44691467285156
2017-06-22,80.0,63.672672271728516,2018-06-22,92.77243041992188
2017-06-23,80.0,64.53359985351562,2018-06-25,90.90607452392578
2017-06-26,80.0,63.91737365722656,2018-06-26,91.54360961914062
2017-06-27,80.0,62.72111892700195,2018-06-27,90.12074279785156
2017-06-28,80.0,63.255836486816406,2018-06-28,91.12779998779297
2017-06-29,80.0,62.06864929199219,2018-06-29,91.10936737060547
2017-06-30,80.0,62.46736526489258,2018-07-02,92.40283966064453
2017-07-03,80.0,61.77863693237305,2018-07-03,91.515869140625
2017-07-05,80.0,62.60331344604492,2018-07-05,92.17186737060547
2017-07-06,80.0,62.141143798828125,2018-07-06,93.46537017822266
2017-07-07,80.0,62.94765090942383,2018-07-09,94.1028823852539
2017-07-10,80.0,63.4189338684082,2018-07-10,94.35236358642578
2017-07-11,80.0,63.427982330322266,2018-07-11,94.2229995727539
2017-07-12,80.0,64.47924041748047,2018-07-12,96.2649154663086
2017-07-13,80.0,65.04109191894531,2018-07-13,97.41060638427734
2017-07-14,80.0,65.95641326904297,2018-07-16,96.93014526367188
2017-07-17,81.33333333333333,66.47299194335938,2018-07-17,97.89103698730469
2017-07-18,81.33333333333333,66.42764282226562,2018-07-18,97.12419128417969
2017-07-19,81.33333333333333,66.93514251708984,2018-07-19,96.45893859863281
2017-07-20,81.33333333333333,67.26142120361328,2018-07-20,98.18669128417969
2017-07-21,80.6,66.87174224853516,2018-07-23,99.75740051269531
2017-07-24,80.6,66.69953155517578,2018-07-24,99.47097778320312
2017-07-25,80.6,67.2342300415039,2018-07-25,102.3998794555664
2017-07-26,80.6,67.10734558105469,2018-07-26,101.28191375732422
2017-07-27,80.6,66.30078125,2018-07-27,99.48946380615234
2017-07-28,80.6,66.19204711914062,2018-07-30,97.35516357421875
2017-07-31,80.6,65.88391876220703,2018-07-31,98.01116943359375
2017-08-01,80.6,65.77516174316406,2018-08-01,98.1959457397461
2017-08-02,80.6,65.48514556884766,2018-08-02,99.38782501220703
2017-08-03,80.6,65.38549041748047,2018-08-03,99.82205200195312
2017-08-04,80.6,65.86579132080078,2018-08-06,99.90520477294922
2017-08-07,80.6,65.6120376586914,2018-08-07,100.59815216064453
2017-08-08,80.6,65.96549224853516,2018-08-08,101.16175842285156
2017-08-09,80.6,65.67549133300781,2018-08-09,101.32807922363281
2017-08-10,80.6,64.71487426757812,2018-08-10,100.70903015136719
2017-08-11,80.6,65.7026596069336,2018-08-13,99.9791259765625
2017-08-14,80.6,66.69047546386719,2018-08-14,101.2264404296875
2017-08-15,80.6,66.70868682861328,2018-08-15,99.85376739501953
2017-08-16,80.6,67.1004638671875,2018-08-16,99.8352279663086
2017-08-17,80.6,65.96160888671875,2018-08-17,99.77957153320312
2017-08-18,80.6,66.04360961914062,2018-08-20,99.12105560302734
2017-08-21,80.6,65.73383331298828,2018-08-21,98.29559326171875
2017-08-22,80.6,66.65404510498047,2018-08-22,99.2972640991211
2017-08-23,80.6,66.25315856933594,2018-08-23,99.7610092163086
2017-08-24,80.6,66.225830078125,2018-08-24,100.54013061523438
2017-08-25,80.6,66.34427642822266,2018-08-27,101.653076171875
2017-08-28,80.6,66.3533935546875,2018-08-28,102.2652359008789
2017-08-29,80.6,66.55382537841797,2018-08-29,103.89761352539062
2017-08-30,80.6,67.42843627929688,2018-08-30,103.83271026611328
2017-08-31,80.6,68.12084197998047,2018-08-31,104.18515014648438
2017-09-01,80.6,67.36466979980469,2018-09-04,103.61011505126953
2017-09-05,80.6,67.06401062011719,2018-09-05,100.62358093261719
2017-09-06,80.66666666666667,66.87269592285156,2018-09-06,100.8554458618164
2017-09-07,80.66666666666667,67.72908782958984,2018-09-07,100.36389923095703
2017-09-08,80.66666666666667,67.40110778808594,2018-09-10,101.44904327392578
2017-09-11,80.66666666666667,68.11176300048828,2018-09-11,103.17417907714844
2017-09-12,80.66666666666667,68.03885650634766,2018-09-12,103.61011505126953
2017-09-13,80.66666666666667,68.52172088623047,2018-09-13,104.72308349609375
2017-09-14,80.66666666666667,68.12084197998047,2018-09-14,105.14974975585938
2017-09-15,80.66666666666667,68.61283111572266,2018-09-17,104.0089340209961
2017-09-18,80.66666666666667,68.47618103027344,2018-09-18,105.0013427734375
2017-09-19,80.66666666666667,68.7313003540039,2018-09-19,103.60082244873047
2017-09-20,80.66666666666667,68.27572631835938,2018-09-20,105.3352279663086
2017-09-21,80.66666666666667,67.61065673828125,2018-09-21,105.97521209716797
2017-09-22,80.66666666666667,67.79285430908203,2018-09-24,106.35547637939453
2017-09-25,80.66666666666667,66.74514770507812,2018-09-25,106.15142822265625
2017-09-26,80.66666666666667,66.74514770507812,2018-09-26,105.71549224853516
2017-09-27,80.66666666666667,67.28266906738281,2018-09-27,106.11433410644531
2017-09-28,80.66666666666667,67.30088806152344,2018-09-28,106.0772476196289
2017-09-29,80.66666666666667,67.86575317382812,2018-10-01,107.22731018066406
2017-10-02,80.66666666666667,67.97508239746094,2018-10-02,106.80068969726562
2017-10-03,80.66666666666667,67.6562271118164,2018-10-03,106.81922912597656
2017-10-04,80.66666666666667,68.04798889160156,2018-10-04,104.61180877685547
2017-10-05,80.66666666666667,69.21416473388672,2018-10-05,103.9996566772461
2017-10-06,80.66666666666667,69.24147033691406,2018-10-08,102.81243896484375
2017-10-09,80.66666666666667,69.50569152832031,2018-10-09,104.1202163696289
2017-10-10,80.66666666666667,69.50569152832031,2018-10-10,98.46251678466797
2017-10-11,80.66666666666667,69.62413787841797,2018-10-11,98.23065185546875
2017-10-12,80.66666666666667,70.2618637084961,2018-10-12,101.62527465820312
2017-10-13,80.66666666666667,70.59896850585938,2018-10-15,99.79813385009766
2017-10-16,80.66666666666667,70.7447509765625,2018-10-16,102.95158386230469
2017-10-17,80.66666666666667,70.6900863647461,2018-10-17,102.68258666992188
2017-10-18,80.66666666666667,70.70831298828125,2018-10-18,100.63284301757812
2017-10-19,80.66666666666667,70.98162841796875,2018-10-19,100.78125762939453
2017-10-20,80.66666666666667,71.80158233642578,2018-10-22,101.68091583251953
2017-10-23,80.66666666666667,71.81980895996094,2018-10-23,100.26185607910156
2017-10-24,80.66666666666667,71.84713745117188,2018-10-24,94.90096282958984
2017-10-25,80.8,71.63758850097656,2018-10-25,100.44737243652344
2017-10-26,80.8,71.75602722167969,2018-10-26,99.20452117919922
2017-10-27,85.0,76.3569564819336,2018-10-29,96.32001495361328
2017-10-30,84.45454545454545,76.42982482910156,2018-10-30,96.20870971679688
2017-10-31,85.08333333333333,75.7829818725586,2018-10-31,99.06537628173828
2017-11-01,85.08333333333333,75.7829818725586,2018-11-01,98.23992919921875
2017-11-02,85.08333333333333,76.57559967041016,2018-11-02,98.46251678466797
2017-11-03,85.08333333333333,76.65760803222656,2018-11-05,99.71464538574219
2017-11-06,85.08333333333333,76.95829010009766,2018-11-06,99.90940856933594
2017-11-07,85.08333333333333,76.77604675292969,2018-11-07,103.84197235107422
2017-11-08,85.08333333333333,77.04026794433594,2018-11-08,103.6471939086914
2017-11-09,86.61538461538461,76.61204528808594,2018-11-09,101.62527465820312
2017-11-10,86.61538461538461,76.41162109375,2018-11-12,99.12105560302734
2017-11-13,86.61538461538461,76.46627807617188,2018-11-13,99.18597412109375
2017-11-14,86.61538461538461,76.57559967041016,2018-11-14,97.77940368652344
2017-11-15,86.61538461538461,75.98045349121094,2018-11-15,99.93118286132812
2017-11-16,86.61538461538461,76.18186950683594,2018-11-16,100.87198638916016
2017-11-17,86.61538461538461,75.44934844970703,2018-11-19,97.453369140625
2017-11-20,86.61538461538461,75.56838989257812,2018-11-20,94.74274444580078
2017-11-21,86.61538461538461,76.65800476074219,2018-11-21,96.04681396484375
2017-11-22,86.61538461538461,76.09945678710938,2018-11-23,96.00955200195312
2017-11-24,86.61538461538461,76.23683166503906,2018-11-26,99.17664337158203
2017-11-27,86.61538461538461,76.79537200927734,2018-11-27,99.8007583618164
2017-11-28,86.61538461538461,77.72017669677734,2018-11-28,103.50811767578125
2017-11-29,86.61538461538461,76.31007385253906,2018-11-29,102.641845703125
2017-11-30,86.61538461538461,77.07006072998047,2018-11-30,103.29386138916016
2017-12-01,86.61538461538461,77.15245056152344,2018-12-03,104.41165161132812
2017-12-04,86.61538461538461,74.24072265625,2018-12-04,101.08623504638672
2017-12-05,86.61538461538461,74.70769500732422,2018-12-06,101.71034240722656
2017-12-06,86.61538461538461,75.79730987548828,2018-12-06,101.71034240722656
2017-12-07,86.61538461538461,75.53175354003906,2018-12-07,97.63967895507812
2017-12-08,86.61538461538461,77.06090545654297,2018-12-10,100.21991729736328
2017-12-11,86.61538461538461,78.04064178466797,2018-12-11,101.15142822265625
2017-12-12,86.61538461538461,78.3611068725586,2018-12-12,101.60787200927734
2017-12-13,86.61538461538461,78.15049743652344,2018-12-13,101.95250701904297
2017-12-14,86.61538461538461,77.54618835449219,2018-12-14,98.76679229736328
2017-12-15,86.61538461538461,79.52397155761719,2018-12-17,95.84186553955078
2017-12-18,86.61538461538461,79.0936508178711,2018-12-18,96.84789276123047
2017-12-19,86.61538461538461,78.59004211425781,2018-12-19,96.58708190917969
2017-12-20,87.16666666666667,78.3061752319336,2018-12-20,94.55642700195312
2017-12-21,87.16666666666667,78.2878646850586,2018-12-21,91.5011215209961
2017-12-22,87.16666666666667,78.2970199584961,2018-12-24,87.68199157714844
2017-12-26,87.16666666666667,78.19630432128906,2018-12-26,93.67147064208984
2017-12-27,87.16666666666667,78.48015594482422,2018-12-27,94.24903106689453
2017-12-28,87.16666666666667,78.48930358886719,2018-12-28,93.51314544677734
2017-12-29,87.16666666666667,78.3244857788086,2018-12-31,94.61231231689453
2018-01-02,87.16666666666667,78.69988250732422,2019-01-02,94.19313049316406
2018-01-03,87.16666666666667,79.06616973876953,2019-01-03,90.72794342041016
2018-01-04,87.16666666666667,79.76205444335938,2019-01-04,94.9476547241211
2018-01-05,87.16666666666667,80.7509536743164,2019-01-07,95.06873321533203
2018-01-08,87.16666666666667,80.83336639404297,2019-01-08,95.75804901123047
2018-01-09,87.16666666666667,80.7784194946289,2019-01-09,97.1273422241211
2018-01-10,87.16666666666667,80.41216278076172,2019-01-10,96.50325775146484
2018-01-11,87.16666666666667,80.65023803710938,2019-01-11,95.75804901123047
2018-01-12,87.16666666666667,82.04200744628906,2019-01-14,95.05943298339844
2018-01-16,87.45454545454545,80.89745330810547,2019-01-16,98.16129302978516
2018-01-17,87.45454545454545,82.53646850585938,2019-01-17,98.85063934326172
2018-01-18,89.22222222222223,82.49984741210938,2019-01-18,100.33171844482422
2018-01-19,89.22222222222223,82.40827941894531,2019-01-22,98.4407730102539
2018-01-22,89.22222222222223,83.8824691772461,2019-01-22,98.4407730102539
2018-01-23,89.22222222222223,84.14799499511719,2019-01-23,99.40020751953125
2018-01-24,90.5,84.07478332519531,2019-01-24,98.92515563964844
2018-01-25,91.0,84.54174041748047,2019-01-25,99.82868957519531
2018-01-26,91.0,86.12581634521484,2019-01-28,97.88186645507812
2018-01-29,91.0,85.99762725830078,2019-01-29,95.88846588134766
2018-01-30,91.0,84.9171371459961,2019-01-30,99.09281921386719
2018-01-31,91.0,86.99566650390625,2019-01-31,97.27639770507812
2018-02-01,95.58823529411765,86.30895233154297,2019-02-01,95.73942565917969
2018-02-02,96.84210526315789,84.03813934326172,2019-02-04,98.49665832519531
2018-02-05,96.84210526315789,80.57698822021484,2019-02-05,99.87528228759766
2018-02-06,96.84210526315789,83.6260986328125,2019-02-06,98.76679229736328
2018-02-07,96.84210526315789,82.05118560791016,2019-02-07,98.05885314941406
2018-02-08,96.84210526315789,77.83920288085938,2019-02-08,98.43144989013672
2018-02-09,96.84210526315789,80.74180603027344,2019-02-11,98.04025268554688
2018-02-12,96.84210526315789,81.6116714477539,2019-02-12,99.56787109375
2018-02-13,96.84210526315789,82.25261688232422,2019-02-13,99.49336242675781
2018-02-14,96.84210526315789,83.54056549072266,2019-02-14,99.57719421386719
2018-02-15,96.84210526315789,85.2424545288086,2019-02-15,100.8067626953125
2018-02-16,96.84210526315789,84.63526916503906,2019-02-19,100.76021575927734
2018-02-20,96.84210526315789,85.29764556884766,2019-02-20,100.23633575439453
2018-02-21,96.84210526315789,84.1661148071289,2019-02-21,102.35053253173828
2018-02-22,96.84210526315789,84.38687896728516,2019-02-22,103.80985260009766
2018-02-23,96.84210526315789,86.5303955078125,2019-02-25,104.38984680175781
2018-02-26,96.84210526315789,87.78152465820312,2019-02-26,105.11016845703125
2018-02-27,96.84210526315789,86.65918731689453,2019-02-27,104.93241119384766
2018-02-28,96.84210526315789,86.26358795166016,2019-02-28,104.80144500732422
2018-03-01,96.84210526315789,85.417236328125,2019-03-01,105.26919555664062
2018-03-02,96.84210526315789,85.60120391845703,2019-03-04,105.0166244506836
2018-03-05,96.84210526315789,86.14399719238281,2019-03-05,104.49273681640625
2018-03-06,97.72222222222223,85.8496322631836,2019-03-06,104.53953552246094
2018-03-07,97.72222222222223,86.34640502929688,2019-03-07,103.26727294921875
2018-03-08,97.72222222222223,86.87075805664062,2019-03-08,103.3795394897461
2018-03-09,97.72222222222223,88.81185150146484,2019-03-11,105.54985046386719
2018-03-12,97.72222222222223,89.0234375,2019-03-12,106.28887939453125
2018-03-13,97.72222222222223,86.85237884521484,2019-03-13,107.1120834350586
2018-03-14,97.72222222222223,86.3371810913086,2019-03-14,107.19628143310547
2018-03-15,97.72222222222223,86.64078521728516,2019-03-15,108.43110656738281
2018-03-16,97.72222222222223,87.02715301513672,2019-03-18,109.9840316772461
2018-03-19,97.72222222222223,85.45404815673828,2019-03-19,110.05884552001953
2018-03-20,97.72222222222223,85.67481994628906,2019-03-20,109.93721008300781
2018-03-21,97.72222222222223,85.07685852050781,2019-03-21,112.46302795410156
2018-03-22,97.72222222222223,82.60218811035156,2019-03-22,109.49755096435547
2018-03-23,97.72222222222223,80.20115661621094,2019-03-25,110.06820678710938
2018-03-26,99.42105263157895,86.27278900146484,2019-03-26,110.30205535888672
2018-03-27,99.42105263157895,82.30781555175781,2019-03-27,109.23563385009766
2018-03-28,99.42105263157895,82.23419952392578,2019-03-28,109.38530731201172
2018-03-29,99.42105263157895,83.9637222290039,2019-03-29,110.33011627197266
2018-04-02,99.42105263157895,81.43385314941406,2019-04-02,111.49948120117188
2018-04-03,99.42105263157895,82.52861022949219,2019-04-03,112.22913360595703
2018-04-04,99.42105263157895,84.93888092041016,2019-04-04,111.65848541259766
2018-04-05,99.42105263157895,84.98485565185547,2019-04-05,112.15428924560547
2018-04-06,99.42105263157895,83.00698852539062,2019-04-08,112.19172668457031
2018-04-09,99.42105263157895,83.50373077392578,2019-04-09,111.58364868164062
2018-04-10,99.42105263157895,85.4448471069336,2019-04-10,112.43494415283203
2018-04-11,99.42105263157895,84.50650787353516,2019-04-11,112.56592559814453
2018-04-12,99.42105263157895,86.08880615234375,2019-04-12,113.14590454101562
2018-04-13,99.42105263157895,85.62882995605469,2019-04-15,113.2394790649414
2018-04-16,99.42105263157895,86.6315689086914,2019-04-16,112.97752380371094
2018-04-17,99.42105263157895,88.37947845458984,2019-04-17,113.9129867553711
2018-04-18,99.42105263157895,88.7198486328125,2019-04-18,115.40974426269531
2018-04-19,99.42105263157895,88.416259765625,2019-04-22,115.77461242675781
2018-04-20,99.42105263157895,87.39513397216797,2019-04-22,115.77461242675781
2018-04-23,99.42105263157895,87.71711730957031,2019-04-23,117.3462142944336
2018-04-24,99.42105263157895,85.66563415527344,2019-04-24,116.94395446777344
2018-04-25,99.42105263157895,84.92046356201172,2019-04-25,120.81681823730469
2018-04-26,103.07142857142857,86.7143783569336,2019-04-26,121.50908660888672
2018-04-27,104.0,88.1495132446289,2019-04-29,121.3968505859375
2018-04-30,106.0625,86.03359985351562,2019-04-30,122.17326354980469
2018-05-01,106.0625,87.39513397216797,2019-05-01,119.6287612915039
2018-05-02,106.0625,86.02440643310547,2019-05-02,118.06651306152344
2018-05-03,106.0625,86.5395736694336,2019-05-03,120.58296203613281
2018-05-04,106.0625,87.54231262207031,2019-05-06,119.88133239746094
2018-05-07,106.0625,88.51748657226562,2019-05-07,117.42103576660156
2018-05-08,106.0625,88.14029693603516,2019-05-08,117.41168975830078
2018-05-09,106.13333333333334,89.1798324584961,2019-05-09,117.4023208618164
2018-05-10,106.13333333333334,90.07219696044922,2019-05-10,118.92716217041016
2018-05-11,106.13333333333334,89.87898254394531,2019-05-13,115.39105224609375
2018-05-14,106.13333333333334,90.18257904052734,2019-05-14,116.6820068359375
2018-05-15,106.13333333333334,89.52940368652344,2019-05-15,118.32514190673828
2018-05-16,106.13333333333334,89.76040649414062,2019-05-16,121.05744934082031
2018-05-17,106.13333333333334,88.86418151855469,2019-05-17,120.24999237060547
2018-05-18,106.13333333333334,89.03048706054688,2019-05-20,118.5129623413086
2018-05-21,106.13333333333334,90.17616271972656,2019-05-21,119.15142059326172
2018-05-22,106.13333333333334,90.08378601074219,2019-05-22,119.8744125366211
2018-05-23,106.13333333333334,91.15554809570312,2019-05-23,118.47537231445312
2018-05-24,106.13333333333334,90.83216857910156,2019-05-24,118.5317153930664
2018-05-25,106.13333333333334,90.87835693359375,2019-05-28,118.45661926269531
2018-05-29,106.13333333333334,90.55499267578125,2019-05-29,117.31110382080078
2018-05-30,106.13333333333334,91.42347717285156,2019-05-30,118.05287170410156
2018-05-31,106.13333333333334,91.32184600830078,2019-05-31,116.12802124023438
2018-06-01,106.13333333333334,93.1235580444336,2019-06-03,112.52249908447266
2018-06-04,106.13333333333334,93.93659210205078,2019-06-04,115.63980102539062
2018-06-05,106.13333333333334,94.41705322265625,2019-06-05,118.14678192138672
2018-06-06,106.75,94.69420623779297,2019-06-06,120.0152359008789
2018-06-07,106.75,93.20668029785156,2019-06-07,123.37664031982422
2018-06-08,106.75,93.8996353149414,2019-06-10,124.50335693359375
2018-06-11,106.75,93.36373901367188,2019-06-11,124.03392791748047
2018-06-12,106.75,93.60396575927734,2019-06-12,123.46112823486328
2018-06-13,106.75,93.17897033691406,2019-06-13,124.240478515625
2018-06-14,106.75,93.70561218261719,2019-06-14,124.36253356933594
2018-06-15,106.75,92.51372528076172,2019-06-17,124.73814392089844
2018-06-18,106.75,93.1882095336914,2019-06-18,126.9070816040039
2018-06-19,106.75,93.1882095336914,2019-06-19,127.40473937988281
2018-06-20,106.75,94.12139892578125,2019-06-20,128.58773803710938
2018-06-21,106.75,93.44691467285156,2019-06-21,128.60655212402344
2018-06-22,106.75,92.77243041992188,2019-06-24,129.36709594726562
2018-06-25,106.75,90.90607452392578,2019-06-25,125.28266906738281
2018-06-26,106.75,91.54360961914062,2019-06-26,125.75218200683594
2018-06-27,106.75,90.12074279785156,2019-06-27,125.95869445800781
2018-06-28,106.75,91.12779998779297,2019-06-28,125.78034973144531
2018-06-29,106.75,91.10936737060547,2019-07-01,127.39527130126953
2018-07-02,106.75,92.40283966064453,2019-07-02,128.24034118652344
2018-07-03,106.75,91.515869140625,2019-07-03,129.06661987304688
2018-07-05,106.75,92.17186737060547,2019-07-05,128.69107055664062
2018-07-06,106.75,93.46537017822266,2019-07-08,128.59718322753906
2018-07-09,106.75,94.1028823852539,2019-07-09,128.12770080566406
2018-07-10,106.75,94.35236358642578,2019-07-10,129.43280029296875
2018-07-11,106.75,94.2229995727539,2019-07-11,129.94924926757812
2018-07-12,106.75,96.2649154663086,2019-07-12,130.41867065429688
2018-07-13,106.75,97.41060638427734,2019-07-15,130.41867065429688
2018-07-16,106.75,96.93014526367188,2019-07-16,128.7098388671875
2018-07-17,109.73684210526316,97.89103698730469,2019-07-17,127.94931030273438
2018-07-18,109.73684210526316,97.12419128417969,2019-07-18,128.09014892578125
2018-07-19,109.73684210526316,96.45893859863281,2019-07-19,128.27793884277344
2018-07-20,112.53846153846153,98.18669128417969,2019-07-22,129.97740173339844
2018-07-23,113.11111111111111,99.75740051269531,2019-07-23,130.7848663330078
2018-07-24,113.53846153846153,99.47097778320312,2019-07-24,132.1275634765625
2018-07-25,115.20833333333333,102.3998794555664,2019-07-25,131.6299591064453
2018-07-26,115.20833333333333,101.28191375732422,2019-07-26,132.70970153808594
2018-07-27,115.20833333333333,99.48946380615234,2019-07-29,132.4186553955078
2018-07-30,115.20833333333333,97.35516357421875,2019-07-30,131.7801513671875
2018-07-31,115.20833333333333,98.01116943359375,2019-07-31,127.94931030273438
2018-08-01,117.47368421052632,98.1959457397461,2019-08-01,129.62997436523438
2018-08-02,118.6470588235294,99.38782501220703,2019-08-02,128.5408172607422
2018-08-03,118.6470588235294,99.82205200195312,2019-08-05,124.13719177246094
2018-08-06,118.6470588235294,99.90520477294922,2019-08-06,126.46574401855469
2018-08-07,118.6470588235294,100.59815216064453,2019-08-07,127.0197525024414
2018-08-08,118.6470588235294,101.16175842285156,2019-08-08,130.40928649902344
2018-08-09,118.6470588235294,101.32807922363281,2019-08-09,129.30137634277344
2018-08-10,118.6470588235294,100.70903015136719,2019-08-12,127.49861907958984
2018-08-13,118.6470588235294,99.9791259765625,2019-08-13,130.1370849609375
2018-08-14,118.6470588235294,101.2264404296875,2019-08-14,126.218017578125
2018-08-15,118.6470588235294,99.85376739501953,2019-08-15,125.93538665771484
2018-08-16,118.6470588235294,99.8352279663086,2019-08-16,128.24351501464844
2018-08-17,118.6470588235294,99.77957153320312,2019-08-19,130.391357421875
2018-08-20,118.6470588235294,99.12105560302734,2019-08-20,129.3079833984375
2018-08-21,118.6470588235294,98.29559326171875,2019-08-21,130.74935913085938
2018-08-22,118.6470588235294,99.2972640991211,2019-08-22,129.79788208007812
2018-08-23,118.6470588235294,99.7610092163086,2019-08-23,125.66217803955078
2018-08-24,118.6470588235294,100.54013061523438,2019-08-26,127.60287475585938
2018-08-27,118.6470588235294,101.653076171875,2019-08-27,127.87608337402344
2018-08-28,118.6470588235294,102.2652359008789,2019-08-28,127.70645904541016
2018-08-29,118.6470588235294,103.89761352539062,2019-08-29,130.11817932128906
2018-08-30,118.6470588235294,103.83271026611328,2019-08-30,129.87322998046875
2018-08-31,118.6470588235294,104.18515014648438,2019-09-03,128.15867614746094
2018-09-04,118.6470588235294,103.61011505126953,2019-09-04,129.65658569335938
2018-09-05,118.6470588235294,100.62358093261719,2019-09-05,131.9364013671875
2018-09-06,118.6470588235294,100.8554458618164,2019-09-06,131.04139709472656
2018-09-07,118.72222222222223,100.36389923095703,2019-09-09,129.5529022216797
2018-09-10,118.72222222222223,101.44904327392578,2019-09-10,128.19638061523438
2018-09-11,118.72222222222223,103.17417907714844,2019-09-11,128.23403930664062
2018-09-12,118.72222222222223,103.61011505126953,2019-09-12,129.5529022216797
2018-09-13,118.72222222222223,104.72308349609375,2019-09-13,129.364501953125
2018-09-14,118.72222222222223,105.14974975585938,2019-09-16,128.43191528320312
2018-09-17,118.72222222222223,104.0089340209961,2019-09-17,129.4304656982422
2018-09-18,118.72222222222223,105.0013427734375,2019-09-18,130.49501037597656
2018-09-19,118.72222222222223,103.60082244873047,2019-09-19,132.8972625732422
2018-09-20,118.72222222222223,105.3352279663086,2019-09-20,131.36167907714844
2018-09-21,118.72222222222223,105.97521209716797,2019-09-23,131.0790557861328
2018-09-24,118.05882352941177,106.35547637939453,2019-09-24,129.42108154296875
2018-09-25,118.05882352941177,106.15142822265625,2019-09-25,131.2863006591797
2018-09-26,118.05882352941177,105.71549224853516,2019-09-26,131.45590209960938
2018-09-27,118.05882352941177,106.11433410644531,2019-09-27,129.750732421875
2018-09-28,118.05882352941177,106.0772476196289,2019-09-30,130.97549438476562
2018-10-01,118.05882352941177,107.22731018066406,2019-10-01,129.12899780273438
2018-10-02,118.05882352941177,106.80068969726562,2019-10-02,126.84925079345703
2018-10-03,118.05882352941177,106.81922912597656,2019-10-03,128.38478088378906
2018-10-04,118.05882352941177,104.61180877685547,2019-10-04,130.11817932128906
2018-10-05,118.05882352941177,103.9996566772461,2019-10-07,129.17613220214844
2018-10-08,118.05882352941177,102.81243896484375,2019-10-08,127.81013488769531
2018-10-09,118.05882352941177,104.1202163696289,2019-10-09,130.2312469482422
2018-10-10,118.05882352941177,98.46251678466797,2019-10-10,131.04139709472656
2018-10-11,118.05882352941177,98.23065185546875,2019-10-11,131.5878143310547
2018-10-12,118.22222222222223,101.62527465820312,2019-10-14,131.46534729003906
2018-10-15,118.22222222222223,99.79813385009766,2019-10-15,133.36831665039062
2018-10-16,118.22222222222223,102.95158386230469,2019-10-16,132.27554321289062
2018-10-17,118.22222222222223,102.68258666992188,2019-10-17,131.5972137451172
2018-10-18,118.22222222222223,100.63284301757812,2019-10-18,129.44927978515625
2018-10-19,119.36842105263158,100.78125762939453,2019-10-21,130.4102020263672
2018-10-22,119.36842105263158,101.68091583251953,2019-10-22,128.46951293945312
2018-10-23,119.36842105263158,100.26185607910156,2019-10-23,129.28921508789062
2018-10-24,119.36842105263158,94.90096282958984,2019-10-24,131.83277893066406
2018-10-25,120.89473684210526,100.44737243652344,2019-10-25,132.57696533203125
2018-10-26,120.89473684210526,99.20452117919922,2019-10-28,135.83651733398438
2018-10-29,122.05555555555556,96.32001495361328,2019-10-29,134.55532836914062
2018-10-30,122.05555555555556,96.20870971679688,2019-10-30,136.23220825195312
2018-10-31,122.05555555555556,99.06537628173828,2019-10-31,135.06402587890625
2018-11-01,122.05555555555556,98.23992919921875,2019-11-01,135.39373779296875
2018-11-02,122.05555555555556,98.46251678466797,2019-11-04,136.17567443847656
2018-11-05,122.05555555555556,99.71464538574219,2019-11-05,136.0908966064453
2018-11-06,122.05555555555556,99.90940856933594,2019-11-06,135.7140350341797
2018-11-07,122.05555555555556,103.84197235107422,2019-11-07,135.9024658203125
2018-11-08,122.05555555555556,103.6471939086914,2019-11-08,137.5039825439453
2018-11-09,122.05555555555556,101.62527465820312,2019-11-11,137.64527893066406
2018-11-12,122.05555555555556,99.12105560302734,2019-11-12,138.54969787597656
2018-11-13,122.05555555555556,99.18597412109375,2019-11-13,138.77578735351562
2018-11-14,122.05555555555556,97.77940368652344,2019-11-14,139.48228454589844
2018-11-15,122.05555555555556,99.93118286132812,2019-11-15,141.2816619873047
2018-11-16,122.05555555555556,100.87198638916016,2019-11-18,141.6302032470703
2018-11-19,122.05555555555556,97.453369140625,2019-11-19,141.67733764648438
2018-11-20,122.05555555555556,94.74274444580078,2019-11-20,141.43154907226562
2018-11-21,122.05555555555556,96.04681396484375,2019-11-21,141.2991943359375
2018-11-23,122.05555555555556,96.00955200195312,2019-11-25,142.95343017578125
2018-11-26,122.05555555555556,99.17664337158203,2019-11-26,143.70965576171875
2018-11-27,122.05555555555556,99.8007583618164,2019-11-27,143.9838104248047
2018-11-28,122.05555555555556,103.50811767578125,2019-11-29,143.09524536132812
2018-11-29,122.05555555555556,102.641845703125,2019-11-29,143.09524536132812
2018-11-30,122.05555555555556,103.29386138916016,2019-12-02,141.36538696289062
2018-12-03,122.05555555555556,104.41165161132812,2019-12-03,141.13851928710938
2018-12-04,122.41176470588235,101.08623504638672,2019-12-04,141.6490020751953
2018-12-06,122.41176470588235,101.71034240722656,2019-12-06,143.4449920654297
2018-12-07,122.41176470588235,97.63967895507812,2019-12-09,143.0763702392578
2018-12-10,122.41176470588235,100.21991729736328,2019-12-10,142.85891723632812
2018-12-11,122.41176470588235,101.15142822265625,2019-12-11,143.39773559570312
2018-12-12,122.41176470588235,101.60787200927734,2019-12-12,144.85350036621094
2018-12-13,122.41176470588235,101.95250701904297,2019-12-13,146.07284545898438
2018-12-14,122.41176470588235,98.76679229736328,2019-12-16,147.0181121826172
2018-12-17,122.41176470588235,95.84186553955078,2019-12-17,146.22410583496094
2018-12-18,122.41176470588235,96.84789276123047,2019-12-18,145.92160034179688
2018-12-19,122.41176470588235,96.58708190917969,2019-12-19,147.18826293945312
2018-12-20,122.41176470588235,94.55642700195312,2019-12-20,148.79525756835938
2018-12-21,122.41176470588235,91.5011215209961,2019-12-23,148.79525756835938
2018-12-24,122.41176470588235,87.68199157714844,2019-12-24,148.766845703125
2018-12-26,122.41176470588235,93.67147064208984,2019-12-26,149.9862823486328
2018-12-27,122.41176470588235,94.24903106689453,2019-12-27,150.2604217529297
2018-12-28,122.41176470588235,93.51314544677734,2019-12-30,148.96539306640625
2018-12-31,122.41176470588235,94.61231231689453,2019-12-31,149.06936645507812
2019-01-02,122.41176470588235,94.19313049316406,2020-01-02,151.8295440673828
2019-01-03,122.41176470588235,90.72794342041016,2020-01-03,149.9390106201172
2019-01-04,122.41176470588235,94.9476547241211,2020-01-06,150.32655334472656
2019-01-07,122.41176470588235,95.06873321533203,2020-01-07,148.95590209960938
2019-01-08,122.41176470588235,95.75804901123047,2020-01-08,151.3285369873047
2019-01-09,122.41176470588235,97.1273422241211,2020-01-09,153.21910095214844
2019-01-10,122.41176470588235,96.50325775146484,2020-01-10,152.5101776123047
2019-01-11,122.41176470588235,95.75804901123047,2020-01-13,154.34397888183594
2019-01-14,121.71428571428571,95.05943298339844,2020-01-14,153.2568817138672
2019-01-15,121.71428571428571,97.81668853759766,2020-01-15,154.2494354248047
2019-01-16,121.71428571428571,98.16129302978516,2020-01-16,157.07579040527344
2019-01-17,123.28571428571429,98.85063934326172,2020-01-17,157.9549102783203
2019-01-18,123.28571428571429,100.33171844482422,2020-01-21,157.3877716064453
2019-01-22,122.5,98.4407730102539,2020-01-22,156.6315155029297
2019-01-23,122.5,99.40020751953125,2020-01-23,157.595703125
2019-01-24,122.5,98.92515563964844,2020-01-24,156.00765991210938
2019-01-25,122.5,99.82868957519531,2020-01-27,153.39866638183594
2019-01-28,122.5,97.88186645507812,2020-01-28,156.4047088623047
2019-01-29,122.5,95.88846588134766,2020-01-29,158.84344482421875
2019-01-30,122.5,99.09281921386719,2020-01-30,163.32406616210938
2019-01-31,121.14285714285714,97.27639770507812,2020-01-31,160.9136199951172
2019-02-01,121.14285714285714,95.73942565917969,2020-02-03,164.83648681640625
2019-02-04,121.14285714285714,98.49665832519531,2020-02-04,170.26234436035156
2019-02-05,121.14285714285714,99.87528228759766,2020-02-05,170.0543670654297
2019-02-06,121.14285714285714,98.76679229736328,2020-02-06,173.58021545410156
2019-02-07,121.14285714285714,98.05885314941406,2020-02-07,173.8260040283203
2019-02-08,121.14285714285714,98.43144989013672,2020-02-10,178.37278747558594
2019-02-11,121.14285714285714,98.04025268554688,2020-02-11,174.345947265625
2019-02-12,121.14285714285714,99.56787109375,2020-02-12,174.60113525390625
2019-02-13,121.14285714285714,99.49336242675781,2020-02-13,173.65589904785156
2019-02-14,121.14285714285714,99.57719421386719,2020-02-14,175.2061004638672
2019-02-15,121.14285714285714,100.8067626953125,2020-02-18,176.9832305908203
2019-02-19,121.14285714285714,100.76021575927734,2020-02-19,177.5140380859375
2019-02-20,121.14285714285714,100.23633575439453,2020-02-20,174.80320739746094
2019-02-21,121.14285714285714,102.35053253173828,2020-02-21,169.27711486816406
2019-02-22,121.14285714285714,103.80985260009766,2020-02-24,161.9786834716797
2019-02-25,121.14285714285714,104.38984680175781,2020-02-25,159.3057861328125
2019-02-26,121.14285714285714,105.11016845703125,2020-02-26,161.2962646484375
2019-02-27,121.14285714285714,104.93241119384766,2020-02-27,149.9315185546875
2019-02-28,121.14285714285714,104.80144500732422,2020-02-28,153.56178283691406
2019-03-01,121.14285714285714,105.26919555664062,2020-03-02,163.77963256835938
2019-03-04,121.14285714285714,105.0166244506836,2020-03-03,155.93138122558594
2019-03-05,121.14285714285714,104.49273681640625,2020-03-04,161.65640258789062
2019-03-06,121.14285714285714,104.53953552246094,2020-03-05,157.59962463378906
2019-03-07,121.33333333333333,103.26727294921875,2020-03-06,153.1447296142578
2019-03-08,121.33333333333333,103.3795394897461,2020-03-09,142.7657012939453
2019-03-11,121.33333333333333,105.54985046386719,2020-03-10,152.5286102294922
2019-03-12,121.33333333333333,106.28887939453125,2020-03-11,145.61875915527344
2019-03-13,121.33333333333333,107.1120834350586,2020-03-12,131.80853271484375
2019-03-14,123.28571428571429,107.19628143310547,2020-03-13,150.54763793945312
2019-03-15,123.28571428571429,108.43110656738281,2020-03-16,128.35833740234375
2019-03-18,123.28571428571429,109.9840316772461,2020-03-17,138.92691040039062
2019-03-19,123.28571428571429,110.05884552001953,2020-03-18,133.07862854003906
2019-03-20,123.28571428571429,109.93721008300781,2020-03-19,135.26821899414062
2019-03-21,123.28571428571429,112.46302795410156,2020-03-20,130.18768310546875
2019-03-22,123.28571428571429,109.49755096435547,2020-03-23,128.88917541503906
2019-03-25,123.28571428571429,110.06820678710938,2020-03-24,140.60464477539062
2019-03-26,123.28571428571429,110.30205535888672,2020-03-25,139.2586669921875
2019-03-27,123.28571428571429,109.23563385009766,2020-03-26,147.96945190429688
2019-03-28,123.28571428571429,109.38530731201172,2020-03-27,141.89366149902344
2019-03-29,123.28571428571429,110.33011627197266,2020-03-30,151.87457275390625
2019-04-01,123.28571428571429,111.34044647216797,2020-03-31,149.4860076904297
2019-04-02,123.28571428571429,111.49948120117188,2020-04-01,144.1780242919922
2019-04-03,123.28571428571429,112.22913360595703,2020-04-02,147.16378784179688
2019-04-04,123.28571428571429,111.65848541259766,2020-04-03,145.80828857421875
2019-04-05,123.28571428571429,112.15428924560547,2020-04-06,156.65174865722656
2019-04-08,123.28571428571429,112.19172668457031,2020-04-07,154.96461486816406
2019-04-09,123.28571428571429,111.58364868164062,2020-04-08,156.5190887451172
2019-04-10,123.28571428571429,112.43494415283203,2020-04-09,156.5285186767578
2019-04-11,123.66666666666667,112.56592559814453,2020-04-13,156.8792266845703
2019-04-12,124.85714285714286,113.14590454101562,2020-04-13,156.8792266845703
2019-04-15,124.85714285714286,113.2394790649414,2020-04-14,164.64218139648438
2019-04-16,124.85714285714286,112.97752380371094,2020-04-15,162.91709899902344
2019-04-17,126.875,113.9129867553711,2020-04-16,167.80801391601562
2019-04-18,125.0,115.40974426269531,2020-04-17,169.2866973876953
2019-04-22,125.0,115.77461242675781,2020-04-21,159.0688018798828
2019-04-23,125.0,117.3462142944336,2020-04-22,164.47158813476562
2019-04-24,130.25,116.94395446777344,2020-04-23,162.48109436035156
2019-04-25,142.35714285714286,120.81681823730469,2020-04-24,165.44786071777344
2019-04-26,142.35714285714286,121.50908660888672,2020-04-27,164.97390747070312
2019-04-29,142.35714285714286,121.3968505859375,2020-04-28,160.9550323486328
2019-04-30,142.35714285714286,122.17326354980469,2020-04-29,168.17767333984375
2019-05-01,142.35714285714286,119.6287612915039,2020-04-30,169.86489868164062
2019-05-02,142.35714285714286,118.06651306152344,2020-05-01,165.4668426513672
2019-05-03,142.35714285714286,120.58296203613281,2020-05-04,169.51412963867188
2019-05-06,142.35714285714286,119.88133239746094,2020-05-05,171.3340606689453
2019-05-07,142.35714285714286,117.42103576660156,2020-05-06,173.02117919921875
2019-05-08,142.35714285714286,117.41168975830078,2020-05-07,174.0259246826172
2019-05-09,142.35714285714286,117.4023208618164,2020-05-08,175.0496063232422
2019-05-10,142.35714285714286,118.92716217041016,2020-05-11,177.00221252441406
2019-05-13,142.35714285714286,115.39105224609375,2020-05-12,172.99276733398438
2019-05-14,142.35714285714286,116.6820068359375,2020-05-13,170.376708984375
2019-05-15,142.35714285714286,118.32514190673828,2020-05-14,171.11605834960938
2019-05-16,142.35714285714286,121.05744934082031,2020-05-15,173.60885620117188
2019-05-17,142.35714285714286,120.24999237060547,2020-05-18,175.2676239013672
2019-05-20,142.35714285714286,118.5129623413086,2020-05-19,174.0543670654297
2019-05-21,142.35714285714286,119.15142059326172,2020-05-20,176.46864318847656
2019-05-22,142.35714285714286,119.8744125366211,2020-05-21,174.34902954101562
2019-05-23,142.35714285714286,118.47537231445312,2020-05-22,174.42503356933594
2019-05-24,142.35714285714286,118.5317153930664,2020-05-26,172.5811309814453
2019-05-28,142.35714285714286,118.45661926269531,2020-05-27,172.80918884277344
2019-05-29,142.35714285714286,117.31110382080078,2020-05-28,172.41952514648438
2019-05-30,142.35714285714286,118.05287170410156,2020-05-29,174.17791748046875
2019-05-31,142.35714285714286,116.12802124023438,2020-06-01,173.77874755859375
2019-06-03,142.35714285714286,112.52249908447266,2020-06-02,175.75576782226562
2019-06-04,142.35714285714286,115.63980102539062,2020-06-03,176.1834716796875
2019-06-05,142.35714285714286,118.14678192138672,2020-06-04,173.8642578125
2019-06-06,142.35714285714286,120.0152359008789,2020-06-05,177.93240356445312
2019-06-07,142.35714285714286,123.37664031982422,2020-06-08,179.0349578857422
2019-06-10,142.35714285714286,124.50335693359375,2020-06-09,180.40365600585938
2019-06-11,142.35714285714286,124.03392791748047,2020-06-10,187.0951385498047
2019-06-12,142.35714285714286,123.46112823486328,2020-06-11,177.04843139648438
2019-06-13,142.35714285714286,124.240478515625,2020-06-12,178.44561767578125
2019-06-14,142.35714285714286,124.36253356933594,2020-06-15,179.5862579345703
2019-06-17,142.35714285714286,124.73814392089844,2020-06-16,183.9870147705078
2019-06-18,142.35714285714286,126.9070816040039,2020-06-17,184.62380981445312
2019-06-19,143.2,127.40473937988281,2020-06-18,186.60089111328125
2019-06-20,143.2,128.58773803710938,2020-06-19,185.48880004882812
2019-06-21,143.2,128.60655212402344,2020-06-22,190.64048767089844
2019-06-24,143.2,129.36709594726562,2020-06-23,191.91412353515625
2019-06-25,139.875,125.28266906738281,2020-06-24,188.045654296875
2019-06-26,139.875,125.75218200683594,2020-06-25,190.42184448242188
2019-06-27,139.875,125.95869445800781,2020-06-26,186.6103973388672
2019-06-28,139.875,125.78034973144531,2020-06-29,188.615966796875
2019-07-01,139.875,127.39527130126953,2020-06-30,193.4349365234375
2019-07-02,139.875,128.24034118652344,2020-07-01,194.56602478027344
2019-07-03,139.875,129.06661987304688,2020-07-02,196.048828125
2019-07-05,139.875,128.69107055664062,2020-07-06,200.2689971923828
2019-07-08,139.875,128.59718322753906,2020-07-07,197.94024658203125
2019-07-09,139.875,128.12770080566406,2020-07-08,202.2935028076172
2019-07-10,139.875,129.43280029296875,2020-07-09,203.70980834960938
2019-07-11,139.875,129.94924926757812,2020-07-10,203.09194946289062
2019-07-12,141.05882352941177,130.41867065429688,2020-07-13,196.81869506835938
2019-07-15,141.05882352941177,130.41867065429688,2020-07-14,198.03533935546875
2019-07-16,141.05882352941177,128.7098388671875,2020-07-15,197.74069213867188
2019-07-17,141.05882352941177,127.94931030273438,2020-07-16,193.82460021972656
2019-07-18,141.05882352941177,128.09014892578125,2020-07-17,192.83612060546875
2019-07-19,145.92,128.27793884277344,2020-07-20,201.12442016601562
2019-07-22,145.92,129.97740173339844,2020-07-21,198.41552734375
2019-07-23,145.92,130.7848663330078,2020-07-22,201.26699829101562
2019-07-24,145.92,132.1275634765625,2020-07-23,192.51292419433594
2019-07-25,145.92,131.6299591064453,2020-07-24,191.33436584472656
2019-07-26,145.92,132.70970153808594,2020-07-27,193.7581329345703
2019-07-29,145.92,132.4186553955078,2020-07-28,192.01869201660156
2019-07-30,145.92,131.7801513671875,2020-07-29,193.9576873779297
2019-07-31,147.29166666666666,127.94931030273438,2020-07-30,193.8056182861328
2019-08-01,147.29166666666666,129.62997436523438,2020-07-31,194.8606414794922
2019-08-02,147.29166666666666,128.5408172607422,2020-08-03,205.81988525390625
2019-08-05,147.29166666666666,124.13719177246094,2020-08-04,202.73074340820312
2019-08-06,147.29166666666666,126.46574401855469,2020-08-05,202.3981170654297
2019-08-07,147.29166666666666,127.0197525024414,2020-08-06,205.63925170898438
2019-08-08,147.29166666666666,130.40928649902344,2020-08-07,201.9608917236328
2019-08-09,147.29166666666666,129.30137634277344,2020-08-10,197.94024658203125
2019-08-12,147.29166666666666,127.49861907958984,2020-08-11,193.31138610839844
2019-08-13,147.29166666666666,130.1370849609375,2020-08-12,198.83375549316406
2019-08-14,147.29166666666666,126.218017578125,2020-08-13,198.3679962158203
2019-08-15,147.29166666666666,125.93538665771484,2020-08-14,198.5580596923828
2019-08-16,147.29166666666666,128.24351501464844,2020-08-17,199.8697509765625
2019-08-19,147.29166666666666,130.391357421875,2020-08-18,201.01986694335938
2019-08-20,147.29166666666666,129.3079833984375,2020-08-19,199.80030822753906
2019-08-21,147.29166666666666,130.74935913085938,2020-08-20,204.44992065429688
2019-08-22,147.29166666666666,129.79788208007812,2020-08-21,202.96359252929688
2019-08-23,147.29166666666666,125.66217803955078,2020-08-24,203.60194396972656
2019-08-26,147.29166666666666,127.60287475585938,2020-08-25,206.25070190429688
2019-08-27,147.29166666666666,127.87608337402344,2020-08-26,210.7097625732422
2019-08-28,147.29166666666666,127.70645904541016,2020-08-27,215.8834228515625
2019-08-29,147.29166666666666,130.11817932128906,2020-08-28,218.1034393310547
2019-08-30,147.29166666666666,129.87322998046875,2020-08-31,214.8829803466797
2019-09-03,147.29166666666666,128.15867614746094,2020-09-02,220.71401977539062
2019-09-04,147.29166666666666,129.65658569335938,2020-09-03,207.04151916503906
2019-09-05,147.29166666666666,131.9364013671875,2020-09-04,204.13552856445312
2019-09-06,147.29166666666666,131.04139709472656,2020-09-08,193.0926513671875
2019-09-09,147.29166666666666,129.5529022216797,2020-09-08,193.0926513671875
2019-09-10,147.29166666666666,128.19638061523438,2020-09-09,201.31520080566406
2019-09-11,147.82608695652175,128.23403930664062,2020-09-10,195.67469787597656
2019-09-12,147.82608695652175,129.5529022216797,2020-09-11,194.39796447753906
2019-09-13,147.82608695652175,129.364501953125,2020-09-14,195.71282958984375
2019-09-16,147.82608695652175,128.43191528320312,2020-09-15,198.9237060546875
2019-09-17,147.82608695652175,129.4304656982422,2020-09-16,195.3698272705078
2019-09-18,147.82608695652175,130.49501037597656,2020-09-17,193.33087158203125
2019-09-19,147.82608695652175,132.8972625732422,2020-09-18,190.92984008789062
2019-09-20,147.82608695652175,131.36167907714844,2020-09-21,192.97830200195312
2019-09-23,147.82608695652175,131.0790557861328,2020-09-22,197.62796020507812
2019-09-24,147.82608695652175,129.42108154296875,2020-09-23,191.12034606933594
2019-09-25,147.82608695652175,131.2863006591797,2020-09-24,193.59764099121094
2019-09-26,147.82608695652175,131.45590209960938,2020-09-25,198.00901794433594
2019-09-27,147.82608695652175,129.750732421875,2020-09-28,199.5525665283203
2019-09-30,147.82608695652175,130.97549438476562,2020-09-29,197.47549438476562
2019-10-01,147.82608695652175,129.12899780273438,2020-09-30,200.40054321289062
2019-10-02,147.82608695652175,126.84925079345703,2020-10-01,202.43002319335938
2019-10-03,147.82608695652175,128.38478088378906,2020-10-02,196.45603942871094
2019-10-04,147.82608695652175,130.11817932128906,2020-10-05,200.4481964111328
2019-10-07,147.82608695652175,129.17613220214844,2020-10-06,196.18923950195312
2019-10-08,147.82608695652175,127.81013488769531,2020-10-07,199.92417907714844
2019-10-09,147.82608695652175,130.2312469482422,2020-10-08,200.6387481689453
2019-10-10,148.54545454545453,131.04139709472656,2020-10-09,205.6219024658203
2019-10-11,148.54545454545453,131.5878143310547,2020-10-12,210.9479217529297
2019-10-14,148.54545454545453,131.46534729003906,2020-10-13,212.3390350341797
2019-10-15,148.9047619047619,133.36831665039062,2020-10-14,210.43344116210938
2019-10-16,148.9047619047619,132.27554321289062,2020-10-15,209.29010009765625
2019-10-17,148.9047619047619,131.5972137451172,2020-10-16,209.29010009765625
2019-10-18,148.9047619047619,129.44927978515625,2020-10-19,204.10691833496094
2019-10-21,148.9047619047619,130.4102020263672,2020-10-20,204.51663208007812
2019-10-22,148.9047619047619,128.46951293945312,2020-10-21,204.6595458984375
2019-10-23,150.45454545454547,129.28921508789062,2020-10-22,204.74530029296875
2019-10-24,153.94117647058823,131.83277893066406,2020-10-23,206.0220184326172
2019-10-25,153.94117647058823,132.57696533203125,2020-10-26,200.16236877441406
2019-10-28,154.27777777777777,135.83651733398438,2020-10-27,203.1827392578125
2019-10-29,154.27777777777777,134.55532836914062,2020-10-28,193.11172485351562
2019-10-30,154.27777777777777,136.23220825195312,2020-10-29,195.05538940429688
2019-10-31,154.27777777777777,135.06402587890625,2020-10-30,192.91165161132812
2019-11-01,155.0,135.39373779296875,2020-11-02,192.77821350097656
2019-11-04,155.0,136.17567443847656,2020-11-03,196.68460083007812
2019-11-05,155.0,136.0908966064453,2020-11-04,206.17446899414062
2019-11-06,155.0,135.7140350341797,2020-11-05,212.7487030029297
2019-11-07,155.0,135.9024658203125,2020-11-06,213.15843200683594
2019-11-08,155.0,137.5039825439453,2020-11-09,208.0800323486328
2019-11-11,155.0,137.64527893066406,2020-11-10,201.04847717285156
2019-11-12,155.0,138.54969787597656,2020-11-11,206.3269500732422
2019-11-13,155.0,138.77578735351562,2020-11-12,205.26931762695312
2019-11-14,155.0,139.48228454589844,2020-11-13,206.28880310058594
2019-11-15,155.0,141.2816619873047,2020-11-16,206.974853515625
2019-11-18,155.0,141.6302032470703,2020-11-17,204.3356170654297
2019-11-19,155.0,141.67733764648438,2020-11-18,201.64170837402344
2019-11-20,155.0,141.43154907226562,2020-11-19,202.92173767089844
2019-11-21,155.0,141.2991943359375,2020-11-20,200.9825439453125
2019-11-22,155.0,141.40321350097656,2020-11-23,200.7150421142578
2019-11-25,155.0,142.95343017578125,2020-11-24,204.29737854003906
2019-11-26,155.0,143.70965576171875,2020-11-25,204.3069305419922
2019-11-27,155.0,143.9838104248047,2020-11-27,205.60614013671875
2019-11-29,155.0,143.09524536132812,2020-11-30,204.49798583984375
2019-12-02,155.0,141.36538696289062,2020-12-01,206.5423126220703
2019-12-03,155.0,141.13851928710938,2020-12-02,205.73985290527344
2019-12-04,155.0,141.6490020751953,2020-12-03,204.66038513183594
2019-12-05,155.0,141.72459411621094,2020-12-04,204.77503967285156
2019-12-06,155.0,143.4449920654297,2020-12-07,204.70814514160156
2019-12-09,155.0,143.0763702392578,2020-12-08,206.35122680664062
2019-12-10,155.0,142.85891723632812,2020-12-09,202.32949829101562
2019-12-11,155.0,143.39773559570312,2020-12-10,201.10671997070312
2019-12-12,155.0,144.85350036621094,2020-12-11,203.7241973876953
2019-12-13,155.0,146.07284545898438,2020-12-14,204.62220764160156
2019-12-16,155.0,147.0181121826172,2020-12-15,204.5552978515625
2019-12-17,157.5,146.22410583496094,2020-12-16,209.4750518798828
2019-12-18,157.5,145.92160034179688,2020-12-17,209.60879516601562
2019-12-19,157.5,147.18826293945312,2020-12-18,208.81585693359375
2019-12-20,157.5,148.79525756835938,2020-12-21,212.63702392578125
2019-12-23,161.05263157894737,148.79525756835938,2020-12-22,213.9266357421875
2019-12-24,161.05263157894737,148.766845703125,2020-12-23,211.13720703125
2019-12-26,161.05263157894737,149.9862823486328,2020-12-28,214.9010467529297
2019-12-27,161.05263157894737,150.2604217529297,2020-12-28,214.9010467529297
2019-12-30,161.05263157894737,148.96539306640625,2020-12-29,214.12725830078125
2019-12-31,161.05263157894737,149.06936645507812,2020-12-30,211.7677459716797
2020-01-02,161.05263157894737,151.8295440673828,2021-01-04,207.9561309814453
2020-01-03,161.05263157894737,149.9390106201172,2021-01-04,207.9561309814453
2020-01-06,161.05263157894737,150.32655334472656,2021-01-05,208.15670776367188
2020-01-07,161.05263157894737,148.95590209960938,2021-01-06,202.7593994140625
2020-01-08,162.45,151.3285369873047,2021-01-07,208.52928161621094
2020-01-09,165.63636363636363,153.21910095214844,2021-01-08,209.79981994628906
2020-01-10,166.47826086956522,152.5101776123047,2021-01-11,207.76507568359375
2020-01-13,167.04166666666666,154.34397888183594,2021-01-12,205.31954956054688
2020-01-14,167.04166666666666,153.2568817138672,2021-01-13,206.66648864746094
2020-01-15,167.04166666666666,154.2494354248047,2021-01-14,203.49497985839844
2020-01-16,173.1764705882353,157.07579040527344,2021-01-15,203.1414794921875
2020-01-17,173.1764705882353,157.9549102783203,2021-01-19,206.7620391845703
2020-01-21,173.55555555555554,157.3877716064453,2021-01-20,214.30874633789062
2020-01-22,173.55555555555554,156.6315155029297,2021-01-21,214.9105682373047
2020-01-23,174.42105263157896,157.595703125,2021-01-22,215.8468017578125
2020-01-24,174.42105263157896,156.00765991210938,2021-01-25,219.26673889160156
2020-01-27,174.42105263157896,153.39866638183594,2021-01-26,221.9415283203125
2020-01-28,174.42105263157896,156.4047088623047,2021-01-27,222.4860076904297
2020-01-29,174.42105263157896,158.84344482421875,2021-01-28,228.24636840820312
2020-01-30,185.2,163.32406616210938,2021-01-29,221.58807373046875
2020-01-31,185.47222222222223,160.9136199951172,2021-02-01,228.93418884277344
2020-02-03,185.78378378378378,164.83648681640625,2021-02-02,228.80044555664062
2020-02-04,185.78378378378378,170.26234436035156,2021-02-03,232.13441467285156
2020-02-05,185.78378378378378,170.0543670654297,2021-02-04,231.18865966796875
2020-02-06,185.78378378378378,173.58021545410156,2021-02-05,231.37017822265625
2020-02-07,185.78378378378378,173.8260040283203,2021-02-08,231.62811279296875
2020-02-10,185.78378378378378,178.37278747558594,2021-02-09,232.8699951171875
2020-02-11,185.78378378378378,174.345947265625,2021-02-10,231.96249389648438
2020-02-12,185.78378378378378,174.60113525390625,2021-02-11,233.5577850341797
2020-02-13,185.78378378378378,173.65589904785156,2021-02-12,234.035400390625
2020-02-14,185.78378378378378,175.2061004638672,2021-02-16,232.80307006835938
2020-02-18,185.78378378378378,176.9832305908203,2021-02-17,233.81802368164062
2020-02-19,185.78378378378378,177.5140380859375,2021-02-18,233.4254150390625
2020-02-20,185.78378378378378,174.80320739746094,2021-02-19,230.725341796875
2020-02-21,185.78378378378378,169.27711486816406,2021-02-22,224.5399932861328
2020-02-24,185.78378378378378,161.9786834716797,2021-02-23,223.3527069091797
2020-02-25,185.78378378378378,159.3057861328125,2021-02-24,224.57827758789062
2020-02-26,185.78378378378378,161.2962646484375,2021-02-25,219.25466918945312
2020-02-27,185.78378378378378,149.9315185546875,2021-02-26,222.50054931640625
2020-02-28,185.78378378378378,153.56178283691406,2021-03-01,226.86668395996094
2020-03-02,185.78378378378378,163.77963256835938,2021-03-02,223.9272003173828
2020-03-03,185.78378378378378,155.93138122558594,2021-03-03,217.88546752929688
2020-03-04,185.78378378378378,161.65640258789062,2021-03-04,217.0907745361328
2020-03-05,185.78378378378378,157.59962463378906,2021-03-05,221.75372314453125
2020-03-06,185.78378378378378,153.1447296142578,2021-03-08,217.72265625
2020-03-09,185.78378378378378,142.7657012939453,2021-03-09,223.84104919433594
2020-03-10,185.78378378378378,152.5286102294922,2021-03-10,222.53884887695312
2020-03-11,185.78378378378378,145.61875915527344,2021-03-11,227.04859924316406
2020-03-12,185.78378378378378,131.80853271484375,2021-03-12,225.72727966308594
2020-03-13,185.78378378378378,150.54763793945312,2021-03-15,224.82725524902344
2020-03-16,185.78378378378378,128.35833740234375,2021-03-16,227.60397338867188
2020-03-17,185.6315789473684,138.92691040039062,2021-03-17,226.96241760253906
2020-03-18,185.6315789473684,133.07862854003906,2021-03-18,220.91110229492188
2020-03-19,185.6315789473684,135.26821899414062,2021-03-19,220.55686950683594
2020-03-20,185.6315789473684,130.18768310546875,2021-03-22,225.95706176757812
2020-03-23,185.6315789473684,128.88917541503906,2021-03-23,227.47946166992188
2020-03-24,185.6315789473684,140.60464477539062,2021-03-24,225.44960021972656
2020-03-25,185.48717948717947,139.2586669921875,2021-03-25,222.46221923828125
2020-03-26,185.48717948717947,147.96945190429688,2021-03-26,226.42623901367188
2020-03-27,185.48717948717947,141.89366149902344,2021-03-29,225.23895263671875
2020-03-30,185.48717948717947,151.87457275390625,2021-03-30,221.9930877685547
2020-03-31,185.1951219512195,149.4860076904297,2021-03-31,225.74642944335938
2020-04-01,185.1951219512195,144.1780242919922,2021-04-01,232.04672241210938
2020-04-02,185.1951219512195,147.16378784179688,2021-04-05,238.4810333251953
2020-04-03,185.14285714285714,145.80828857421875,2021-04-05,238.4810333251953
2020-04-06,185.14285714285714,156.65174865722656,2021-04-06,237.32244873046875
2020-04-07,185.14285714285714,154.96461486816406,2021-04-07,239.2756805419922
2020-04-08,185.14285714285714,156.5190887451172,2021-04-08,242.4832763671875
2020-04-09,185.14285714285714,156.5285186767578,2021-04-09,244.97276306152344
2020-04-13,185.14285714285714,156.8792266845703,2021-04-13,247.50050354003906
2020-04-14,185.14285714285714,164.64218139648438,2021-04-14,244.7237548828125
2020-04-15,185.14285714285714,162.91709899902344,2021-04-15,248.4675750732422
2020-04-16,185.14285714285714,167.80801391601562,2021-04-16,249.65484619140625
2020-04-17,185.14285714285714,169.2866973876953,2021-04-19,247.73985290527344
2020-04-20,185.14285714285714,165.93125915527344,2021-04-20,247.28030395507812
2020-04-21,185.48837209302326,159.0688018798828,2021-04-21,249.50161743164062
2020-04-22,189.56756756756758,164.47158813476562,2021-04-22,246.2366180419922
2020-04-23,189.56756756756758,162.48109436035156,2021-04-23,250.0474090576172
2020-04-24,189.57894736842104,165.44786071777344,2021-04-26,250.430419921875
2020-04-27,190.3783783783784,164.97390747070312,2021-04-27,250.83261108398438
2020-04-28,190.6315789473684,160.9550323486328,2021-04-28,243.737548828125
2020-04-29,190.6315789473684,168.17767333984375,2021-04-29,241.7747039794922
2020-04-30,192.48888888888888,169.86489868164062,2021-04-30,241.45875549316406
2020-05-01,192.48888888888888,165.4668426513672,2021-05-03,241.15237426757812
2020-05-04,192.48888888888888,169.51412963867188,2021-05-04,237.25540161132812
2020-05-05,192.48888888888888,171.3340606689453,2021-05-05,235.99154663085938
2020-05-06,192.48888888888888,173.02117919921875,2021-05-06,239.11294555664062
2020-05-07,192.48888888888888,174.0259246826172,2021-05-07,241.7268524169922
2020-05-08,192.48888888888888,175.0496063232422,2021-05-10,236.6713409423828
2020-05-11,192.48888888888888,177.00221252441406,2021-05-11,235.76170349121094
2020-05-12,192.48888888888888,172.99276733398438,2021-05-12,228.83914184570312
2020-05-13,192.48888888888888,170.376708984375,2021-05-13,232.69775390625
2020-05-14,192.48888888888888,171.11605834960938,2021-05-14,237.60006713867188
2020-05-15,192.48888888888888,173.60885620117188,2021-05-17,234.75637817382812
2020-05-18,192.65217391304347,175.2676239013672,2021-05-18,232.7456817626953
2020-05-19,192.65217391304347,174.0543670654297,2021-05-19,233.32150268554688
2020-05-20,192.65217391304347,176.46864318847656,2021-05-20,236.54605102539062
2020-05-21,192.65217391304347,174.34902954101562,2021-05-21,235.2888641357422
2020-05-22,192.7659574468085,174.42503356933594,2021-05-24,240.67271423339844
2020-05-26,192.7659574468085,172.5811309814453,2021-05-26,241.35411071777344
2020-05-27,192.7659574468085,172.80918884277344,2021-05-27,239.261962890625
2020-05-28,192.7659574468085,172.41952514648438,2021-05-28,239.6170654296875
2020-05-29,192.7659574468085,174.17791748046875,2021-06-01,237.42898559570312
2020-06-01,192.7659574468085,173.77874755859375,2021-06-01,237.42898559570312
2020-06-02,192.7659574468085,175.75576782226562,2021-06-02,237.33299255371094
2020-06-03,192.7659574468085,176.1834716796875,2021-06-03,235.80706787109375
2020-06-04,192.7659574468085,173.8642578125,2021-06-04,240.6823272705078
2020-06-05,192.7659574468085,177.93240356445312,2021-06-07,243.5806427001953
2020-06-08,192.7659574468085,179.0349578857422,2021-06-08,242.39059448242188
2020-06-09,192.7659574468085,180.40365600585938,2021-06-09,243.36952209472656
2020-06-10,192.7659574468085,187.0951385498047,2021-06-10,246.87237548828125
2020-06-11,192.7659574468085,177.04843139648438,2021-06-11,247.49620056152344
2020-06-12,193.22916666666666,178.44561767578125,2021-06-14,249.41555786132812
2020-06-15,193.80434782608697,179.5862579345703,2021-06-15,247.94725036621094
2020-06-16,193.80434782608697,183.9870147705078,2021-06-16,247.0067596435547
2020-06-17,193.80434782608697,184.62380981445312,2021-06-17,250.38485717773438
2020-06-18,193.80434782608697,186.60089111328125,2021-06-18,248.97410583496094
2020-06-19,193.80434782608697,185.48880004882812,2021-06-21,252.045166015625
2020-06-22,193.80434782608697,190.64048767089844,2021-06-22,254.80899047851562
2020-06-23,193.80434782608697,191.91412353515625,2021-06-23,254.57882690429688
2020-06-24,195.10416666666666,188.045654296875,2021-06-24,255.94151306152344
2020-06-25,195.10416666666666,190.42184448242188,2021-06-25,254.33883666992188
2020-06-26,195.10416666666666,186.6103973388672,2021-06-28,257.88970947265625
2020-06-29,195.10416666666666,188.615966796875,2021-06-29,260.4617004394531
2020-06-30,195.10416666666666,193.4349365234375,2021-06-30,259.9817810058594
2020-07-01,195.10416666666666,194.56602478027344,2021-07-01,260.6536560058594
2020-07-02,195.10416666666666,196.048828125,2021-07-02,266.4597473144531
2020-07-06,195.10416666666666,200.2689971923828,2021-07-06,266.4694519042969
2020-07-07,195.2340425531915,197.94024658203125,2021-07-07,268.6479187011719
2020-07-08,195.9318181818182,202.2935028076172,2021-07-08,266.23907470703125
2020-07-09,198.35555555555555,203.70980834960938,2021-07-09,266.7381591796875
2020-07-10,198.35555555555555,203.09194946289062,2021-07-12,266.1430358886719
2020-07-13,198.77272727272728,196.81869506835938,2021-07-13,269.65557861328125
2020-07-14,198.77272727272728,198.03533935546875,2021-07-14,271.12396240234375
2020-07-15,199.09302325581396,197.74069213867188,2021-07-15,269.70355224609375
2020-07-16,200.04444444444445,193.82460021972656,2021-07-16,269.43487548828125
2020-07-17,200.04444444444445,192.83612060546875,2021-07-19,265.84564208984375
2020-07-20,202.5744680851064,201.12442016601562,2021-07-20,268.0625
2020-07-21,202.5744680851064,198.41552734375,2021-07-21,270.05865478515625
2020-07-22,202.84782608695653,201.26699829101562,2021-07-22,274.60760498046875
2020-07-23,204.0612244897959,192.51292419433594,2021-07-23,277.9953918457031
2020-07-24,204.0612244897959,191.33436584472656,2021-07-26,277.400390625
2020-07-27,204.0612244897959,193.7581329345703,2021-07-27,274.99151611328125
2020-07-28,204.0612244897959,192.01869201660156,2021-07-28,274.6843566894531
2020-07-29,207.0,193.9576873779297,2021-07-29,274.9530944824219
2020-07-30,207.375,193.8056182861328,2021-07-30,273.42724609375
2020-07-31,207.375,194.8606414794922,2021-08-02,273.3408508300781
2020-08-03,207.70967741935485,205.81988525390625,2021-08-03,275.548095703125
2020-08-04,207.70967741935485,202.73074340820312,2021-08-04,274.9627380371094
2020-08-05,207.70967741935485,202.3981170654297,2021-08-05,277.8514099121094
2020-08-06,207.70967741935485,205.63925170898438,2021-08-06,277.7938232421875
2020-08-07,207.70967741935485,201.9608917236328,2021-08-09,276.7093505859375
2020-08-10,207.70967741935485,197.94024658203125,2021-08-10,274.8955383300781
2020-08-11,207.70967741935485,193.31138610839844,2021-08-11,275.3849792480469
2020-08-12,207.70967741935485,198.83375549316406,2021-08-12,278.1297607421875
2020-08-13,207.70967741935485,198.3679962158203,2021-08-13,281.0472412109375
2020-08-14,207.70967741935485,198.5580596923828,2021-08-16,282.7267150878906
2020-08-17,207.70967741935485,199.8697509765625,2021-08-17,281.2679443359375
2020-08-18,207.70967741935485,201.01986694335938,2021-08-18,279.5468444824219
2020-08-19,207.70967741935485,199.80030822753906,2021-08-19,285.3543701171875
2020-08-20,207.70967741935485,204.44992065429688,2021-08-20,292.6524963378906
2020-08-21,207.70967741935485,202.96359252929688,2021-08-23,292.9313049316406
2020-08-24,207.70967741935485,203.60194396972656,2021-08-24,290.9793395996094
2020-08-25,207.70967741935485,206.25070190429688,2021-08-25,290.39288330078125
2020-08-26,207.70967741935485,210.7097625732422,2021-08-26,287.5852355957031
2020-08-27,207.70967741935485,215.8834228515625,2021-08-27,288.19097900390625
2020-08-28,207.70967741935485,218.1034393310547,2021-08-30,291.9121398925781
2020-08-31,208.71875,214.8829803466797,2021-08-31,290.2678527832031
2020-09-01,208.71875,216.54087829589844,2021-09-01,290.2197570800781
2020-09-02,208.71875,220.71401977539062,2021-09-02,289.56597900390625
2020-09-03,208.71875,207.04151916503906,2021-09-03,289.5562744140625
2020-09-04,208.71875,204.13552856445312,2021-09-07,288.63323974609375
2020-09-08,208.71875,193.0926513671875,2021-09-08,288.662109375
2020-09-09,209.8181818181818,201.31520080566406,2021-09-09,285.81591796875
2020-09-10,209.8181818181818,195.67469787597656,2021-09-10,284.33514404296875
2020-09-11,209.8181818181818,194.39796447753906,2021-09-13,285.56591796875
2020-09-14,210.75,195.71282958984375,2021-09-14,288.25830078125
2020-09-15,210.75,198.9237060546875,2021-09-15,293.0947570800781
2020-09-16,210.75,195.3698272705078,2021-09-16,293.4794006347656
2020-09-17,210.75,193.33087158203125,2021-09-17,288.3351745605469
2020-09-18,210.75,190.92984008789062,2021-09-20,282.97943115234375
2020-09-21,210.75,192.97830200195312,2021-09-21,283.4602355957031
2020-09-22,211.74193548387098,197.62796020507812,2021-09-22,287.0947265625
2020-09-23,211.74193548387098,191.12034606933594,2021-09-23,288.037109375
2020-09-24,211.74193548387098,193.59764099121094,2021-09-24,287.8352355957031
2020-09-25,211.74193548387098,198.00901794433594,2021-09-27,282.8544616699219
2020-09-28,213.9655172413793,199.5525665283203,2021-09-28,272.6141357421875
2020-09-29,213.9655172413793,197.47549438476562,2021-09-29,273.0755920410156
2020-09-30,213.9655172413793,200.40054321289062,2021-09-30,271.07574462890625
2020-10-01,215.07142857142858,202.43002319335938,2021-10-01,277.9794616699219
2020-10-02,215.07142857142858,196.45603942871094,2021-10-04,272.2198791503906
2020-10-05,215.07142857142858,200.4481964111328,2021-10-05,277.6526184082031
2020-10-06,215.07142857142858,196.18923950195312,2021-10-06,281.8352355957031
2020-10-07,215.07142857142858,199.92417907714844,2021-10-07,283.5082702636719
2020-10-08,215.07142857142858,200.6387481689453,2021-10-08,283.5082702636719
2020-10-09,215.07142857142858,205.6219024658203,2021-10-11,282.912109375
2020-10-12,216.10344827586206,210.9479217529297,2021-10-12,281.61407470703125
2020-10-13,217.23333333333332,212.3390350341797,2021-10-13,284.91217041015625
2020-10-14,218.06451612903226,210.43344116210938,2021-10-14,291.1044006347656
2020-10-15,219.21875,209.29010009765625,2021-10-15,292.5081787109375
2020-10-16,219.21875,209.29010009765625,2021-10-18,295.46978759765625
2020-10-19,219.83870967741936,204.10691833496094,2021-10-19,296.3736267089844
2020-10-20,220.625,204.51663208007812,2021-10-20,295.58514404296875
2020-10-21,220.625,204.6595458984375,2021-10-21,298.8063049316406
2020-10-22,221.61290322580646,204.74530029296875,2021-10-22,297.2679138183594
2020-10-23,222.46875,206.0220184326172,2021-10-25,296.2774963378906
2020-10-26,223.19354838709677,200.16236877441406,2021-10-26,298.18133544921875
2020-10-27,223.19354838709677,203.1827392578125,2021-10-27,310.7389221191406
2020-10-28,234.89655172413794,193.11172485351562,2021-10-28,311.8735046386719
2020-10-29,235.4,195.05538940429688,2021-10-29,318.8639221191406
2020-10-30,235.4,192.91165161132812,2021-11-01,316.700439453125
2020-11-02,235.4,192.77821350097656,2021-11-02,320.3158264160156
2020-11-03,235.4,196.68460083007812,2021-11-03,321.1523132324219
2020-11-04,235.4,206.17446899414062,2021-11-04,323.4985046386719
2020-11-05,236.19354838709677,212.7487030029297,2021-11-05,323.1330871582031
2020-11-06,236.19354838709677,213.15843200683594,2021-11-08,324.0273132324219
2020-11-09,236.19354838709677,208.0800323486328,2021-11-09,323.0273132324219
2020-11-10,236.19354838709677,201.04847717285156,2021-11-10,318.0754089355469
2020-11-11,236.19354838709677,206.3269500732422,2021-11-11,319.6427307128906
2020-11-12,236.19354838709677,205.26931762695312,2021-11-12,323.7677307128906
2020-11-13,236.19354838709677,206.28880310058594,2021-11-15,323.14276123046875
2020-11-16,237.4,206.974853515625,2021-11-16,326.45037841796875
2020-11-17,237.4,204.3356170654297,2021-11-17,326.6719970703125
2020-11-18,237.4,201.64170837402344,2021-11-18,328.7430725097656
2020-11-19,238.75862068965517,202.92173767089844,2021-11-19,330.5155334472656
2020-11-20,238.75862068965517,200.9825439453125,2021-11-22,327.35589599609375
2020-11-23,238.75862068965517,200.7150421142578,2021-11-23,325.2848205566406
2020-11-24,239.13333333333333,204.29737854003906,2021-11-24,325.5064392089844
2020-11-25,239.13333333333333,204.3069305419922,2021-11-26,317.5784606933594
2020-11-27,239.13333333333333,205.60614013671875,2021-11-29,324.2734069824219
2020-11-30,239.13333333333333,204.49798583984375,2021-11-30,318.4550476074219
2020-12-01,239.13333333333333,206.5423126220703,2021-12-01,317.9637451171875
2020-12-02,239.13333333333333,205.73985290527344,2021-12-02,317.3954772949219
2020-12-03,239.13333333333333,204.66038513183594,2021-12-03,311.1533203125
2020-12-04,239.13333333333333,204.77503967285156,2021-12-06,314.2165832519531
2020-12-07,239.13333333333333,204.70814514160156,2021-12-07,322.6261901855469
2020-12-08,239.13333333333333,206.35122680664062,2021-12-08,322.67431640625
2020-12-09,239.13333333333333,202.32949829101562,2021-12-09,320.8729553222656
2020-12-10,239.9655172413793,201.10671997070312,2021-12-10,329.9663391113281
2020-12-11,239.9655172413793,203.7241973876953,2021-12-13,326.941650390625
2020-12-14,239.9655172413793,204.62220764160156,2021-12-14,316.28765869140625
2020-12-15,239.9655172413793,204.5552978515625,2021-12-15,322.3659973144531
2020-12-16,239.9655172413793,209.4750518798828,2021-12-16,312.97393798828125
2020-12-17,239.9655172413793,209.60879516601562,2021-12-17,311.91424560546875
2020-12-18,240.63333333333333,208.81585693359375,2021-12-20,308.1670837402344
2020-12-21,241.6451612903226,212.63702392578125,2021-12-21,315.276123046875
2020-12-22,242.79310344827587,213.9266357421875,2021-12-22,320.96923828125
2020-12-23,242.79310344827587,211.13720703125,2021-12-23,322.40460205078125
2020-12-24,242.79310344827587,212.78988647460938,2021-12-27,329.8797302246094
2020-12-28,242.79310344827587,214.9010467529297,2021-12-28,328.7237243652344
2020-12-29,242.79310344827587,214.12725830078125,2021-12-29,329.3980712890625
2020-12-30,242.79310344827587,211.7677459716797,2021-12-30,326.8646545410156
2020-12-31,242.79310344827587,212.47463989257812,2021-12-31,323.9747619628906
2021-01-04,242.79310344827587,207.9561309814453,2022-01-04,316.93304443359375
2021-01-05,242.79310344827587,208.15670776367188,2022-01-05,304.7666931152344
2021-01-06,242.62962962962962,202.7593994140625,2022-01-06,302.35845947265625
2021-01-07,242.62962962962962,208.52928161621094,2022-01-07,302.5126037597656
2021-01-08,242.62962962962962,209.79981994628906,2022-01-10,302.7341003417969
2021-01-11,242.62962962962962,207.76507568359375,2022-01-11,303.4180908203125
2021-01-12,242.62962962962962,205.31954956054688,2022-01-12,306.58721923828125
2021-01-13,244.4,206.66648864746094,2022-01-13,293.6117858886719
2021-01-14,244.4,203.49497985839844,2022-01-14,298.8135070800781
2021-01-15,244.4,203.1414794921875,2022-01-18,291.5406494140625
2021-01-19,245.95454545454547,206.7620391845703,2022-01-19,292.1956787109375
2021-01-20,249.6315789473684,214.30874633789062,2022-01-20,290.5291748046875
2021-01-21,249.6315789473684,214.9105682373047,2022-01-21,285.16363525390625
2021-01-22,251.4,215.8468017578125,2022-01-24,285.4911804199219
2021-01-25,251.4,219.26673889160156,2022-01-25,277.90045166015625
2021-01-26,251.4,221.9415283203125,2022-01-26,285.8187255859375
2021-01-27,263.9166666666667,222.4860076904297,2022-01-27,288.8338317871094
2021-01-28,264.2162162162162,228.24636840820312,2022-01-28,296.9447021484375
2021-01-29,264.2162162162162,221.58807373046875,2022-01-31,299.56494140625
2021-02-01,264.2162162162162,228.93418884277344,2022-02-01,297.4263916015625
2021-02-02,265.1578947368421,228.80044555664062,2022-02-02,301.9537658691406
2021-02-03,265.1578947368421,232.13441467285156,2022-02-03,290.1920166015625
2021-02-04,265.1578947368421,231.18865966796875,2022-02-04,294.7098693847656
2021-02-05,265.1578947368421,231.37017822265625,2022-02-07,289.9031066894531
2021-02-08,265.1578947368421,231.62811279296875,2022-02-08,293.3804931640625
2021-02-09,265.4102564102564,232.8699951171875,2022-02-09,299.786376953125
2021-02-10,265.4102564102564,231.96249389648438,2022-02-10,291.2805480957031
2021-02-11,265.4102564102564,233.5577850341797,2022-02-11,284.2100524902344
2021-02-12,265.4102564102564,234.035400390625,2022-02-14,284.1714172363281
2021-02-16,266.275,232.80307006835938,2022-02-16,289.102783203125
2021-02-17,266.275,233.81802368164062,2022-02-17,280.6372985839844
2021-02-18,266.275,233.4254150390625,2022-02-18,277.9344482421875
2021-02-19,266.275,230.725341796875,2022-02-22,277.7317810058594
2021-02-22,266.275,224.5399932861328,2022-02-22,277.7317810058594
2021-02-23,266.275,223.3527069091797,2022-02-23,270.5403747558594
2021-02-24,266.275,224.57827758789062,2022-02-24,284.36328125
2021-02-25,266.275,219.25466918945312,2022-02-25,286.9888610839844
2021-02-26,266.275,222.50054931640625,2022-02-28,288.41741943359375
2021-03-01,266.94871794871796,226.86668395996094,2022-03-01,284.7108154296875
2021-03-02,266.94871794871796,223.9272003173828,2022-03-02,289.76885986328125
2021-03-03,266.94871794871796,217.88546752929688,2022-03-03,285.6471252441406
2021-03-04,266.94871794871796,217.0907745361328,2022-03-04,279.79742431640625
2021-03-05,267.525,221.75372314453125,2022-03-07,269.22760009765625
2021-03-08,267.525,217.72265625,2022-03-08,266.27392578125
2021-03-09,268.1025641025641,223.84104919433594,2022-03-09,278.4847106933594
2021-03-10,268.1025641025641,222.53884887695312,2022-03-10,275.6756591796875
2021-03-11,268.1025641025641,227.04859924316406,2022-03-11,270.3473815917969
2021-03-12,268.1025641025641,225.72727966308594,2022-03-14,266.84332275390625
2021-03-15,268.1025641025641,224.82725524902344,2022-03-15,277.1816711425781
2021-03-16,268.1025641025641,227.60397338867188,2022-03-16,284.170166015625
2021-03-17,268.1025641025641,226.96241760253906,2022-03-17,284.9714050292969
2021-03-18,268.1025641025641,220.91110229492188,2022-03-18,290.0005798339844
2021-03-19,268.1025641025641,220.55686950683594,2022-03-21,288.7746276855469
2021-03-22,268.1025641025641,225.95706176757812,2022-03-22,293.5045471191406
2021-03-23,268.1025641025641,227.47946166992188,2022-03-23,289.0931396484375
2021-03-24,268.1025641025641,225.44960021972656,2022-03-24,293.5431213378906
2021-03-25,268.1025641025641,222.46221923828125,2022-03-25,293.1377258300781
2021-03-26,268.1025641025641,226.42623901367188,2022-03-28,299.9140625
2021-03-29,268.1025641025641,225.23895263671875,2022-03-29,304.46051025390625
2021-03-30,268.1025641025641,221.9930877685547,2022-03-30,302.9643249511719
2021-03-31,268.1025641025641,225.74642944335938,2022-03-31,297.6069641113281
2021-04-01,268.1025641025641,232.04672241210938,2022-04-01,298.6784973144531
2021-04-05,268.1025641025641,238.4810333251953,2022-04-05,300.0877990722656
2021-04-06,268.1025641025641,237.32244873046875,2022-04-06,289.102783203125
2021-04-07,268.1025641025641,239.2756805419922,2022-04-07,290.9079284667969
2021-04-08,268.1025641025641,242.4832763671875,2022-04-08,286.6606750488281
2021-04-09,268.1025641025641,244.97276306152344,2022-04-11,275.35723876953125
2021-04-12,269.5,245.03016662597656,2022-04-12,272.2682189941406
2021-04-13,271.0,247.50050354003906,2022-04-13,277.6352233886719
2021-04-14,271.43243243243245,244.7237548828125,2022-04-14,270.11572265625
2021-04-15,271.43243243243245,248.4675750732422,2022-04-18,270.7817077636719
2021-04-16,271.43243243243245,249.65484619140625,2022-04-18,270.7817077636719
2021-04-19,272.1666666666667,247.73985290527344,2022-04-19,275.3957824707031
2021-04-20,272.1666666666667,247.28030395507812,2022-04-20,276.4190368652344
2021-04-21,273.6842105263158,249.50161743164062,2022-04-21,271.0616455078125
2021-04-22,275.8157894736842,246.2366180419922,2022-04-22,264.51702880859375
2021-04-23,276.1794871794872,250.0474090576172,2022-04-25,270.97479248046875
2021-04-26,276.65,250.430419921875,2022-04-26,260.83935546875
2021-04-27,281.97058823529414,250.83261108398438,2022-04-27,273.3880310058594
2021-04-28,285.0,243.737548828125,2022-04-28,279.5754699707031
2021-04-29,285.0,241.7747039794922,2022-04-29,267.8858642578125
2021-04-30,285.0,241.45875549316406,2022-05-02,274.5946350097656
2021-05-03,285.0,241.15237426757812,2022-05-03,271.99798583984375
2021-05-04,285.0,237.25540161132812,2022-05-04,279.9133605957031
2021-05-05,285.609756097561,235.99154663085938,2022-05-05,267.7218017578125
2021-05-06,285.609756097561,239.11294555664062,2022-05-06,265.19281005859375
2021-05-07,285.609756097561,241.7268524169922,2022-05-09,255.39511108398438
2021-05-10,285.609756097561,236.6713409423828,2022-05-10,260.144287109375
2021-05-11,285.609756097561,235.76170349121094,2022-05-11,251.50502014160156
2021-05-12,285.609756097561,228.83914184570312,2022-05-12,246.48550415039062
2021-05-13,285.9761904761905,232.69775390625,2022-05-13,252.05519104003906
2021-05-14,285.9761904761905,237.60006713867188,2022-05-16,252.42205810546875
2021-05-17,285.9761904761905,234.75637817382812,2022-05-17,257.55731201171875
2021-05-18,286.06976744186045,232.7456817626953,2022-05-18,245.83082580566406
2021-05-19,286.06976744186045,233.32150268554688,2022-05-19,244.92135620117188
2021-05-20,286.06976744186045,236.54605102539062,2022-05-20,244.3601837158203
2021-05-21,286.06976744186045,235.2888641357422,2022-05-23,252.1875457763672
2021-05-24,286.92857142857144,240.67271423339844,2022-05-24,251.19091796875
2021-05-25,286.92857142857144,241.57485961914062,2022-05-25,253.99679565429688
2021-05-26,286.92857142857144,241.35411071777344,2022-05-26,257.2670593261719
2021-05-27,286.92857142857144,239.261962890625,2022-05-27,264.36871337890625
2021-05-28,286.92857142857144,239.6170654296875,2022-05-31,263.043212890625
2021-06-01,286.92857142857144,237.42898559570312,2022-06-01,263.57537841796875
2021-06-02,287.2325581395349,237.33299255371094,2022-06-02,265.6652526855469
2021-06-03,287.59090909090907,235.80706787109375,2022-06-03,261.2532958984375
2021-06-04,287.59090909090907,240.6823272705078,2022-06-06,260.0245666503906
2021-06-07,287.59090909090907,243.5806427001953,2022-06-07,263.65283203125
2021-06-08,287.59090909090907,242.39059448242188,2022-06-08,261.630615234375
2021-06-09,287.59090909090907,243.36952209472656,2022-06-09,256.193115234375
2021-06-10,287.59090909090907,246.87237548828125,2022-06-10,244.77626037597656
2021-06-11,287.59090909090907,247.49620056152344,2022-06-13,234.3945770263672
2021-06-14,287.59090909090907,249.41555786132812,2022-06-14,236.55221557617188
2021-06-15,287.59090909090907,247.94725036621094,2022-06-15,243.58615112304688
2021-06-16,287.59090909090907,247.0067596435547,2022-06-16,237.01658630371094
2021-06-17,288.2325581395349,250.38485717773438,2022-06-17,239.6095733642578
2021-06-18,288.2325581395349,248.97410583496094,2022-06-21,245.50186157226562
2021-06-21,288.6190476190476,252.045166015625,2022-06-21,245.50186157226562
2021-06-22,288.6190476190476,254.80899047851562,2022-06-22,244.91168212890625
2021-06-23,289.4651162790698,254.57882690429688,2022-06-23,250.4556427001953
2021-06-24,289.4651162790698,255.94151306152344,2022-06-24,259.0086364746094
2021-06-25,289.4651162790698,254.33883666992188,2022-06-27,256.2899475097656
2021-06-28,289.9318181818182,257.88970947265625,2022-06-28,248.1529083251953
2021-06-29,289.9318181818182,260.4617004394531,2022-06-29,251.8101806640625
2021-06-30,289.9318181818182,259.9817810058594,2022-06-30,248.4915008544922
2021-07-01,289.9318181818182,260.6536560058594,2022-07-01,251.15228271484375
2021-07-02,289.9318181818182,266.4597473144531,2022-07-05,254.3161163330078
2021-07-06,289.9318181818182,266.4694519042969,2022-07-06,257.5670166015625
2021-07-07,289.9318181818182,268.6479187011719,2022-07-07,259.6859130859375
2021-07-08,289.9318181818182,266.23907470703125,2022-07-08,258.969970703125
2021-07-09,289.9318181818182,266.7381591796875,2022-07-11,255.92222595214844
2021-07-12,289.9318181818182,266.1430358886719,2022-07-12,245.4341278076172
2021-07-13,289.9318181818182,269.65557861328125,2022-07-13,244.5149688720703
2021-07-14,289.9318181818182,271.12396240234375,2022-07-14,245.83082580566406
2021-07-15,289.9318181818182,269.70355224609375,2022-07-15,248.38510131835938
2021-07-16,290.3777777777778,269.43487548828125,2022-07-18,245.9953155517578
2021-07-19,290.3777777777778,265.84564208984375,2022-07-19,251.1039276123047
2021-07-20,290.3777777777778,268.0625,2022-07-20,253.75494384765625
2021-07-21,291.59574468085106,270.05865478515625,2022-07-21,256.241455078125
2021-07-22,292.5,274.60760498046875,2022-07-22,251.90689086914062
2021-07-23,293.16326530612247,277.9953918457031,2022-07-25,250.42665100097656
2021-07-26,294.0,277.400390625,2022-07-26,243.7216339111328
2021-07-27,300.79411764705884,274.99151611328125,2022-07-27,260.01483154296875
2021-07-28,308.26190476190476,274.6843566894531,2022-07-28,267.43585205078125
2021-07-29,308.30232558139534,274.9530944824219,2022-07-29,271.6252136230469
2021-07-30,308.30232558139534,273.42724609375,2022-08-01,268.9839172363281
2021-08-02,308.5,273.3408508300781,2022-08-02,265.8974304199219
2021-08-03,308.5,275.548095703125,2022-08-03,273.2991027832031
2021-08-04,308.5,274.9627380371094,2022-08-04,274.44073486328125
2021-08-05,308.5,277.8514099121094,2022-08-05,273.72479248046875
2021-08-06,308.5,277.7938232421875,2022-08-08,271.2188720703125
2021-08-09,309.3170731707317,276.7093505859375,2022-08-09,273.1346435546875
2021-08-10,309.3170731707317,274.8955383300781,2022-08-10,279.7719421386719
2021-08-11,309.3170731707317,275.3849792480469,2022-08-11,277.7013244628906
2021-08-12,309.3170731707317,278.1297607421875,2022-08-12,282.4326477050781
2021-08-13,309.3170731707317,281.0472412109375,2022-08-15,283.9419860839844
2021-08-16,309.55,282.7267150878906,2022-08-16,283.2066650390625
2021-08-17,309.55,281.2679443359375,2022-08-17,282.4600524902344
2021-08-18,309.55,279.5468444824219,2022-08-18,281.3450622558594
2021-08-19,309.55,285.3543701171875,2022-08-19,277.447265625
2021-08-20,312.3720930232558,292.6524963378906,2022-08-22,269.302734375
2021-08-23,312.3720930232558,292.9313049316406,2022-08-23,268.0326232910156
2021-08-24,312.3720930232558,290.9793395996094,2022-08-24,267.40240478515625
2021-08-25,312.3720930232558,290.39288330078125,2022-08-25,270.3692932128906
2021-08-26,312.3720930232558,287.5852355957031,2022-08-26,259.9364929199219
2021-08-27,312.3720930232558,288.19097900390625,2022-08-29,257.1634826660156
2021-08-30,312.3720930232558,291.9121398925781,2022-08-30,254.97225952148438
2021-08-31,312.3720930232558,290.2678527832031,2022-08-31,253.51785278320312
2021-09-01,312.3720930232558,290.2197570800781,2022-09-01,252.48040771484375
2021-09-02,312.9047619047619,289.56597900390625,2022-09-02,248.27239990234375
2021-09-03,312.9047619047619,289.5562744140625,2022-09-06,245.5478973388672
2021-09-07,312.9047619047619,288.63323974609375,2022-09-07,250.24069213867188
2021-09-08,313.6511627906977,288.662109375,2022-09-08,250.6575927734375
2021-09-09,313.6511627906977,285.81591796875,2022-09-09,256.4169616699219
2021-09-10,313.6511627906977,284.33514404296875,2022-09-12,258.54034423828125
2021-09-13,313.6511627906977,285.56591796875,2022-09-13,244.32620239257812
2021-09-14,314.04545454545456,288.25830078125,2022-09-14,244.54920959472656
2021-09-15,314.04545454545456,293.0947570800781,2022-09-15,237.9171905517578
2021-09-16,314.04545454545456,293.4794006347656,2022-09-16,237.29666137695312
2021-09-17,315.8478260869565,288.3351745605469,2022-09-19,237.0834197998047
2021-09-20,315.8478260869565,282.97943115234375,2022-09-20,235.07632446289062
2021-09-21,315.8478260869565,283.4602355957031,2022-09-21,231.6827850341797
2021-09-22,315.8478260869565,287.0947265625,2022-09-22,233.6510467529297
2021-09-23,315.8478260869565,288.037109375,2022-09-23,230.6841278076172
2021-09-24,315.8478260869565,287.8352355957031,2022-09-26,230.22837829589844
2021-09-27,315.8478260869565,282.8544616699219,2022-09-27,229.22000122070312
2021-09-28,315.8478260869565,272.6141357421875,2022-09-28,233.73831176757812
2021-09-29,315.8478260869565,273.0755920410156,2022-09-29,230.2769317626953
2021-09-30,315.8478260869565,271.07574462890625,2022-09-30,225.8167724609375
2021-10-01,315.8478260869565,277.9794616699219,2022-10-03,233.41836547851562
2021-10-04,315.8478260869565,272.2198791503906,2022-10-04,241.31076049804688
2021-10-05,315.8478260869565,277.6526184082031,2022-10-05,241.62103271484375
2021-10-06,315.8478260869565,281.8352355957031,2022-10-06,239.2843475341797
2021-10-07,315.8478260869565,283.5082702636719,2022-10-07,227.1160430908203
2021-10-08,315.8478260869565,283.5082702636719,2022-10-10,222.2777862548828
2021-10-11,317.02272727272725,282.912109375,2022-10-11,218.55458068847656
2021-10-12,317.02272727272725,281.61407470703125,2022-10-12,218.88424682617188
2021-10-13,317.02272727272725,284.91217041015625,2022-10-13,227.1160430908203
2021-10-14,317.02272727272725,291.1044006347656,2022-10-14,221.60879516601562
2021-10-15,317.02272727272725,292.5081787109375,2022-10-17,230.3059539794922
2021-10-18,317.02272727272725,295.46978759765625,2022-10-18,231.24647521972656
2021-10-19,317.7857142857143,296.3736267089844,2022-10-19,229.2878875732422
2021-10-20,320.16279069767444,295.58514404296875,2022-10-20,228.96792602539062
2021-10-21,320.8809523809524,298.8063049316406,2022-10-21,234.7563934326172
2021-10-22,320.8809523809524,297.2679138183594,2022-10-24,239.73036193847656
2021-10-25,322.54761904761904,296.2774963378906,2022-10-25,243.03662109375
2021-10-26,330.72727272727275,298.18133544921875,2022-10-26,224.2848358154297
2021-10-27,336.9761904761905,310.7389221191406,2022-10-27,219.8538055419922
2021-10-28,338.6046511627907,311.8735046386719,2022-10-28,228.69642639160156
2021-10-29,338.6046511627907,318.8639221191406,2022-10-31,225.07022094726562
2021-11-01,338.6046511627907,316.700439453125,2022-11-01,221.23062133789062
2021-11-02,339.77272727272725,320.3158264160156,2022-11-02,213.40609741210938
2021-11-03,339.77272727272725,321.1523132324219,2022-11-03,207.7339630126953
2021-11-04,339.77272727272725,323.4985046386719,2022-11-04,214.65682983398438
2021-11-05,339.77272727272725,323.1330871582031,2022-11-07,220.9397430419922
2021-11-08,339.77272727272725,324.0273132324219,2022-11-08,221.90931701660156
2021-11-09,339.77272727272725,323.0273132324219,2022-11-09,217.6819305419922
2021-11-10,340.6744186046512,318.0754089355469,2022-11-10,235.59019470214844
2021-11-11,340.6744186046512,319.6427307128906,2022-11-11,239.59458923339844
2021-11-12,340.6744186046512,323.7677307128906,2022-11-14,234.20370483398438
2021-11-15,341.8809523809524,323.14276123046875,2022-11-15,234.61093139648438
2021-11-16,341.8809523809524,326.45037841796875,2022-11-16,235.0386962890625
2021-11-17,341.8809523809524,326.6719970703125,2022-11-17,234.99012756347656
2021-11-18,341.8809523809524,328.7430725097656,2022-11-18,234.54286193847656
2021-11-19,341.8809523809524,330.5155334472656,2022-11-21,235.34988403320312
2021-11-22,343.2325581395349,327.35589599609375,2022-11-22,238.24740600585938
2021-11-23,343.2325581395349,325.2848205566406,2022-11-23,240.72683715820312
2021-11-24,343.2325581395349,325.5064392089844,2022-11-25,240.63931274414062
2021-11-26,343.2325581395349,317.5784606933594,2022-11-28,235.06788635253906
2021-11-29,343.2325581395349,324.2734069824219,2022-11-29,233.677490234375
2021-11-30,344.26190476190476,318.4550476074219,2022-11-30,248.0775604248047
2021-12-01,345.2682926829268,317.9637451171875,2022-12-01,247.63999938964844
2021-12-02,345.2682926829268,317.3954772949219,2022-12-02,247.96087646484375
2021-12-03,345.2682926829268,311.1533203125,2022-12-05,243.2742919921875
2021-12-06,345.2682926829268,314.2165832519531,2022-12-06,238.3348846435547
2021-12-07,345.2682926829268,322.6261901855469,2022-12-07,237.60568237304688
2021-12-08,345.2682926829268,322.67431640625,2022-12-08,240.55177307128906
2021-12-09,345.2682926829268,320.8729553222656,2022-12-09,238.62657165527344
2021-12-10,345.2682926829268,329.9663391113281,2022-12-12,245.52037048339844
2021-12-13,345.2682926829268,326.941650390625,2022-12-13,249.80828857421875
2021-12-14,345.2682926829268,316.28765869140625,2022-12-14,250.0999755859375
2021-12-15,345.2682926829268,322.3659973144531,2022-12-15,242.11720275878906
2021-12-16,345.2682926829268,312.97393798828125,2022-12-16,237.91677856445312
2021-12-17,345.2682926829268,311.91424560546875,2022-12-19,233.79417419433594
2021-12-20,345.2682926829268,308.1670837402344,2022-12-20,235.1068115234375
2021-12-21,345.775,315.276123046875,2022-12-21,237.6639862060547
2021-12-22,347.3414634146341,320.96923828125,2022-12-22,231.59677124023438
2021-12-23,347.3414634146341,322.40460205078125,2022-12-23,232.12176513671875
2021-12-27,348.275,329.8797302246094,2022-12-27,230.4007568359375
2021-12-28,348.275,328.7237243652344,2022-12-28,228.03805541992188
2021-12-29,348.275,329.3980712890625,2022-12-29,234.3386688232422
2021-12-30,348.275,326.8646545410156,2022-12-30,233.18161010742188
2021-12-31,348.275,323.9747619628906,2023-01-03,232.94827270507812
2022-01-03,348.275,322.46234130859375,2023-01-03,232.94827270507812
2022-01-04,348.275,316.93304443359375,2023-01-04,222.75836181640625
2022-01-05,348.275,304.7666931152344,2023-01-05,216.15631103515625
2022-01-06,349.5365853658537,302.35845947265625,2023-01-06,218.7037811279297
2022-01-07,349.5365853658537,302.5126037597656,2023-01-09,220.8331756591797
2022-01-10,349.5365853658537,302.7341003417969,2023-01-10,222.51527404785156
2022-01-11,349.5365853658537,303.4180908203125,2023-01-11,229.24371337890625
2022-01-12,349.5365853658537,306.58721923828125,2023-01-12,231.9078826904297
2022-01-13,350.525,293.6117858886719,2023-01-13,232.60794067382812
2022-01-14,350.525,298.8135070800781,2023-01-17,233.69691467285156
2022-01-18,352.12820512820514,291.5406494140625,2023-01-18,229.28262329101562
2022-01-19,354.4054054054054,292.1956787109375,2023-01-19,225.50997924804688
2022-01-20,355.35135135135135,290.5291748046875,2023-01-20,233.57057189941406
2022-01-21,355.35135135135135,285.16363525390625,2023-01-23,235.86520385742188
2022-01-24,355.9166666666667,285.4911804199219,2023-01-24,235.34014892578125
2022-01-25,363.6296296296296,277.90045166015625,2023-01-25,233.9497528076172
2022-01-26,364.8709677419355,285.8187255859375,2023-01-26,241.13519287109375
2022-01-27,364.8709677419355,288.8338317871094,2023-01-27,241.29075622558594
2022-01-28,364.8709677419355,296.9447021484375,2023-01-30,235.99163818359375
2022-01-31,364.8709677419355,299.56494140625,2023-01-31,240.95045471191406
2022-02-01,364.8709677419355,297.4263916015625,2023-02-01,245.75372314453125
2022-02-02,364.8709677419355,301.9537658691406,2023-02-02,257.27569580078125
2022-02-03,364.8709677419355,290.1920166015625,2023-02-03,251.19871520996094
2022-02-04,366.3125,294.7098693847656,2023-02-06,249.66241455078125
2022-02-07,366.3125,289.9031066894531,2023-02-07,260.1537780761719
2022-02-08,366.3125,293.3804931640625,2023-02-08,259.3466796875
2022-02-09,366.3125,299.786376953125,2023-02-09,256.3228454589844
2022-02-10,366.3125,291.2805480957031,2023-02-10,255.81723022460938
2022-02-11,366.3125,284.2100524902344,2023-02-13,263.80975341796875
2022-02-14,366.3125,284.1714172363281,2023-02-14,264.63616943359375
2022-02-15,366.3125,289.4406433105469,2023-02-15,262.52093505859375
2022-02-16,366.3125,289.102783203125,2023-02-16,255.53196716308594
2022-02-17,368.0,280.6372985839844,2023-02-17,251.54518127441406
2022-02-18,368.0,277.9344482421875,2023-02-21,246.291259765625
2022-02-22,368.0,277.7317810058594,2023-02-22,245.1605682373047
2022-02-23,368.0,270.5403747558594,2023-02-23,248.3382568359375
2022-02-24,368.0,284.36328125,2023-02-24,242.92837524414062
2022-02-25,368.0,286.9888610839844,2023-02-27,243.8446044921875
2022-02-28,368.0,288.41741943359375,2023-02-28,243.1233367919922
2022-03-01,368.0,284.7108154296875,2023-03-01,240.05282592773438
2022-03-02,368.0,289.76885986328125,2023-03-02,244.7706756591797
2022-03-03,368.0,285.6471252441406,2023-03-03,248.8451385498047
2022-03-04,368.0,279.79742431640625,2023-03-06,250.38525390625
2022-03-07,368.0,269.22760009765625,2023-03-07,247.73391723632812
2022-03-08,368.82142857142856,266.27392578125,2023-03-08,247.2952423095703
2022-03-09,368.82142857142856,278.4847106933594,2023-03-09,245.95013427734375
2022-03-10,368.82142857142856,275.6756591796875,2023-03-10,242.3142547607422
2022-03-11,368.82142857142856,270.3473815917969,2023-03-13,247.50970458984375
2022-03-14,370.22222222222223,266.84332275390625,2023-03-14,254.20628356933594
2022-03-15,370.22222222222223,277.1816711425781,2023-03-15,258.7388610839844
2022-03-16,370.22222222222223,284.170166015625,2023-03-16,269.2272644042969
2022-03-17,371.4,284.9714050292969,2023-03-17,272.3757019042969
2022-03-18,371.4,290.0005798339844,2023-03-20,265.3575134277344
2022-03-21,371.4,288.7746276855469,2023-03-21,266.8682556152344
2022-03-22,371.4,293.5045471191406,2023-03-22,265.41595458984375
2022-03-23,371.4,289.0931396484375,2023-03-23,270.6504211425781
2022-03-24,371.4,293.5431213378906,2023-03-24,273.4869384765625
2022-03-25,371.4,293.1377258300781,2023-03-27,269.4026794433594
2022-03-28,371.4,299.9140625,2023-03-28,268.2817687988281
2022-03-29,371.4,304.46051025390625,2023-03-29,273.4284362792969
2022-03-30,371.4,302.9643249511719,2023-03-30,276.8790588378906
2022-03-31,371.4,297.6069641113281,2023-03-31,281.021728515625
2022-04-01,371.4,298.6784973144531,2023-04-03,279.9787902832031
2022-04-04,371.4,304.03582763671875,2023-04-04,279.9300537109375
2022-04-05,371.4,300.0877990722656,2023-04-05,277.1617736816406
2022-04-06,371.4,289.102783203125,2023-04-06,284.2384338378906
2022-04-07,371.4,290.9079284667969,2023-04-10,282.0842590332031
2022-04-08,371.4,286.6606750488281,2023-04-10,282.0842590332031
2022-04-11,371.4,275.35723876953125,2023-04-11,275.6899108886719
2022-04-12,371.4,272.2682189941406,2023-04-12,276.33319091796875
2022-04-13,371.4,277.6352233886719,2023-04-13,282.5228576660156
2022-04-14,371.4,270.11572265625,2023-04-14,278.91632080078125
2022-04-18,371.4,270.7817077636719,2023-04-18,281.0899963378906
2022-04-19,371.6,275.3957824707031,2023-04-19,281.1680603027344
2022-04-20,371.6,276.4190368652344,2023-04-20,278.8869934082031
2022-04-21,371.6,271.0616455078125,2023-04-21,278.5458984375
2022-04-22,371.6,264.51702880859375,2023-04-24,274.6566162109375
2022-04-25,371.875,270.97479248046875,2023-04-25,268.46697998046875
2022-04-26,376.625,260.83935546875,2023-04-26,287.91326904296875
2022-04-27,368.89473684210526,273.3880310058594,2023-04-27,297.13446044921875
2022-04-28,368.89473684210526,279.5754699707031,2023-04-28,299.5031433105469
2022-04-29,368.89473684210526,267.8858642578125,2023-05-01,297.84600830078125
2022-05-02,367.72222222222223,274.5946350097656,2023-05-02,297.6997985839844
2022-05-03,367.72222222222223,271.99798583984375,2023-05-03,296.71533203125
2022-05-04,367.72222222222223,279.9133605957031,2023-05-04,297.6997985839844
2022-05-05,367.72222222222223,267.7218017578125,2023-05-05,302.8075256347656
2022-05-06,367.72222222222223,265.19281005859375,2023-05-08,300.8580627441406
2022-05-09,367.72222222222223,255.39511108398438,2023-05-09,299.24969482421875
2022-05-10,367.72222222222223,260.144287109375,2023-05-10,304.4256286621094
2022-05-11,367.72222222222223,251.50502014160156,2023-05-11,302.2811584472656
2022-05-12,367.72222222222223,246.48550415039062,2023-05-12,301.1699523925781
2022-05-13,367.72222222222223,252.05519104003906,2023-05-15,301.6475524902344
2022-05-16,367.72222222222223,252.42205810546875,2023-05-16,303.8700256347656
2022-05-17,367.72222222222223,257.55731201171875,2023-05-17,306.7420654296875
2022-05-18,367.72222222222223,245.83082580566406,2023-05-18,311.1575622558594
2022-05-19,367.72222222222223,244.92135620117188,2023-05-19,310.9818115234375
2022-05-20,367.72222222222223,244.3601837158203,2023-05-22,313.7561340332031
2022-05-23,363.55555555555554,252.1875457763672,2023-05-23,307.97296142578125
2022-05-24,363.55555555555554,251.19091796875,2023-05-24,306.5955810546875
2022-05-25,363.55555555555554,253.99679565429688,2023-05-25,318.3866271972656
2022-05-26,363.55555555555554,257.2670593261719,2023-05-26,325.1954040527344
2022-05-27,363.55555555555554,264.36871337890625,2023-05-30,323.55426025390625
2022-05-31,363.55555555555554,263.043212890625,2023-05-31,320.7994689941406
2022-06-01,363.55555555555554,263.57537841796875,2023-06-01,324.8926086425781
2022-06-02,363.55555555555554,265.6652526855469,2023-06-02,327.64739990234375
2022-06-03,363.55555555555554,261.2532958984375,2023-06-05,328.1749267578125
2022-06-06,363.55555555555554,260.0245666503906,2023-06-06,325.9671630859375
2022-06-07,363.55555555555554,263.65283203125,2023-06-07,315.90533447265625
2022-06-08,363.55555555555554,261.630615234375,2023-06-08,317.7418518066406
2022-06-09,363.55555555555554,256.193115234375,2023-06-09,319.23638916015625
2022-06-10,362.05263157894734,244.77626037597656,2023-06-12,324.179443359375
2022-06-13,359.95,234.3945770263672,2023-06-13,326.56304931640625
2022-06-14,359.95,236.55221557617188,2023-06-14,329.54254150390625
2022-06-15,359.95,243.58615112304688,2023-06-15,340.0539245605469
2022-06-16,358.5238095238095,237.01658630371094,2023-06-16,334.417236328125
2022-06-17,358.5238095238095,239.6095733642578,2023-06-20,330.2361755371094
2022-06-21,355.95,245.50186157226562,2023-06-21,325.8500061035156
2022-06-22,355.95,244.91168212890625,2023-06-22,331.8577575683594
2022-06-23,355.95,250.4556427001953,2023-06-23,327.27618408203125
2022-06-24,354.5238095238095,259.0086364746094,2023-06-26,321.0046081542969
2022-06-27,354.5238095238095,256.2899475097656,2023-06-27,326.83660888671875
2022-06-28,354.5238095238095,248.1529083251953,2023-06-28,328.0870056152344
2022-06-29,354.5238095238095,251.8101806640625,2023-06-29,327.3055114746094
2022-06-30,354.5238095238095,248.4915008544922,2023-06-30,332.6686706542969
2022-07-01,354.5238095238095,251.15228271484375,2023-07-03,330.1775207519531
2022-07-05,354.5238095238095,254.3161163330078,2023-07-05,330.3338928222656
2022-07-06,352.25,257.5670166015625,2023-07-06,333.38177490234375
2022-07-07,351.1904761904762,259.6859130859375,2023-07-07,329.4253234863281
2022-07-08,349.40909090909093,258.969970703125,2023-07-10,324.1598815917969
2022-07-11,349.40909090909093,255.92222595214844,2023-07-11,324.7851257324219
2022-07-12,349.60869565217394,245.4341278076172,2023-07-12,329.4058532714844
2022-07-13,349.60869565217394,244.5149688720703,2023-07-13,334.73956298828125
2022-07-14,347.875,245.83082580566406,2023-07-14,337.25994873046875
2022-07-15,346.16,248.38510131835938,2023-07-17,337.7386779785156
2022-07-18,346.0,245.9953155517578,2023-07-18,351.1806335449219
2022-07-19,345.15384615384613,251.1039276123047,2023-07-19,346.8725280761719
2022-07-20,344.56,253.75494384765625,2023-07-20,338.85223388671875
2022-07-21,344.56,256.241455078125,2023-07-21,335.8239440917969
2022-07-22,343.48148148148147,251.90689086914062,2023-07-24,337.1329650878906
2022-07-25,343.7142857142857,250.42665100097656,2023-07-25,342.8673400878906
2022-07-26,339.625,243.7216339111328,2023-07-26,329.9626770019531
2022-07-27,333.3125,260.01483154296875,2023-07-27,323.07562255859375
2022-07-28,333.3125,267.43585205078125,2023-07-28,330.54876708984375
2022-07-29,331.54545454545456,271.6252136230469,2023-07-31,328.1554260253906
2022-08-01,331.54545454545456,268.9839172363281,2023-08-01,328.565673828125
2022-08-02,331.54545454545456,265.8974304199219,2023-08-02,319.9300537109375
2022-08-03,331.54545454545456,273.2991027832031,2023-08-03,319.10943603515625
2022-08-04,329.0625,274.44073486328125,2023-08-04,320.2035217285156
2022-08-05,329.0625,273.72479248046875,2023-08-07,322.47967529296875
2022-08-08,329.1212121212121,271.2188720703125,2023-08-08,318.5135192871094
2022-08-09,329.1212121212121,273.1346435546875,2023-08-09,314.7818603515625
2022-08-10,329.1212121212121,279.7719421386719,2023-08-10,315.4656677246094
2022-08-11,329.1212121212121,277.7013244628906,2023-08-11,313.5900573730469
2022-08-12,328.02941176470586,282.4326477050781,2023-08-14,316.5499572753906
2022-08-15,328.02941176470586,283.9419860839844,2023-08-15,314.4203796386719
2022-08-16,328.02941176470586,283.2066650390625,2023-08-16,313.65679931640625
2022-08-17,328.02941176470586,282.4600524902344,2023-08-17,310.2109069824219
2022-08-18,328.02941176470586,281.3450622558594,2023-08-18,309.81927490234375
2022-08-19,328.02941176470586,277.447265625,2023-08-21,315.1056823730469
2022-08-22,328.02941176470586,269.302734375,2023-08-22,315.67340087890625
2022-08-23,328.02941176470586,268.0326232910156,2023-08-23,320.117919921875
2022-08-24,328.02941176470586,267.40240478515625,2023-08-24,313.23583984375
2022-08-25,328.02941176470586,270.3692932128906,2023-08-25,316.18255615234375
2022-08-26,328.02941176470586,259.9364929199219,2023-08-28,316.88739013671875
2022-08-29,328.02941176470586,257.1634826660156,2023-08-29,321.4981689453125
2022-08-30,328.02941176470586,254.97225952148438,2023-08-30,321.8702392578125
2022-08-31,328.02941176470586,253.51785278320312,2023-08-31,320.8619079589844
2022-09-01,328.02941176470586,252.48040771484375,2023-09-01,321.7430419921875
2022-09-02,328.02941176470586,248.27239990234375,2023-09-05,326.5299987792969
2022-09-06,328.02941176470586,245.5478973388672,2023-09-06,325.8741760253906
2022-09-07,328.02941176470586,250.24069213867188,2023-09-07,322.9667053222656
2022-09-08,328.02941176470586,250.6575927734375,2023-09-08,327.2348327636719
2022-09-09,328.02941176470586,256.4169616699219,2023-09-11,330.82769775390625
2022-09-12,328.02941176470586,258.54034423828125,2023-09-12,324.7875061035156
2022-09-13,328.02941176470586,244.32620239257812,2023-09-13,328.98724365234375
2022-09-14,328.02941176470586,244.54920959472656,2023-09-14,331.5716552734375
2022-09-15,328.02941176470586,237.9171905517578,2023-09-15,323.2701110839844
2022-09-16,328.02941176470586,237.29666137695312,2023-09-18,322.1345520019531
2022-09-19,328.02941176470586,237.0834197998047,2023-09-19,321.7330627441406
2022-09-20,328.02941176470586,235.07632446289062,2023-09-20,314.0190124511719
2022-09-21,328.02941176470586,231.6827850341797,2023-09-21,312.8050842285156
2022-09-22,326.8,233.6510467529297,2023-09-22,310.338134765625
2022-09-23,326.8,230.6841278076172,2023-09-25,310.8570556640625
2022-09-26,326.8,230.22837829589844,2023-09-26,305.5707092285156
2022-09-27,326.8,229.22000122070312,2023-09-27,306.2070007324219
2022-09-28,326.8,233.73831176757812,2023-09-28,307.0390625
2022-09-29,326.8,230.2769317626953,2023-09-29,309.10467529296875
2022-09-30,326.8,225.8167724609375,2023-10-02,315.0273132324219
2022-10-03,326.8,233.41836547851562,2023-10-03,306.7943115234375
2022-10-04,325.3611111111111,241.31076049804688,2023-10-04,312.2471008300781
2022-10-05,325.3611111111111,241.62103271484375,2023-10-05,312.638671875
2022-10-06,325.3611111111111,239.2843475341797,2023-10-06,320.3724365234375
2022-10-07,325.3611111111111,227.1160430908203,2023-10-09,322.8785705566406
2022-10-10,325.3611111111111,222.2777862548828,2023-10-10,321.4786376953125
2022-10-11,325.3611111111111,218.55458068847656,2023-10-11,325.4238586425781
2022-10-12,325.0810810810811,218.88424682617188,2023-10-12,324.1903991699219
2022-10-13,325.0810810810811,227.1160430908203,2023-10-13,320.83258056640625
2022-10-14,325.07894736842104,221.60879516601562,2023-10-16,325.6393127441406
2022-10-17,322.1081081081081,230.3059539794922,2023-10-17,325.0714416503906
2022-10-18,321.61538461538464,231.24647521972656,2023-10-18,323.1624450683594
2022-10-19,320.1190476190476,229.2878875732422,2023-10-19,324.34698486328125
2022-10-20,318.22222222222223,228.96792602539062,2023-10-20,319.79486083984375
2022-10-21,317.7173913043478,234.7563934326172,2023-10-23,322.38909912109375
2022-10-24,317.22222222222223,239.73036193847656,2023-10-24,323.5736083984375
2022-10-25,314.2682926829268,243.03662109375,2023-10-25,333.500244140625
2022-10-26,306.27868852459017,224.2848358154297,2023-10-26,320.98919677734375
2022-10-27,305.93548387096774,219.8538055419922,2023-10-27,322.8688049316406
2022-10-28,305.93548387096774,228.69642639160156,2023-10-30,330.2109375
2022-10-31,305.93548387096774,225.07022094726562,2023-10-31,330.99407958984375
2022-11-01,305.93548387096774,221.23062133789062,2023-11-01,338.7864990234375
2022-11-02,304.7936507936508,213.40609741210938,2023-11-02,340.9892272949219
2022-11-03,304.7936507936508,207.7339630126953,2023-11-03,345.3749084472656
2022-11-04,304.7936507936508,214.65682983398438,2023-11-06,349.02642822265625
2022-11-07,304.7936507936508,220.9397430419922,2023-11-07,352.9422607421875
2022-11-08,304.7936507936508,221.90931701660156,2023-11-08,355.5560302734375
2022-11-09,304.7936507936508,217.6819305419922,2023-11-09,353.09881591796875
2022-11-10,304.7936507936508,235.59019470214844,2023-11-10,361.889892578125
2022-11-11,304.7936507936508,239.59458923339844,2023-11-13,358.9627380371094
2022-11-14,304.7936507936508,234.20370483398438,2023-11-14,362.47723388671875
2022-11-15,304.7936507936508,234.61093139648438,2023-11-15,362.6243896484375
2022-11-16,304.7936507936508,235.0386962890625,2023-11-16,369.0004577636719
2022-11-17,304.7936507936508,234.99012756347656,2023-11-17,362.8009338378906
2022-11-18,304.7936507936508,234.54286193847656,2023-11-20,370.24627685546875
2022-11-21,304.46774193548384,235.34988403320312,2023-11-21,365.95965576171875
2022-11-22,304.46774193548384,238.24740600585938,2023-11-22,370.6484680175781
2022-11-23,304.46774193548384,240.72683715820312,2023-11-24,370.23651123046875
2022-11-25,304.46774193548384,240.63931274414062,2023-11-27,371.39398193359375
2022-11-28,304.46774193548384,235.06788635253906,2023-11-28,375.4060974121094
2022-11-29,304.46774193548384,233.677490234375,2023-11-29,371.6294250488281
2022-11-30,304.46774193548384,248.0775604248047,2023-11-30,371.6882629394531
2022-12-01,304.46774193548384,247.63999938964844,2023-12-01,367.3721008300781
2022-12-02,304.46774193548384,247.96087646484375,2023-12-04,362.1044921875
2022-12-05,304.46774193548384,243.2742919921875,2023-12-05,365.4200439453125
2022-12-06,304.46774193548384,238.3348846435547,2023-12-06,361.77093505859375
2022-12-07,304.46774193548384,237.60568237304688,2023-12-07,363.87994384765625
2022-12-08,303.9672131147541,240.55177307128906,2023-12-08,367.09747314453125
2022-12-09,303.9672131147541,238.62657165527344,2023-12-11,364.2232971191406
2022-12-12,303.7,245.52037048339844,2023-12-12,367.24456787109375
2022-12-13,303.7,249.80828857421875,2023-12-13,367.23486328125
2022-12-14,303.2542372881356,250.0999755859375,2023-12-14,358.9556579589844
2022-12-15,303.2542372881356,242.11720275878906,2023-12-15,363.6641540527344
2022-12-16,303.2542372881356,237.91677856445312,2023-12-18,365.5475769042969
2022-12-19,303.2542372881356,233.79417419433594,2023-12-19,366.14593505859375
2022-12-20,303.2542372881356,235.1068115234375,2023-12-20,363.55621337890625
2022-12-21,303.2542372881356,237.6639862060547,2023-12-21,366.42059326171875
2022-12-22,302.86206896551727,231.59677124023438,2023-12-22,367.44073486328125
2022-12-23,302.86206896551727,232.12176513671875,2023-12-26,367.519287109375
2022-12-27,302.86206896551727,230.4007568359375,2023-12-27,366.9405517578125
2022-12-28,302.86206896551727,228.03805541992188,2023-12-28,368.1274719238281
2022-12-29,302.86206896551727,234.3386688232422,2023-12-29,368.8729553222656
2022-12-30,302.86206896551727,233.18161010742188,2024-01-02,363.8014831542969
2023-01-03,302.86206896551727,232.94827270507812,2024-01-03,363.5367126464844
2023-01-04,301.48275862068965,222.75836181640625,2024-01-04,360.9273681640625
2023-01-05,300.7586206896552,216.15631103515625,2024-01-05,360.740966796875
2023-01-06,300.7586206896552,218.7037811279297,2024-01-08,367.5487060546875
2023-01-09,298.91379310344826,220.8331756591797,2024-01-09,368.62774658203125
2023-01-10,298.59322033898303,222.51527404785156,2024-01-10,375.4746398925781
2023-01-11,298.4310344827586,229.24371337890625,2024-01-11,377.29925537109375
2023-01-12,298.3157894736842,231.9078826904297,2024-01-12,381.0660095214844
2023-01-13,298.3157894736842,232.60794067382812,2024-01-16,382.83172607421875
2023-01-17,295.4642857142857,233.69691467285156,2024-01-17,382.0470275878906
2023-01-18,295.4642857142857,229.28262329101562,2024-01-18,386.3631591796875
2023-01-19,293.2068965517241,225.50997924804688,2024-01-19,391.0716857910156
2023-01-20,293.1525423728813,233.57057189941406,2024-01-22,388.9528503417969
2023-01-23,290.89830508474574,235.86520385742188,2024-01-23,391.2972106933594
2023-01-24,287.2156862745098,235.34014892578125,2024-01-24,394.8875427246094
2023-01-25,284.72131147540983,233.9497528076172,2024-01-25,397.1534729003906
2023-01-26,284.6507936507937,241.13519287109375,2024-01-26,396.2313537597656
2023-01-27,284.6507936507937,241.29075622558594,2024-01-29,401.9110412597656
2023-01-30,284.6507936507937,235.99163818359375,2024-01-30,400.8025817871094
2023-01-31,284.6507936507937,240.95045471191406,2024-01-31,390.00244140625
2023-02-01,284.6507936507937,245.75372314453125,2024-02-01,396.0842590332031
2023-02-02,284.6507936507937,257.27569580078125,2024-02-02,403.3824768066406
2023-02-03,284.6507936507937,251.19871520996094,2024-02-05,397.91864013671875
2023-02-06,283.9032258064516,249.66241455078125,2024-02-06,397.7616882324219
2023-02-07,283.9032258064516,260.1537780761719,2024-02-07,406.1585388183594
2023-02-08,285.39130434782606,259.3466796875,2024-02-08,406.2173156738281
2023-02-09,285.29411764705884,256.3228454589844,2024-02-09,412.53460693359375
2023-02-10,285.29411764705884,255.81723022460938,2024-02-12,407.34552001953125
2023-02-13,285.3623188405797,263.80975341796875,2024-02-13,398.5758361816406
2023-02-14,285.3623188405797,264.63616943359375,2024-02-14,402.4282531738281
2023-02-15,285.3623188405797,262.52093505859375,2024-02-15,399.54876708984375
2023-02-16,285.3623188405797,255.53196716308594,2024-02-16,397.0919189453125
2023-02-17,285.3623188405797,251.54518127441406,2024-02-20,395.84381103515625
2023-02-21,285.3623188405797,246.291259765625,2024-02-21,395.2442932128906
2023-02-22,285.3623188405797,245.1605682373047,2024-02-22,404.5510559082031
2023-02-23,285.3623188405797,248.3382568359375,2024-02-23,403.2635803222656
2023-02-24,285.42857142857144,242.92837524414062,2024-02-26,400.5119323730469
2023-02-27,285.42857142857144,243.8446044921875,2024-02-27,400.4529113769531
2023-02-28,285.42857142857144,243.1233367919922,2024-02-28,400.68878173828125
2023-03-01,285.42857142857144,240.05282592773438,2024-02-29,406.5067443847656
2023-03-02,285.42857142857144,244.7706756591797,2024-03-01,408.3345947265625
2023-03-03,285.42857142857144,248.8451385498047,2024-03-04,407.7646179199219
2023-03-06,285.42857142857144,250.38525390625,2024-03-05,395.7062072753906
2023-03-07,285.42857142857144,247.73391723632812,2024-03-06,395.1558837890625
2023-03-08,285.42857142857144,247.2952423095703,2024-03-07,402.0843200683594
2023-03-09,285.42857142857144,245.95013427734375,2024-03-08,399.214599609375
2023-03-10,285.42857142857144,242.3142547607422,2024-03-11,397.5439758300781
2023-03-13,285.42857142857144,247.50970458984375,2024-03-12,408.1183776855469
2023-03-14,285.42857142857144,254.20628356933594,2024-03-13,407.94146728515625
2023-03-15,285.42857142857144,258.7388610839844,2024-03-14,417.8869934082031
2023-03-16,285.42857142857144,269.2272644042969,2024-03-15,409.23876953125
2023-03-17,285.8333333333333,272.3757019042969,2024-03-18,410.1231994628906
2023-03-20,285.8333333333333,265.3575134277344,2024-03-19,414.1427001953125
2023-03-21,285.8333333333333,266.8682556152344,2024-03-20,417.8968505859375
2023-03-22,285.84507042253523,265.41595458984375,2024-03-21,421.9654235839844
2023-03-23,285.84507042253523,270.6504211425781,2024-03-22,421.3462829589844
2023-03-24,286.31944444444446,273.4869384765625,2024-03-25,415.567626953125
2023-03-27,286.31944444444446,269.4026794433594,2024-03-26,414.3785095214844
2023-03-28,286.5753424657534,268.2817687988281,2024-03-27,414.162353515625
2023-03-29,286.97297297297297,273.4284362792969,2024-03-28,413.4645690917969
2023-03-30,286.97297297297297,276.8790588378906,2024-04-01,417.2481994628906
2023-03-31,286.97297297297297,281.021728515625,2024-04-01,417.2481994628906
2023-04-03,287.44594594594594,279.9787902832031,2024-04-02,414.17218017578125
2023-04-04,287.44594594594594,279.9300537109375,2024-04-03,413.1993103027344
2023-04-05,287.44594594594594,277.1617736816406,2024-04-04,410.673583984375
2023-04-06,287.74666666666667,284.2384338378906,2024-04-05,418.1817932128906
2023-04-10,287.74666666666667,282.0842590332031,2024-04-09,418.9287109375
2023-04-11,287.2133333333333,275.6899108886719,2024-04-10,415.9607849121094
2023-04-12,287.57894736842104,276.33319091796875,2024-04-11,420.5502624511719
2023-04-13,287.08,282.5228576660156,2024-04-12,414.6242370605469
2023-04-14,287.6753246753247,278.91632080078125,2024-04-15,406.5067443847656
2023-04-17,286.88,281.5091247558594,2024-04-16,407.43048095703125
2023-04-18,287.0135135135135,281.0899963378906,2024-04-17,404.73773193359375
2023-04-19,288.18918918918916,281.1680603027344,2024-04-18,397.29827880859375
2023-04-20,288.72972972972974,278.8869934082031,2024-04-19,392.23699951171875
2023-04-21,289.2236842105263,278.5458984375,2024-04-22,394.04534912109375
2023-04-24,289.64935064935065,274.6566162109375,2024-04-23,400.54144287109375
2023-04-25,289.6551724137931,268.46697998046875,2024-04-24,402.00567626953125
2023-04-26,302.39285714285717,287.91326904296875,2024-04-25,392.1584777832031
2023-04-27,302.39285714285717,297.13446044921875,2024-04-26,399.31292724609375
2023-04-28,302.39285714285717,299.5031433105469,2024-04-29,395.3130798339844
2023-05-01,302.39285714285717,297.84600830078125,2024-04-30,382.6158752441406
2023-05-02,303.2168674698795,297.6997985839844,2024-05-01,388.129150390625
2023-05-03,303.2168674698795,296.71533203125,2024-05-02,390.9791259765625
2023-05-04,303.2168674698795,297.6997985839844,2024-05-03,399.6470642089844
2023-05-05,303.2168674698795,302.8075256347656,2024-05-06,406.408447265625
2023-05-08,303.2168674698795,300.8580627441406,2024-05-07,402.2808532714844
2023-05-09,303.2168674698795,299.24969482421875,2024-05-08,403.4601745605469
2023-05-10,303.2168674698795,304.4256286621094,2024-05-09,405.2094421386719
2023-05-11,303.6547619047619,302.2811584472656,2024-05-10,407.5877685546875
2023-05-12,303.6547619047619,301.1699523925781,2024-05-13,406.5852966308594
2023-05-15,303.6547619047619,301.6475524902344,2024-05-14,409.3763122558594
2023-05-16,303.6547619047619,303.8700256347656,2024-05-15,416.5339050292969
2023-05-17,303.6547619047619,306.7420654296875,2024-05-16,414.4761657714844
2023-05-18,303.6547619047619,311.1575622558594,2024-05-17,413.708251953125
2023-05-19,304.2,310.9818115234375,2024-05-20,418.7589111328125
2023-05-22,304.2,313.7561340332031,2024-05-21,422.401611328125
2023-05-23,305.3139534883721,307.97296142578125,2024-05-22,423.8587341308594
2023-05-24,305.71264367816093,306.5955810546875,2024-05-23,420.3932189941406
2023-05-25,305.9886363636364,318.3866271972656,2024-05-24,423.50433349609375
2023-05-26,305.9886363636364,325.1954040527344,2024-05-28,423.661865234375
2023-05-30,307.5777777777778,323.55426025390625,2024-05-29,422.5296325683594
2023-05-31,310.7659574468085,320.7994689941406,2024-05-30,408.2539978027344
2023-06-01,310.7659574468085,324.8926086425781,2024-05-31,408.70684814453125
2023-06-02,311.70526315789476,327.64739990234375,2024-06-03,407.1217346191406
2023-06-05,311.70526315789476,328.1749267578125,2024-06-04,409.63232421875
2023-06-06,312.3125,325.9671630859375,2024-06-05,417.449462890625
2023-06-07,312.3125,315.90533447265625,2024-06-06,417.9515686035156
2023-06-08,312.3125,317.7418518066406,2024-06-07,417.2919616699219
2023-06-09,313.0618556701031,319.23638916015625,2024-06-10,421.24969482421875
2023-06-12,313.0618556701031,324.179443359375,2024-06-11,425.98529052734375
2023-06-13,313.0618556701031,326.56304931640625,2024-06-12,434.23565673828125
2023-06-14,313.0618556701031,329.54254150390625,2024-06-13,434.74761962890625
2023-06-15,313.90909090909093,340.0539245605469,2024-06-14,435.7222900390625
2023-06-16,313.90909090909093,334.417236328125,2024-06-17,441.43255615234375
2023-06-20,313.90909090909093,330.2361755371094,2024-06-20,438.8038330078125
2023-06-21,313.90909090909093,325.8500061035156,2024-06-20,438.8038330078125
2023-06-22,313.90909090909093,331.8577575683594,2024-06-21,442.8206787109375
2023-06-23,313.90909090909093,327.27618408203125,2024-06-24,440.743408203125
2023-06-26,313.90909090909093,321.0046081542969,2024-06-25,443.9726257324219
2023-06-27,313.90909090909093,326.83660888671875,2024-06-26,445.1639099121094
2023-06-28,313.90909090909093,328.0870056152344,2024-06-27,445.8432922363281
2023-06-29,313.90909090909093,327.3055114746094,2024-06-28,440.0345458984375
2023-06-30,313.90909090909093,332.6686706542969,2024-07-01,449.6631774902344
2023-07-03,313.90909090909093,330.1775207519531,2024-07-02,452.1737365722656
2023-07-05,315.6326530612245,330.3338928222656,2024-07-05,460.3256530761719
2023-07-06,316.6363636363636,333.38177490234375,2024-07-05,460.3256530761719
2023-07-07,316.6363636363636,329.4253234863281,2024-07-08,459.0260314941406
2023-07-10,317.7319587628866,324.1598815917969,2024-07-09,452.42974853515625
2023-07-11,317.7319587628866,324.7851257324219,2024-07-10,459.035888671875
2023-07-12,318.31632653061223,329.4058532714844,2024-07-11,447.6646423339844
2023-07-13,319.24242424242425,334.73956298828125,2024-07-12,446.53240966796875
2023-07-14,320.05,337.25994873046875,2024-07-15,446.9360656738281
2023-07-17,321.14141414141415,337.7386779785156,2024-07-16,442.56475830078125
2023-07-18,322.45544554455444,351.1806335449219,2024-07-17,436.6575927734375
2023-07-19,328.9611650485437,346.8725280761719,2024-07-18,433.55633544921875
2023-07-20,329.8095238095238,338.85223388671875,2024-07-19,430.3467102050781
2023-07-21,329.8095238095238,335.8239440917969,2024-07-22,436.08660888671875
2023-07-24,332.2190476190476,337.1329650878906,2024-07-23,437.967041015625
2023-07-25,338.5578947368421,342.8673400878906,2024-07-24,422.2638244628906
2023-07-26,344.3673469387755,329.9626770019531,2024-07-25,411.9263000488281
2023-07-27,344.52525252525254,323.07562255859375,2024-07-26,418.68994140625
2023-07-28,345.18,330.54876708984375,2024-07-29,420.12738037109375
2023-07-31,345.6237623762376,328.1554260253906,2024-07-30,416.3763427734375
2023-08-01,345.6237623762376,328.565673828125,2024-07-31,411.8770751953125
2023-08-02,346.48039215686276,319.9300537109375,2024-08-01,410.65618896484375
2023-08-03,346.48039215686276,319.10943603515625,2024-08-02,402.16961669921875
2023-08-04,346.48039215686276,320.2035217285156,2024-08-05,389.0360412597656
2023-08-07,346.48039215686276,322.47967529296875,2024-08-06,393.427001953125
2023-08-08,350.0105263157895,318.5135192871094,2024-08-07,392.2652893066406
2023-08-09,350.0105263157895,314.7818603515625,2024-08-08,396.4593505859375
2023-08-10,350.0105263157895,315.4656677246094,2024-08-09,399.73779296875
2023-08-11,350.9479166666667,313.5900573730469,2024-08-12,400.515625
2023-08-14,351.58947368421053,316.5499572753906,2024-08-13,407.6041564941406
2023-08-15,351.58947368421053,314.4203796386719,2024-08-14,410.41009521484375
2023-08-16,351.58947368421053,313.65679931640625,2024-08-15,415.2626953125
2023-08-17,351.58947368421053,310.2109069824219,2024-08-16,412.7377624511719
2023-08-18,351.58947368421053,309.81927490234375,2024-08-19,415.755859375
2023-08-21,351.58947368421053,315.1056823730469,2024-08-20,418.9810485839844
2023-08-22,351.58947368421053,315.67340087890625,2024-08-21,418.3301086425781
2023-08-23,351.58947368421053,320.117919921875,2024-08-22,409.8577880859375
2023-08-24,352.24468085106383,313.23583984375,2024-08-23,411.0807800292969
2023-08-25,352.24468085106383,316.18255615234375,2024-08-26,407.825927734375
2023-08-28,352.24468085106383,316.88739013671875,2024-08-27,408.171142578125
2023-08-29,352.24468085106383,321.4981689453125,2024-08-28,404.9755554199219
2023-08-30,352.24468085106383,321.8702392578125,2024-08-29,407.4610900878906
2023-08-31,352.24468085106383,320.8619079589844,2024-08-30,411.4259948730469
2023-09-01,352.24468085106383,321.7430419921875,2024-09-03,403.83148193359375
2023-09-05,352.24468085106383,326.5299987792969,2024-09-04,403.29888916015625
2023-09-06,352.24468085106383,325.8741760253906,2024-09-05,402.7958679199219
2023-09-07,352.24468085106383,322.9667053222656,2024-09-06,396.1974792480469
2023-09-08,352.24468085106383,327.2348327636719,2024-09-09,400.16241455078125
2023-09-11,352.24468085106383,330.82769775390625,2024-09-10,408.5262756347656
2023-09-12,352.24468085106383,324.7875061035156,2024-09-11,417.2452087402344
2023-09-13,352.24468085106383,328.98724365234375,2024-09-12,421.1509094238281
2023-09-14,353.86021505376345,331.5716552734375,2024-09-13,424.6916809082031
2023-09-15,353.78723404255317,323.2701110839844,2024-09-16,425.4315185546875
2023-09-18,353.78723404255317,322.1345520019531,2024-09-17,429.1893310546875
2023-09-19,353.78723404255317,321.7330627441406,2024-09-18,424.90875244140625
2023-09-20,354.2736842105263,314.0190124511719,2024-09-19,432.6807861328125
2023-09-21,355.11578947368423,312.8050842285156,2024-09-20,429.3076171875
2023-09-22,356.4387755102041,310.338134765625,2024-09-23,427.57177734375
2023-09-25,356.96907216494844,310.8570556640625,2024-09-24,423.2912292480469
2023-09-26,357.3958333333333,305.5707092285156,2024-09-25,426.19091796875
2023-09-27,357.3958333333333,306.2070007324219,2024-09-26,425.4018859863281
2023-09-28,357.3958333333333,307.0390625,2024-09-27,422.15692138671875
2023-09-29,357.3958333333333,309.10467529296875,2024-09-30,424.40570068359375
2023-10-02,358.7628865979381,315.0273132324219,2024-10-01,414.9273986816406
2023-10-03,358.7628865979381,306.7943115234375,2024-10-02,411.4161071777344
2023-10-04,359.2708333333333,312.2471008300781,2024-10-03,410.8342590332031
2023-10-05,359.2708333333333,312.638671875,2024-10-04,410.36077880859375
2023-10-06,359.2708333333333,320.3724365234375,2024-10-07,403.93011474609375
2023-10-09,360.1578947368421,322.8785705566406,2024-10-08,409.0292663574219
2023-10-10,360.63829787234044,321.4786376953125,2024-10-09,411.7415771484375
2023-10-11,360.63829787234044,325.4238586425781,2024-10-10,410.143798828125
2023-10-12,361.7391304347826,324.1903991699219,2024-10-11,410.6171875
2023-10-13,361.7391304347826,320.83258056640625,2024-10-14,413.3985900878906
2023-10-16,364.45652173913044,325.6393127441406,2024-10-15,413.0040588378906
2023-10-17,366.5888888888889,325.0714416503906,2024-10-16,410.419921875
2023-10-18,366.9438202247191,323.1624450683594,2024-10-17,411.0117492675781
2023-10-19,369.0113636363636,324.34698486328125,2024-10-18,412.4320373535156
2023-10-20,369.0113636363636,319.79486083984375,2024-10-21,413.04351806640625
2023-10-23,370.4186046511628,322.38909912109375,2024-10-22,421.6539611816406
2023-10-24,389.3220338983051,323.5736083984375,2024-10-23,418.7838134765625
2023-10-25,391.7846153846154,333.500244140625,2024-10-24,418.9120178222656
2023-10-26,392.44117647058823,320.98919677734375,2024-10-25,422.2851257324219
2023-10-27,392.44117647058823,322.8688049316406,2024-10-28,420.7465515136719
2023-10-30,392.9130434782609,330.2109375,2024-10-29,426.0331115722656
2023-10-31,392.9130434782609,330.99407958984375,2024-10-30,426.6051330566406
2023-11-01,392.9130434782609,338.7864990234375,2024-10-31,400.7837829589844
2023-11-02,392.9130434782609,340.9892272949219,2024-11-01,404.7487487792969
2023-11-03,392.9130434782609,345.3749084472656,2024-11-04,402.8648681640625
2023-11-06,392.9130434782609,349.02642822265625,2024-11-05,405.8237609863281
2023-11-07,392.9130434782609,352.9422607421875,2024-11-06,414.4243469238281
2023-11-08,393.69117647058823,355.5560302734375,2024-11-07,419.6023864746094
2023-11-09,393.69117647058823,353.09881591796875,2024-11-08,416.75201416015625
2023-11-10,393.69117647058823,361.889892578125,2024-11-11,412.2840881347656
2023-11-13,393.69117647058823,358.9627380371094,2024-11-12,417.23529052734375
2023-11-14,393.69117647058823,362.47723388671875,2024-11-13,419.3755798339844
2023-11-15,393.69117647058823,362.6243896484375,2024-11-14,421.0424499511719
2023-11-16,394.79411764705884,369.0004577636719,2024-11-15,409.3153076171875
2023-11-17,394.79411764705884,362.8009338378906,2024-11-18,410.0649108886719
2023-11-20,395.8285714285714,370.24627685546875,2024-11-19,412.0670471191406
2023-11-21,396.6376811594203,365.95965576171875,2024-11-20,409.7985534667969
2023-11-22,398.0144927536232,370.6484680175781,2024-11-21,408.0295715332031
2023-11-24,398.2112676056338,370.23651123046875,2024-11-25,413.88018798828125
2023-11-27,398.81159420289856,371.39398193359375,2024-11-26,422.9723205566406
2023-11-28,399.81538461538463,375.4060974121094,2024-11-27,418.0309143066406
2023-11-29,400.95454545454544,371.6294250488281,2024-11-29,418.49542236328125
2023-11-30,400.96923076923076,371.6882629394531,2024-11-29,418.49542236328125
2023-12-01,400.96923076923076,367.3721008300781,2024-12-02,425.92724609375
2023-12-04,401.453125,362.1044921875,2024-12-03,426.1446838378906
2023-12-05,402.8636363636364,365.4200439453125,2024-12-04,432.2917785644531
2023-12-06,402.8636363636364,361.77093505859375,2024-12-05,437.4308166503906
2023-12-07,403.1384615384615,363.87994384765625,2024-12-06,438.3696594238281
2023-12-08,403.1384615384615,367.09747314453125,2024-12-09,440.7909240722656
2023-12-11,403.1384615384615,364.2232971191406,2024-12-10,438.1324768066406
2023-12-12,403.1384615384615,367.24456787109375,2024-12-11,443.72613525390625
2023-12-13,407.71875,367.23486328125,2024-12-12,444.2894592285156
2023-12-14,407.71875,358.9556579589844,2024-12-13,442.0262756347656
2023-12-15,408.3692307692308,363.6641540527344,2024-12-16,446.2956237792969
2023-12-18,408.3692307692308,365.5475769042969,2024-12-17,449.1319580078125
2023-12-19,408.3692307692308,366.14593505859375,2024-12-18,432.2621154785156
2023-12-20,408.3692307692308,363.55621337890625,2024-12-19,431.90631103515625
2023-12-21,408.3692307692308,366.42059326171875,2024-12-20,431.48138427734375
2023-12-22,408.3692307692308,367.44073486328125,2024-12-23,430.1471862792969
2023-12-26,408.3692307692308,367.519287109375,2024-12-26,432.9736633300781
2023-12-27,408.3692307692308,366.9405517578125,2024-12-26,432.9736633300781
2023-12-28,409.0,368.1274719238281,2024-12-27,425.48248291015625
2023-12-29,409.0,368.8729553222656,2024-12-30,419.849365234375
2024-01-02,410.2121212121212,363.8014831542969,2025-01-02,413.6726379394531
2024-01-03,410.1384615384615,363.5367126464844,2025-01-02,413.6726379394531
2024-01-04,410.1384615384615,360.9273681640625,2025-01-03,418.3867492675781
2024-01-05,410.1384615384615,360.740966796875,2025-01-06,422.833984375
2024-01-08,410.1384615384615,367.5487060546875,2025-01-07,417.418212890625
2024-01-09,410.83076923076925,368.62774658203125,2025-01-08,419.5824890136719
2024-01-10,410.84375,375.4746398925781,2025-01-10,414.0382995605469
2024-01-11,411.015873015873,377.29925537109375,2025-01-10,414.0382995605469
2024-01-12,411.703125,381.0660095214844,2025-01-13,412.2989501953125
2024-01-16,413.19642857142856,382.83172607421875,2025-01-15,421.3119812011719
2024-01-17,417.0188679245283,382.0470275878906,2025-01-16,419.60223388671875
2024-01-18,418.01851851851853,386.3631591796875,2025-01-17,424.0000915527344
2024-01-19,418.01851851851853,391.0716857910156,2025-01-21,423.4763488769531
2024-01-22,418.71153846153845,388.9528503417969,2025-01-21,423.4763488769531
2024-01-23,424.4255319148936,391.2972106933594,2025-01-22,440.9688720703125
2024-01-24,425.82608695652175,394.8875427246094,2025-01-23,441.4728088378906
2024-01-25,426.80434782608694,397.1534729003906,2025-01-24,438.8538818359375
2024-01-26,426.80434782608694,396.2313537597656,2025-01-27,429.46527099609375
2024-01-29,428.10869565217394,401.9110412597656,2025-01-28,441.95709228515625
2024-01-30,428.0,400.8025817871094,2025-01-29,437.1441650390625
2024-01-31,432.21153846153845,390.00244140625,2025-01-30,410.1246643066406
2024-02-01,432.21153846153845,396.0842590332031,2025-01-31,410.1938781738281
2024-02-02,432.21153846153845,403.3824768066406,2025-02-03,406.1024475097656
2024-02-05,432.21153846153845,397.91864013671875,2025-02-04,407.535400390625
2024-02-06,432.21153846153845,397.7616882324219,2025-02-05,408.4446716308594
2024-02-07,432.21153846153845,406.1585388183594,2025-02-06,410.9449768066406
2024-02-08,432.05882352941177,406.2173156738281,2025-02-07,404.9461364746094
2024-02-09,432.05882352941177,412.53460693359375,2025-02-10,407.3871765136719
2024-02-12,432.05882352941177,407.34552001953125,2025-02-11,406.6163330078125
2024-02-13,432.05882352941177,398.5758361816406,2025-02-12,404.2444763183594
2024-02-14,432.05882352941177,402.4282531738281,2025-02-13,405.72686767578125
2024-02-15,432.05882352941177,399.54876708984375,2025-02-14,403.6416015625
2024-02-16,432.05882352941177,397.0919189453125,2025-02-18,404.83746337890625
2024-02-20,432.05882352941177,395.84381103515625,2025-02-19,409.9073181152344
2024-02-21,432.05882352941177,395.2442932128906,2025-02-20,412.0760192871094
2024-02-22,432.05882352941177,404.5510559082031,2025-02-21,404.2331237792969
2024-02-23,432.05882352941177,403.2635803222656,2025-02-24,400.06414794921875
2024-02-26,432.05882352941177,400.5119323730469,2025-02-25,394.0235595703125
2024-02-27,432.05882352941177,400.4529113769531,2025-02-26,395.83575439453125
2024-02-28,432.05882352941177,400.68878173828125,2025-02-27,388.70587158203125
2024-02-29,432.05882352941177,406.5067443847656,2025-02-28,393.1224060058594
2024-03-01,432.05882352941177,408.3345947265625,2025-03-03,384.7052307128906
2024-03-04,432.05882352941177,407.7646179199219,2025-03-04,384.82403564453125
2024-03-05,433.36538461538464,395.7062072753906,2025-03-05,397.1131286621094
2024-03-06,433.9622641509434,395.1558837890625,2025-03-06,393.0234069824219
2024-03-07,433.9622641509434,402.0843200683594,2025-03-07,389.4783020019531
2024-03-08,433.9622641509434,399.214599609375,2025-03-10,376.4563903808594
2024-03-11,433.9622641509434,397.5439758300781,2025-03-11,376.7436218261719
2024-03-12,433.9622641509434,408.1183776855469,2025-03-12,379.53607177734375
2024-03-13,434.65384615384613,407.94146728515625,2025-03-13,375.0799255371094
2024-03-14,436.37254901960785,417.8869934082031,2025-03-14,384.7745666503906
2024-03-15,437.59615384615387,409.23876953125,2025-03-17,384.9131774902344
2024-03-18,437.59615384615387,410.1231994628906,2025-03-18,379.78369140625
2024-03-19,438.3333333333333,414.1427001953125,2025-03-19,384.0417785644531
2024-03-20,439.1,417.8968505859375,2025-03-20,383.0713195800781
2024-03-21,442.7083333333333,421.9654235839844,2025-03-21,387.4482727050781
2024-03-22,442.7083333333333,421.3462829589844,2025-03-24,389.2505187988281
2024-03-25,445.9183673469388,415.567626953125,2025-03-25,391.3102722167969
2024-03-26,447.0,414.3785095214844,2025-03-26,386.1708068847656
2024-03-27,447.0,414.162353515625,2025-03-27,386.7748718261719
2024-03-28,447.0,413.4645690917969,2025-03-28,375.1096496582031
2024-04-01,451.0204081632653,417.2481994628906,2025-04-01,378.46661376953125
2024-04-02,451.0204081632653,414.17218017578125,2025-04-02,378.4171142578125
2024-04-03,451.0204081632653,413.1993103027344,2025-04-03,369.4750671386719
2024-04-04,451.0204081632653,410.673583984375,2025-04-04,356.3343505859375
2024-04-05,451.0204081632653,418.1817932128906,2025-04-07,354.3736267089844
2024-04-08,451.0204081632653,417.267822265625,2025-04-08,351.1058044433594
2024-04-09,451.0204081632653,418.9287109375,2025-04-09,386.6857604980469
2024-04-10,452.54901960784315,415.9607849121094,2025-04-10,377.6347961425781
2024-04-11,453.84615384615387,420.5502624511719,2025-04-11,384.6656494140625
2024-04-12,454.0566037735849,414.6242370605469,2025-04-14,384.0318908691406
2024-04-15,458.265306122449,406.5067443847656,2025-04-15,381.9721374511719
2024-04-16,458.265306122449,407.43048095703125,2025-04-16,367.9896545410156
2024-04-17,459.2857142857143,404.73773193359375,2025-04-17,364.1969909667969
2024-04-18,459.6,397.29827880859375,2025-04-21,355.6213684082031
2024-04-19,459.6,392.23699951171875,2025-04-21,355.6213684082031
2024-04-22,459.5098039215686,394.04534912109375,2025-04-22,363.2463684082031
2024-04-23,465.31111111111113,400.54144287109375,2025-04-23,370.74267578125
2024-04-24,469.5,402.00567626953125,2025-04-24,383.5268249511719
2024-04-25,469.5,392.1584777832031,2025-04-25,388.0325012207031
2024-04-26,472.9423076923077,399.31292724609375,2025-04-28,387.3492736816406
2024-04-29,473.88235294117646,395.3130798339844,2025-04-29,390.201171875
2024-04-30,473.88235294117646,382.6158752441406,2025-04-30,391.4093017578125
2024-05-01,473.88235294117646,388.129150390625,2025-05-01,421.2556457519531
2024-05-02,473.88235294117646,390.9791259765625,2025-05-02,431.0394287109375
2024-05-03,473.88235294117646,399.6470642089844,2025-05-05,431.92071533203125
2024-05-06,473.88235294117646,406.408447265625,2025-05-06,429.0885925292969
2024-05-07,473.88235294117646,402.2808532714844,2025-05-07,429.1282043457031
2024-05-08,473.88235294117646,403.4601745605469,2025-05-08,433.9012756347656
2024-05-09,473.88235294117646,405.2094421386719,2025-05-09,434.4557800292969
2024-05-10,473.88235294117646,407.5877685546875,2025-05-12,444.88323974609375
2024-05-13,473.88235294117646,406.5852966308594,2025-05-13,444.764404296875
2024-05-14,473.88235294117646,409.3763122558594,2025-05-14,448.52734375
2024-05-15,474.86,416.5339050292969,2025-05-15,449.5392761230469
2024-05-16,474.86,414.4761657714844,2025-05-16,450.6702575683594
2024-05-17,475.34615384615387,413.708251953125,2025-05-19,455.2337951660156
2024-05-20,478.6938775510204,418.7589111328125,2025-05-20,454.5393371582031
2024-05-21,479.8125,422.401611328125,2025-05-21,448.98370361328125
2024-05-22,480.2244897959184,423.8587341308594,2025-05-22,451.2555847167969
2024-05-23,483.4255319148936,420.3932189941406,2025-05-23,446.6126708984375
2024-05-24,483.7708333333333,423.50433349609375,2025-05-27,457.0393371582031
2024-05-28,483.9574468085106,423.661865234375,2025-05-28,453.7357482910156
2024-05-29,483.9574468085106,422.5296325683594,2025-05-29,455.0452880859375
2024-05-30,483.9574468085106,408.2539978027344,2025-05-30,456.71197509765625
2024-05-31,483.9574468085106,408.70684814453125,2025-06-02,458.3092346191406
2024-06-03,485.55555555555554,407.1217346191406,2025-06-03,459.3013000488281
2024-06-04,485.55555555555554,409.63232421875,2025-06-04,460.19415283203125
2024-06-05,485.55555555555554,417.449462890625,2025-06-05,463.97393798828125
2024-06-06,485.55555555555554,417.9515686035156,2025-06-06,466.6525573730469
2024-06-07,485.8695652173913,417.2919616699219,2025-06-09,469.0038146972656
2024-06-10,487.6595744680851,421.24969482421875,2025-06-10,467.1883239746094
2024-06-11,485.2173913043478,425.98529052734375,2025-06-11,468.87481689453125
2024-06-12,485.2173913043478,434.23565673828125,2025-06-12,475.0753173828125
2024-06-13,487.39130434782606,434.74761962890625,2025-06-13,471.1962890625
2024-06-14,487.39130434782606,435.7222900390625,2025-06-16,475.3431701660156
2024-06-17,489.78723404255317,441.43255615234375,2025-06-17,474.25189208984375
2024-06-18,489.78723404255317,439.4339599609375,2025-06-18,476.4344482421875
2024-06-20,489.78723404255317,438.8038330078125,2025-06-20,473.616943359375
2024-06-21,490.4166666666667,442.8206787109375,2025-06-23,482.1488037109375
2024-06-24,490.4166666666667,440.743408203125,2025-06-24,486.2261962890625
2024-06-25,490.4166666666667,443.9726257324219,2025-06-25,488.369140625
2024-06-26,491.27659574468083,445.1639099121094,2025-06-26,493.508056640625
2024-06-27,491.27659574468083,445.8432922363281,2025-06-27,492.0100402832031
2024-06-28,491.27659574468083,440.0345458984375,2025-06-30,493.4684143066406
2024-07-01,492.0652173913044,449.6631774902344,2025-07-01,488.1508483886719
2024-07-02,492.0652173913044,452.1737365722656,2025-07-02,487.1984558105469
2024-07-03,492.0652173913044,453.64068603515625,2025-07-03,494.8870544433594
2024-07-05,492.0652173913044,460.3256530761719,2025-07-07,493.77593994140625
2024-07-08,493.6666666666667,459.0260314941406,2025-07-08,492.68463134765625
2024-07-09,494.3695652173913,452.42974853515625,2025-07-09,499.52008056640625
2024-07-10,494.3695652173913,459.035888671875,2025-07-10,497.5061340332031
2024-07-11,495.24444444444447,447.6646423339844,2025-07-11,499.33154296875
2024-07-12,494.70212765957444,446.53240966796875,2025-07-14,499.033935546875
2024-07-15,494.70212765957444,446.9360656738281,2025-07-15,501.8117370605469
2024-07-16,494.3958333333333,442.56475830078125,2025-07-16,501.6133117675781
2024-07-17,496.3265306122449,436.6575927734375,2025-07-17,507.6451416015625
2024-07-18,496.3,433.55633544921875,2025-07-18,506.0082092285156
2024-07-19,496.3,430.3467102050781,2025-07-21,506.01812744140625
2024-07-22,494.18367346938777,436.08660888671875,2025-07-22,501.26611328125
2024-07-23,494.0,437.967041015625,2025-07-23,501.861328125
2024-07-24,494.7959183673469,422.2638244628906,2025-07-24,506.8316345214844
2024-07-25,494.7959183673469,411.9263000488281,2025-07-25,509.6392517089844
2024-07-26,494.7959183673469,418.68994140625,2025-07-28,508.4388122558594
2024-07-29,495.7291666666667,420.12738037109375,2025-07-29,508.50823974609375
2024-07-30,501.9512195121951,416.3763427734375,2025-07-30,509.17291259765625
2024-07-31,502.46938775510205,411.8770751953125,2025-07-31,529.2723388671875
2024-08-01,502.46938775510205,410.65618896484375,2025-08-01,519.956787109375
2024-08-02,502.46938775510205,402.16961669921875,2025-08-04,531.3955078125
2024-08-05,502.46938775510205,389.0360412597656,2025-08-05,523.5679931640625
2024-08-06,502.46938775510205,393.427001953125,2025-08-06,520.7802124023438
2024-08-07,502.46938775510205,392.2652893066406,2025-08-07,516.7127685546875
2024-08-08,502.46938775510205,396.4593505859375,2025-08-08,517.9031982421875
2024-08-09,502.46938775510205,399.73779296875,2025-08-11,517.6353759765625
2024-08-12,502.46938775510205,400.515625,2025-08-12,525.046142578125
2024-08-13,502.46938775510205,407.6041564941406,2025-08-13,516.454833984375
2024-08-14,502.46938775510205,410.41009521484375,2025-08-14,518.3397216796875
2024-08-15,502.46938775510205,415.2626953125,2025-08-15,516.0480346679688
2024-08-16,502.46938775510205,412.7377624511719,2025-08-18,513.0023193359375
2024-08-19,502.46938775510205,415.755859375,2025-08-19,505.7304382324219
2024-08-20,502.46938775510205,418.9810485839844,2025-08-20,501.7125549316406
2024-08-21,502.46938775510205,418.3301086425781,2025-08-21,501.0666198730469
2024-08-22,502.46938775510205,409.8577880859375,2025-08-22,504.037841796875
2024-08-23,502.46938775510205,411.0807800292969,2025-08-25,501.0865173339844
2024-08-26,502.46938775510205,407.825927734375,2025-08-26,498.8804626464844
2024-08-27,502.46938775510205,408.171142578125,2025-08-27,503.5509033203125
2024-08-28,502.46938775510205,404.9755554199219,2025-08-28,506.4326477050781
2024-08-29,502.46938775510205,407.4610900878906,2025-08-29,503.501220703125
2024-08-30,502.46938775510205,411.4259948730469,2025-09-02,501.9410705566406
2024-09-03,503.3191489361702,403.83148193359375,2025-09-03,502.16961669921875
2024-09-04,503.3191489361702,403.29888916015625,2025-09-04,504.7731628417969
2024-09-05,503.3191489361702,402.7958679199219,2025-09-05,491.8847961425781
2024-09-06,503.3191489361702,396.1974792480469,2025-09-08,495.0646667480469
2024-09-09,503.3191489361702,400.16241455078125,2025-09-09,495.2733154296875
2024-09-10,503.3191489361702,408.5262756347656,2025-09-10,497.2209777832031
2024-09-11,503.3191489361702,417.2452087402344,2025-09-11,497.8569641113281
2024-09-12,503.39130434782606,421.1509094238281,2025-09-12,506.6910095214844
2024-09-13,503.39130434782606,424.6916809082031,2025-09-15,512.1166381835938
2024-09-16,503.39130434782606,425.4315185546875,2025-09-16,505.83642578125
2024-09-17,503.4468085106383,429.1893310546875,2025-09-17,506.81024169921875
2024-09-18,503.7391304347826,424.90875244140625,2025-09-18,505.2501220703125
2024-09-19,503.7391304347826,432.6807861328125,2025-09-19,514.6704711914062
2024-09-20,503.7391304347826,429.3076171875,2025-09-22,511.21240234375
2024-09-23,501.0444444444444,427.57177734375,2025-09-23,506.0252380371094
2024-09-24,501.0444444444444,423.2912292480469,2025-09-24,506.9394226074219
2024-09-25,501.0444444444444,426.19091796875,2025-09-25,503.8390808105469
2024-09-26,501.0444444444444,425.4018859863281,2025-09-26,508.2411804199219
2024-09-27,500.4782608695652,422.15692138671875,2025-09-29,511.3614196777344
2024-09-30,499.3777777777778,424.40570068359375,2025-09-30,514.6903686523438
2024-10-01,499.3777777777778,414.9273986816406,2025-10-01,516.4392700195312
2024-10-02,499.3777777777778,411.4161071777344,2025-10-02,512.4942626953125
2024-10-03,499.3777777777778,410.8342590332031,2025-10-03,514.0940551757812
2024-10-04,499.3777777777778,410.36077880859375,2025-10-06,525.2435302734375
2024-10-07,499.3777777777778,403.93011474609375,2025-10-07,520.682373046875
2024-10-08,502.09090909090907,409.0292663574219,2025-10-08,521.5469360351562
2024-10-09,501.6744186046512,411.7415771484375,2025-10-09,519.1123657226562
2024-10-10,502.48837209302326,410.143798828125,2025-10-10,507.74432373046875
2024-10-11,502.48837209302326,410.6171875,2025-10-13,510.8149108886719
2024-10-14,502.48837209302326,413.3985900878906,2025-10-14,510.337890625
2024-10-15,503.0238095238095,413.0040588378906,2025-10-15,510.1988220214844
2024-10-16,503.7073170731707,410.419921875,2025-10-16,508.3902282714844
2024-10-17,503.7073170731707,411.0117492675781,2025-10-17,510.3478698730469
2024-10-18,502.95348837209303,412.4320373535156,2025-10-20,513.5376586914062
2024-10-21,504.0952380952381,413.04351806640625,2025-10-21,514.4021606445312
2024-10-22,504.0952380952381,421.6539611816406,2025-10-22,517.2639770507812
2024-10-23,503.93023255813955,418.7838134765625,2025-10-23,517.283935546875
2024-10-24,508.93939393939394,418.9120178222656,2025-10-24,520.3147583007812
2024-10-25,508.6764705882353,422.2851257324219,2025-10-27,528.1749877929688
2024-10-28,511.2857142857143,420.7465515136719,2025-10-28,538.6585083007812
2024-10-29,511.2857142857143,426.0331115722656,2025-10-29,538.1417846679688
2024-10-30,511.2857142857143,426.6051330566406,2025-10-30,522.4512329101562
2024-10-31,508.825,400.7837829589844,2025-10-31,514.5512084960938
2024-11-01,508.825,404.7487487792969,2025-11-03,513.776123046875
2024-11-04,508.825,402.8648681640625,2025-11-04,511.0931091308594
2024-11-05,508.609756097561,405.8237609863281,2025-11-05,503.96826171875
2024-11-06,508.609756097561,414.4243469238281,2025-11-06,493.9715576171875
2024-11-07,508.609756097561,419.6023864746094,2025-11-07,493.6933288574219
2024-11-08,508.609756097561,416.75201416015625,2025-11-10,502.8155822753906
2024-11-11,508.609756097561,412.2840881347656,2025-11-11,505.4786682128906
2024-11-12,508.609756097561,417.23529052734375,2025-11-12,507.9231872558594
2024-11-13,508.609756097561,419.3755798339844,2025-11-13,500.12261962890625
2024-11-14,509.6923076923077,421.0424499511719,2025-11-14,506.96923828125
2024-11-15,509.6923076923077,409.3153076171875,2025-11-17,504.2961730957031
2024-11-18,509.6923076923077,410.0649108886719,2025-11-18,490.6824035644531
2024-11-19,509.94736842105266,412.0670471191406,2025-11-19,484.05438232421875
2024-11-20,509.94736842105266,409.7985534667969,2025-11-20,476.3088684082031
2024-11-21,510.2162162162162,408.0295715332031,2025-11-21,470.0268249511719
2024-11-22,510.2162162162162,412.11114501953125,2025-11-24,471.8985290527344
2024-11-25,510.2162162162162,413.88018798828125,2025-11-25,474.8752136230469
2024-11-26,510.2162162162162,422.9723205566406,2025-11-26,483.3475036621094
2024-11-27,510.2162162162162,418.0309143066406,2025-11-28,489.82867431640625
2024-11-29,510.2162162162162,418.49542236328125,2025-12-01,484.5820007324219
2024-12-02,510.2162162162162,425.92724609375,2025-12-02,487.82757568359375
2024-12-03,510.2162162162162,426.1446838378906,2025-12-03,475.6119689941406
2024-12-04,510.2162162162162,432.2917785644531,2025-12-04,478.7081604003906
2024-12-05,510.5,437.4308166503906,2025-12-05,481.01788330078125
2024-12-06,510.5,438.3696594238281,2025-12-08,488.8430480957031
2024-12-09,508.8,440.7909240722656,2025-12-09,489.8385925292969
2024-12-10,508.8,438.1324768066406,2025-12-10,476.4382629394531
2024-12-11,507.5882352941176,443.72613525390625,2025-12-11,481.3265075683594
2024-12-12,507.5882352941176,444.2894592285156,2025-12-12,476.4084167480469
2024-12-13,507.65714285714284,442.0262756347656,2025-12-15,472.7148742675781
2024-12-16,504.94117647058823,446.2956237792969,2025-12-16,474.2779235839844
2024-12-17,504.94117647058823,449.1319580078125,2025-12-17,474.00909423828125
2024-12-18,505.77777777777777,432.2621154785156,2025-12-18,481.8342590332031
2024-12-19,505.37142857142857,431.90631103515625,2025-12-19,483.7656555175781
2024-12-20,505.37142857142857,431.48138427734375,2025-12-22,482.7701110839844
2024-12-23,506.6111111111111,430.1471862792969,2025-12-23,484.6915588378906
2024-12-24,506.6111111111111,434.1793212890625,2025-12-24,485.8563232421875
2024-12-26,506.6111111111111,432.9736633300781,2025-12-26,485.5477294921875
2024-12-27,506.6111111111111,425.48248291015625,2025-12-29,484.9404296875
2024-12-30,506.6111111111111,419.849365234375,2025-12-30,485.3187561035156
2024-12-31,506.6111111111111,416.55841064453125,2025-12-31,481.4758605957031
2025-01-02,506.6111111111111,413.6726379394531,2026-01-02,470.84320068359375
2025-01-03,506.6111111111111,418.3867492675781,2026-01-05,470.75360107421875
2025-01-06,506.7027027027027,422.833984375,2026-01-06,476.3885192871094
2025-01-07,506.7027027027027,417.418212890625,2026-01-07,481.3265075683594
2025-01-08,506.7027027027027,419.5824890136719,2026-01-08,475.9902648925781
2025-01-10,508.0857142857143,414.0382995605469,2026-01-12,475.06439208984375
2025-01-13,508.9117647058824,412.2989501953125,2026-01-13,468.5832824707031
2025-01-14,507.59375,410.7967529296875,2026-01-14,457.3433532714844
2025-01-15,508.0,421.3119812011719,2026-01-15,454.6354064941406
2025-01-16,508.03125,419.60223388671875,2026-01-16,457.8211975097656
2025-01-17,507.7878787878788,424.0000915527344,2026-01-20,452.5048522949219
2025-01-21,508.5,423.4763488769531,2026-01-21,442.1409912109375
2025-01-22,509.45454545454544,440.9688720703125,2026-01-22,449.1398620605469
2025-01-23,509.45454545454544,441.4728088378906,2026-01-23,463.8841857910156
2025-01-24,509.45454545454544,438.8538818359375,2026-01-26,468.1949768066406
2025-01-27,509.7647058823529,429.46527099609375,2026-01-27,478.4493408203125
2025-01-28,511.1923076923077,441.95709228515625,2026-01-28,479.4946594238281
2025-01-29,511.1111111111111,437.1441650390625,2026-01-29,431.57806396484375
2025-01-30,507.0882352941176,410.1246643066406,2026-01-30,428.3822937011719
2025-01-31,507.0882352941176,410.1938781738281,2026-02-02,421.49298095703125
2025-02-03,507.0882352941176,406.1024475097656,2026-02-03,409.3868713378906
2025-02-04,507.0882352941176,407.535400390625,2026-02-04,412.35369873046875
2025-02-05,507.0882352941176,408.4446716308594,2026-02-05,391.9246520996094
2025-02-06,507.0882352941176,410.9449768066406,2026-02-06,399.3615417480469
2025-02-07,507.0882352941176,404.9461364746094,2026-02-09,411.76629638671875
2025-02-10,507.0882352941176,407.3871765136719,2026-02-10,411.437744140625
2025-02-11,507.0882352941176,406.6163330078125,2026-02-11,402.5771789550781
2025-02-12,507.0882352941176,404.2444763183594,2026-02-12,400.05841064453125
2025-02-13,507.0882352941176,405.72686767578125,2026-02-13,399.5407409667969
2025-02-14,507.0882352941176,403.6416015625,2026-02-17,395.1004943847656
2025-02-18,507.0882352941176,404.83746337890625,2026-02-18,397.8283386230469
2025-02-19,507.0882352941176,409.9073181152344,2026-02-19,397.5988464355469
2025-02-20,507.0882352941176,412.0760192871094,2026-02-20,396.37152099609375
2025-02-21,507.0882352941176,404.2331237792969,2026-02-23,383.6390686035156
2025-02-24,507.0882352941176,400.06414794921875,2026-02-24,388.1593017578125
2025-02-25,507.0882352941176,394.0235595703125,2026-02-25,399.7342224121094
2025-02-26,507.0882352941176,395.83575439453125,2026-02-26,400.851806640625
2025-02-27,507.0882352941176,388.70587158203125,2026-02-27,391.8912048339844
2025-02-28,507.0882352941176,393.1224060058594,2026-03-02,397.6886291503906
2025-03-03,507.0882352941176,384.7052307128906,2026-03-03,403.0570068359375
2025-03-04,507.0882352941176,384.82403564453125,2026-03-04,404.32427978515625
2025-03-05,507.0882352941176,397.1131286621094,2026-03-05,409.79241943359375
2025-03-06,507.0882352941176,393.0234069824219,2026-03-06,408.0761413574219
2025-03-07,506.1714285714286,389.4783020019531,2026-03-09,408.5251770019531
2025-03-10,506.1714285714286,376.4563903808594,2026-03-10,404.8830871582031
2025-03-11,506.1714285714286,376.7436218261719,2026-03-11,404.0049743652344
2025-03-12,506.1714285714286,379.53607177734375,2026-03-12,400.9914855957031
2025-03-13,504.6111111111111,375.0799255371094,2026-03-13,394.69512939453125
2025-03-14,504.6111111111111,384.7745666503906,2026-03-16,399.08563232421875
2025-03-17,504.57142857142856,384.9131774902344,2026-03-17,398.5467834472656
2025-03-18,504.57142857142856,379.78369140625,2026-03-18,390.9432678222656
2025-03-19,504.57142857142856,384.0417785644531,2026-03-19,388.1792297363281
2025-03-20,507.2368421052632,383.0713195800781,2026-03-20,381.0447082519531
2025-03-21,507.2368421052632,387.4482727050781,2026-03-23,382.1722717285156
2025-03-24,508.1081081081081,389.2505187988281,2026-03-24,371.9344177246094
2025-03-25,508.1081081081081,391.3102722167969,2026-03-25,370.2381286621094
2025-03-26,508.1081081081081,386.1708068847656,2026-03-26,365.1790771484375
2025-03-27,509.02777777777777,386.7748718261719,2026-03-27,355.9989318847656
2025-03-28,509.02777777777777,375.1096496582031,2026-03-30,358.1842041015625
2025-03-31,508.7837837837838,371.7328796386719,2026-03-31,369.3699951171875
2025-04-01,508.7837837837838,378.46661376953125,2026-04-01,368.57171630859375
2025-04-02,508.7837837837838,378.4171142578125,2026-04-02,372.6528625488281
2025-04-03,508.7837837837838,369.4750671386719,2026-04-06,372.0741271972656
2025-04-04,508.7837837837838,356.3343505859375,2026-04-06,372.0741271972656
2025-04-07,505.4054054054054,354.3736267089844,2026-04-07,371.48541259765625
2025-04-08,505.4054054054054,351.1058044433594,2026-04-08,373.52099609375
2025-04-09,507.43243243243245,386.6857604980469,2026-04-09,372.26373291015625
2025-04-10,506.57894736842104,377.6347961425781,2026-04-10,370.0684814453125
2025-04-11,506.57894736842104,384.6656494140625,2026-04-13,383.539306640625
2025-04-14,505.75,384.0318908691406,2026-04-14,392.2604064941406
2025-04-15,505.1219512195122,381.9721374511719,2026-04-15,410.3312683105469
2025-04-16,504.2857142857143,367.9896545410156,2026-04-16,419.35174560546875
2025-04-17,505.125,364.1969909667969,2026-04-17,421.87628173828125
2025-04-21,502.73809523809524,355.6213684082031,2026-04-21,423.2433166503906
2025-04-22,502.8780487804878,363.2463684082031,2026-04-22,431.984375
2025-04-23,501.26190476190476,370.74267578125,2026-04-23,414.8514709472656
2025-04-24,500.07142857142856,383.5268249511719,2026-04-24,423.7023010253906
2025-04-25,500.07142857142856,388.0325012207031,2026-04-27,423.9018859863281
2025-04-28,497.6341463414634,387.3492736816406,2026-04-28,428.3222961425781
2025-04-29,497.6341463414634,390.201171875,2026-04-29,423.5426330566406
2025-04-30,498.47222222222223,391.4093017578125,2026-04-30,406.8987121582031
2025-05-01,499.3018867924528,421.2556457519531,2026-05-01,413.5443115234375
2025-05-02,499.3018867924528,431.0394287109375,2026-05-04,412.72607421875
2025-05-05,499.28846153846155,431.92071533203125,2026-05-05,410.4909362792969
2025-05-06,499.28846153846155,429.0885925292969,2026-05-06,413.0653381347656
2025-05-07,499.28846153846155,429.1282043457031,2026-05-07,419.8606262207031
2025-05-08,499.28846153846155,433.9012756347656,2026-05-08,414.22283935546875
2025-05-09,499.28846153846155,434.4557800292969,2026-05-11,411.7681579589844
2025-05-12,499.28846153846155,444.88323974609375,2026-05-12,406.8887023925781
2025-05-13,499.28846153846155,444.764404296875,2026-05-13,404.3342590332031
2025-05-14,499.28846153846155,448.52734375,2026-05-14,408.5451354980469
2025-05-15,500.0566037735849,449.5392761230469,2026-05-15,421.0081481933594
2025-05-16,500.0566037735849,450.6702575683594,2026-05-18,422.6246643066406
2025-05-19,500.0566037735849,455.2337951660156,2026-05-19,416.51788330078125
2025-05-20,500.0566037735849,454.5393371582031,2026-05-20,420.1499938964844
2025-05-21,500.98148148148147,448.98370361328125,2026-05-21,419.0899963378906
2025-05-22,501.23636363636365,451.2555847167969,2026-05-22,418.57000732421875
2025-05-23,501.6607142857143,446.6126708984375,2026-05-26,416.0299987792969
2025-05-27,501.6607142857143,457.0393371582031,2026-05-27,412.6700134277344
2025-05-28,501.6607142857143,453.7357482910156,2026-05-28,426.989990234375
2025-05-29,501.6607142857143,455.0452880859375,2026-05-29,450.239990234375
2025-05-30,501.6607142857143,456.71197509765625,2026-06-01,460.5199890136719
2025-06-02,501.6607142857143,458.3092346191406,2026-06-02,441.30999755859375
2025-06-03,501.6607142857143,459.3013000488281,2026-06-03,427.3399963378906
2025-06-04,501.6607142857143,460.19415283203125,2026-06-04,428.04998779296875
2025-06-05,501.6607142857143,463.97393798828125,2026-06-05,416.6700134277344
2025-06-06,501.6607142857143,466.6525573730469,2026-06-08,411.739990234375
2025-06-09,501.6607142857143,469.0038146972656,2026-06-09,403.4100036621094
2025-06-10,501.6607142857143,467.1883239746094,2026-06-10,397.3599853515625
2025-06-11,503.4736842105263,468.87481689453125,2026-06-11,390.3399963378906
2025-06-12,503.35714285714283,475.0753173828125,2026-06-12,390.739990234375
2025-06-13,504.43859649122805,471.1962890625,2026-06-15,399.760009765625
2025-06-16,504.43859649122805,475.3431701660156,2026-06-16,393.8299865722656
2025-06-17,503.8727272727273,474.25189208984375,2026-06-17,378.9100036621094
2025-06-18,503.8727272727273,476.4344482421875,2026-06-18,379.3999938964844
2025-06-20,503.8727272727273,473.616943359375,2026-06-22,367.3399963378906
2025-06-23,503.01851851851853,482.1488037109375,2026-06-23,373.94000244140625
2025-06-24,503.01851851851853,486.2261962890625,2026-06-24,365.4599914550781
2025-06-25,506.2142857142857,488.369140625,2026-06-25,352.8299865722656
2025-06-26,506.63157894736844,493.508056640625,2026-06-26,372.9700012207031
2025-06-27,506.63157894736844,492.0100402832031,2026-06-29,368.57000732421875
2025-06-30,506.63157894736844,493.4684143066406,2026-06-30,373.0199890136719
2025-07-01,506.63157894736844,488.1508483886719,2026-07-01,384.2799987792969
2025-07-02,506.63157894736844,487.1984558105469,2026-07-02,390.489990234375
2025-07-03,506.63157894736844,494.8870544433594,2026-07-06,386.739990234375
2025-07-07,506.2181818181818,493.77593994140625,2026-07-07,388.8399963378906
2025-07-08,506.2181818181818,492.68463134765625,2026-07-08,383.3399963378906
2025-07-09,507.89285714285717,499.52008056640625,2026-07-09,384.3599853515625
2025-07-10,510.2068965517241,497.5061340332031,2026-07-10,385.1000061035156
2025-07-11,510.2068965517241,499.33154296875,2026-07-13,390.989990234375
2025-07-14,510.2068965517241,499.033935546875,2026-07-14,384.92999267578125
2025-07-15,510.2068965517241,501.8117370605469,2026-07-15,395.6300048828125
2025-07-16,511.93220338983053,501.6133117675781,,
2025-07-17,512.1379310344828,507.6451416015625,,
2025-07-18,513.3728813559322,506.0082092285156,,
2025-07-21,513.9833333333333,506.01812744140625,,
2025-07-22,515.2,501.26611328125,,
2025-07-23,516.5901639344262,501.861328125,,
2025-07-24,517.9354838709677,506.8316345214844,,
2025-07-25,519.640625,509.6392517089844,,
2025-07-28,520.876923076923,508.4388122558594,,
2025-07-29,521.0625,508.50823974609375,,
2025-07-30,524.6842105263158,509.17291259765625,,
2025-07-31,554.3896103896104,529.2723388671875,,
2025-08-01,554.3896103896104,519.956787109375,,
2025-08-04,555.6153846153846,531.3955078125,,
2025-08-05,555.6153846153846,523.5679931640625,,
2025-08-06,555.6153846153846,520.7802124023438,,
2025-08-07,555.6153846153846,516.7127685546875,,
2025-08-08,555.6153846153846,517.9031982421875,,
2025-08-11,555.6153846153846,517.6353759765625,,
2025-08-12,555.6153846153846,525.046142578125,,
2025-08-13,555.6153846153846,516.454833984375,,
2025-08-14,555.6153846153846,518.3397216796875,,
2025-08-15,555.6153846153846,516.0480346679688,,
2025-08-18,557.126582278481,513.0023193359375,,
2025-08-19,557.126582278481,505.7304382324219,,
2025-08-20,557.126582278481,501.7125549316406,,
2025-08-21,557.126582278481,501.0666198730469,,
2025-08-22,557.126582278481,504.037841796875,,
2025-08-25,557.126582278481,501.0865173339844,,
2025-08-26,557.126582278481,498.8804626464844,,
2025-08-27,557.126582278481,503.5509033203125,,
2025-08-28,557.126582278481,506.4326477050781,,
2025-08-29,557.975,503.501220703125,,
2025-09-02,557.975,501.9410705566406,,
2025-09-03,557.975,502.16961669921875,,
2025-09-04,559.0253164556962,504.7731628417969,,
2025-09-05,559.0253164556962,491.8847961425781,,
2025-09-08,559.0253164556962,495.0646667480469,,
2025-09-09,559.0253164556962,495.2733154296875,,
2025-09-10,560.4230769230769,497.2209777832031,,
2025-09-11,560.4230769230769,497.8569641113281,,
2025-09-12,560.4230769230769,506.6910095214844,,
2025-09-15,560.4230769230769,512.1166381835938,,
2025-09-16,560.4230769230769,505.83642578125,,
2025-09-17,561.3066666666666,506.81024169921875,,
2025-09-18,561.3066666666666,505.2501220703125,,
2025-09-19,561.3066666666666,514.6704711914062,,
2025-09-22,561.3066666666666,511.21240234375,,
2025-09-23,561.3066666666666,506.0252380371094,,
2025-09-24,561.3066666666666,506.9394226074219,,
2025-09-25,561.3066666666666,503.8390808105469,,
2025-09-26,562.1447368421053,508.2411804199219,,
2025-09-29,562.9733333333334,511.3614196777344,,
2025-09-30,562.9733333333334,514.6903686523438,,
2025-10-01,562.9733333333334,516.4392700195312,,
2025-10-02,562.9733333333334,512.4942626953125,,
2025-10-03,562.9733333333334,514.0940551757812,,
2025-10-06,565.64,525.2435302734375,,
2025-10-07,565.5135135135135,520.682373046875,,
2025-10-08,566.7534246575342,521.5469360351562,,
2025-10-09,566.7534246575342,519.1123657226562,,
2025-10-10,566.7534246575342,507.74432373046875,,
2025-10-13,570.1857142857143,510.8149108886719,,
2025-10-14,571.6376811594203,510.337890625,,
2025-10-15,571.6376811594203,510.1988220214844,,
2025-10-16,571.6376811594203,508.3902282714844,,
2025-10-17,571.6376811594203,510.3478698730469,,
2025-10-20,575.1194029850747,513.5376586914062,,
2025-10-21,577.2424242424242,514.4021606445312,,
2025-10-22,579.5970149253732,517.2639770507812,,
2025-10-23,579.5970149253732,517.283935546875,,
2025-10-24,579.5970149253732,520.3147583007812,,
2025-10-27,579.6911764705883,528.1749877929688,,
2025-10-28,579.6911764705883,538.6585083007812,,
2025-10-29,605.9019607843137,538.1417846679688,,
2025-10-30,611.0338983050848,522.4512329101562,,
2025-10-31,611.0338983050848,514.5512084960938,,
2025-11-03,611.0338983050848,513.776123046875,,
2025-11-04,611.0338983050848,511.0931091308594,,
2025-11-05,611.0338983050848,503.96826171875,,
2025-11-06,611.0338983050848,493.9715576171875,,
2025-11-07,611.0338983050848,493.6933288574219,,
2025-11-10,611.0338983050848,502.8155822753906,,
2025-11-11,611.0338983050848,505.4786682128906,,
2025-11-12,612.2586206896551,507.9231872558594,,
2025-11-13,612.2586206896551,500.12261962890625,,
2025-11-14,612.0508474576271,506.96923828125,,
2025-11-17,612.0508474576271,504.2961730957031,,
2025-11-18,611.2033898305085,490.6824035644531,,
2025-11-19,612.8620689655172,484.05438232421875,,
2025-11-20,614.4035087719299,476.3088684082031,,
2025-11-21,614.4035087719299,470.0268249511719,,
2025-11-24,614.4035087719299,471.8985290527344,,
2025-11-25,614.4035087719299,474.8752136230469,,
2025-11-26,614.4035087719299,483.3475036621094,,
2025-11-28,614.4035087719299,489.82867431640625,,
2025-12-01,614.4035087719299,484.5820007324219,,
2025-12-02,614.4035087719299,487.82757568359375,,
2025-12-03,614.4035087719299,475.6119689941406,,
2025-12-04,615.0172413793103,478.7081604003906,,
2025-12-05,615.0172413793103,481.01788330078125,,
2025-12-08,615.0172413793103,488.8430480957031,,
2025-12-09,615.1929824561404,489.8385925292969,,
2025-12-10,615.1929824561404,476.4382629394531,,
2025-12-11,616.0892857142857,481.3265075683594,,
2025-12-12,616.0892857142857,476.4084167480469,,
2025-12-15,616.0892857142857,472.7148742675781,,
2025-12-16,616.0892857142857,474.2779235839844,,
2025-12-17,616.0892857142857,474.00909423828125,,
2025-12-18,616.0892857142857,481.8342590332031,,
2025-12-19,616.0892857142857,483.7656555175781,,
2025-12-22,616.2456140350877,482.7701110839844,,
2025-12-23,617.1090909090909,484.6915588378906,,
2025-12-24,618.7222222222222,485.8563232421875,,
2025-12-26,618.7222222222222,485.5477294921875,,
2025-12-29,618.7222222222222,484.9404296875,,
2025-12-30,618.7222222222222,485.3187561035156,,
2025-12-31,618.7222222222222,481.4758605957031,,
2026-01-02,618.7222222222222,470.84320068359375,,
2026-01-05,618.7222222222222,470.75360107421875,,
2026-01-06,619.0754716981132,476.3885192871094,,
2026-01-07,620.8039215686274,481.3265075683594,,
2026-01-08,621.6538461538462,475.9902648925781,,
2026-01-09,621.6538461538462,477.15509033203125,,
2026-01-12,621.433962264151,475.06439208984375,,
2026-01-13,623.8235294117648,468.5832824707031,,
2026-01-14,623.8235294117648,457.3433532714844,,
2026-01-15,624.6,454.6354064941406,,
2026-01-16,624.6,457.8211975097656,,
2026-01-20,626.9166666666666,452.5048522949219,,
2026-01-21,628.0,442.1409912109375,,
2026-01-22,629.4489795918367,449.1398620605469,,
2026-01-23,628.86,463.8841857910156,,
2026-01-26,629.4489795918367,468.1949768066406,,
2026-01-27,629.4489795918367,478.4493408203125,,
2026-01-28,622.8275862068965,479.4946594238281,,
2026-01-29,616.7179487179487,431.57806396484375,,
2026-01-30,617.175,428.3822937011719,,
2026-02-02,616.3333333333334,421.49298095703125,,
2026-02-03,616.3333333333334,409.3868713378906,,
2026-02-04,616.3333333333334,412.35369873046875,,
2026-02-05,610.725,391.9246520996094,,
2026-02-06,610.725,399.3615417480469,,
2026-02-09,610.725,411.76629638671875,,
2026-02-10,610.725,411.437744140625,,
2026-02-11,610.725,402.5771789550781,,
2026-02-12,610.725,400.05841064453125,,
2026-02-13,610.725,399.5407409667969,,
2026-02-17,609.0769230769231,395.1004943847656,,
2026-02-18,609.0769230769231,397.8283386230469,,
2026-02-19,609.0769230769231,397.5988464355469,,
2026-02-20,609.0769230769231,396.37152099609375,,
2026-02-23,609.0769230769231,383.6390686035156,,
2026-02-24,609.0769230769231,388.1593017578125,,
2026-02-25,609.0769230769231,399.7342224121094,,
2026-02-26,608.6578947368421,400.851806640625,,
2026-02-27,608.6578947368421,391.8912048339844,,
2026-03-02,608.6578947368421,397.6886291503906,,
2026-03-03,608.6578947368421,403.0570068359375,,
2026-03-04,608.6578947368421,404.32427978515625,,
2026-03-05,608.6578947368421,409.79241943359375,,
2026-03-06,608.6578947368421,408.0761413574219,,
2026-03-09,608.6578947368421,408.5251770019531,,
2026-03-10,608.6578947368421,404.8830871582031,,
2026-03-11,608.6578947368421,404.0049743652344,,
2026-03-12,608.6578947368421,400.9914855957031,,
2026-03-13,608.6578947368421,394.69512939453125,,
2026-03-16,608.6578947368421,399.08563232421875,,
2026-03-17,608.6578947368421,398.5467834472656,,
2026-03-18,608.6578947368421,390.9432678222656,,
2026-03-19,608.6578947368421,388.1792297363281,,
2026-03-20,608.6578947368421,381.0447082519531,,
2026-03-23,608.6578947368421,382.1722717285156,,
2026-03-24,608.6578947368421,371.9344177246094,,
2026-03-25,606.1282051282051,370.2381286621094,,
2026-03-26,605.6315789473684,365.1790771484375,,
2026-03-27,605.6315789473684,355.9989318847656,,
2026-03-30,605.6315789473684,358.1842041015625,,
2026-03-31,605.6315789473684,369.3699951171875,,
2026-04-01,605.6315789473684,368.57171630859375,,
2026-04-02,605.6315789473684,372.6528625488281,,
2026-04-06,603.7567567567568,372.0741271972656,,
2026-04-07,603.7567567567568,371.48541259765625,,
2026-04-08,603.7567567567568,373.52099609375,,
2026-04-09,603.7567567567568,372.26373291015625,,
2026-04-10,602.5,370.0684814453125,,
2026-04-13,602.5,383.539306640625,,
2026-04-14,597.75,392.2604064941406,,
2026-04-15,595.3658536585366,410.3312683105469,,
2026-04-16,594.047619047619,419.35174560546875,,
2026-04-17,594.047619047619,421.87628173828125,,
2026-04-20,594.047619047619,417.1664733886719,,
2026-04-21,594.125,423.2433166503906,,
2026-04-22,594.2682926829268,431.984375,,
2026-04-23,594.0714285714286,414.8514709472656,,
2026-04-24,594.0714285714286,423.7023010253906,,
2026-04-27,592.3809523809524,423.9018859863281,,
2026-04-28,587.1590909090909,428.3222961425781,,
2026-04-29,574.5833333333334,423.5426330566406,,
2026-04-30,572.5833333333334,406.8987121582031,,
2026-05-01,569.3673469387755,413.5443115234375,,
2026-05-04,569.3673469387755,412.72607421875,,
2026-05-05,569.3673469387755,410.4909362792969,,
2026-05-06,571.58,413.0653381347656,,
2026-05-07,571.58,419.8606262207031,,
2026-05-08,571.58,414.22283935546875,,
2026-05-11,571.58,411.7681579589844,,
2026-05-12,571.58,406.8887023925781,,
2026-05-13,571.6470588235294,404.3342590332031,,
2026-05-14,571.08,408.5451354980469,,
2026-05-15,571.08,421.0081481933594,,
2026-05-18,572.530612244898,422.6246643066406,,
2026-05-19,572.530612244898,416.51788330078125,,
2026-05-20,572.530612244898,420.1499938964844,,
2026-05-21,572.530612244898,419.0899963378906,,
2026-05-22,572.530612244898,418.57000732421875,,
2026-05-26,572.530612244898,416.0299987792969,,
2026-05-27,572.530612244898,412.6700134277344,,
2026-05-28,572.530612244898,426.989990234375,,
2026-05-29,572.530612244898,450.239990234375,,
2026-06-01,573.6078431372549,460.5199890136719,,
2026-06-02,573.6078431372549,441.30999755859375,,
2026-06-03,572.08,427.3399963378906,,
2026-06-04,569.7358490566038,428.04998779296875,,
2026-06-05,569.7358490566038,416.6700134277344,,
2026-06-08,569.7358490566038,411.739990234375,,
2026-06-09,569.7358490566038,403.4100036621094,,
2026-06-10,569.7358490566038,397.3599853515625,,
2026-06-11,569.7358490566038,390.3399963378906,,
2026-06-12,569.7358490566038,390.739990234375,,
2026-06-15,569.7358490566038,399.760009765625,,
2026-06-16,569.7358490566038,393.8299865722656,,
2026-06-17,569.7358490566038,378.9100036621094,,
2026-06-18,569.7358490566038,379.3999938964844,,
2026-06-22,568.6730769230769,367.3399963378906,,
2026-06-23,568.6730769230769,373.94000244140625,,
2026-06-24,568.6730769230769,365.4599914550781,,
2026-06-25,565.4905660377359,352.8299865722656,,
2026-06-26,565.4905660377359,372.9700012207031,,
2026-06-29,565.4905660377359,368.57000732421875,,
2026-06-30,565.4905660377359,373.0199890136719,,
2026-07-01,565.4905660377359,384.2799987792969,,
2026-07-02,565.4905660377359,390.489990234375,,
2026-07-06,564.4727272727273,386.739990234375,,
2026-07-07,563.5892857142857,388.8399963378906,,
2026-07-08,561.7454545454545,383.3399963378906,,
2026-07-09,561.7454545454545,384.3599853515625,,
2026-07-10,560.8214285714286,385.1000061035156,,
2026-07-13,559.9272727272727,390.989990234375,,
2026-07-14,559.9272727272727,384.92999267578125,,
2026-07-15,559.4237288135594,395.6300048828125,,
