Date,ConsensusTarget,StockPrice,ForwardDate,StockPrice12mForward
2016-01-04,17.0,13.973714828491211,2017-01-03,21.989343643188477
2016-01-05,17.0,14.451532363891602,2017-01-04,21.804067611694336
2016-01-06,17.0,13.866451263427734,2017-01-05,21.560277938842773
2016-01-07,17.0,13.32037353515625,2017-01-06,21.492023468017578
2016-01-08,17.0,12.998576164245605,2017-01-09,21.784563064575195
2016-01-11,17.0,12.218469619750977,2017-01-10,21.92108726501465
2016-01-12,17.0,12.403745651245117,2017-01-11,22.22337532043457
2016-01-13,17.0,11.760154724121094,2017-01-12,21.755308151245117
2016-01-14,17.0,11.721150398254395,2017-01-13,21.628543853759766
2016-01-15,17.0,10.804519653320312,2017-01-17,21.199481964111328
2016-01-19,17.0,10.531481742858887,2017-01-18,21.765060424804688
2016-01-20,17.0,9.800127983093262,2017-01-19,21.170223236083984
2016-01-21,17.0,10.580238342285156,2017-01-20,21.414011001586914
2016-01-22,17.0,10.794768333435059,2017-01-23,21.34575843811035
2016-01-25,17.0,10.219437599182129,2017-01-24,22.281885147094727
2016-01-26,17.0,10.287697792053223,2017-01-25,22.974233627319336
2016-01-27,17.0,10.131672859191895,2017-01-26,22.935230255126953
2016-01-28,17.0,9.644107818603516,2017-01-27,23.37403678894043
2016-01-29,17.0,10.755764961242676,2017-01-30,23.578813552856445
2016-02-01,14.0,10.687503814697266,2017-01-31,23.51055908203125
2016-02-02,14.0,10.326703071594238,2017-02-01,24.1346435546875
2016-02-03,14.0,10.492478370666504,2017-02-02,24.17365264892578
2016-02-04,14.0,10.950789451599121,2017-02-03,23.98837661743164
2016-02-05,14.0,10.726508140563965,2017-02-06,23.734840393066406
2016-02-08,14.0,9.917144775390625,2017-02-07,23.98837661743164
2016-02-09,14.0,9.7318696975708,2017-02-08,23.608068466186523
2016-02-10,14.0,9.653858184814453,2017-02-09,23.842103958129883
2016-02-11,14.0,9.449078559875488,2017-02-10,23.45204734802246
2016-02-12,14.0,9.7708740234375,2017-02-13,23.305774688720703
2016-02-16,13.5,10.541231155395508,2017-02-15,22.447662353515625
2016-02-17,13.5,11.145814895629883,2017-02-16,22.40865135192871
2016-02-18,13.5,11.204325675964355,2017-02-17,22.76945686340332
2016-02-19,13.5,10.882530212402344,2017-02-21,23.179014205932617
2016-02-22,13.5,10.775266647338867,2017-02-21,23.179014205932617
2016-02-23,13.5,10.229188919067383,2017-02-22,23.159507751464844
2016-02-24,13.5,10.375459671020508,2017-02-23,22.896217346191406
2016-02-25,13.5,10.453470230102539,2017-02-24,22.662187576293945
2016-02-26,13.5,10.433967590332031,2017-02-27,23.16925621032715
2016-02-29,13.5,10.36570930480957,2017-02-28,22.857215881347656
2016-03-01,13.5,10.794768333435059,2017-03-01,23.939617156982422
2016-03-02,13.5,11.389602661132812,2017-03-02,24.085891723632812
2016-03-03,13.5,11.496869087219238,2017-03-03,24.934255599975586
2016-03-04,13.5,11.584628105163574,2017-03-06,25.07077407836914
2016-03-07,12.4,11.292089462280273,2017-03-07,25.002519607543945
2016-03-08,12.4,10.394963264465332,2017-03-08,24.74898338317871
2016-03-09,12.4,10.541231155395508,2017-03-09,24.524696350097656
2016-03-10,12.4,10.609491348266602,2017-03-10,24.553955078125
2016-03-11,12.4,11.106812477111816,2017-03-13,25.061025619506836
2016-03-14,12.4,10.87277889251709,2017-03-14,24.944007873535156
2016-03-15,12.4,10.580238342285156,2017-03-15,25.470582962036133
2016-03-16,12.4,10.453470230102539,2017-03-16,25.39257049560547
2016-03-17,12.4,10.599740982055664,2017-03-17,25.158536911010742
2016-03-18,12.0,10.863028526306152,2017-03-20,25.55834197998047
2016-03-21,12.875,11.243331909179688,2017-03-21,24.885501861572266
2016-03-22,12.875,11.155570030212402,2017-03-22,25.41207504272461
2016-03-23,12.875,10.385210990905762,2017-03-23,25.811880111694336
2016-03-24,12.875,10.23894214630127,2017-03-24,27.72315216064453
2016-03-28,13.11111111111111,10.121925354003906,2017-03-28,27.976686477661133
2016-03-29,13.11111111111111,10.190183639526367,2017-03-29,27.791412353515625
2016-03-30,13.11111111111111,10.219437599182129,2017-03-30,28.249719619750977
2016-03-31,13.125,10.209686279296875,2017-03-31,28.18146514892578
2016-04-01,13.125,10.755764961242676,2017-04-03,27.927928924560547
2016-04-04,13.125,10.531481742858887,2017-04-04,27.879173278808594
2016-04-05,13.125,10.141427993774414,2017-04-05,27.557376861572266
2016-04-06,13.125,10.209686279296875,2017-04-06,27.90842628479004
2016-04-07,13.125,10.248692512512207,2017-04-07,27.8109130859375
2016-04-08,13.125,10.453470230102539,2017-04-10,26.952791213989258
2016-04-11,13.125,10.190183639526367,2017-04-11,26.504226684570312
2016-04-12,13.125,9.917144775390625,2017-04-12,26.026409149169922
2016-04-13,13.125,10.609491348266602,2017-04-13,26.075170516967773
2016-04-14,13.125,10.141427993774414,2017-04-17,26.455474853515625
2016-04-15,13.176470588235293,10.424217224121094,2017-04-17,26.455474853515625
2016-04-18,13.176470588235293,10.619243621826172,2017-04-18,26.465225219726562
2016-04-19,13.176470588235293,10.453470230102539,2017-04-19,26.58224105834961
2016-04-20,13.176470588235293,10.482723236083984,2017-04-20,27.26483726501465
2016-04-21,13.176470588235293,10.385210990905762,2017-04-21,26.6407470703125
2016-04-22,13.176470588235293,10.394963264465332,2017-04-24,25.909395217895508
2016-04-25,13.176470588235293,10.287697792053223,2017-04-25,26.318950653076172
2016-04-26,13.176470588235293,11.223831176757812,2017-04-26,26.123926162719727
2016-04-27,13.176470588235293,11.272583961486816,2017-04-27,26.943038940429688
2016-04-28,13.176470588235293,11.331093788146973,2017-04-28,26.98204803466797
2016-04-29,13.176470588235293,10.482723236083984,2017-05-01,27.586631774902344
2016-05-02,13.176470588235293,10.35595703125,2017-05-02,27.07956314086914
2016-05-03,13.176470588235293,10.10241985321045,2017-05-03,27.30384063720703
2016-05-04,13.176470588235293,9.751368522644043,2017-05-04,27.09906005859375
2016-05-05,13.176470588235293,9.809880256652832,2017-05-05,27.498865127563477
2016-05-06,13.176470588235293,9.741621971130371,2017-05-08,27.36235237121582
2016-05-09,13.176470588235293,9.624602317810059,2017-05-09,28.093700408935547
2016-05-10,13.176470588235293,9.839133262634277,2017-05-10,28.591020584106445
2016-05-11,13.176470588235293,9.848886489868164,2017-05-11,28.308229446411133
2016-05-12,13.176470588235293,9.390570640563965,2017-05-12,28.210718154907227
2016-05-13,13.176470588235293,9.32231330871582,2017-05-15,28.113203048706055
2016-05-16,13.176470588235293,9.439325332641602,2017-05-16,28.298480987548828
2016-05-17,13.176470588235293,9.42957592010498,2017-05-17,26.328704833984375
2016-05-18,13.055555555555555,9.800127983093262,2017-05-18,26.796770095825195
2016-05-19,13.055555555555555,9.81963062286377,2017-05-19,27.128314971923828
2016-05-20,13.055555555555555,10.531481742858887,2017-05-22,27.36235237121582
2016-05-23,13.055555555555555,10.863028526306152,2017-05-23,27.586631774902344
2016-05-24,13.055555555555555,11.204325675964355,2017-05-24,28.269229888916016
2016-05-25,13.055555555555555,11.311592102050781,2017-05-25,28.698287963867188
2016-05-26,13.055555555555555,11.652887344360352,2017-05-26,29.020082473754883
2016-05-27,13.055555555555555,12.003939628601074,2017-05-30,29.936710357666016
2016-05-31,13.055555555555555,12.403745651245117,2017-05-31,30.004968643188477
2016-06-01,13.055555555555555,12.764546394348145,2017-06-01,29.99522590637207
2016-06-02,13.055555555555555,12.78404712677002,2017-06-02,30.434030532836914
2016-06-03,13.055555555555555,12.540263175964355,2017-06-05,30.434030532836914
2016-06-06,13.052631578947368,12.452503204345703,2017-06-06,30.785083770751953
2016-06-07,13.052631578947368,12.67678165435791,2017-06-07,31.69196128845215
2016-06-08,13.052631578947368,12.26722526550293,2017-06-08,31.643198013305664
2016-06-09,13.052631578947368,12.198966979980469,2017-06-09,29.839195251464844
2016-06-10,13.052631578947368,11.838162422180176,2017-06-12,30.424280166625977
2016-06-13,13.052631578947368,11.750404357910156,2017-06-13,30.75582504272461
2016-06-14,13.052631578947368,11.623636245727539,2017-06-14,30.28775978088379
2016-06-15,13.052631578947368,11.721150398254395,2017-06-15,29.800193786621094
2016-06-16,13.052631578947368,11.652887344360352,2017-06-16,29.117595672607422
2016-06-17,13.052631578947368,11.896675109863281,2017-06-19,30.424280166625977
2016-06-20,13.052631578947368,12.013689041137695,2017-06-20,30.063480377197266
2016-06-21,13.052631578947368,12.432998657226562,2017-06-21,31.214136123657227
2016-06-22,13.052631578947368,12.403745651245117,2017-06-22,31.09712791442871
2016-06-23,13.523809523809524,13.700677871704102,2017-06-23,30.941097259521484
2016-06-24,13.523809523809524,12.881564140319824,2017-06-26,31.69196128845215
2016-06-27,13.523809523809524,11.925928115844727,2017-06-27,30.872840881347656
2016-06-28,13.523809523809524,12.667030334472656,2017-06-28,31.438425064086914
2016-06-29,13.523809523809524,12.862060546875,2017-06-29,30.687564849853516
2016-06-30,13.523809523809524,13.417884826660156,2017-06-30,29.117595672607422
2016-07-01,13.523809523809524,12.189214706420898,2017-07-03,28.415498733520508
2016-07-05,13.35,11.613883018493652,2017-07-05,29.751436233520508
2016-07-06,13.35,11.438359260559082,2017-07-06,29.35162925720215
2016-07-07,13.35,11.896675109863281,2017-07-07,29.44914436340332
2016-07-08,13.35,12.306230545043945,2017-07-10,29.741682052612305
2016-07-11,13.35,12.325736045837402,2017-07-11,30.59005355834961
2016-07-12,13.35,12.90106201171875,2017-07-12,30.668062210083008
2016-07-13,13.35,12.959573745727539,2017-07-13,30.35601806640625
2016-07-14,13.35,12.959573745727539,2017-07-14,30.999610900878906
2016-07-15,13.35,12.803550720214844,2017-07-17,30.93134880065918
2016-07-18,13.35,13.008331298828125,2017-07-18,31.106876373291016
2016-07-19,13.35,12.891312599182129,2017-07-19,31.028865814208984
2016-07-20,13.35,13.252113342285156,2017-07-20,31.204391479492188
2016-07-21,13.35,12.85230827331543,2017-07-21,31.214136123657227
2016-07-22,13.35,12.803550720214844,2017-07-24,30.88259506225586
2016-07-25,13.35,13.573908805847168,2017-07-25,29.156597137451172
2016-07-26,13.35,14.305262565612793,2017-07-26,29.068838119506836
2016-07-27,13.35,13.837193489074707,2017-07-27,29.48815155029297
2016-07-28,13.35,13.466644287109375,2017-07-28,28.552019119262695
2016-07-29,13.35,13.398385047912598,2017-07-31,27.42085838317871
2016-08-01,13.473684210526315,13.222860336303711,2017-08-01,27.635387420654297
2016-08-02,13.473684210526315,13.066835403442383,2017-08-02,27.91817283630371
2016-08-03,13.473684210526315,13.174102783203125,2017-08-03,27.1380672454834
2016-08-04,13.473684210526315,13.68117618560791,2017-08-04,27.225830078125
2016-08-05,13.65,14.1589937210083,2017-08-07,27.879173278808594
2016-08-08,13.65,14.061478614807129,2017-08-08,28.122957229614258
2016-08-09,13.65,14.11998462677002,2017-08-09,27.869417190551758
2016-08-10,13.65,13.846943855285645,2017-08-10,26.806522369384766
2016-08-11,13.65,14.07122802734375,2017-08-11,27.31359100341797
2016-08-12,13.65,14.558797836303711,2017-08-14,28.513011932373047
2016-08-15,13.722222222222221,15.143879890441895,2017-08-15,28.942075729370117
2016-08-16,13.947368421052632,15.10487174987793,2017-08-16,29.926958084106445
2016-08-17,13.947368421052632,15.13412857055664,2017-08-17,28.88355827331543
2016-08-18,13.947368421052632,15.377912521362305,2017-08-18,29.624662399291992
2016-08-19,13.947368421052632,15.845980644226074,2017-08-21,28.825056076049805
2016-08-22,13.947368421052632,15.787469863891602,2017-08-22,29.69292449951172
2016-08-23,13.947368421052632,15.777718544006348,2017-08-23,29.69292449951172
2016-08-24,13.947368421052632,15.124380111694336,2017-08-24,29.468645095825195
2016-08-25,14.25,15.797221183776855,2017-08-25,29.536909103393555
2016-08-26,14.25,16.099515914916992,2017-08-28,30.30726432800293
2016-08-29,14.25,16.489566802978516,2017-08-29,30.69732093811035
2016-08-30,14.523809523809524,16.323795318603516,2017-08-30,30.824085235595703
2016-08-31,14.523809523809524,16.080007553100586,2017-08-31,31.175134658813477
2016-09-01,14.523809523809524,16.226282119750977,2017-09-01,31.78946876525879
2016-09-02,14.523809523809524,16.284791946411133,2017-09-05,31.27264976501465
2016-09-06,14.85,16.587087631225586,2017-09-06,31.448177337646484
2016-09-07,14.85,16.733354568481445,2017-09-07,31.974750518798828
2016-09-08,14.85,17.016141891479492,2017-09-08,31.643198013305664
2016-09-09,14.85,16.392057418823242,2017-09-11,32.60858154296875
2016-09-12,15.0,16.723604202270508,2017-09-12,33.43745803833008
2016-09-13,15.0,16.333547592163086,2017-09-13,33.7299919128418
2016-09-14,15.0,16.509071350097656,2017-09-14,33.720245361328125
2016-09-15,15.25,17.016141891479492,2017-09-15,33.788509368896484
2016-09-16,15.25,17.045394897460938,2017-09-18,34.54911422729492
2016-09-19,15.222222222222221,16.528573989868164,2017-09-19,35.05617904663086
2016-09-20,15.222222222222221,16.49932098388672,2017-09-20,35.07568359375
2016-09-21,15.631578947368421,17.220922470092773,2017-09-21,35.01717758178711
2016-09-22,15.631578947368421,17.15266227722168,2017-09-22,35.17319869995117
2016-09-23,15.631578947368421,17.045394897460938,2017-09-25,34.003028869628906
2016-09-26,15.666666666666666,16.928380966186523,2017-09-26,33.33019256591797
2016-09-27,15.666666666666666,17.552467346191406,2017-09-27,36.16783905029297
2016-09-28,17.272727272727273,17.006393432617188,2017-09-28,37.01620101928711
2016-09-29,17.272727272727273,17.10390853881836,2017-09-29,38.35214614868164
2016-09-30,17.272727272727273,17.337936401367188,2017-10-02,39.01523208618164
2016-10-03,17.75,17.289182662963867,2017-10-03,39.36628723144531
2016-10-04,17.75,17.357440948486328,2017-10-04,38.57643127441406
2016-10-05,18.789473684210527,17.259933471679688,2017-10-05,38.391151428222656
2016-10-06,18.95,17.289182662963867,2017-10-06,38.683692932128906
2016-10-07,18.95,17.172163009643555,2017-10-09,39.941612243652344
2016-10-10,18.95,17.064899444580078,2017-10-10,40.93626022338867
2016-10-11,18.95,16.440811157226562,2017-10-11,40.575462341308594
2016-10-12,18.95,16.362802505493164,2017-10-12,39.57106018066406
2016-10-13,19.210526315789473,16.431058883666992,2017-10-13,39.395545959472656
2016-10-14,19.210526315789473,16.704097747802734,2017-10-16,40.45845031738281
2016-10-17,19.210526315789473,16.56757926940918,2017-10-17,39.385799407958984
2016-10-18,19.210526315789473,16.97713851928711,2017-10-18,40.614463806152344
2016-10-19,19.210526315789473,16.791860580444336,2017-10-19,40.282920837402344
2016-10-20,19.210526315789473,16.77235984802246,2017-10-20,40.468196868896484
2016-10-21,19.210526315789473,16.518821716308594,2017-10-23,40.52669143676758
2016-10-24,19.210526315789473,16.63583755493164,2017-10-24,40.565711975097656
2016-10-25,19.210526315789473,17.10390853881836,2017-10-25,40.03913116455078
2016-10-26,19.210526315789473,17.2014217376709,2017-10-26,39.590572357177734
2016-10-27,19.210526315789473,17.09415054321289,2017-10-27,39.834354400634766
2016-10-28,19.210526315789473,16.77235984802246,2017-10-30,40.614463806152344
2016-10-31,19.210526315789473,16.733354568481445,2017-10-31,43.208335876464844
2016-11-01,19.210526315789473,16.55782699584961,2017-11-01,43.27658462524414
2016-11-02,19.210526315789473,16.265289306640625,2017-11-02,43.237571716308594
2016-11-03,19.210526315789473,16.20677947998047,2017-11-03,42.62324523925781
2016-11-04,19.210526315789473,16.265289306640625,2017-11-06,42.174686431884766
2016-11-07,19.210526315789473,16.9478816986084,2017-11-07,42.85728454589844
2016-11-08,19.210526315789473,16.97713851928711,2017-11-08,42.99379348754883
2016-11-09,19.210526315789473,16.77235984802246,2017-11-09,42.41846466064453
2016-11-10,19.210526315789473,16.56757926940918,2017-11-10,43.66664123535156
2016-11-11,19.210526315789473,17.230670928955078,2017-11-13,44.46625518798828
2016-11-14,19.210526315789473,17.269676208496094,2017-11-14,44.661277770996094
2016-11-15,19.666666666666668,17.649986267089844,2017-11-15,44.23221969604492
2016-11-16,19.666666666666668,17.786500930786133,2017-11-16,45.03184127807617
2016-11-17,19.666666666666668,18.70313262939453,2017-11-17,45.012332916259766
2016-11-18,19.666666666666668,18.73238754272461,2017-11-20,46.45553207397461
2016-11-21,19.666666666666668,19.005420684814453,2017-11-21,48.171783447265625
2016-11-22,19.666666666666668,19.249204635620117,2017-11-22,47.918235778808594
2016-11-23,19.894736842105264,19.414981842041016,2017-11-24,48.44481658935547
2016-11-25,19.894736842105264,19.629512786865234,2017-11-27,46.85533905029297
2016-11-28,19.894736842105264,19.492992401123047,2017-11-28,46.73831558227539
2016-11-29,19.894736842105264,18.937166213989258,2017-11-29,42.652496337890625
2016-11-30,20.15,19.044424057006836,2017-11-30,41.3360595703125
2016-12-01,20.15,18.02053451538086,2017-12-01,40.94601058959961
2016-12-02,20.15,18.32282829284668,2017-12-04,38.90797424316406
2016-12-05,20.526315789473685,18.147300720214844,2017-12-05,40.18540573120117
2016-12-06,20.526315789473685,18.58611297607422,2017-12-06,40.546207427978516
2016-12-07,21.0,19.93180274963379,2017-12-07,42.12592697143555
2016-12-08,21.0,20.14633560180664,2017-12-08,42.135677337646484
2016-12-09,21.0,19.99031639099121,2017-12-11,41.94064712524414
2016-12-12,21.0,19.522247314453125,2017-12-12,40.819244384765625
2016-12-13,21.19047619047619,19.629512786865234,2017-12-13,41.004512786865234
2016-12-14,21.19047619047619,19.522247314453125,2017-12-14,41.189796447753906
2016-12-15,21.19047619047619,19.78553009033203,2017-12-15,41.345821380615234
2016-12-16,21.19047619047619,19.766027450561523,2017-12-18,42.62324523925781
2016-12-19,21.19047619047619,19.844039916992188,2017-12-19,42.88654708862305
2016-12-20,21.19047619047619,20.136579513549805,2017-12-20,44.612525939941406
2016-12-21,21.526315789473685,20.068321228027344,2017-12-21,43.31558609008789
2016-12-22,21.75,22.613428115844727,2017-12-22,43.0230598449707
2016-12-23,21.75,22.68169403076172,2017-12-26,41.19954299926758
2016-12-27,21.75,22.7206974029541,2017-12-27,41.423828125
2016-12-28,21.75,22.213624954223633,2017-12-28,40.77047348022461
2016-12-29,21.75,21.7163028717041,2017-12-29,40.09764099121094
2016-12-30,21.75,21.37500762939453,2018-01-02,42.58423614501953
2017-01-03,21.75,21.989343643188477,2018-01-03,43.86166763305664
2017-01-04,21.75,21.804067611694336,2018-01-04,45.71443176269531
2017-01-05,21.75,21.560277938842773,2018-01-05,44.661277770996094
2017-01-06,21.75,21.492023468017578,2018-01-08,44.41749572753906
2017-01-09,21.75,21.784563064575195,2018-01-09,41.90164566040039
2017-01-10,21.75,21.92108726501465,2018-01-10,42.233192443847656
2017-01-11,21.75,22.22337532043457,2018-01-11,41.755374908447266
2017-01-12,21.75,21.755308151245117,2018-01-12,41.745628356933594
2017-01-13,21.75,21.628543853759766,2018-01-16,41.85288619995117
2017-01-17,21.75,21.199481964111328,2018-01-17,43.159568786621094
2017-01-18,21.75,21.765060424804688,2018-01-18,42.89628601074219
2017-01-19,21.75,21.170223236083984,2018-01-19,41.68711853027344
2017-01-20,21.75,21.414011001586914,2018-01-22,41.813880920410156
2017-01-23,21.75,21.34575843811035,2018-01-23,42.85728454589844
2017-01-24,21.75,22.281885147094727,2018-01-24,42.0089111328125
2017-01-25,21.75,22.974233627319336,2018-01-25,41.94064712524414
2017-01-26,21.75,22.935230255126953,2018-01-26,42.58423614501953
2017-01-27,21.75,23.37403678894043,2018-01-29,42.21369552612305
2017-01-30,21.75,23.578813552856445,2018-01-30,40.63395690917969
2017-01-31,21.75,23.51055908203125,2018-01-31,42.63299560546875
2017-02-01,21.75,24.1346435546875,2018-02-01,41.43357849121094
2017-02-02,22.0,24.17365264892578,2018-02-02,39.80509948730469
2017-02-03,22.0,23.98837661743164,2018-02-05,38.42040252685547
2017-02-06,22.0,23.734840393066406,2018-02-06,42.78901290893555
2017-02-07,22.0,23.98837661743164,2018-02-07,40.965511322021484
2017-02-08,22.0,23.608068466186523,2018-02-08,39.00547409057617
2017-02-09,22.0,23.842103958129883,2018-02-09,39.40529251098633
2017-02-10,22.0,23.45204734802246,2018-02-12,41.14102554321289
2017-02-13,22.22222222222222,23.305774688720703,2018-02-13,41.57010269165039
2017-02-14,22.22222222222222,22.545167922973633,2018-02-14,42.36971664428711
2017-02-15,22.22222222222222,22.447662353515625,2018-02-15,42.41846466064453
2017-02-16,22.22222222222222,22.40865135192871,2018-02-16,43.110816955566406
2017-02-17,22.22222222222222,22.76945686340332,2018-02-20,43.78366470336914
2017-02-21,22.22222222222222,23.179014205932617,2018-02-21,43.4326057434082
2017-02-22,22.352941176470587,23.159507751464844,2018-02-22,43.14982223510742
2017-02-23,22.352941176470587,22.896217346191406,2018-02-23,45.373130798339844
2017-02-24,22.352941176470587,22.662187576293945,2018-02-26,46.78707504272461
2017-02-27,22.5,23.16925621032715,2018-02-27,47.37215805053711
2017-02-28,22.5,22.857215881347656,2018-02-28,47.59645080566406
2017-03-01,22.88235294117647,23.939617156982422,2018-03-01,46.436031341552734
2017-03-02,23.944444444444443,24.085891723632812,2018-03-02,47.88898468017578
2017-03-03,23.944444444444443,24.934255599975586,2018-03-05,50.73638916015625
2017-03-06,23.944444444444443,25.07077407836914,2018-03-06,52.403873443603516
2017-03-07,23.944444444444443,25.002519607543945,2018-03-07,52.628150939941406
2017-03-08,23.944444444444443,24.74898338317871,2018-03-08,53.847076416015625
2017-03-09,23.944444444444443,24.524696350097656,2018-03-09,53.23273849487305
2017-03-10,23.944444444444443,24.553955078125,2018-03-12,57.89388656616211
2017-03-13,24.294117647058822,25.061025619506836,2018-03-13,57.95240020751953
2017-03-14,24.294117647058822,24.944007873535156,2018-03-14,58.293704986572266
2017-03-15,24.294117647058822,25.470582962036133,2018-03-15,57.37706756591797
2017-03-16,24.294117647058822,25.39257049560547,2018-03-16,59.07381820678711
2017-03-17,24.294117647058822,25.158536911010742,2018-03-19,58.64474868774414
2017-03-20,24.294117647058822,25.55834197998047,2018-03-20,59.629638671875
2017-03-21,24.375,24.885501861572266,2018-03-21,59.5516242980957
2017-03-22,24.375,25.41207504272461,2018-03-22,57.455081939697266
2017-03-23,24.375,25.811880111694336,2018-03-23,52.862178802490234
2017-03-24,25.0,27.72315216064453,2018-03-26,54.178627014160156
2017-03-27,25.0,28.04494285583496,2018-03-27,51.09718704223633
2017-03-28,25.0,27.976686477661133,2018-03-28,50.209808349609375
2017-03-29,25.0,27.791412353515625,2018-03-29,50.843650817871094
2017-03-30,25.0,28.249719619750977,2018-04-02,48.81536865234375
2017-03-31,25.0,28.18146514892578,2018-04-02,48.81536865234375
2017-04-03,25.125,27.927928924560547,2018-04-03,50.2683219909668
2017-04-04,28.666666666666668,27.879173278808594,2018-04-04,52.06257247924805
2017-04-05,29.5,27.557376861572266,2018-04-05,48.600833892822266
2017-04-06,29.5,27.90842628479004,2018-04-06,47.25514602661133
2017-04-07,29.5,27.8109130859375,2018-04-09,46.767578125
2017-04-10,29.5,26.952791213989258,2018-04-10,49.22492218017578
2017-04-11,29.5,26.504226684570312,2018-04-11,49.22492218017578
2017-04-12,29.5,26.026409149169922,2018-04-12,51.282470703125
2017-04-13,29.5,26.075170516967773,2018-04-13,50.93142318725586
2017-04-17,29.5,26.455474853515625,2018-04-17,50.96066665649414
2017-04-18,29.5,26.465225219726562,2018-04-18,52.667144775390625
2017-04-19,29.5,26.58224105834961,2018-04-19,50.14154815673828
2017-04-20,29.5,27.26483726501465,2018-04-20,49.361446380615234
2017-04-21,29.5,26.6407470703125,2018-04-23,47.80122375488281
2017-04-24,29.5,25.909395217895508,2018-04-24,45.9387092590332
2017-04-25,29.5,26.318950653076172,2018-04-25,46.4165153503418
2017-04-26,29.5,26.123926162719727,2018-04-26,48.893375396728516
2017-04-27,29.5,26.943038940429688,2018-04-27,46.3385124206543
2017-04-28,29.5,26.98204803466797,2018-04-30,44.8368034362793
2017-05-01,29.5,27.586631774902344,2018-05-01,45.62666702270508
2017-05-02,29.5,27.07956314086914,2018-05-02,44.749046325683594
2017-05-03,29.5,27.30384063720703,2018-05-03,45.46090316772461
2017-05-04,29.5,27.09906005859375,2018-05-04,46.39702606201172
2017-05-05,29.5,27.498865127563477,2018-05-07,47.2746467590332
2017-05-08,29.5,27.36235237121582,2018-05-08,47.36241149902344
2017-05-09,29.5,28.093700408935547,2018-05-09,49.74174880981445
2017-05-10,29.5,28.591020584106445,2018-05-10,51.35072326660156
2017-05-11,29.5,28.308229446411133,2018-05-11,50.53160095214844
2017-05-12,29.5,28.210718154907227,2018-05-14,51.6822624206543
2017-05-15,29.5,28.113203048706055,2018-05-15,52.667144775390625
2017-05-16,29.5,28.298480987548828,2018-05-16,55.095252990722656
2017-05-17,29.5,26.328704833984375,2018-05-17,53.34000015258789
2017-05-18,29.5,26.796770095825195,2018-05-18,52.06257247924805
2017-05-19,29.5,27.128314971923828,2018-05-21,54.10061264038086
2017-05-22,29.5,27.36235237121582,2018-05-22,57.562347412109375
2017-05-23,30.285714285714285,27.586631774902344,2018-05-23,58.47897720336914
2017-05-24,30.285714285714285,28.269229888916016,2018-05-24,59.961185455322266
2017-05-25,30.285714285714285,28.698287963867188,2018-05-25,59.82467269897461
2017-05-26,30.285714285714285,29.020082473754883,2018-05-29,61.06309127807617
2017-05-30,31.166666666666668,29.936710357666016,2018-05-30,61.01433181762695
2017-05-31,31.166666666666668,30.004968643188477,2018-05-31,56.15815353393555
2017-06-01,31.166666666666668,29.99522590637207,2018-06-01,57.27956008911133
2017-06-02,31.166666666666668,30.434030532836914,2018-06-04,57.6306037902832
2017-06-05,31.166666666666668,30.434030532836914,2018-06-05,57.932899475097656
2017-06-06,31.4,30.785083770751953,2018-06-06,57.94264602661133
2017-06-07,31.4,31.69196128845215,2018-06-07,58.14742660522461
2017-06-08,31.4,31.643198013305664,2018-06-08,59.86368179321289
2017-06-09,31.4,29.839195251464844,2018-06-11,59.86368179321289
2017-06-12,33.0,30.424280166625977,2018-06-12,59.044559478759766
2017-06-13,33.0,30.75582504272461,2018-06-13,58.5569953918457
2017-06-14,33.0,30.28775978088379,2018-06-14,57.708621978759766
2017-06-15,33.0,29.800193786621094,2018-06-15,56.78223419189453
2017-06-16,33.0,29.117595672607422,2018-06-18,56.99676513671875
2017-06-19,33.0,30.424280166625977,2018-06-19,57.77688217163086
2017-06-20,33.0,30.063480377197266,2018-06-20,57.48433303833008
2017-06-21,35.333333333333336,31.214136123657227,2018-06-21,57.962162017822266
2017-06-22,35.333333333333336,31.09712791442871,2018-06-22,55.680328369140625
2017-06-23,35.333333333333336,30.941097259521484,2018-06-25,51.838294982910156
2017-06-26,35.333333333333336,31.69196128845215,2018-06-26,53.23273849487305
2017-06-27,35.333333333333336,30.872840881347656,2018-06-27,50.96066665649414
2017-06-28,35.333333333333336,31.438425064086914,2018-06-28,51.818790435791016
2017-06-29,35.333333333333336,30.687564849853516,2018-06-29,51.13618850708008
2017-06-30,36.0,29.117595672607422,2018-07-02,53.125465393066406
2017-07-03,36.0,28.415498733520508,2018-07-03,50.2000617980957
2017-07-05,36.0,29.751436233520508,2018-07-05,51.5262565612793
2017-07-06,36.0,29.35162925720215,2018-07-06,51.90655517578125
2017-07-07,36.0,29.44914436340332,2018-07-09,52.9597053527832
2017-07-10,36.0,29.741682052612305,2018-07-10,54.35415267944336
2017-07-11,36.0,30.59005355834961,2018-07-11,52.83292770385742
2017-07-12,36.0,30.668062210083008,2018-07-12,54.07135009765625
2017-07-13,36.0,30.35601806640625,2018-07-13,54.948974609375
2017-07-14,36.0,30.999610900878906,2018-07-16,54.75395584106445
2017-07-17,36.0,30.93134880065918,2018-07-17,55.54379653930664
2017-07-18,36.0,31.106876373291016,2018-07-18,56.021629333496094
2017-07-19,36.0,31.028865814208984,2018-07-19,54.82220458984375
2017-07-20,36.0,31.204391479492188,2018-07-20,53.65205764770508
2017-07-21,36.0,31.214136123657227,2018-07-23,52.940189361572266
2017-07-24,36.0,30.88259506225586,2018-07-24,51.84803771972656
2017-07-25,36.0,29.156597137451172,2018-07-25,52.06257247924805
2017-07-26,36.0,29.068838119506836,2018-07-26,52.423370361328125
2017-07-27,36.0,29.48815155029297,2018-07-27,52.61839294433594
2017-07-28,36.0,28.552019119262695,2018-07-30,51.69202423095703
2017-07-31,36.0,27.42085838317871,2018-07-31,51.477481842041016
2017-08-01,36.0,27.635387420654297,2018-08-01,50.98992156982422
2017-08-02,36.0,27.91817283630371,2018-08-02,52.072330474853516
2017-08-03,36.0,27.1380672454834,2018-08-03,51.49700164794922
2017-08-04,36.0,27.225830078125,2018-08-06,51.36045837402344
2017-08-07,36.0,27.879173278808594,2018-08-07,51.72127151489258
2017-08-08,36.0,28.122957229614258,2018-08-08,52.06257247924805
2017-08-09,36.0,27.869417190551758,2018-08-09,50.96066665649414
2017-08-10,36.0,26.806522369384766,2018-08-10,50.09280014038086
2017-08-11,36.0,27.31359100341797,2018-08-13,50.06353759765625
2017-08-14,36.0,28.513011932373047,2018-08-14,49.361446380615234
2017-08-15,36.0,28.942075729370117,2018-08-15,46.30927276611328
2017-08-16,36.0,29.926958084106445,2018-08-16,45.928958892822266
2017-08-17,36.0,28.88355827331543,2018-08-17,45.9387092590332
2017-08-18,40.333333333333336,29.624662399291992,2018-08-20,46.87484359741211
2017-08-21,40.333333333333336,28.825056076049805,2018-08-21,48.69834899902344
2017-08-22,40.333333333333336,29.69292449951172,2018-08-22,48.99089050292969
2017-08-23,40.333333333333336,29.69292449951172,2018-08-23,48.46432113647461
2017-08-24,40.333333333333336,29.468645095825195,2018-08-24,49.43946838378906
2017-08-25,40.333333333333336,29.536909103393555,2018-08-27,50.775390625
2017-08-28,40.333333333333336,30.30726432800293,2018-08-28,51.0386848449707
2017-08-29,42.6,30.69732093811035,2018-08-29,50.54136657714844
2017-08-30,42.75,30.824085235595703,2018-08-30,51.4482421875
2017-08-31,42.75,31.175134658813477,2018-08-31,51.214202880859375
2017-09-01,42.75,31.78946876525879,2018-09-04,50.63887023925781
2017-09-05,42.75,31.27264976501465,2018-09-05,48.30829620361328
2017-09-06,42.75,31.448177337646484,2018-09-06,43.539878845214844
2017-09-07,42.75,31.974750518798828,2018-09-07,43.744651794433594
2017-09-08,42.75,31.643198013305664,2018-09-10,43.78366470336914
2017-09-11,42.75,32.60858154296875,2018-09-11,42.51597595214844
2017-09-12,42.75,33.43745803833008,2018-09-12,40.702232360839844
2017-09-13,42.2,33.7299919128418,2018-09-13,42.53548812866211
2017-09-14,42.2,33.720245361328125,2018-09-14,43.198577880859375
2017-09-15,42.2,33.788509368896484,2018-09-17,42.496482849121094
2017-09-18,42.2,34.54911422729492,2018-09-18,44.202972412109375
2017-09-19,42.2,35.05617904663086,2018-09-19,43.93967819213867
2017-09-20,42.2,35.07568359375,2018-09-20,44.914833068847656
2017-09-21,44.4,35.01717758178711,2018-09-21,43.62763595581055
2017-09-22,44.4,35.17319869995117,2018-09-24,44.03719711303711
2017-09-25,44.4,34.003028869628906,2018-09-25,43.530120849609375
2017-09-26,44.4,33.33019256591797,2018-09-26,43.24732971191406
2017-09-27,44.5,36.16783905029297,2018-09-27,43.87141799926758
2017-09-28,44.5,37.01620101928711,2018-09-28,44.1054573059082
2017-09-29,44.55555555555556,38.35214614868164,2018-10-01,44.02744674682617
2017-10-02,44.4,39.01523208618164,2018-10-02,44.62228012084961
2017-10-03,44.4,39.36628723144531,2018-10-03,44.02744674682617
2017-10-04,44.4,38.57643127441406,2018-10-04,43.06205368041992
2017-10-05,44.4,38.391151428222656,2018-10-05,42.496482849121094
2017-10-06,44.4,38.683692932128906,2018-10-08,41.99916076660156
2017-10-09,44.4,39.941612243652344,2018-10-09,41.21904754638672
2017-10-10,44.4,40.93626022338867,2018-10-10,40.575462341308594
2017-10-11,44.4,40.575462341308594,2018-10-11,40.9265022277832
2017-10-12,45.81818181818182,39.57106018066406,2018-10-12,41.4140739440918
2017-10-13,45.916666666666664,39.395545959472656,2018-10-15,41.28731155395508
2017-10-16,46.23076923076923,40.45845031738281,2018-10-16,42.135677337646484
2017-10-17,46.23076923076923,39.385799407958984,2018-10-17,41.297061920166016
2017-10-18,46.23076923076923,40.614463806152344,2018-10-18,40.27315902709961
2017-10-19,46.714285714285715,40.282920837402344,2018-10-19,39.44429397583008
2017-10-20,46.714285714285715,40.468196868896484,2018-10-22,38.77145767211914
2017-10-23,46.714285714285715,40.52669143676758,2018-10-23,37.71830368041992
2017-10-24,46.714285714285715,40.565711975097656,2018-10-24,34.54911422729492
2017-10-25,46.714285714285715,40.03913116455078,2018-10-25,35.86553955078125
2017-10-26,46.714285714285715,39.590572357177734,2018-10-26,34.519866943359375
2017-10-27,46.714285714285715,39.834354400634766,2018-10-29,33.798248291015625
2017-10-30,46.714285714285715,40.614463806152344,2018-10-30,35.11469268798828
2017-10-31,46.714285714285715,43.208335876464844,2018-10-31,36.78216552734375
2017-11-01,46.714285714285715,43.27658462524414,2018-11-01,39.12250518798828
2017-11-02,46.714285714285715,43.237571716308594,2018-11-02,39.31753158569336
2017-11-03,46.714285714285715,42.62324523925781,2018-11-05,38.9274787902832
2017-11-06,46.714285714285715,42.174686431884766,2018-11-06,38.81045150756836
2017-11-07,46.714285714285715,42.85728454589844,2018-11-07,39.91236114501953
2017-11-08,46.714285714285715,42.99379348754883,2018-11-08,39.434547424316406
2017-11-09,46.714285714285715,42.41846466064453,2018-11-09,38.13761520385742
2017-11-10,46.714285714285715,43.66664123535156,2018-11-12,36.50913619995117
2017-11-13,46.714285714285715,44.46625518798828,2018-11-13,36.908935546875
2017-11-14,46.714285714285715,44.661277770996094,2018-11-14,37.0844612121582
2017-11-15,46.714285714285715,44.23221969604492,2018-11-15,38.917724609375
2017-11-16,46.714285714285715,45.03184127807617,2018-11-16,38.459407806396484
2017-11-17,46.714285714285715,45.012332916259766,2018-11-19,35.914302825927734
2017-11-20,46.714285714285715,46.45553207397461,2018-11-20,35.221961975097656
2017-11-21,46.714285714285715,48.171783447265625,2018-11-21,35.47549819946289
2017-11-22,46.714285714285715,47.918235778808594,2018-11-23,35.494991302490234
2017-11-24,46.714285714285715,48.44481658935547,2018-11-26,35.6607666015625
2017-11-27,46.714285714285715,46.85533905029297,2018-11-27,36.080074310302734
2017-11-28,46.714285714285715,46.73831558227539,2018-11-28,37.7475700378418
2017-11-29,46.714285714285715,42.652496337890625,2018-11-29,36.96745300292969
2017-11-30,46.714285714285715,41.3360595703125,2018-11-30,37.60128402709961
2017-12-01,46.714285714285715,40.94601058959961,2018-12-03,39.03473663330078
2017-12-04,46.714285714285715,38.90797424316406,2018-12-04,35.96306228637695
2017-12-05,46.714285714285715,40.18540573120117,2018-12-06,36.73341751098633
2017-12-06,46.714285714285715,40.546207427978516,2018-12-06,36.73341751098633
2017-12-07,46.714285714285715,42.12592697143555,2018-12-07,34.432090759277344
2017-12-08,46.714285714285715,42.135677337646484,2018-12-10,33.93477249145508
2017-12-11,46.714285714285715,41.94064712524414,2018-12-11,34.3345832824707
2017-12-12,46.714285714285715,40.819244384765625,2018-12-12,35.13419723510742
2017-12-13,46.714285714285715,41.004512786865234,2018-12-13,34.1493034362793
2017-12-14,46.714285714285715,41.189796447753906,2018-12-14,33.34968948364258
2017-12-15,46.714285714285715,41.345821380615234,2018-12-17,33.03764343261719
2017-12-18,46.714285714285715,42.62324523925781,2018-12-18,33.26193618774414
2017-12-19,46.714285714285715,42.88654708862305,2018-12-19,30.629060745239258
2017-12-20,46.714285714285715,44.612525939941406,2018-12-20,30.50229263305664
2017-12-21,46.714285714285715,43.31558609008789,2018-12-21,29.566160202026367
2017-12-22,46.714285714285715,43.0230598449707,2018-12-24,28.298480987548828
2017-12-26,46.714285714285715,41.19954299926758,2018-12-26,30.121986389160156
2017-12-27,46.714285714285715,41.423828125,2018-12-27,31.13612937927246
2017-12-28,48.333333333333336,40.77047348022461,2018-12-28,30.785083770751953
2017-12-29,48.333333333333336,40.09764099121094,2018-12-31,30.941097259521484
2018-01-02,48.333333333333336,42.58423614501953,2019-01-02,31.93573760986328
2018-01-03,48.333333333333336,43.86166763305664,2019-01-03,30.229251861572266
2018-01-04,48.333333333333336,45.71443176269531,2019-01-04,31.88698959350586
2018-01-05,48.333333333333336,44.661277770996094,2019-01-07,33.1546630859375
2018-01-08,48.333333333333336,44.41749572753906,2019-01-08,32.90113067626953
2018-01-09,48.333333333333336,41.90164566040039,2019-01-09,34.55885696411133
2018-01-10,48.333333333333336,42.233192443847656,2019-01-10,35.01717758178711
2018-01-11,48.333333333333336,41.755374908447266,2019-01-11,35.11469268798828
2018-01-12,48.333333333333336,41.745628356933594,2019-01-14,33.8079948425293
2018-01-16,48.333333333333336,41.85288619995117,2019-01-16,32.7451057434082
2018-01-17,48.333333333333336,43.159568786621094,2019-01-17,33.03764343261719
2018-01-18,48.333333333333336,42.89628601074219,2019-01-18,34.87089920043945
2018-01-19,48.333333333333336,41.68711853027344,2019-01-22,33.02789306640625
2018-01-22,48.333333333333336,41.813880920410156,2019-01-22,33.02789306640625
2018-01-23,48.333333333333336,42.85728454589844,2019-01-23,33.38869094848633
2018-01-24,48.333333333333336,42.0089111328125,2019-01-24,35.68026351928711
2018-01-25,48.333333333333336,41.94064712524414,2019-01-25,37.9913444519043
2018-01-26,48.333333333333336,42.58423614501953,2019-01-28,37.13322448730469
2018-01-29,48.333333333333336,42.21369552612305,2019-01-29,36.46037673950195
2018-01-30,48.333333333333336,40.63395690917969,2019-01-30,37.28925323486328
2018-01-31,48.333333333333336,42.63299560546875,2019-01-31,37.26974105834961
2018-02-01,48.333333333333336,41.43357849121094,2019-02-01,38.61543273925781
2018-02-02,48.333333333333336,39.80509948730469,2019-02-04,38.48866271972656
2018-02-05,48.333333333333336,38.42040252685547,2019-02-05,38.391151428222656
2018-02-06,51.357142857142854,42.78901290893555,2019-02-06,40.487701416015625
2018-02-07,51.357142857142854,40.965511322021484,2019-02-07,38.40090560913086
2018-02-08,51.357142857142854,39.00547409057617,2019-02-08,37.62078857421875
2018-02-09,51.357142857142854,39.40529251098633,2019-02-11,37.62078857421875
2018-02-12,51.357142857142854,41.14102554321289,2019-02-12,39.395545959472656
2018-02-13,51.357142857142854,41.57010269165039,2019-02-13,40.643714904785156
2018-02-14,51.357142857142854,42.36971664428711,2019-02-14,41.18004608154297
2018-02-15,50.53846153846154,42.41846466064453,2019-02-15,40.94601058959961
2018-02-16,50.53846153846154,43.110816955566406,2019-02-19,40.91675567626953
2018-02-20,50.53846153846154,43.78366470336914,2019-02-20,41.16053771972656
2018-02-21,50.53846153846154,43.4326057434082,2019-02-21,40.497440338134766
2018-02-22,50.53846153846154,43.14982223510742,2019-02-22,41.511592864990234
2018-02-23,50.53846153846154,45.373130798339844,2019-02-25,41.68711853027344
2018-02-26,50.53846153846154,46.78707504272461,2019-02-26,41.89189147949219
2018-02-27,50.53846153846154,47.37215805053711,2019-02-27,40.29267120361328
2018-02-28,50.53846153846154,47.59645080566406,2019-02-28,39.86360549926758
2018-03-01,50.53846153846154,46.436031341552734,2019-03-01,40.546207427978516
2018-03-02,50.53846153846154,47.88898468017578,2019-03-04,40.03913116455078
2018-03-05,50.53846153846154,50.73638916015625,2019-03-05,38.9957389831543
2018-03-06,50.53846153846154,52.403873443603516,2019-03-06,36.98695373535156
2018-03-07,50.53846153846154,52.628150939941406,2019-03-07,36.889442443847656
2018-03-08,51.57142857142857,53.847076416015625,2019-03-08,37.689056396484375
2018-03-09,51.57142857142857,53.23273849487305,2019-03-11,38.059600830078125
2018-03-12,51.57142857142857,57.89388656616211,2019-03-12,38.27412796020508
2018-03-13,52.46153846153846,57.95240020751953,2019-03-13,37.86457061767578
2018-03-14,52.46153846153846,58.293704986572266,2019-03-14,37.455020904541016
2018-03-15,52.46153846153846,57.37706756591797,2019-03-15,38.55692672729492
2018-03-16,52.46153846153846,59.07381820678711,2019-03-18,38.625179290771484
2018-03-19,53.357142857142854,58.64474868774414,2019-03-19,39.36628723144531
2018-03-20,54.46666666666667,59.629638671875,2019-03-20,39.13225555419922
2018-03-21,55.6,59.5516242980957,2019-03-21,42.89628601074219
2018-03-22,55.6,57.455081939697266,2019-03-22,40.585205078125
2018-03-23,61.142857142857146,52.862178802490234,2019-03-25,39.541812896728516
2018-03-26,61.54545454545455,54.178627014160156,2019-03-26,39.31753158569336
2018-03-27,64.21052631578948,51.09718704223633,2019-03-27,38.2546272277832
2018-03-28,64.21052631578948,50.209808349609375,2019-03-28,38.361900329589844
2018-03-29,65.27777777777777,50.843650817871094,2019-03-29,40.30241775512695
2018-04-02,66.58823529411765,48.81536865234375,2019-04-02,41.384822845458984
2018-04-03,66.58823529411765,50.2683219909668,2019-04-03,42.80852127075195
2018-04-04,66.58823529411765,52.06257247924805,2019-04-04,41.823631286621094
2018-04-05,64.83333333333333,48.600833892822266,2019-04-05,42.242942810058594
2018-04-06,64.83333333333333,47.25514602661133,2019-04-08,41.8333854675293
2018-04-09,64.83333333333333,46.767578125,2019-04-09,40.6827278137207
2018-04-10,64.83333333333333,49.22492218017578,2019-04-10,41.12154006958008
2018-04-11,65.11764705882354,49.22492218017578,2019-04-11,41.22880172729492
2018-04-12,66.25,51.282470703125,2019-04-12,40.965511322021484
2018-04-13,66.25,50.93142318725586,2019-04-15,40.78023910522461
2018-04-16,67.33333333333333,50.3658332824707,2019-04-16,41.696868896484375
2018-04-17,67.33333333333333,50.96066665649414,2019-04-17,42.077178955078125
2018-04-18,68.35714285714286,52.667144775390625,2019-04-18,42.320953369140625
2018-04-19,68.35714285714286,50.14154815673828,2019-04-22,42.320953369140625
2018-04-20,68.35714285714286,49.361446380615234,2019-04-22,42.320953369140625
2018-04-23,68.35714285714286,47.80122375488281,2019-04-23,41.706607818603516
2018-04-24,68.35714285714286,45.9387092590332,2019-04-24,41.96015167236328
2018-04-25,68.35714285714286,46.4165153503418,2019-04-25,41.68711853027344
2018-04-26,68.35714285714286,48.893375396728516,2019-04-26,41.053279876708984
2018-04-27,68.35714285714286,46.3385124206543,2019-04-29,41.06302261352539
2018-04-30,68.35714285714286,44.8368034362793,2019-04-30,41.0142707824707
2018-05-01,68.35714285714286,45.62666702270508,2019-05-01,40.85824966430664
2018-05-02,68.35714285714286,44.749046325683594,2019-05-02,41.50183868408203
2018-05-03,68.35714285714286,45.46090316772461,2019-05-03,42.25270080566406
2018-05-04,68.35714285714286,46.39702606201172,2019-05-06,41.0825309753418
2018-05-07,68.35714285714286,47.2746467590332,2019-05-07,39.25902557373047
2018-05-08,68.35714285714286,47.36241149902344,2019-05-08,38.76170349121094
2018-05-09,68.35714285714286,49.74174880981445,2019-05-09,38.293636322021484
2018-05-10,68.35714285714286,51.35072326660156,2019-05-10,37.97184371948242
2018-05-11,68.35714285714286,50.53160095214844,2019-05-13,36.450626373291016
2018-05-14,68.35714285714286,51.6822624206543,2019-05-14,37.55253601074219
2018-05-15,68.35714285714286,52.667144775390625,2019-05-15,37.455020904541016
2018-05-16,69.13333333333334,55.095252990722656,2019-05-16,36.382362365722656
2018-05-17,69.13333333333334,53.34000015258789,2019-05-17,35.163448333740234
2018-05-18,69.13333333333334,52.06257247924805,2019-05-20,33.75924301147461
2018-05-21,69.13333333333334,54.10061264038086,2019-05-21,34.75388717651367
2018-05-22,72.85,57.562347412109375,2019-05-22,33.86650085449219
2018-05-23,72.85,58.47897720336914,2019-05-23,32.97913360595703
2018-05-24,72.85,59.961185455322266,2019-05-24,33.1546630859375
2018-05-25,72.85,59.82467269897461,2019-05-28,32.12101364135742
2018-05-29,72.85,61.06309127807617,2019-05-29,32.46231460571289
2018-05-30,72.85,61.01433181762695,2019-05-30,32.4915771484375
2018-05-31,72.85,56.15815353393555,2019-05-31,31.799217224121094
2018-06-01,72.85,57.27956008911133,2019-06-03,31.87722396850586
2018-06-04,72.85,57.6306037902832,2019-06-04,33.63249206542969
2018-06-05,72.85,57.932899475097656,2019-06-05,32.511077880859375
2018-06-06,72.85,57.94264602661133,2019-06-06,32.637840270996094
2018-06-07,72.85,58.14742660522461,2019-06-07,33.14491653442383
2018-06-08,72.85,59.86368179321289,2019-06-10,34.0712890625
2018-06-11,72.85,59.86368179321289,2019-06-11,33.97377014160156
2018-06-12,72.85,59.044559478759766,2019-06-12,32.140525817871094
2018-06-13,72.85,58.5569953918457,2019-06-13,32.55007553100586
2018-06-14,72.85,57.708621978759766,2019-06-14,31.847984313964844
2018-06-15,72.85,56.78223419189453,2019-06-17,31.623699188232422
2018-06-18,72.85,56.99676513671875,2019-06-18,33.43745803833008
2018-06-19,72.85,57.77688217163086,2019-06-19,33.096153259277344
2018-06-20,72.85,57.48433303833008,2019-06-20,33.300933837890625
2018-06-21,75.6086956521739,57.962162017822266,2019-06-21,32.423316955566406
2018-06-22,75.79166666666667,55.680328369140625,2019-06-24,32.36479568481445
2018-06-25,75.79166666666667,51.838294982910156,2019-06-25,31.867488861083984
2018-06-26,75.79166666666667,53.23273849487305,2019-06-26,36.11907958984375
2018-06-27,75.79166666666667,50.96066665649414,2019-06-27,37.123477935791016
2018-06-28,75.79166666666667,51.818790435791016,2019-06-28,37.630550384521484
2018-06-29,75.79166666666667,51.13618850708008,2019-07-01,39.112754821777344
2018-07-02,75.79166666666667,53.125465393066406,2019-07-02,38.61543273925781
2018-07-03,75.79166666666667,50.2000617980957,2019-07-03,38.605682373046875
2018-07-05,75.79166666666667,51.5262565612793,2019-07-05,38.439910888671875
2018-07-06,75.79166666666667,51.90655517578125,2019-07-08,39.40529251098633
2018-07-09,75.79166666666667,52.9597053527832,2019-07-09,40.321922302246094
2018-07-10,75.79166666666667,54.35415267944336,2019-07-10,41.8333854675293
2018-07-11,75.79166666666667,52.83292770385742,2019-07-11,42.398963928222656
2018-07-12,75.79166666666667,54.07135009765625,2019-07-12,43.40335464477539
2018-07-13,75.79166666666667,54.948974609375,2019-07-15,43.29609298706055
2018-07-16,75.79166666666667,54.75395584106445,2019-07-16,41.989410400390625
2018-07-17,75.79166666666667,55.54379653930664,2019-07-17,42.29170227050781
2018-07-18,75.79166666666667,56.021629333496094,2019-07-18,43.55937576293945
2018-07-19,75.79166666666667,54.82220458984375,2019-07-19,44.38824462890625
2018-07-20,75.79166666666667,53.65205764770508,2019-07-22,46.016727447509766
2018-07-23,75.79166666666667,52.940189361572266,2019-07-23,45.782691955566406
2018-07-24,75.79166666666667,51.84803771972656,2019-07-24,46.796836853027344
2018-07-25,75.79166666666667,52.06257247924805,2019-07-25,46.582298278808594
2018-07-26,75.79166666666667,52.423370361328125,2019-07-26,46.30927276611328
2018-07-27,75.79166666666667,52.61839294433594,2019-07-29,45.65591812133789
2018-07-30,75.79166666666667,51.69202423095703,2019-07-30,46.28000259399414
2018-07-31,75.79166666666667,51.477481842041016,2019-07-31,43.77391052246094
2018-08-01,75.79166666666667,50.98992156982422,2019-08-01,42.51597595214844
2018-08-02,75.79166666666667,52.072330474853516,2019-08-02,42.984046936035156
2018-08-03,75.79166666666667,51.49700164794922,2019-08-05,40.897254943847656
2018-08-06,76.36363636363636,51.36045837402344,2019-08-06,41.56034469604492
2018-08-07,76.36363636363636,51.72127151489258,2019-08-07,40.71198272705078
2018-08-08,76.36363636363636,52.06257247924805,2019-08-08,41.57010269165039
2018-08-09,76.36363636363636,50.96066665649414,2019-08-09,40.487701416015625
2018-08-10,76.36363636363636,50.09280014038086,2019-08-12,41.0825309753418
2018-08-13,76.36363636363636,50.06353759765625,2019-08-13,43.07180404663086
2018-08-14,76.36363636363636,49.361446380615234,2019-08-14,40.99477005004883
2018-08-15,76.36363636363636,46.30927276611328,2019-08-15,41.189796447753906
2018-08-16,76.36363636363636,45.928958892822266,2019-08-16,42.46722412109375
2018-08-17,76.36363636363636,45.9387092590332,2019-08-19,43.89093017578125
2018-08-20,76.36363636363636,46.87484359741211,2019-08-20,43.13031768798828
2018-08-21,76.36363636363636,48.69834899902344,2019-08-21,43.07180404663086
2018-08-22,76.36363636363636,48.99089050292969,2019-08-22,43.66664123535156
2018-08-23,76.36363636363636,48.46432113647461,2019-08-23,41.89189147949219
2018-08-24,76.36363636363636,49.43946838378906,2019-08-26,42.35020065307617
2018-08-27,76.36363636363636,50.775390625,2019-08-27,41.384822845458984
2018-08-28,76.36363636363636,51.0386848449707,2019-08-28,42.077178955078125
2018-08-29,76.36363636363636,50.54136657714844,2019-08-29,43.55937576293945
2018-08-30,76.36363636363636,51.4482421875,2019-08-30,44.14445877075195
2018-08-31,76.36363636363636,51.214202880859375,2019-09-03,43.87141799926758
2018-09-04,76.36363636363636,50.63887023925781,2019-09-04,45.646175384521484
2018-09-05,76.9047619047619,48.30829620361328,2019-09-05,47.810970306396484
2018-09-06,76.9047619047619,43.539878845214844,2019-09-06,47.752471923828125
2018-09-07,76.9047619047619,43.744651794433594,2019-09-09,47.90849685668945
2018-09-10,76.9047619047619,43.78366470336914,2019-09-10,48.162025451660156
2018-09-11,76.9047619047619,42.51597595214844,2019-09-11,49.22492218017578
2018-09-12,75.68181818181819,40.702232360839844,2019-09-12,49.18592071533203
2018-09-13,75.68181818181819,42.53548812866211,2019-09-13,49.24443054199219
2018-09-14,75.43478260869566,43.198577880859375,2019-09-16,48.903141021728516
2018-09-17,74.1304347826087,42.496482849121094,2019-09-17,49.57596969604492
2018-09-18,74.63636363636364,44.202972412109375,2019-09-18,49.22492218017578
2018-09-19,74.63636363636364,43.93967819213867,2019-09-19,48.581336975097656
2018-09-20,74.5,44.914833068847656,2019-09-20,47.9377326965332
2018-09-21,74.10526315789474,43.62763595581055,2019-09-23,48.36680221557617
2018-09-24,74.33333333333333,44.03719711303711,2019-09-24,47.30390548706055
2018-09-25,74.33333333333333,43.530120849609375,2019-09-25,48.24003601074219
2018-09-26,74.33333333333333,43.24732971191406,2019-09-26,47.39167022705078
2018-09-27,74.33333333333333,43.87141799926758,2019-09-27,42.135677337646484
2018-09-28,74.33333333333333,44.1054573059082,2019-09-30,41.784629821777344
2018-10-01,74.33333333333333,44.02744674682617,2019-10-01,41.24829864501953
2018-10-02,74.33333333333333,44.62228012084961,2019-10-02,40.93626022338867
2018-10-03,76.6470588235294,44.02744674682617,2019-10-03,42.37946701049805
2018-10-04,76.6470588235294,43.06205368041992,2019-10-04,43.44236373901367
2018-10-05,76.6470588235294,42.496482849121094,2019-10-07,43.06205368041992
2018-10-08,76.6470588235294,41.99916076660156,2019-10-08,41.57985305786133
2018-10-09,76.6470588235294,41.21904754638672,2019-10-09,41.813880920410156
2018-10-10,76.6470588235294,40.575462341308594,2019-10-10,42.20392990112305
2018-10-11,76.6470588235294,40.9265022277832,2019-10-11,43.97868728637695
2018-10-12,76.6470588235294,41.4140739440918,2019-10-14,43.744651794433594
2018-10-15,76.6470588235294,41.28731155395508,2019-10-15,45.30486297607422
2018-10-16,76.6470588235294,42.135677337646484,2019-10-16,44.03719711303711
2018-10-17,76.6470588235294,41.297061920166016,2019-10-17,44.36874008178711
2018-10-18,76.6470588235294,40.27315902709961,2019-10-18,42.389217376708984
2018-10-19,76.6470588235294,39.44429397583008,2019-10-21,44.095703125
2018-10-22,76.6470588235294,38.77145767211914,2019-10-22,43.549625396728516
2018-10-23,75.16666666666667,37.71830368041992,2019-10-23,43.549625396728516
2018-10-24,75.16666666666667,34.54911422729492,2019-10-24,45.928958892822266
2018-10-25,75.16666666666667,35.86553955078125,2019-10-25,46.83583450317383
2018-10-26,75.16666666666667,34.519866943359375,2019-10-28,47.47942352294922
2018-10-29,75.16666666666667,33.798248291015625,2019-10-29,46.913848876953125
2018-10-30,75.16666666666667,35.11469268798828,2019-10-30,46.68956756591797
2018-10-31,75.16666666666667,36.78216552734375,2019-10-31,46.36777114868164
2018-11-01,75.16666666666667,39.12250518798828,2019-11-01,47.1771354675293
2018-11-02,75.16666666666667,39.31753158569336,2019-11-04,48.357051849365234
2018-11-05,75.16666666666667,38.9274787902832,2019-11-05,47.46968078613281
2018-11-06,75.16666666666667,38.81045150756836,2019-11-06,46.494544982910156
2018-11-07,75.16666666666667,39.91236114501953,2019-11-07,47.19664001464844
2018-11-08,75.16666666666667,39.434547424316406,2019-11-08,46.016727447509766
2018-11-09,75.16666666666667,38.13761520385742,2019-11-11,45.10984420776367
2018-11-12,75.16666666666667,36.50913619995117,2019-11-12,45.73393630981445
2018-11-13,74.88235294117646,36.908935546875,2019-11-13,45.14883804321289
2018-11-14,74.88235294117646,37.0844612121582,2019-11-14,45.63641357421875
2018-11-15,74.88235294117646,38.917724609375,2019-11-15,46.523799896240234
2018-11-16,74.88235294117646,38.459407806396484,2019-11-18,46.63106155395508
2018-11-19,71.08333333333333,35.914302825927734,2019-11-19,45.42189025878906
2018-11-20,71.08333333333333,35.221961975097656,2019-11-20,44.4370002746582
2018-11-21,71.08333333333333,35.47549819946289,2019-11-21,44.41749572753906
2018-11-23,71.08333333333333,35.494991302490234,2019-11-25,46.3385124206543
2018-11-26,71.08333333333333,35.6607666015625,2019-11-26,45.55841064453125
2018-11-27,68.76923076923077,36.080074310302734,2019-11-27,46.96260070800781
2018-11-28,68.76923076923077,37.7475700378418,2019-11-29,46.328758239746094
2018-11-29,66.71428571428571,36.96745300292969,2019-11-29,46.328758239746094
2018-11-30,66.71428571428571,37.60128402709961,2019-12-02,45.23661804199219
2018-12-03,66.71428571428571,39.03473663330078,2019-12-03,44.1054573059082
2018-12-04,66.71428571428571,35.96306228637695,2019-12-04,45.14883804321289
2018-12-06,66.71428571428571,36.73341751098633,2019-12-06,46.73831558227539
2018-12-07,66.71428571428571,34.432090759277344,2019-12-09,45.295127868652344
2018-12-10,66.33333333333333,33.93477249145508,2019-12-10,46.28000259399414
2018-12-11,66.33333333333333,34.3345832824707,2019-12-11,48.035255432128906
2018-12-12,66.33333333333333,35.13419723510742,2019-12-12,49.70274353027344
2018-12-13,66.33333333333333,34.1493034362793,2019-12-13,49.92702865600586
2018-12-14,66.33333333333333,33.34968948364258,2019-12-16,51.62376022338867
2018-12-17,66.33333333333333,33.03764343261719,2019-12-17,51.6822624206543
2018-12-18,66.33333333333333,33.26193618774414,2019-12-18,51.72127151489258
2018-12-19,53.63157894736842,30.629060745239258,2019-12-19,53.174224853515625
2018-12-20,52.166666666666664,30.50229263305664,2019-12-20,53.6910514831543
2018-12-21,52.166666666666664,29.566160202026367,2019-12-23,54.02260208129883
2018-12-24,52.166666666666664,28.298480987548828,2019-12-24,54.0421028137207
2018-12-26,52.166666666666664,30.121986389160156,2019-12-26,53.73980712890625
2018-12-27,52.166666666666664,31.13612937927246,2019-12-27,52.68666076660156
2018-12-28,52.166666666666664,30.785083770751953,2019-12-30,51.88704299926758
2018-12-31,52.166666666666664,30.941097259521484,2019-12-31,52.44287872314453
2019-01-02,52.166666666666664,31.93573760986328,2020-01-02,54.012847900390625
2019-01-03,52.166666666666664,30.229251861572266,2020-01-03,53.174224853515625
2019-01-04,52.166666666666664,31.88698959350586,2020-01-06,52.23809814453125
2019-01-07,52.05263157894737,33.1546630859375,2020-01-07,56.821250915527344
2019-01-08,52.05263157894737,32.90113067626953,2020-01-08,56.08988571166992
2019-01-09,52.05263157894737,34.55885696411133,2020-01-09,55.88511657714844
2019-01-10,52.05263157894737,35.01717758178711,2020-01-10,55.261024475097656
2019-01-11,52.05263157894737,35.11469268798828,2020-01-13,56.021629333496094
2019-01-14,52.05263157894737,33.8079948425293,2020-01-14,56.08988571166992
2019-01-15,52.05263157894737,33.14491653442383,2020-01-15,54.7734489440918
2019-01-16,52.05263157894737,32.7451057434082,2020-01-16,56.245914459228516
2019-01-17,52.05263157894737,33.03764343261719,2020-01-17,56.22640609741211
2019-01-18,52.05263157894737,34.87089920043945,2020-01-21,57.50383377075195
2019-01-22,52.05263157894737,33.02789306640625,2020-01-22,57.698848724365234
2019-01-23,52.05263157894737,33.38869094848633,2020-01-23,57.728126525878906
2019-01-24,52.05263157894737,35.68026351928711,2020-01-24,56.323917388916016
2019-01-25,52.05263157894737,37.9913444519043,2020-01-27,54.032352447509766
2019-01-28,52.05263157894737,37.13322448730469,2020-01-28,55.06599807739258
2019-01-29,52.05263157894737,36.46037673950195,2020-01-29,53.92509078979492
2019-01-30,52.05263157894737,37.28925323486328,2020-01-30,53.661800384521484
2019-01-31,52.05263157894737,37.26974105834961,2020-01-31,51.77003860473633
2019-02-01,52.05263157894737,38.61543273925781,2020-02-03,52.44287872314453
2019-02-04,52.05263157894737,38.48866271972656,2020-02-04,54.1201171875
2019-02-05,52.05263157894737,38.391151428222656,2020-02-05,55.35853958129883
2019-02-06,52.05263157894737,40.487701416015625,2020-02-06,57.22105026245117
2019-02-07,52.05263157894737,38.40090560913086,2020-02-07,55.46580505371094
2019-02-08,52.05263157894737,37.62078857421875,2020-02-10,55.904624938964844
2019-02-11,52.05263157894737,37.62078857421875,2020-02-11,55.82660675048828
2019-02-12,52.05263157894737,39.395545959472656,2020-02-12,57.7963752746582
2019-02-13,52.05263157894737,40.643714904785156,2020-02-13,57.854888916015625
2019-02-14,52.05263157894737,41.18004608154297,2020-02-14,57.045528411865234
2019-02-15,52.05263157894737,40.94601058959961,2020-02-18,56.314186096191406
2019-02-19,52.05263157894737,40.91675567626953,2020-02-19,58.49848175048828
2019-02-20,52.05263157894737,41.16053771972656,2020-02-20,57.53308868408203
2019-02-21,52.05263157894737,40.497440338134766,2020-02-21,55.57307434082031
2019-02-22,52.05263157894737,41.511592864990234,2020-02-24,53.64229965209961
2019-02-25,52.05263157894737,41.68711853027344,2020-02-25,50.80464172363281
2019-02-26,52.05263157894737,41.89189147949219,2020-02-26,51.06793212890625
2019-02-27,52.05263157894737,40.29267120361328,2020-02-27,49.322444915771484
2019-02-28,52.05263157894737,39.86360549926758,2020-02-28,51.253211975097656
2019-03-01,52.05263157894737,40.546207427978516,2020-03-02,53.23273849487305
2019-03-04,52.05263157894737,40.03913116455078,2020-03-03,50.51210021972656
2019-03-05,52.05263157894737,38.9957389831543,2020-03-04,53.91533279418945
2019-03-06,52.05263157894737,36.98695373535156,2020-03-05,52.38436508178711
2019-03-07,52.05263157894737,36.889442443847656,2020-03-06,50.1903190612793
2019-03-08,52.05263157894737,37.689056396484375,2020-03-09,44.82704162597656
2019-03-11,52.05263157894737,38.059600830078125,2020-03-10,46.67006301879883
2019-03-12,52.166666666666664,38.27412796020508,2020-03-11,42.63299560546875
2019-03-13,52.166666666666664,37.86457061767578,2020-03-12,37.84507369995117
2019-03-14,51.11764705882353,37.455020904541016,2020-03-13,41.921138763427734
2019-03-15,50.72222222222222,38.55692672729492,2020-03-16,33.61298370361328
2019-03-18,50.5,38.625179290771484,2020-03-17,36.450626373291016
2019-03-19,50.5,39.36628723144531,2020-03-18,33.827510833740234
2019-03-20,50.5,39.13225555419922,2020-03-19,35.387725830078125
2019-03-21,44.86666666666667,42.89628601074219,2020-03-20,35.21220016479492
2019-03-22,44.86666666666667,40.585205078125,2020-03-23,37.29899597167969
2019-03-25,44.86666666666667,39.541812896728516,2020-03-24,42.19418716430664
2019-03-26,44.86666666666667,39.31753158569336,2020-03-25,41.44333267211914
2019-03-27,44.86666666666667,38.2546272277832,2020-03-26,43.67639923095703
2019-03-28,44.86666666666667,38.361900329589844,2020-03-27,42.398963928222656
2019-03-29,44.86666666666667,40.30241775512695,2020-03-30,43.4130973815918
2019-04-01,44.86666666666667,41.19954299926758,2020-03-31,41.0142707824707
2019-04-02,44.86666666666667,41.384822845458984,2020-04-01,38.898216247558594
2019-04-03,44.86666666666667,42.80852127075195,2020-04-02,40.06837844848633
2019-04-04,44.86666666666667,41.823631286621094,2020-04-03,40.19514846801758
2019-04-05,44.86666666666667,42.242942810058594,2020-04-06,45.21711349487305
2019-04-08,44.86666666666667,41.8333854675293,2020-04-07,45.38288879394531
2019-04-09,44.86666666666667,40.6827278137207,2020-04-08,47.08938217163086
2019-04-10,44.86666666666667,41.12154006958008,2020-04-09,44.98307418823242
2019-04-11,44.86666666666667,41.22880172729492,2020-04-13,45.02207565307617
2019-04-12,44.86666666666667,40.965511322021484,2020-04-13,45.02207565307617
2019-04-15,44.86666666666667,40.78023910522461,2020-04-14,46.436031341552734
2019-04-16,44.86666666666667,41.696868896484375,2020-04-15,45.2756233215332
2019-04-17,44.86666666666667,42.077178955078125,2020-04-16,44.39799118041992
2019-04-18,44.86666666666667,42.320953369140625,2020-04-17,44.56377029418945
2019-04-22,44.5,42.320953369140625,2020-04-21,40.38043212890625
2019-04-23,44.5,41.706607818603516,2020-04-22,42.818275451660156
2019-04-24,44.5,41.96015167236328,2020-04-23,42.6817512512207
2019-04-25,44.5,41.68711853027344,2020-04-24,43.06205368041992
2019-04-26,44.5,41.053279876708984,2020-04-27,44.15420913696289
2019-04-29,44.5,41.06302261352539,2020-04-28,44.183467864990234
2019-04-30,44.5,41.0142707824707,2020-04-29,48.59109115600586
2019-05-01,44.5,40.85824966430664,2020-04-30,46.69932174682617
2019-05-02,44.5,41.50183868408203,2020-05-01,43.93967819213867
2019-05-03,44.5,42.25270080566406,2020-05-04,43.35459899902344
2019-05-06,44.5,41.0825309753418,2020-05-05,44.28098678588867
2019-05-07,44.5,39.25902557373047,2020-05-06,44.934326171875
2019-05-08,44.5,38.76170349121094,2020-05-07,45.431644439697266
2019-05-09,44.5,38.293636322021484,2020-05-08,47.05036926269531
2019-05-10,44.5,37.97184371948242,2020-05-11,47.001617431640625
2019-05-13,44.5,36.450626373291016,2020-05-12,44.554012298583984
2019-05-14,44.5,37.55253601074219,2020-05-13,42.447723388671875
2019-05-15,44.5,37.455020904541016,2020-05-14,44.593021392822266
2019-05-16,44.5,36.382362365722656,2020-05-15,43.30584716796875
2019-05-17,44.5,35.163448333740234,2020-05-18,44.778297424316406
2019-05-20,44.53333333333333,33.75924301147461,2020-05-19,43.998191833496094
2019-05-21,44.53333333333333,34.75388717651367,2020-05-20,45.48039627075195
2019-05-22,44.53333333333333,33.86650085449219,2020-05-21,44.095703125
2019-05-23,44.53333333333333,32.97913360595703,2020-05-22,43.82266616821289
2019-05-24,44.53333333333333,33.1546630859375,2020-05-26,44.661277770996094
2019-05-28,44.785714285714285,32.12101364135742,2020-05-27,48.22053527832031
2019-05-29,45.15384615384615,32.46231460571289,2020-05-28,45.31462478637695
2019-05-30,45.15384615384615,32.4915771484375,2020-05-29,46.71883010864258
2019-05-31,45.15384615384615,31.799217224121094,2020-06-01,45.187862396240234
2019-06-03,44.46666666666667,31.87722396850586,2020-06-02,45.65591812133789
2019-06-04,44.46666666666667,33.63249206542969,2020-06-03,47.703712463378906
2019-06-05,44.46666666666667,32.511077880859375,2020-06-04,49.94652557373047
2019-06-06,44.1875,32.637840270996094,2020-06-05,52.38436508178711
2019-06-07,44.1875,33.14491653442383,2020-06-08,52.3648681640625
2019-06-10,43.06666666666667,34.0712890625,2020-06-09,51.82855224609375
2019-06-11,43.06666666666667,33.97377014160156,2020-06-10,51.16543960571289
2019-06-12,43.06666666666667,32.140525817871094,2020-06-11,47.31365966796875
2019-06-13,43.06666666666667,32.55007553100586,2020-06-12,47.47942352294922
2019-06-14,43.06666666666667,31.847984313964844,2020-06-15,48.0157585144043
2019-06-17,43.06666666666667,31.623699188232422,2020-06-16,49.751495361328125
2019-06-18,42.5,33.43745803833008,2020-06-17,49.692989349365234
2019-06-19,42.5,33.096153259277344,2020-06-18,49.22492218017578
2019-06-20,42.5,33.300933837890625,2020-06-19,49.56622314453125
2019-06-21,42.5,32.423316955566406,2020-06-22,49.87826156616211
2019-06-24,42.5,32.36479568481445,2020-06-23,48.600833892822266
2019-06-25,42.5,31.867488861083984,2020-06-24,47.08938217163086
2019-06-26,41.6,36.11907958984375,2020-06-25,47.96699523925781
2019-06-27,40.54545454545455,37.123477935791016,2020-06-26,47.2844123840332
2019-06-28,40.54545454545455,37.630550384521484,2020-06-29,47.928001403808594
2019-07-01,40.54545454545455,39.112754821777344,2020-06-30,50.23906707763672
2019-07-02,40.54545454545455,38.61543273925781,2020-07-01,48.46432113647461
2019-07-03,40.54545454545455,38.605682373046875,2020-07-02,48.59109115600586
2019-07-05,40.54545454545455,38.439910888671875,2020-07-06,49.65398406982422
2019-07-08,39.6,39.40529251098633,2020-07-07,47.86948013305664
2019-07-09,39.6,40.321922302246094,2020-07-08,48.474063873291016
2019-07-10,39.6,41.8333854675293,2020-07-09,48.73735809326172
2019-07-11,39.6,42.398963928222656,2020-07-10,49.43946838378906
2019-07-12,39.6,43.40335464477539,2020-07-13,48.23028564453125
2019-07-15,39.6,43.29609298706055,2020-07-14,48.474063873291016
2019-07-16,39.6,41.989410400390625,2020-07-15,49.254173278808594
2019-07-17,39.6,42.29170227050781,2020-07-16,48.854366302490234
2019-07-18,40.54545454545455,43.55937576293945,2020-07-17,48.24003601074219
2019-07-19,40.54545454545455,44.38824462890625,2020-07-20,49.93678283691406
2019-07-22,41.833333333333336,46.016727447509766,2020-07-21,50.23906707763672
2019-07-23,41.833333333333336,45.782691955566406,2020-07-22,50.3658332824707
2019-07-24,41.833333333333336,46.796836853027344,2020-07-23,51.33122253417969
2019-07-25,41.833333333333336,46.582298278808594,2020-07-24,48.77635955810547
2019-07-26,41.833333333333336,46.30927276611328,2020-07-27,50.30732727050781
2019-07-29,41.833333333333336,45.65591812133789,2020-07-28,48.84461975097656
2019-07-30,41.833333333333336,46.28000259399414,2020-07-29,49.13716506958008
2019-07-31,41.833333333333336,43.77391052246094,2020-07-30,49.47846221923828
2019-08-01,41.833333333333336,42.51597595214844,2020-07-31,48.81536865234375
2019-08-02,41.833333333333336,42.984046936035156,2020-08-03,49.13716506958008
2019-08-05,41.833333333333336,40.897254943847656,2020-08-04,50.024539947509766
2019-08-06,41.833333333333336,41.56034469604492,2020-08-05,49.780757904052734
2019-08-07,41.833333333333336,40.71198272705078,2020-08-06,47.48917770385742
2019-08-08,41.833333333333336,41.57010269165039,2020-08-07,47.53793716430664
2019-08-09,41.833333333333336,40.487701416015625,2020-08-10,47.928001403808594
2019-08-12,41.833333333333336,41.0825309753418,2020-08-11,46.572540283203125
2019-08-13,41.833333333333336,43.07180404663086,2020-08-12,47.2746467590332
2019-08-14,41.833333333333336,40.99477005004883,2020-08-13,44.99282455444336
2019-08-15,41.833333333333336,41.189796447753906,2020-08-14,44.46625518798828
2019-08-16,41.833333333333336,42.46722412109375,2020-08-17,44.095703125
2019-08-19,41.833333333333336,43.89093017578125,2020-08-18,43.29609298706055
2019-08-20,41.833333333333336,43.13031768798828,2020-08-19,42.95479202270508
2019-08-21,41.833333333333336,43.07180404663086,2020-08-20,41.921138763427734
2019-08-22,41.833333333333336,43.66664123535156,2020-08-21,41.599342346191406
2019-08-23,41.833333333333336,41.89189147949219,2020-08-24,42.6719970703125
2019-08-26,41.833333333333336,42.35020065307617,2020-08-25,43.97868728637695
2019-08-27,41.833333333333336,41.384822845458984,2020-08-26,43.8421745300293
2019-08-28,41.833333333333336,42.077178955078125,2020-08-27,43.510616302490234
2019-08-29,41.833333333333336,43.55937576293945,2020-08-28,44.554012298583984
2019-08-30,41.833333333333336,44.14445877075195,2020-08-31,44.37849044799805
2019-09-03,41.833333333333336,43.87141799926758,2020-09-02,46.64081573486328
2019-09-04,42.46153846153846,45.646175384521484,2020-09-03,45.17810821533203
2019-09-05,42.46153846153846,47.810970306396484,2020-09-04,45.32437515258789
2019-09-06,42.46153846153846,47.752471923828125,2020-09-08,43.91041564941406
2019-09-09,42.46153846153846,47.90849685668945,2020-09-08,43.91041564941406
2019-09-10,43.57142857142857,48.162025451660156,2020-09-09,44.02744674682617
2019-09-11,46.0,49.22492218017578,2020-09-10,43.7544059753418
2019-09-12,46.13333333333333,49.18592071533203,2020-09-11,44.944068908691406
2019-09-13,46.13333333333333,49.24443054199219,2020-09-14,47.810970306396484
2019-09-16,46.13333333333333,48.903141021728516,2020-09-15,47.83047866821289
2019-09-17,47.3125,49.57596969604492,2020-09-16,48.96162796020508
2019-09-18,48.285714285714285,49.22492218017578,2020-09-17,49.71249008178711
2019-09-19,48.285714285714285,48.581336975097656,2020-09-18,49.47846221923828
2019-09-20,49.4,47.9377326965332,2020-09-21,47.928001403808594
2019-09-23,49.4,48.36680221557617,2020-09-22,48.46432113647461
2019-09-24,49.4,47.30390548706055,2020-09-23,48.61058044433594
2019-09-25,50.0625,48.24003601074219,2020-09-24,48.24003601074219
2019-09-26,50.0625,47.39167022705078,2020-09-25,47.918235778808594
2019-09-27,48.04761904761905,42.135677337646484,2020-09-28,48.483821868896484
2019-09-30,48.04761904761905,41.784629821777344,2020-09-29,49.44919967651367
2019-10-01,48.04761904761905,41.24829864501953,2020-09-30,45.79243469238281
2019-10-02,48.04761904761905,40.93626022338867,2020-10-01,46.72856521606445
2019-10-03,48.04761904761905,42.37946701049805,2020-10-02,45.39262771606445
2019-10-04,48.04761904761905,43.44236373901367,2020-10-05,46.4165153503418
2019-10-07,48.04761904761905,43.06205368041992,2020-10-06,46.14348602294922
2019-10-08,48.04761904761905,41.57985305786133,2020-10-07,47.206390380859375
2019-10-09,48.04761904761905,41.813880920410156,2020-10-08,48.65934753417969
2019-10-10,48.04761904761905,42.20392990112305,2020-10-09,48.64958572387695
2019-10-11,48.04761904761905,43.97868728637695,2020-10-12,49.419960021972656
2019-10-14,48.04761904761905,43.744651794433594,2020-10-13,50.56086349487305
2019-10-15,48.04761904761905,45.30486297607422,2020-10-14,50.34633255004883
2019-10-16,48.04761904761905,44.03719711303711,2020-10-15,50.648616790771484
2019-10-17,48.04761904761905,44.36874008178711,2020-10-16,50.326839447021484
2019-10-18,48.04761904761905,42.389217376708984,2020-10-19,51.32147216796875
2019-10-21,48.04761904761905,44.095703125,2020-10-20,52.1990966796875
2019-10-22,48.04761904761905,43.549625396728516,2020-10-21,51.98456954956055
2019-10-23,48.04761904761905,43.549625396728516,2020-10-22,53.02796173095703
2019-10-24,48.04761904761905,45.928958892822266,2020-10-23,51.53599548339844
2019-10-25,48.04761904761905,46.83583450317383,2020-10-26,50.843650817871094
2019-10-28,48.04761904761905,47.47942352294922,2020-10-27,50.668121337890625
2019-10-29,48.04761904761905,46.913848876953125,2020-10-28,48.756858825683594
2019-10-30,48.04761904761905,46.68956756591797,2020-10-29,49.22492218017578
2019-10-31,48.04761904761905,46.36777114868164,2020-10-30,49.08840560913086
2019-11-01,48.04761904761905,47.1771354675293,2020-11-02,48.474063873291016
2019-11-04,48.04761904761905,48.357051849365234,2020-11-03,49.81001281738281
2019-11-05,48.04761904761905,47.46968078613281,2020-11-04,50.668121337890625
2019-11-06,48.04761904761905,46.494544982910156,2020-11-05,53.22298812866211
2019-11-07,48.04761904761905,47.19664001464844,2020-11-06,53.7885627746582
2019-11-08,48.04761904761905,46.016727447509766,2020-11-09,54.56867980957031
2019-11-11,48.04761904761905,45.10984420776367,2020-11-10,54.032352447509766
2019-11-12,48.04761904761905,45.73393630981445,2020-11-11,54.958736419677734
2019-11-13,48.04761904761905,45.14883804321289,2020-11-12,54.85147476196289
2019-11-14,48.04761904761905,45.63641357421875,2020-11-13,56.48969650268555
2019-11-15,48.04761904761905,46.523799896240234,2020-11-16,60.32198715209961
2019-11-18,48.2,46.63106155395508,2020-11-17,60.448760986328125
2019-11-19,48.2,45.42189025878906,2020-11-18,59.229835510253906
2019-11-20,48.2,44.4370002746582,2020-11-19,60.29273986816406
2019-11-21,48.2,44.41749572753906,2020-11-20,59.87342071533203
2019-11-22,48.2,44.72954559326172,2020-11-23,62.58430480957031
2019-11-25,48.2,46.3385124206543,2020-11-24,62.36002731323242
2019-11-26,48.2,45.55841064453125,2020-11-25,61.85293960571289
2019-11-27,48.2,46.96260070800781,2020-11-27,62.63306427001953
2019-11-29,48.66190476190476,46.328758239746094,2020-11-30,62.49653244018555
2019-12-02,49.57368421052632,45.23661804199219,2020-12-01,65.41220092773438
2019-12-03,49.57368421052632,44.1054573059082,2020-12-02,67.3917465209961
2019-12-04,50.105555555555554,45.14883804321289,2020-12-03,68.16209411621094
2019-12-05,50.105555555555554,45.46090316772461,2020-12-04,71.51654815673828
2019-12-06,50.105555555555554,46.73831558227539,2020-12-07,70.80473327636719
2019-12-09,50.105555555555554,45.295127868652344,2020-12-08,71.37030029296875
2019-12-10,50.105555555555554,46.28000259399414,2020-12-09,69.63455200195312
2019-12-11,50.105555555555554,48.035255432128906,2020-12-10,69.50777435302734
2019-12-12,50.105555555555554,49.70274353027344,2020-12-11,68.77642059326172
2019-12-13,50.105555555555554,49.92702865600586,2020-12-14,69.76131439208984
2019-12-16,52.145,51.62376022338867,2020-12-15,71.33129119873047
2019-12-17,52.9952380952381,51.6822624206543,2020-12-16,71.17525482177734
2019-12-18,52.9952380952381,51.72127151489258,2020-12-17,70.46340942382812
2019-12-19,55.53,53.174224853515625,2020-12-18,69.68331146240234
2019-12-20,55.53,53.6910514831543,2020-12-21,69.69303894042969
2019-12-23,55.53,54.02260208129883,2020-12-22,68.68865203857422
2019-12-24,56.78214285714286,54.0421028137207,2020-12-23,68.2108383178711
2019-12-26,57.77407407407408,53.73980712890625,2020-12-28,68.90321350097656
2019-12-27,57.77407407407408,52.68666076660156,2020-12-28,68.90321350097656
2019-12-30,57.77407407407408,51.88704299926758,2020-12-29,68.46436309814453
2019-12-31,57.77407407407408,52.44287872314453,2020-12-30,70.1318588256836
2020-01-02,57.77407407407408,54.012847900390625,2021-01-04,72.20891571044922
2020-01-03,57.77407407407408,53.174224853515625,2021-01-04,72.20891571044922
2020-01-06,57.77407407407408,52.23809814453125,2021-01-05,75.33912658691406
2020-01-07,58.21071428571429,56.821250915527344,2021-01-06,75.19284057617188
2020-01-08,58.21071428571429,56.08988571166992,2021-01-07,77.1430892944336
2020-01-09,58.21071428571429,55.88511657714844,2021-01-08,75.4951400756836
2020-01-10,58.21071428571429,55.261024475097656,2021-01-11,76.71405029296875
2020-01-13,58.21071428571429,56.021629333496094,2021-01-12,77.48442077636719
2020-01-14,58.21071428571429,56.08988571166992,2021-01-13,77.9231948852539
2020-01-15,58.51481481481482,54.7734489440918,2021-01-14,79.2786636352539
2020-01-16,58.51481481481482,56.245914459228516,2021-01-15,78.71306610107422
2020-01-17,58.51481481481482,56.22640609741211,2021-01-19,83.37423706054688
2020-01-21,58.9962962962963,57.50383377075195,2021-01-20,81.42396545410156
2020-01-22,58.9962962962963,57.698848724365234,2021-01-21,82.89640808105469
2020-01-23,59.496428571428574,57.728126525878906,2021-01-22,80.23429107666016
2020-01-24,59.496428571428574,56.323917388916016,2021-01-25,79.25914764404297
2020-01-27,59.496428571428574,54.032352447509766,2021-01-26,77.53315734863281
2020-01-28,59.496428571428574,55.06599807739258,2021-01-27,73.2230453491211
2020-01-29,59.496428571428574,53.92509078979492,2021-01-28,76.4410171508789
2020-01-30,59.496428571428574,53.661800384521484,2021-01-29,76.32398986816406
2020-01-31,59.858620689655176,51.77003860473633,2021-02-01,78.43028259277344
2020-02-03,59.858620689655176,52.44287872314453,2021-02-02,79.59070587158203
2020-02-04,59.858620689655176,54.1201171875,2021-02-03,77.1430892944336
2020-02-05,59.858620689655176,55.35853958129883,2021-02-04,79.22990417480469
2020-02-06,60.19666666666667,57.22105026245117,2021-02-05,79.08362579345703
2020-02-07,60.19666666666667,55.46580505371094,2021-02-08,81.92127227783203
2020-02-10,60.19666666666667,55.904624938964844,2021-02-09,81.24842834472656
2020-02-11,60.19666666666667,55.82660675048828,2021-02-10,80.30253601074219
2020-02-12,60.6741935483871,57.7963752746582,2021-02-11,84.32984924316406
2020-02-13,60.6741935483871,57.854888916015625,2021-02-12,85.82182312011719
2020-02-14,60.6741935483871,57.045528411865234,2021-02-16,85.55854034423828
2020-02-18,60.6741935483871,56.314186096191406,2021-02-17,83.91056060791016
2020-02-19,60.6741935483871,58.49848175048828,2021-02-18,86.3386459350586
2020-02-20,60.6741935483871,57.53308868408203,2021-02-19,88.698486328125
2020-02-21,60.6741935483871,55.57307434082031,2021-02-22,84.13481903076172
2020-02-24,60.6741935483871,53.64229965209961,2021-02-23,86.03634643554688
2020-02-25,60.6741935483871,50.80464172363281,2021-02-24,90.21968841552734
2020-02-26,60.6741935483871,51.06793212890625,2021-02-25,85.92909240722656
2020-02-27,60.6741935483871,49.322444915771484,2021-02-26,89.25430297851562
2020-02-28,60.6741935483871,51.253211975097656,2021-03-01,92.40399169921875
2020-03-02,60.496875,53.23273849487305,2021-03-02,88.82524108886719
2020-03-03,60.83548387096774,50.51210021972656,2021-03-03,86.89447021484375
2020-03-04,60.83548387096774,53.91533279418945,2021-03-04,82.23331451416016
2020-03-05,60.83548387096774,52.38436508178711,2021-03-05,86.71894073486328
2020-03-06,60.83548387096774,50.1903190612793,2021-03-08,82.93540954589844
2020-03-09,60.93,44.82704162597656,2021-03-09,87.07975769042969
2020-03-10,60.78214285714286,46.67006301879883,2021-03-10,83.28646087646484
2020-03-11,60.78214285714286,42.63299560546875,2021-03-11,87.08950805664062
2020-03-12,60.78214285714286,37.84507369995117,2021-03-12,85.58778381347656
2020-03-13,60.78214285714286,41.921138763427734,2021-03-15,86.64093017578125
2020-03-16,60.62592592592593,33.61298370361328,2021-03-16,89.15678405761719
2020-03-17,60.62592592592593,36.450626373291016,2021-03-17,92.40399169921875
2020-03-18,60.33571428571429,33.827510833740234,2021-03-18,87.58683013916016
2020-03-19,60.162962962962965,35.387725830078125,2021-03-19,88.25965118408203
2020-03-20,59.800000000000004,35.21220016479492,2021-03-22,89.0105209350586
2020-03-23,59.800000000000004,37.29899597167969,2021-03-23,83.27671813964844
2020-03-24,59.371428571428574,42.19418716430664,2021-03-24,80.93639373779297
2020-03-25,59.371428571428574,41.44333267211914,2021-03-25,81.99928283691406
2020-03-26,61.580000000000005,43.67639923095703,2021-03-26,85.80231475830078
2020-03-27,61.580000000000005,42.398963928222656,2021-03-29,84.4371337890625
2020-03-30,61.580000000000005,43.4130973815918,2021-03-30,84.38837432861328
2020-03-31,61.580000000000005,41.0142707824707,2021-03-31,86.01685333251953
2020-04-01,61.580000000000005,38.898216247558594,2021-04-01,90.11243438720703
2020-04-02,61.580000000000005,40.06837844848633,2021-04-05,91.41909790039062
2020-04-03,61.580000000000005,40.19514846801758,2021-04-05,91.41909790039062
2020-04-06,61.580000000000005,45.21711349487305,2021-04-06,91.16555786132812
2020-04-07,61.580000000000005,45.38288879394531,2021-04-07,91.62389373779297
2020-04-08,61.580000000000005,47.08938217163086,2021-04-08,92.92082214355469
2020-04-09,61.580000000000005,44.98307418823242,2021-04-09,92.93058013916016
2020-04-13,61.580000000000005,45.02207565307617,2021-04-13,89.85887908935547
2020-04-14,61.580000000000005,46.436031341552734,2021-04-14,88.41570281982422
2020-04-15,61.580000000000005,45.2756233215332,2021-04-15,88.0256118774414
2020-04-16,61.580000000000005,44.39799118041992,2021-04-16,88.40594482421875
2020-04-17,61.580000000000005,44.56377029418945,2021-04-19,86.2118911743164
2020-04-20,61.580000000000005,42.320953369140625,2021-04-20,85.30499267578125
2020-04-21,61.580000000000005,40.38043212890625,2021-04-21,87.26502227783203
2020-04-22,61.580000000000005,42.818275451660156,2021-04-22,82.60387420654297
2020-04-23,61.580000000000005,42.6817512512207,2021-04-23,83.89104461669922
2020-04-24,61.580000000000005,43.06205368041992,2021-04-26,85.65604400634766
2020-04-27,61.580000000000005,44.15420913696289,2021-04-27,87.23578643798828
2020-04-28,61.580000000000005,44.183467864990234,2021-04-28,83.89104461669922
2020-04-29,61.580000000000005,48.59109115600586,2021-04-29,85.87057495117188
2020-04-30,61.580000000000005,46.69932174682617,2021-04-30,83.9300308227539
2020-05-01,61.580000000000005,43.93967819213867,2021-05-03,82.90615844726562
2020-05-04,61.580000000000005,43.35459899902344,2021-05-04,82.31133270263672
2020-05-05,61.580000000000005,44.28098678588867,2021-05-05,83.03295135498047
2020-05-06,61.580000000000005,44.934326171875,2021-05-06,82.69164276123047
2020-05-07,61.580000000000005,45.431644439697266,2021-05-07,83.84227752685547
2020-05-08,61.580000000000005,47.05036926269531,2021-05-10,78.83983612060547
2020-05-11,61.580000000000005,47.001617431640625,2021-05-11,78.67407989501953
2020-05-12,61.580000000000005,44.554012298583984,2021-05-12,74.89053344726562
2020-05-13,61.580000000000005,42.447723388671875,2021-05-13,75.27082061767578
2020-05-14,61.580000000000005,44.593021392822266,2021-05-14,77.71843719482422
2020-05-15,61.580000000000005,43.30584716796875,2021-05-17,78.39128112792969
2020-05-18,61.580000000000005,44.778297424316406,2021-05-18,76.91881561279297
2020-05-19,61.580000000000005,43.998191833496094,2021-05-19,77.94271850585938
2020-05-20,61.580000000000005,45.48039627075195,2021-05-20,79.11288452148438
2020-05-21,61.580000000000005,44.095703125,2021-05-21,78.71306610107422
2020-05-22,61.580000000000005,43.82266616821289,2021-05-24,80.8388671875
2020-05-26,61.722580645161294,44.661277770996094,2021-05-26,80.19528198242188
2020-05-27,61.722580645161294,48.22053527832031,2021-05-27,81.84327697753906
2020-05-28,61.85,45.31462478637695,2021-05-28,82.04803466796875
2020-05-29,61.85,46.71883010864258,2021-06-01,82.05780029296875
2020-06-01,61.85,45.187862396240234,2021-06-01,82.05780029296875
2020-06-02,61.85,45.65591812133789,2021-06-02,82.24308013916016
2020-06-03,61.85,47.703712463378906,2021-06-03,79.99050903320312
2020-06-04,61.85,49.94652557373047,2021-06-04,81.677490234375
2020-06-05,61.85,52.38436508178711,2021-06-07,81.9505386352539
2020-06-08,61.85,52.3648681640625,2021-06-08,78.52778625488281
2020-06-09,61.85,51.82855224609375,2021-06-09,76.70429229736328
2020-06-10,61.85,51.16543960571289,2021-06-10,77.3088607788086
2020-06-11,61.85,47.31365966796875,2021-06-11,77.36738586425781
2020-06-12,61.85,47.47942352294922,2021-06-14,78.48877716064453
2020-06-15,60.907407407407405,48.0157585144043,2021-06-15,80.13675689697266
2020-06-16,60.982142857142854,49.751495361328125,2021-06-16,78.48877716064453
2020-06-17,60.76315789473684,49.692989349365234,2021-06-17,78.63506317138672
2020-06-18,60.76315789473684,49.22492218017578,2021-06-18,75.03681182861328
2020-06-19,60.975,49.56622314453125,2021-06-21,75.1538314819336
2020-06-22,60.975,49.87826156616211,2021-06-22,75.72914123535156
2020-06-23,60.69047619047619,48.600833892822266,2021-06-23,77.05533599853516
2020-06-24,60.69047619047619,47.08938217163086,2021-06-24,78.57654571533203
2020-06-25,60.69047619047619,47.96699523925781,2021-06-25,79.99050903320312
2020-06-26,60.69047619047619,47.2844123840332,2021-06-28,81.30693054199219
2020-06-29,60.69047619047619,47.928001403808594,2021-06-29,80.8681411743164
2020-06-30,60.875,50.23906707763672,2021-06-30,82.86715698242188
2020-07-01,60.875,48.46432113647461,2021-07-01,78.11823272705078
2020-07-02,60.875,48.59109115600586,2021-07-02,78.33277893066406
2020-07-06,60.53703703703704,49.65398406982422,2021-07-06,79.0641098022461
2020-07-07,60.53703703703704,47.86948013305664,2021-07-07,76.27523040771484
2020-07-08,60.53703703703704,48.474063873291016,2021-07-08,75.19284057617188
2020-07-09,60.53703703703704,48.73735809326172,2021-07-09,76.78230285644531
2020-07-10,60.53703703703704,49.43946838378906,2021-07-12,77.5819091796875
2020-07-13,60.53703703703704,48.23028564453125,2021-07-13,76.49951934814453
2020-07-14,60.53703703703704,48.474063873291016,2021-07-14,76.53852844238281
2020-07-15,60.53703703703704,49.254173278808594,2021-07-15,75.00753784179688
2020-07-16,60.53703703703704,48.854366302490234,2021-07-16,73.1450424194336
2020-07-17,60.53703703703704,48.24003601074219,2021-07-19,72.7257308959961
2020-07-20,60.21153846153846,49.93678283691406,2021-07-20,73.51559448242188
2020-07-21,60.21153846153846,50.23906707763672,2021-07-21,75.27082061767578
2020-07-22,59.7,50.3658332824707,2021-07-22,73.65210723876953
2020-07-23,59.7,51.33122253417969,2021-07-23,74.05191040039062
2020-07-24,59.7,48.77635955810547,2021-07-26,74.40296173095703
2020-07-27,59.7,50.30732727050781,2021-07-27,72.37467956542969
2020-07-28,59.7,48.84461975097656,2021-07-28,73.67160034179688
2020-07-29,59.7,49.13716506958008,2021-07-29,75.16356658935547
2020-07-30,59.270833333333336,49.47846221923828,2021-07-30,75.65115356445312
2020-07-31,59.270833333333336,48.81536865234375,2021-08-02,75.70964813232422
2020-08-03,59.270833333333336,49.13716506958008,2021-08-03,78.8495864868164
2020-08-04,59.270833333333336,50.024539947509766,2021-08-04,79.9417495727539
2020-08-05,58.80434782608695,49.780757904052734,2021-08-05,79.46393585205078
2020-08-06,58.80434782608695,47.48917770385742,2021-08-06,79.96126556396484
2020-08-07,58.80434782608695,47.53793716430664,2021-08-09,78.21576690673828
2020-08-10,58.80434782608695,47.928001403808594,2021-08-10,74.0226821899414
2020-08-11,58.06818181818182,46.572540283203125,2021-08-11,73.16455078125
2020-08-12,58.06818181818182,47.2746467590332,2021-08-12,68.50337982177734
2020-08-13,57.630434782608695,44.99282455444336,2021-08-13,69.15673065185547
2020-08-14,57.630434782608695,44.46625518798828,2021-08-16,69.1664810180664
2020-08-17,57.630434782608695,44.095703125,2021-08-17,69.02021026611328
2020-08-18,57.630434782608695,43.29609298706055,2021-08-18,68.86418151855469
2020-08-19,57.630434782608695,42.95479202270508,2021-08-19,68.53262329101562
2020-08-20,57.630434782608695,41.921138763427734,2021-08-20,68.48388671875
2020-08-21,57.630434782608695,41.599342346191406,2021-08-23,69.95635223388672
2020-08-24,57.630434782608695,42.6719970703125,2021-08-24,70.19037628173828
2020-08-25,57.630434782608695,43.97868728637695,2021-08-25,72.19916534423828
2020-08-26,57.630434782608695,43.8421745300293,2021-08-26,70.96073913574219
2020-08-27,58.020833333333336,43.510616302490234,2021-08-27,72.16014862060547
2020-08-28,58.020833333333336,44.554012298583984,2021-08-30,71.34103393554688
2020-08-31,58.15217391304348,44.37849044799805,2021-08-31,71.86760711669922
2020-09-01,58.15217391304348,44.62228012084961,2021-09-01,71.88711547851562
2020-09-02,58.15217391304348,46.64081573486328,2021-09-02,72.15039825439453
2020-09-03,58.15217391304348,45.17810821533203,2021-09-03,71.9748764038086
2020-09-04,58.15217391304348,45.32437515258789,2021-09-07,71.80908966064453
2020-09-08,58.15217391304348,43.91041564941406,2021-09-08,70.47315216064453
2020-09-09,58.15217391304348,44.02744674682617,2021-09-09,71.05826568603516
2020-09-10,58.15217391304348,43.7544059753418,2021-09-10,71.6725845336914
2020-09-11,58.15217391304348,44.944068908691406,2021-09-13,72.50144958496094
2020-09-14,58.145833333333336,47.810970306396484,2021-09-14,71.6628189086914
2020-09-15,58.391304347826086,47.83047866821289,2021-09-15,71.98462677001953
2020-09-16,58.391304347826086,48.96162796020508,2021-09-16,72.77447509765625
2020-09-17,58.77272727272727,49.71249008178711,2021-09-17,72.45269775390625
2020-09-18,58.77272727272727,49.47846221923828,2021-09-20,70.57068634033203
2020-09-21,59.285714285714285,47.928001403808594,2021-09-21,70.34639739990234
2020-09-22,59.285714285714285,48.46432113647461,2021-09-22,72.13088989257812
2020-09-23,60.857142857142854,48.61058044433594,2021-09-23,72.19916534423828
2020-09-24,60.857142857142854,48.24003601074219,2021-09-24,72.20891571044922
2020-09-25,60.857142857142854,47.918235778808594,2021-09-27,73.31080627441406
2020-09-28,60.857142857142854,48.483821868896484,2021-09-28,71.28253936767578
2020-09-29,60.857142857142854,49.44919967651367,2021-09-29,69.85882568359375
2020-09-30,59.35,45.79243469238281,2021-09-30,69.31200408935547
2020-10-01,59.35,46.72856521606445,2021-10-01,69.3217544555664
2020-10-02,59.35,45.39262771606445,2021-10-04,68.96046447753906
2020-10-05,59.35,46.4165153503418,2021-10-05,68.84326934814453
2020-10-06,59.35,46.14348602294922,2021-10-06,68.29642486572266
2020-10-07,59.35,47.206390380859375,2021-10-07,68.88230895996094
2020-10-08,59.35,48.65934753417969,2021-10-08,68.47219848632812
2020-10-09,59.35,48.64958572387695,2021-10-11,67.59333038330078
2020-10-12,59.35,49.419960021972656,2021-10-12,65.152099609375
2020-10-13,59.38095238095238,50.56086349487305,2021-10-13,64.82009887695312
2020-10-14,59.38095238095238,50.34633255004883,2021-10-14,66.20671844482422
2020-10-15,59.38095238095238,50.648616790771484,2021-10-15,66.08953094482422
2020-10-16,59.40909090909091,50.326839447021484,2021-10-18,65.67939758300781
2020-10-19,59.40909090909091,51.32147216796875,2021-10-19,65.98211669921875
2020-10-20,59.40909090909091,52.1990966796875,2021-10-20,66.66564178466797
2020-10-21,59.40909090909091,51.98456954956055,2021-10-21,67.02698516845703
2020-10-22,59.40909090909091,53.02796173095703,2021-10-22,65.92353057861328
2020-10-23,59.40909090909091,51.53599548339844,2021-10-25,67.14414978027344
2020-10-26,59.40909090909091,50.843650817871094,2021-10-26,67.3199462890625
2020-10-27,59.40909090909091,50.668121337890625,2021-10-27,66.63638305664062
2020-10-28,59.40909090909091,48.756858825683594,2021-10-28,67.94490051269531
2020-10-29,59.40909090909091,49.22492218017578,2021-10-29,67.47615051269531
2020-10-30,59.40909090909091,49.08840560913086,2021-11-01,69.03856658935547
2020-11-02,59.40909090909091,48.474063873291016,2021-11-02,69.09715270996094
2020-11-03,59.40909090909091,49.81001281738281,2021-11-03,69.5756607055664
2020-11-04,59.40909090909091,50.668121337890625,2021-11-04,70.54237365722656
2020-11-05,59.40909090909091,53.22298812866211,2021-11-05,71.2063980102539
2020-11-06,59.40909090909091,53.7885627746582,2021-11-08,72.807861328125
2020-11-09,59.40909090909091,54.56867980957031,2021-11-09,73.81365966796875
2020-11-10,59.40909090909091,54.032352447509766,2021-11-10,71.68489837646484
2020-11-11,59.40909090909091,54.958736419677734,2021-11-11,72.79810333251953
2020-11-12,59.40909090909091,54.85147476196289,2021-11-12,75.48348999023438
2020-11-13,59.40909090909091,56.48969650268555,2021-11-15,74.97567749023438
2020-11-16,59.40909090909091,60.32198715209961,2021-11-16,75.00499725341797
2020-11-17,59.40909090909091,60.448760986328125,2021-11-17,73.68671417236328
2020-11-18,59.40909090909091,59.229835510253906,2021-11-18,75.21004486083984
2020-11-19,59.40909090909091,60.29273986816406,2021-11-19,81.07880401611328
2020-11-20,59.40909090909091,59.87342071533203,2021-11-22,81.88931274414062
2020-11-23,59.095238095238095,62.58430480957031,2021-11-23,83.40288543701172
2020-11-24,59.095238095238095,62.36002731323242,2021-11-24,84.18408966064453
2020-11-25,59.095238095238095,61.85293960571289,2021-11-26,81.45967102050781
2020-11-27,59.095238095238095,62.63306427001953,2021-11-29,84.11572265625
2020-11-30,59.095238095238095,62.49653244018555,2021-11-30,82.02601623535156
2020-12-01,60.65217391304348,65.41220092773438,2021-12-01,83.14897918701172
2020-12-02,60.958333333333336,67.3917465209961,2021-12-02,80.93233489990234
2020-12-03,60.958333333333336,68.16209411621094,2021-12-03,79.70194244384766
2020-12-04,60.958333333333336,71.51654815673828,2021-12-06,80.512451171875
2020-12-07,60.958333333333336,70.80473327636719,2021-12-07,83.81302642822266
2020-12-08,60.958333333333336,71.37030029296875,2021-12-08,83.99854278564453
2020-12-09,60.958333333333336,69.63455200195312,2021-12-09,82.93415832519531
2020-12-10,60.958333333333336,69.50777435302734,2021-12-10,83.52983856201172
2020-12-11,60.958333333333336,68.77642059326172,2021-12-13,82.36780548095703
2020-12-14,61.666666666666664,69.76131439208984,2021-12-14,81.33272552490234
2020-12-15,61.666666666666664,71.33129119873047,2021-12-15,83.64701080322266
2020-12-16,61.666666666666664,71.17525482177734,2021-12-16,80.7468032836914
2020-12-17,61.52173913043478,70.46340942382812,2021-12-17,81.04952239990234
2020-12-18,61.52173913043478,69.68331146240234,2021-12-20,80.1023178100586
2020-12-21,61.81818181818182,69.69303894042969,2021-12-21,88.54905700683594
2020-12-22,61.81818181818182,68.68865203857422,2021-12-22,88.21702575683594
2020-12-23,61.81818181818182,68.2108383178711,2021-12-23,92.20115661621094
2020-12-24,61.81818181818182,68.8251953125,2021-12-27,92.21090698242188
2020-12-28,62.0,68.90321350097656,2021-12-28,90.75592041015625
2020-12-29,62.0,68.46436309814453,2021-12-29,93.9100112915039
2020-12-30,62.0,70.1318588256836,2021-12-30,91.68360137939453
2020-12-31,62.0,73.31080627441406,2021-12-31,91.0579833984375
2021-01-04,63.625,72.20891571044922,2022-01-04,94.17633819580078
2021-01-05,65.76470588235294,75.33912658691406,2022-01-05,92.27992248535156
2021-01-06,65.76470588235294,75.19284057617188,2022-01-06,93.50186157226562
2021-01-07,65.76470588235294,77.1430892944336,2022-01-07,92.32878875732422
2021-01-08,76.31818181818181,75.4951400756836,2022-01-10,91.7813491821289
2021-01-11,76.31818181818181,76.71405029296875,2022-01-11,92.08440399169922
2021-01-12,76.31818181818181,77.48442077636719,2022-01-12,92.9739761352539
2021-01-13,76.31818181818181,77.9231948852539,2022-01-13,93.47248840332031
2021-01-14,76.31818181818181,79.2786636352539,2022-01-14,95.1734390258789
2021-01-15,76.31818181818181,78.71306610107422,2022-01-18,90.78426361083984
2021-01-19,76.31818181818181,83.37423706054688,2022-01-19,87.97874450683594
2021-01-20,76.31818181818181,81.42396545410156,2022-01-20,83.15945434570312
2021-01-21,76.31818181818181,82.89640808105469,2022-01-21,80.08995819091797
2021-01-22,76.31818181818181,80.23429107666016,2022-01-24,81.0870590209961
2021-01-25,76.31818181818181,79.25914764404297,2022-01-25,78.90715026855469
2021-01-26,76.31818181818181,77.53315734863281,2022-01-26,80.12905883789062
2021-01-27,76.31818181818181,73.2230453491211,2022-01-27,76.95207214355469
2021-01-28,76.31818181818181,76.4410171508789,2022-01-28,77.48970031738281
2021-01-29,76.31818181818181,76.32398986816406,2022-01-31,80.4223403930664
2021-02-01,76.31818181818181,78.43028259277344,2022-02-01,79.62073516845703
2021-02-02,76.31818181818181,79.59070587158203,2022-02-02,82.61200714111328
2021-02-03,76.31818181818181,77.1430892944336,2022-02-03,80.12905883789062
2021-02-04,76.31818181818181,79.22990417480469,2022-02-04,79.3470458984375
2021-02-05,76.31818181818181,79.08362579345703,2022-02-07,79.05378723144531
2021-02-08,76.31818181818181,81.92127227783203,2022-02-08,82.23078918457031
2021-02-09,76.31818181818181,81.24842834472656,2022-02-09,86.14096069335938
2021-02-10,77.66666666666667,80.30253601074219,2022-02-10,88.97581481933594
2021-02-11,78.68181818181819,84.32984924316406,2022-02-11,87.74411010742188
2021-02-12,78.68181818181819,85.82182312011719,2022-02-14,87.84186553955078
2021-02-16,78.68181818181819,85.55854034423828,2022-02-16,93.90262603759766
2021-02-17,78.68181818181819,83.91056060791016,2022-02-17,91.62495422363281
2021-02-18,78.68181818181819,86.3386459350586,2022-02-18,88.7607650756836
2021-02-19,78.68181818181819,88.698486328125,2022-02-22,88.53592681884766
2021-02-22,78.68181818181819,84.13481903076172,2022-02-22,88.53592681884766
2021-02-23,78.68181818181819,86.03634643554688,2022-02-23,85.34912872314453
2021-02-24,79.23809523809524,90.21968841552734,2022-02-24,86.83500671386719
2021-02-25,80.18181818181819,85.92909240722656,2022-02-25,88.07647705078125
2021-02-26,80.18181818181819,89.25430297851562,2022-02-28,86.86433410644531
2021-03-01,83.16,92.40399169921875,2022-03-01,84.32271575927734
2021-03-02,83.16,88.82524108886719,2022-03-02,91.20462036132812
2021-03-03,83.16,86.89447021484375,2022-03-03,87.17713928222656
2021-03-04,86.07407407407408,82.23331451416016,2022-03-04,80.07042694091797
2021-03-05,87.21428571428571,86.71894073486328,2022-03-07,73.99987030029297
2021-03-08,87.21428571428571,82.93540954589844,2022-03-08,75.42709350585938
2021-03-09,87.21428571428571,87.07975769042969,2022-03-09,77.6558837890625
2021-03-10,87.21428571428571,83.28646087646484,2022-03-10,74.0194320678711
2021-03-11,87.21428571428571,87.08950805664062,2022-03-11,71.1845703125
2021-03-12,87.21428571428571,85.58778381347656,2022-03-14,67.84139251708984
2021-03-15,89.07142857142857,86.64093017578125,2022-03-15,71.46805572509766
2021-03-16,89.07142857142857,89.15678405761719,2022-03-16,77.88072967529297
2021-03-17,90.48275862068965,92.40399169921875,2022-03-17,78.71163177490234
2021-03-18,90.48275862068965,87.58683013916016,2022-03-18,77.62655639648438
2021-03-19,90.48275862068965,88.25965118408203,2022-03-21,76.59036254882812
2021-03-22,90.48275862068965,89.0105209350586,2022-03-22,77.34307098388672
2021-03-23,90.48275862068965,83.27671813964844,2022-03-23,73.95101928710938
2021-03-24,90.48275862068965,80.93639373779297,2022-03-24,76.45350646972656
2021-03-25,90.48275862068965,81.99928283691406,2022-03-25,76.34598541259766
2021-03-26,90.48275862068965,85.80231475830078,2022-03-28,78.06645965576172
2021-03-29,90.46666666666667,84.4371337890625,2022-03-29,80.20728302001953
2021-03-30,99.125,84.38837432861328,2022-03-30,77.3821792602539
2021-03-31,99.125,86.01685333251953,2022-03-31,76.14069366455078
2021-04-01,105.66666666666667,90.11243438720703,2022-04-01,74.46910858154297
2021-04-05,105.66666666666667,91.41909790039062,2022-04-05,72.93435668945312
2021-04-06,105.66666666666667,91.16555786132812,2022-04-06,72.12299346923828
2021-04-07,105.66666666666667,91.62389373779297,2022-04-07,71.63423919677734
2021-04-08,105.66666666666667,92.92082214355469,2022-04-08,70.61621856689453
2021-04-09,105.66666666666667,92.93058013916016,2022-04-11,70.5085220336914
2021-04-12,107.24137931034483,93.21336364746094,2022-04-12,70.43998718261719
2021-04-13,107.24137931034483,89.85887908935547,2022-04-13,70.85111999511719
2021-04-14,107.24137931034483,88.41570281982422,2022-04-14,68.64865112304688
2021-04-15,108.92857142857143,88.0256118774414,2022-04-18,69.6471176147461
2021-04-16,108.92857142857143,88.40594482421875,2022-04-18,69.6471176147461
2021-04-19,108.92857142857143,86.2118911743164,2022-04-19,71.1937484741211
2021-04-20,108.92857142857143,85.30499267578125,2022-04-20,71.65380859375
2021-04-21,108.92857142857143,87.26502227783203,2022-04-21,69.42196655273438
2021-04-22,108.92857142857143,82.60387420654297,2022-04-22,67.9438705444336
2021-04-23,108.92857142857143,83.89104461669922,2022-04-25,68.63890075683594
2021-04-26,108.92857142857143,85.65604400634766,2022-04-26,65.66307067871094
2021-04-27,108.92857142857143,87.23578643798828,2022-04-27,65.06596374511719
2021-04-28,108.92857142857143,83.89104461669922,2022-04-28,68.69759368896484
2021-04-29,108.92857142857143,85.87057495117188,2022-04-29,66.74964141845703
2021-04-30,108.92857142857143,83.9300308227539,2022-05-02,69.10873413085938
2021-05-03,108.92857142857143,82.90615844726562,2022-05-03,69.7547836303711
2021-05-04,108.92857142857143,82.31133270263672,2022-05-04,72.06494903564453
2021-05-05,108.92857142857143,83.03295135498047,2022-05-05,69.7841567993164
2021-05-06,108.92857142857143,82.69164276123047,2022-05-06,68.86399841308594
2021-05-07,108.92857142857143,83.84227752685547,2022-05-09,66.49512481689453
2021-05-10,108.92857142857143,78.83983612060547,2022-05-10,67.45443725585938
2021-05-11,108.92857142857143,78.67407989501953,2022-05-11,65.54561614990234
2021-05-12,108.92857142857143,74.89053344726562,2022-05-12,66.27977752685547
2021-05-13,108.92857142857143,75.27082061767578,2022-05-13,70.40084838867188
2021-05-14,108.92857142857143,77.71843719482422,2022-05-16,68.98148345947266
2021-05-17,108.92857142857143,78.39128112792969,2022-05-17,72.90678405761719
2021-05-18,108.92857142857143,76.91881561279297,2022-05-18,69.54922485351562
2021-05-19,108.92857142857143,77.94271850585938,2022-05-19,67.93407440185547
2021-05-20,109.13793103448276,79.11288452148438,2022-05-20,67.44465637207031
2021-05-21,109.13793103448276,78.71306610107422,2022-05-23,68.12004089355469
2021-05-24,109.13793103448276,80.8388671875,2022-05-24,65.2127914428711
2021-05-25,109.13793103448276,79.21039581298828,2022-05-25,66.43639373779297
2021-05-26,109.13793103448276,80.19528198242188,2022-05-26,69.10873413085938
2021-05-27,109.13793103448276,81.84327697753906,2022-05-27,71.77127838134766
2021-05-28,109.13793103448276,82.04803466796875,2022-05-31,72.28028106689453
2021-06-01,113.1923076923077,82.05780029296875,2022-06-01,71.99642181396484
2021-06-02,113.1923076923077,82.24308013916016,2022-06-02,73.77798461914062
2021-06-03,113.1923076923077,79.99050903320312,2022-06-03,68.46268463134766
2021-06-04,113.1923076923077,81.677490234375,2022-06-06,68.96190643310547
2021-06-07,113.1923076923077,81.9505386352539,2022-06-07,69.26536560058594
2021-06-08,113.1923076923077,78.52778625488281,2022-06-08,67.1510009765625
2021-06-09,113.1923076923077,76.70429229736328,2022-06-09,64.62545776367188
2021-06-10,113.1923076923077,77.3088607788086,2022-06-10,61.29729461669922
2021-06-11,113.1923076923077,77.36738586425781,2022-06-13,57.59713363647461
2021-06-14,114.52,78.48877716064453,2022-06-14,57.46009826660156
2021-06-15,114.52,80.13675689697266,2022-06-15,57.871219635009766
2021-06-16,114.52,78.48877716064453,2022-06-16,53.84803771972656
2021-06-17,114.52,78.63506317138672,2022-06-17,54.57240295410156
2021-06-18,114.52,75.03681182861328,2022-06-21,55.600223541259766
2021-06-21,114.52,75.1538314819336,2022-06-21,55.600223541259766
2021-06-22,114.52,75.72914123535156,2022-06-22,55.14994430541992
2021-06-23,114.52,77.05533599853516,2022-06-23,55.03248596191406
2021-06-24,114.52,78.57654571533203,2022-06-24,57.20559310913086
2021-06-25,114.52,79.99050903320312,2022-06-27,57.53839874267578
2021-06-28,114.52,81.30693054199219,2022-06-28,56.63783645629883
2021-06-29,114.52,80.8681411743164,2022-06-29,54.836700439453125
2021-06-30,114.34615384615384,82.86715698242188,2022-06-30,54.112335205078125
2021-07-01,114.13793103448276,78.11823272705078,2022-07-01,52.51676940917969
2021-07-02,114.13793103448276,78.33277893066406,2022-07-05,55.531707763671875
2021-07-06,115.62962962962963,79.0641098022461,2022-07-06,56.15818405151367
2021-07-07,115.62962962962963,76.27523040771484,2022-07-07,57.6069221496582
2021-07-08,116.4090909090909,75.19284057617188,2022-07-08,58.00413513183594
2021-07-09,116.4090909090909,76.78230285644531,2022-07-11,56.6996955871582
2021-07-12,116.4090909090909,77.5819091796875,2022-07-12,58.04338073730469
2021-07-13,116.4090909090909,76.49951934814453,2022-07-13,57.72952651977539
2021-07-14,116.4090909090909,76.53852844238281,2022-07-14,58.210121154785156
2021-07-15,116.4090909090909,75.00753784179688,2022-07-15,60.34824752807617
2021-07-16,116.4090909090909,73.1450424194336,2022-07-18,59.28899002075195
2021-07-19,116.4090909090909,72.7257308959961,2022-07-19,61.20153045654297
2021-07-20,116.4090909090909,73.51559448242188,2022-07-20,62.084251403808594
2021-07-21,116.4090909090909,75.27082061767578,2022-07-21,62.417728424072266
2021-07-22,116.4090909090909,73.65210723876953,2022-07-22,60.112857818603516
2021-07-23,116.4090909090909,74.05191040039062,2022-07-25,58.9947509765625
2021-07-26,116.4090909090909,74.40296173095703,2022-07-26,58.514156341552734
2021-07-27,116.4090909090909,72.37467956542969,2022-07-27,60.701332092285156
2021-07-28,116.4090909090909,73.67160034179688,2022-07-28,60.87786865234375
2021-07-29,116.4090909090909,75.16356658935547,2022-07-29,60.67190170288086
2021-07-30,116.4090909090909,75.65115356445312,2022-08-01,61.33884048461914
2021-08-02,116.4090909090909,75.70964813232422,2022-08-02,61.27019119262695
2021-08-03,116.4090909090909,78.8495864868164,2022-08-03,63.0160026550293
2021-08-04,116.4090909090909,79.9417495727539,2022-08-04,63.60447692871094
2021-08-05,116.4090909090909,79.46393585205078,2022-08-05,61.260379791259766
2021-08-06,116.4090909090909,79.96126556396484,2022-08-08,60.269779205322266
2021-08-09,116.4090909090909,78.21576690673828,2022-08-09,58.01395797729492
2021-08-10,116.4090909090909,74.0226821899414,2022-08-10,60.220741271972656
2021-08-11,117.19047619047619,73.16455078125,2022-08-11,61.12307357788086
2021-08-12,115.27272727272727,68.50337982177734,2022-08-12,63.790836334228516
2021-08-13,115.27272727272727,69.15673065185547,2022-08-15,63.45736312866211
2021-08-16,115.27272727272727,69.1664810180664,2022-08-16,62.63349533081055
2021-08-17,115.27272727272727,69.02021026611328,2022-08-17,60.43650817871094
2021-08-18,115.27272727272727,68.86418151855469,2022-08-18,61.7703971862793
2021-08-19,115.27272727272727,68.53262329101562,2022-08-19,59.34782409667969
2021-08-20,115.27272727272727,68.48388671875,2022-08-22,57.19009780883789
2021-08-23,115.27272727272727,69.95635223388672,2022-08-23,56.74873352050781
2021-08-24,115.27272727272727,70.19037628173828,2022-08-24,57.19009780883789
2021-08-25,116.0,72.19916534423828,2022-08-25,60.02458190917969
2021-08-26,116.0,70.96073913574219,2022-08-26,56.52314758300781
2021-08-27,116.0,72.16014862060547,2022-08-29,55.91504669189453
2021-08-30,116.63157894736842,71.34103393554688,2022-08-30,55.21868896484375
2021-08-31,116.63157894736842,71.86760711669922,2022-08-31,55.444271087646484
2021-09-01,115.94117647058823,71.88711547851562,2022-09-01,56.209293365478516
2021-09-02,115.8125,72.15039825439453,2022-09-02,55.24811553955078
2021-09-03,115.8125,71.9748764038086,2022-09-06,54.16924285888672
2021-09-07,115.8125,71.80908966064453,2022-09-07,53.94366455078125
2021-09-08,115.8125,70.47315216064453,2022-09-08,54.32616424560547
2021-09-09,115.8125,71.05826568603516,2022-09-09,56.33679962158203
2021-09-10,115.8125,71.6725845336914,2022-09-12,56.82719802856445
2021-09-13,116.2,72.50144958496094,2022-09-13,52.59016418457031
2021-09-14,115.21428571428571,71.6628189086914,2022-09-14,52.089962005615234
2021-09-15,115.21428571428571,71.98462677001953,2022-09-15,51.67802429199219
2021-09-16,115.21428571428571,72.77447509765625,2022-09-16,51.83494567871094
2021-09-17,115.21428571428571,72.45269775390625,2022-09-19,51.099365234375
2021-09-20,115.21428571428571,70.57068634033203,2022-09-20,49.82432556152344
2021-09-21,115.21428571428571,70.34639739990234,2022-09-21,49.13777160644531
2021-09-22,115.21428571428571,72.13088989257812,2022-09-22,48.70621871948242
2021-09-23,115.21428571428571,72.19916534423828,2022-09-23,49.13777160644531
2021-09-24,112.94117647058823,72.20891571044922,2022-09-26,47.941200256347656
2021-09-27,113.88888888888889,73.31080627441406,2022-09-27,49.60855484008789
2021-09-28,113.88888888888889,71.28253936767578,2022-09-28,50.02048873901367
2021-09-29,102.41176470588235,69.85882568359375,2022-09-29,49.04949188232422
2021-09-30,102.41176470588235,69.31200408935547,2022-09-30,49.13777160644531
2021-10-01,102.41176470588235,69.3217544555664,2022-10-03,50.726661682128906
2021-10-04,102.41176470588235,68.96046447753906,2022-10-04,52.92363739013672
2021-10-05,102.41176470588235,68.84326934814453,2022-10-05,53.67884826660156
2021-10-06,102.41176470588235,68.29642486572266,2022-10-06,53.570953369140625
2021-10-07,102.41176470588235,68.88230895996094,2022-10-07,52.00328826904297
2021-10-08,102.41176470588235,68.47219848632812,2022-10-10,50.49951934814453
2021-10-11,102.41176470588235,67.59333038330078,2022-10-11,52.789581298828125
2021-10-12,102.41176470588235,65.152099609375,2022-10-12,51.84603500366211
2021-10-13,102.41176470588235,64.82009887695312,2022-10-13,53.91987609863281
2021-10-14,102.41176470588235,66.20671844482422,2022-10-14,51.81655502319336
2021-10-15,101.61111111111111,66.08953094482422,2022-10-17,52.58318328857422
2021-10-18,101.61111111111111,65.67939758300781,2022-10-18,51.64946365356445
2021-10-19,101.61111111111111,65.98211669921875,2022-10-19,52.121238708496094
2021-10-20,100.21052631578948,66.66564178466797,2022-10-20,52.77976608276367
2021-10-21,100.21052631578948,67.02698516845703,2022-10-21,55.089481353759766
2021-10-22,100.21052631578948,65.92353057861328,2022-10-24,55.27622985839844
2021-10-25,98.1,67.14414978027344,2022-10-25,54.912567138671875
2021-10-26,98.1,67.3199462890625,2022-10-26,54.499759674072266
2021-10-27,98.1,66.63638305664062,2022-10-27,51.315277099609375
2021-10-28,98.1,67.94490051269531,2022-10-28,53.11392593383789
2021-10-29,98.1,67.47615051269531,2022-10-31,53.17290115356445
2021-11-01,98.1,69.03856658935547,2022-11-01,53.91987609863281
2021-11-02,98.1,69.09715270996094,2022-11-02,52.53403854370117
2021-11-03,98.1,69.5756607055664,2022-11-03,52.56351852416992
2021-11-04,98.1,70.54237365722656,2022-11-04,55.197601318359375
2021-11-05,98.1,71.2063980102539,2022-11-07,55.59074783325195
2021-11-08,98.1,72.807861328125,2022-11-08,56.50480651855469
2021-11-09,98.1,73.81365966796875,2022-11-09,55.010860443115234
2021-11-10,98.1,71.68489837646484,2022-11-10,59.23716354370117
2021-11-11,98.1,72.79810333251953,2022-11-11,61.4486083984375
2021-11-12,98.1,75.48348999023438,2022-11-14,60.721282958984375
2021-11-15,98.1,74.97567749023438,2022-11-15,62.01866912841797
2021-11-16,98.1,75.00499725341797,2022-11-16,57.86115264892578
2021-11-17,97.21052631578948,73.68671417236328,2022-11-17,57.7333869934082
2021-11-18,97.21052631578948,75.21004486083984,2022-11-18,57.576133728027344
2021-11-19,97.21052631578948,81.07880401611328,2022-11-21,56.18046951293945
2021-11-22,97.21052631578948,81.88931274414062,2022-11-22,57.61543655395508
2021-11-23,97.1,83.40288543701172,2022-11-23,57.920135498046875
2021-11-24,97.1,84.18408966064453,2022-11-25,57.40904235839844
2021-11-26,97.1,81.45967102050781,2022-11-28,54.79462814331055
2021-11-29,97.1,84.11572265625,2022-11-29,54.175418853759766
2021-11-30,97.1,82.02601623535156,2022-11-30,56.66206359863281
2021-12-01,97.1,83.14897918701172,2022-12-01,54.53908157348633
2021-12-02,97.1,80.93233489990234,2022-12-02,53.74296569824219
2021-12-03,97.1,79.70194244384766,2022-12-05,53.11392593383789
2021-12-06,97.1,80.512451171875,2022-12-06,52.76009750366211
2021-12-07,97.1,83.81302642822266,2022-12-07,52.897701263427734
2021-12-08,97.1,83.99854278564453,2022-12-08,54.25404357910156
2021-12-09,97.1,82.93415832519531,2022-12-09,53.92970275878906
2021-12-10,97.1,83.52983856201172,2022-12-12,54.40147018432617
2021-12-13,97.19047619047619,82.36780548095703,2022-12-13,54.29336929321289
2021-12-14,97.19047619047619,81.33272552490234,2022-12-14,53.65450668334961
2021-12-15,97.19047619047619,83.64701080322266,2022-12-15,51.14820098876953
2021-12-16,97.19047619047619,80.7468032836914,2022-12-16,51.17768859863281
2021-12-17,97.19047619047619,81.04952239990234,2022-12-19,50.83368682861328
2021-12-20,97.19047619047619,80.1023178100586,2022-12-20,49.8115119934082
2021-12-21,99.17857142857143,88.54905700683594,2022-12-21,50.31275939941406
2021-12-22,99.17857142857143,88.21702575683594,2022-12-22,48.58293533325195
2021-12-23,99.17857142857143,92.20115661621094,2022-12-23,49.3397331237793
2021-12-27,99.17857142857143,92.21090698242188,2022-12-27,49.162818908691406
2021-12-28,98.77777777777777,90.75592041015625,2022-12-28,48.278236389160156
2021-12-29,97.08333333333333,93.9100112915039,2022-12-29,49.78202438354492
2021-12-30,97.08333333333333,91.68360137939453,2022-12-30,49.23529052734375
2021-12-31,97.08333333333333,91.0579833984375,2023-01-03,49.61948776245117
2022-01-03,97.08333333333333,93.59957885742188,2023-01-03,49.61948776245117
2022-01-04,97.08333333333333,94.17633819580078,2023-01-04,53.39241409301758
2022-01-05,97.08333333333333,92.27992248535156,2023-01-05,53.894813537597656
2022-01-06,97.08333333333333,93.50186157226562,2023-01-06,55.92411422729492
2022-01-07,97.08333333333333,92.32878875732422,2023-01-09,55.520225524902344
2022-01-10,98.6,91.7813491821289,2023-01-10,56.35757064819336
2022-01-11,99.26923076923077,92.08440399169922,2023-01-11,57.19490051269531
2022-01-12,99.26923076923077,92.9739761352539,2023-01-12,56.41666793823242
2022-01-13,99.26923076923077,93.47248840332031,2023-01-13,56.081729888916016
2022-01-14,99.26923076923077,95.1734390258789,2023-01-17,56.00292205810547
2022-01-18,99.26923076923077,90.78426361083984,2023-01-18,55.66798782348633
2022-01-19,99.26923076923077,87.97874450683594,2023-01-19,55.520225524902344
2022-01-20,99.26923076923077,83.15945434570312,2023-01-20,57.58894348144531
2022-01-21,99.26923076923077,80.08995819091797,2023-01-23,60.89887619018555
2022-01-24,99.26923076923077,81.0870590209961,2023-01-24,60.347206115722656
2022-01-25,99.26923076923077,78.90715026855469,2023-01-25,60.623043060302734
2022-01-26,99.26923076923077,80.12905883789062,2023-01-26,61.86427307128906
2022-01-27,99.26923076923077,76.95207214355469,2023-01-27,62.91831588745117
2022-01-28,99.26923076923077,77.48970031738281,2023-01-30,60.79051208496094
2022-01-31,99.26923076923077,80.4223403930664,2023-01-31,59.401519775390625
2022-02-01,99.26923076923077,79.62073516845703,2023-02-01,61.66724395751953
2022-02-02,99.26923076923077,82.61200714111328,2023-02-02,62.22875213623047
2022-02-03,99.26923076923077,80.12905883789062,2023-02-03,61.48008728027344
2022-02-04,99.26923076923077,79.3470458984375,2023-02-06,59.0862922668457
2022-02-07,99.26923076923077,79.05378723144531,2023-02-07,61.20425033569336
2022-02-08,99.26923076923077,82.23078918457031,2023-02-08,59.35226821899414
2022-02-09,100.24,86.14096069335938,2023-02-09,59.28330993652344
2022-02-10,100.24,88.97581481933594,2023-02-10,58.92867660522461
2022-02-11,100.24,87.74411010742188,2023-02-13,59.224205017089844
2022-02-14,101.0,87.84186553955078,2023-02-14,61.14514923095703
2022-02-15,101.0,93.84397888183594,2023-02-15,60.918575286865234
2022-02-16,101.0,93.90262603759766,2023-02-16,59.15524673461914
2022-02-17,101.0,91.62495422363281,2023-02-17,58.130733489990234
2022-02-18,101.0,88.7607650756836,2023-02-21,56.74174118041992
2022-02-22,101.0,88.53592681884766,2023-02-22,56.1309928894043
2022-02-23,101.0,85.34912872314453,2023-02-23,57.87461853027344
2022-02-24,101.0,86.83500671386719,2023-02-24,57.313106536865234
2022-02-25,101.0,88.07647705078125,2023-02-27,57.03728485107422
2022-02-28,101.24,86.86433410644531,2023-02-28,56.95846939086914
2022-03-01,101.24,84.32271575927734,2023-03-01,56.485633850097656
2022-03-02,101.24,91.20462036132812,2023-03-02,55.58918380737305
2022-03-03,101.24,87.17713928222656,2023-03-03,55.93396759033203
2022-03-04,101.24,80.07042694091797,2023-03-06,55.98322677612305
2022-03-07,101.24,73.99987030029297,2023-03-07,54.732147216796875
2022-03-08,101.24,75.42709350585938,2023-03-08,56.04232406616211
2022-03-09,101.24,77.6558837890625,2023-03-09,54.77155303955078
2022-03-10,101.24,74.0194320678711,2023-03-10,54.11152648925781
2022-03-11,101.24,71.1845703125,2023-03-13,53.09688186645508
2022-03-14,101.24,67.84139251708984,2023-03-14,53.46137237548828
2022-03-15,101.24,71.46805572509766,2023-03-15,53.32345199584961
2022-03-16,100.96153846153847,77.88072967529297,2023-03-16,55.72709655761719
2022-03-17,100.96153846153847,78.71163177490234,2023-03-17,55.81575393676758
2022-03-18,100.96153846153847,77.62655639648438,2023-03-20,56.78115463256836
2022-03-21,100.96153846153847,76.59036254882812,2023-03-21,57.756404876708984
2022-03-22,100.96153846153847,77.34307098388672,2023-03-22,57.30325698852539
2022-03-23,100.96153846153847,73.95101928710938,2023-03-23,60.42603302001953
2022-03-24,100.78260869565217,76.45350646972656,2023-03-24,60.24870300292969
2022-03-25,100.78260869565217,76.34598541259766,2023-03-27,58.89912796020508
2022-03-28,99.9047619047619,78.06645965576172,2023-03-28,58.3967170715332
2022-03-29,101.0,80.20728302001953,2023-03-29,62.59324645996094
2022-03-30,100.66666666666667,77.3821792602539,2023-03-30,62.149940490722656
2022-03-31,100.66666666666667,76.14069366455078,2023-03-31,59.44092559814453
2022-04-01,100.66666666666667,74.46910858154297,2023-04-03,58.7218017578125
2022-04-04,100.66666666666667,75.92562866210938,2023-04-04,56.41666793823242
2022-04-05,100.66666666666667,72.93435668945312,2023-04-05,56.17039108276367
2022-04-06,100.66666666666667,72.12299346923828,2023-04-06,57.80403137207031
2022-04-07,100.66666666666667,71.63423919677734,2023-04-10,62.45322799682617
2022-04-08,100.66666666666667,70.61621856689453,2023-04-10,62.45322799682617
2022-04-11,100.66666666666667,70.5085220336914,2023-04-11,62.749359130859375
2022-04-12,100.66666666666667,70.43998718261719,2023-04-12,61.160133361816406
2022-04-13,100.66666666666667,70.85111999511719,2023-04-13,62.186710357666016
2022-04-14,101.41176470588235,68.64865112304688,2023-04-14,61.82148361206055
2022-04-18,101.41176470588235,69.6471176147461,2023-04-18,61.13052749633789
2022-04-19,103.0625,71.1937484741211,2023-04-19,59.86705017089844
2022-04-20,103.0625,71.65380859375,2023-04-20,60.66659164428711
2022-04-21,103.0625,69.42196655273438,2023-04-21,60.34084701538086
2022-04-22,103.0625,67.9438705444336,2023-04-24,58.74176025390625
2022-04-25,106.06666666666666,68.63890075683594,2023-04-25,57.38945007324219
2022-04-26,106.06666666666666,65.66307067871094,2023-04-26,60.232276916503906
2022-04-27,106.06666666666666,65.06596374511719,2023-04-27,61.10091781616211
2022-04-28,106.06666666666666,68.69759368896484,2023-04-28,63.52914810180664
2022-04-29,106.06666666666666,66.74964141845703,2023-05-01,61.54509353637695
2022-05-02,106.06666666666666,69.10873413085938,2023-05-02,61.10091781616211
2022-05-03,106.06666666666666,69.7547836303711,2023-05-03,60.123695373535156
2022-05-04,106.06666666666666,72.06494903564453,2023-05-04,59.728851318359375
2022-05-05,106.06666666666666,69.7841567993164,2023-05-05,60.43955993652344
2022-05-06,106.06666666666666,68.86399841308594,2023-05-08,60.08420944213867
2022-05-09,106.06666666666666,66.49512481689453,2023-05-09,60.143436431884766
2022-05-10,106.06666666666666,67.45443725585938,2023-05-10,59.2155647277832
2022-05-11,106.06666666666666,65.54561614990234,2023-05-11,60.814659118652344
2022-05-12,106.06666666666666,66.27977752685547,2023-05-12,60.1335563659668
2022-05-13,106.06666666666666,70.40084838867188,2023-05-15,63.8055305480957
2022-05-16,106.06666666666666,68.98148345947266,2023-05-16,62.907291412353516
2022-05-17,106.06666666666666,72.90678405761719,2023-05-17,64.0819320678711
2022-05-18,106.06666666666666,69.54922485351562,2023-05-18,66.69771575927734
2022-05-19,106.06666666666666,67.93407440185547,2023-05-19,67.28997039794922
2022-05-20,106.06666666666666,67.44465637207031,2023-05-22,65.3750228881836
2022-05-23,106.85714285714286,68.12004089355469,2023-05-23,65.15785217285156
2022-05-24,106.85714285714286,65.2127914428711,2023-05-24,65.671142578125
2022-05-25,106.85714285714286,66.43639373779297,2023-05-25,68.71138763427734
2022-05-26,106.85714285714286,69.10873413085938,2023-05-26,72.97561645507812
2022-05-27,106.85714285714286,71.77127838134766,2023-05-30,70.76453399658203
2022-05-31,106.85714285714286,72.28028106689453,2023-05-31,67.319580078125
2022-06-01,106.85714285714286,71.99642181396484,2023-06-01,68.19808197021484
2022-06-02,106.85714285714286,73.77798461914062,2023-06-02,68.27705383300781
2022-06-03,104.4,68.46268463134766,2023-06-05,66.89513397216797
2022-06-06,104.125,68.96190643310547,2023-06-06,66.66810607910156
2022-06-07,104.125,69.26536560058594,2023-06-07,66.19429779052734
2022-06-08,104.125,67.1510009765625,2023-06-08,64.47676849365234
2022-06-09,104.125,64.62545776367188,2023-06-09,64.58535766601562
2022-06-10,104.125,61.29729461669922,2023-06-12,66.57925415039062
2022-06-13,105.125,57.59713363647461,2023-06-13,66.99385070800781
2022-06-14,105.125,57.46009826660156,2023-06-14,68.22771453857422
2022-06-15,105.125,57.871219635009766,2023-06-15,67.93157958984375
2022-06-16,105.125,53.84803771972656,2023-06-16,66.78655242919922
2022-06-17,105.125,54.57240295410156,2023-06-20,66.03636932373047
2022-06-21,99.72727272727273,55.600223541259766,2023-06-21,64.95056915283203
2022-06-22,99.72727272727273,55.14994430541992,2023-06-22,65.3947525024414
2022-06-23,99.72727272727273,55.03248596191406,2023-06-23,64.4372787475586
2022-06-24,99.72727272727273,57.20559310913086,2023-06-26,64.60509490966797
2022-06-27,98.5,57.53839874267578,2023-06-27,65.92778778076172
2022-06-28,96.86666666666666,56.63783645629883,2023-06-28,66.20416259765625
2022-06-29,95.1875,54.836700439453125,2023-06-29,63.49954605102539
2022-06-30,95.1875,54.112335205078125,2023-06-30,62.29529571533203
2022-07-01,85.64516129032258,52.51676940917969,2023-07-03,63.0750846862793
2022-07-05,85.3125,55.531707763671875,2023-07-05,61.25884246826172
2022-07-06,85.3125,56.15818405151367,2023-07-06,60.43955993652344
2022-07-07,85.3125,57.6069221496582,2023-07-07,59.97970199584961
2022-07-08,85.3125,58.00413513183594,2023-07-10,61.78947067260742
2022-07-11,82.63333333333334,56.6996955871582,2023-07-11,62.8970947265625
2022-07-12,82.63333333333334,58.04338073730469,2023-07-12,63.08500289916992
2022-07-13,82.63333333333334,57.72952651977539,2023-07-13,63.81680679321289
2022-07-14,82.63333333333334,58.210121154785156,2023-07-14,63.37179183959961
2022-07-15,82.63333333333334,60.34824752807617,2023-07-17,64.43986511230469
2022-07-18,82.63333333333334,59.28899002075195,2023-07-18,64.22229766845703
2022-07-19,82.63333333333334,61.20153045654297,2023-07-19,64.24207305908203
2022-07-20,82.63333333333334,62.084251403808594,2023-07-20,63.97505569458008
2022-07-21,82.63333333333334,62.417728424072266,2023-07-21,64.9244384765625
2022-07-22,82.63333333333334,60.112857818603516,2023-07-24,64.75630950927734
2022-07-25,82.63333333333334,58.9947509765625,2023-07-25,64.9541015625
2022-07-26,82.63333333333334,58.514156341552734,2023-07-26,66.63532257080078
2022-07-27,82.63333333333334,60.701332092285156,2023-07-27,70.28453826904297
2022-07-28,82.63333333333334,60.87786865234375,2023-07-28,70.4130859375
2022-07-29,82.63333333333334,60.67190170288086,2023-07-31,70.60100555419922
2022-08-01,82.63333333333334,61.33884048461914,2023-08-01,69.97796630859375
2022-08-02,82.63333333333334,61.27019119262695,2023-08-02,67.41659545898438
2022-08-03,82.63333333333334,63.0160026550293,2023-08-03,68.4154281616211
2022-08-04,82.63333333333334,63.60447692871094,2023-08-04,69.13736724853516
2022-08-05,82.63333333333334,61.260379791259766,2023-08-07,68.61321258544922
2022-08-08,82.63333333333334,60.269779205322266,2023-08-08,66.9023208618164
2022-08-09,82.63333333333334,58.01395797729492,2023-08-09,65.96283721923828
2022-08-10,81.23529411764706,60.220741271972656,2023-08-10,64.71675872802734
2022-08-11,81.23529411764706,61.12307357788086,2023-08-11,63.65859603881836
2022-08-12,81.23529411764706,63.790836334228516,2023-08-14,67.52538299560547
2022-08-15,80.06060606060606,63.45736312866211,2023-08-15,64.60797119140625
2022-08-16,80.06060606060606,62.63349533081055,2023-08-16,63.51024627685547
2022-08-17,80.06060606060606,60.43650817871094,2023-08-17,62.857540130615234
2022-08-18,80.06060606060606,61.7703971862793,2023-08-18,62.88720703125
2022-08-19,80.06060606060606,59.34782409667969,2023-08-21,63.25311279296875
2022-08-22,80.06060606060606,57.19009780883789,2023-08-22,62.709197998046875
2022-08-23,80.06060606060606,56.74873352050781,2023-08-23,64.46952056884766
2022-08-24,80.06060606060606,57.19009780883789,2023-08-24,62.98609924316406
2022-08-25,80.06060606060606,60.02458190917969,2023-08-25,63.01577377319336
2022-08-26,80.06060606060606,56.52314758300781,2023-08-28,64.58821105957031
2022-08-29,80.06060606060606,55.91504669189453,2023-08-29,65.94305419921875
2022-08-30,80.06060606060606,55.21868896484375,2023-08-30,67.33747863769531
2022-08-31,80.06060606060606,55.444271087646484,2023-08-31,69.16703033447266
2022-09-01,80.06060606060606,56.209293365478516,2023-09-01,69.61205291748047
2022-09-02,80.06060606060606,55.24811553955078,2023-09-05,69.5131607055664
2022-09-06,80.06060606060606,54.16924285888672,2023-09-06,69.6318359375
2022-09-07,80.06060606060606,53.94366455078125,2023-09-07,69.09779357910156
2022-09-08,80.06060606060606,54.32616424560547,2023-09-08,69.40436553955078
2022-09-09,80.06060606060606,56.33679962158203,2023-09-11,69.25604248046875
2022-09-12,80.06060606060606,56.82719802856445,2023-09-12,69.53292083740234
2022-09-13,79.48484848484848,52.59016418457031,2023-09-13,70.06695556640625
2022-09-14,79.48484848484848,52.089962005615234,2023-09-14,70.99658966064453
2022-09-15,79.48484848484848,51.67802429199219,2023-09-15,69.10768127441406
2022-09-16,79.48484848484848,51.83494567871094,2023-09-18,69.7208480834961
2022-09-19,79.5,51.099365234375,2023-09-19,69.92851257324219
2022-09-20,79.5,49.82432556152344,2023-09-20,68.909912109375
2022-09-21,78.10810810810811,49.13777160644531,2023-09-21,67.14958953857422
2022-09-22,78.10810810810811,48.70621871948242,2023-09-22,68.11874389648438
2022-09-23,77.71052631578948,49.13777160644531,2023-09-25,67.82205200195312
2022-09-26,76.78048780487805,47.941200256347656,2023-09-26,67.18913269042969
2022-09-27,75.41463414634147,49.60855484008789,2023-09-27,67.45616149902344
2022-09-28,75.41463414634147,50.02048873901367,2023-09-28,64.47942352294922
2022-09-29,75.41463414634147,49.04949188232422,2023-09-29,67.27812957763672
2022-09-30,72.24489795918367,49.13777160644531,2023-10-02,67.20890808105469
2022-10-03,72.24489795918367,50.726661682128906,2023-10-03,67.0803451538086
2022-10-04,72.24489795918367,52.92363739013672,2023-10-04,67.35725402832031
2022-10-05,72.24489795918367,53.67884826660156,2023-10-05,68.28687286376953
2022-10-06,72.24489795918367,53.570953369140625,2023-10-06,69.3022232055664
2022-10-07,72.24489795918367,52.00328826904297,2023-10-09,68.82674407958984
2022-10-10,72.24489795918367,50.49951934814453,2023-10-10,68.42058563232422
2022-10-11,72.24489795918367,52.789581298828125,2023-10-11,69.54987335205078
2022-10-12,72.24489795918367,51.84603500366211,2023-10-12,69.09420776367188
2022-10-13,72.24489795918367,53.91987609863281,2023-10-13,68.55927276611328
2022-10-14,72.2,51.81655502319336,2023-10-16,68.43051147460938
2022-10-17,72.2,52.58318328857422,2023-10-17,68.35124206542969
2022-10-18,72.2,51.64946365356445,2023-10-18,68.48994445800781
2022-10-19,72.2,52.121238708496094,2023-10-19,66.89507293701172
2022-10-20,72.2,52.77976608276367,2023-10-20,66.58798217773438
2022-10-21,72.2,55.089481353759766,2023-10-23,66.25117492675781
2022-10-24,72.2,55.27622985839844,2023-10-24,67.42999267578125
2022-10-25,72.2,54.912567138671875,2023-10-25,65.87474822998047
2022-10-26,72.2,54.499759674072266,2023-10-26,63.92327117919922
2022-10-27,72.2,51.315277099609375,2023-10-27,65.03275299072266
2022-10-28,72.2,53.11392593383789,2023-10-30,65.44880676269531
2022-10-31,72.2,53.17290115356445,2023-10-31,66.24128723144531
2022-11-01,72.2,53.91987609863281,2023-11-01,68.74749755859375
2022-11-02,72.2,52.53403854370117,2023-11-02,69.77771759033203
2022-11-03,72.2,52.56351852416992,2023-11-03,71.89759826660156
2022-11-04,72.2,55.197601318359375,2023-11-06,72.23440551757812
2022-11-07,72.2,55.59074783325195,2023-11-07,72.11552429199219
2022-11-08,72.2,56.50480651855469,2023-11-08,71.60041809082031
2022-11-09,72.2,55.010860443115234,2023-11-09,72.87828826904297
2022-11-10,72.2,59.23716354370117,2023-11-10,74.65145111083984
2022-11-11,72.2,61.4486083984375,2023-11-13,74.07689666748047
2022-11-14,72.2,60.721282958984375,2023-11-14,76.4444351196289
2022-11-15,72.2,62.01866912841797,2023-11-15,76.41471099853516
2022-11-16,72.21153846153847,57.86115264892578,2023-11-16,75.94912719726562
2022-11-17,72.26415094339623,57.7333869934082,2023-11-17,76.83077239990234
2022-11-18,72.26415094339623,57.576133728027344,2023-11-20,77.88079833984375
2022-11-21,72.26415094339623,56.18046951293945,2023-11-21,75.98875427246094
2022-11-22,72.26415094339623,57.61543655395508,2023-11-22,76.37509155273438
2022-11-23,72.26415094339623,57.920135498046875,2023-11-24,76.14725494384766
2022-11-25,72.26415094339623,57.40904235839844,2023-11-27,76.78125
2022-11-28,72.26415094339623,54.79462814331055,2023-11-28,75.40431213378906
2022-11-29,72.26415094339623,54.175418853759766,2023-11-29,75.96895599365234
2022-11-30,71.85185185185185,56.66206359863281,2023-11-30,75.40431213378906
2022-12-01,71.88679245283019,54.53908157348633,2023-12-01,75.21610260009766
2022-12-02,71.88679245283019,53.74296569824219,2023-12-04,73.59151458740234
2022-12-05,71.34615384615384,53.11392593383789,2023-12-05,72.99716186523438
2022-12-06,71.34615384615384,52.76009750366211,2023-12-06,72.44243621826172
2022-12-07,71.32075471698113,52.897701263427734,2023-12-07,72.95753479003906
2022-12-08,71.32075471698113,54.25404357910156,2023-12-08,74.25521850585938
2022-12-09,71.32075471698113,53.92970275878906,2023-12-11,77.05860137939453
2022-12-12,70.18867924528301,54.40147018432617,2023-12-12,77.42514038085938
2022-12-13,70.18867924528301,54.29336929321289,2023-12-13,79.03981018066406
2022-12-14,70.18867924528301,53.65450668334961,2023-12-14,81.417236328125
2022-12-15,70.18867924528301,51.14820098876953,2023-12-15,80.64457702636719
2022-12-16,70.18867924528301,51.17768859863281,2023-12-18,80.79316711425781
2022-12-19,69.98039215686275,50.83368682861328,2023-12-19,81.39743041992188
2022-12-20,69.98039215686275,49.8115119934082,2023-12-20,77.95014953613281
2022-12-21,69.98039215686275,50.31275939941406,2023-12-21,84.67631530761719
2022-12-22,69.12962962962963,48.58293533325195,2023-12-22,85.67681121826172
2022-12-23,69.12962962962963,49.3397331237793,2023-12-26,86.24143981933594
2022-12-27,67.48979591836735,49.162818908691406,2023-12-27,85.84521484375
2022-12-28,67.48979591836735,48.278236389160156,2023-12-28,85.19141387939453
2022-12-29,63.970588235294116,49.78202438354492,2023-12-29,84.65082550048828
2022-12-30,63.970588235294116,49.23529052734375,2024-01-02,81.67503356933594
2023-01-03,63.63636363636363,49.61948776245117,2024-01-03,81.59569549560547
2023-01-04,63.63636363636363,53.39241409301758,2024-01-04,82.04206085205078
2023-01-05,63.63636363636363,53.894813537597656,2024-01-05,82.77606964111328
2023-01-06,63.63636363636363,55.92411422729492,2024-01-08,84.26396942138672
2023-01-09,63.63636363636363,55.520225524902344,2024-01-09,82.65705108642578
2023-01-10,63.63636363636363,56.35757064819336,2024-01-10,81.7147216796875
2023-01-11,63.63636363636363,57.19490051269531,2024-01-11,82.716552734375
2023-01-12,63.63636363636363,56.41666793823242,2024-01-12,81.72463989257812
2023-01-13,63.63636363636363,56.081729888916016,2024-01-16,83.92671966552734
2023-01-17,63.63636363636363,56.00292205810547,2024-01-17,82.60745239257812
2023-01-18,63.63636363636363,55.66798782348633,2024-01-18,84.13501739501953
2023-01-19,63.63636363636363,55.520225524902344,2024-01-19,86.80330657958984
2023-01-20,63.63636363636363,57.58894348144531,2024-01-22,88.51932525634766
2023-01-23,63.63636363636363,60.89887619018555,2024-01-23,86.8231201171875
2023-01-24,63.63636363636363,60.347206115722656,2024-01-24,87.36869049072266
2023-01-25,63.63636363636363,60.623043060302734,2024-01-25,88.47964477539062
2023-01-26,63.63636363636363,61.86427307128906,2024-01-26,87.33894348144531
2023-01-27,63.63636363636363,62.91831588745117,2024-01-29,88.35069274902344
2023-01-30,63.63636363636363,60.79051208496094,2024-01-30,85.46419525146484
2023-01-31,63.63636363636363,59.401519775390625,2024-01-31,85.0575180053711
2023-02-01,63.63636363636363,61.66724395751953,2024-02-01,84.91864776611328
2023-02-02,63.63636363636363,62.22875213623047,2024-02-02,85.78162384033203
2023-02-03,63.63636363636363,61.48008728027344,2024-02-05,86.27757263183594
2023-02-06,63.63636363636363,59.0862922668457,2024-02-06,83.91678619384766
2023-02-07,62.6551724137931,61.20425033569336,2024-02-07,84.48219299316406
2023-02-08,62.6551724137931,59.35226821899414,2024-02-08,84.19452667236328
2023-02-09,62.6551724137931,59.28330993652344,2024-02-09,84.8690414428711
2023-02-10,62.96666666666667,58.92867660522461,2024-02-12,85.00791931152344
2023-02-13,62.96666666666667,59.224205017089844,2024-02-13,80.87158203125
2023-02-14,62.96666666666667,61.14514923095703,2024-02-14,81.16918182373047
2023-02-15,62.96666666666667,60.918575286865234,2024-02-15,80.97078704833984
2023-02-16,62.96666666666667,59.15524673461914,2024-02-16,78.85798645019531
2023-02-17,62.96666666666667,58.130733489990234,2024-02-20,80.0582046508789
2023-02-21,62.96666666666667,56.74174118041992,2024-02-21,80.83192443847656
2023-02-22,62.96666666666667,56.1309928894043,2024-02-22,85.21623229980469
2023-02-23,62.96666666666667,57.87461853027344,2024-02-23,85.30548858642578
2023-02-24,62.96666666666667,57.313106536865234,2024-02-26,88.73754119873047
2023-02-27,62.96666666666667,57.03728485107422,2024-02-27,91.10823822021484
2023-02-28,62.96666666666667,56.95846939086914,2024-02-28,88.98551177978516
2023-03-01,62.96666666666667,56.485633850097656,2024-02-29,89.87825775146484
2023-03-02,62.96666666666667,55.58918380737305,2024-03-01,94.38160705566406
2023-03-03,62.96666666666667,55.93396759033203,2024-03-04,94.99658203125
2023-03-06,62.96666666666667,55.98322677612305,2024-03-05,93.70708465576172
2023-03-07,62.96666666666667,54.732147216796875,2024-03-06,94.78828430175781
2023-03-08,62.96666666666667,56.04232406616211,2024-03-07,98.18067169189453
2023-03-09,62.96666666666667,54.77155303955078,2024-03-08,96.83165740966797
2023-03-10,62.96666666666667,54.11152648925781,2024-03-11,93.74675750732422
2023-03-13,62.55172413793103,53.09688186645508,2024-03-12,96.63326263427734
2023-03-14,62.55172413793103,53.46137237548828,2024-03-13,93.39959716796875
2023-03-15,62.55172413793103,53.32345199584961,2024-03-14,90.69164276123047
2023-03-16,62.55172413793103,55.72709655761719,2024-03-15,92.4969482421875
2023-03-17,62.55172413793103,55.81575393676758,2024-03-18,93.02265167236328
2023-03-20,61.92857142857143,56.78115463256836,2024-03-19,93.24088287353516
2023-03-21,61.88,57.756404876708984,2024-03-20,95.47270965576172
2023-03-22,61.88,57.30325698852539,2024-03-21,108.9628677368164
2023-03-23,61.833333333333336,60.42603302001953,2024-03-22,109.3199691772461
2023-03-24,61.833333333333336,60.24870300292969,2024-03-25,116.18408966064453
2023-03-27,61.476190476190474,58.89912796020508,2024-03-26,117.8405990600586
2023-03-28,61.476190476190474,58.3967170715332,2024-03-27,118.28697204589844
2023-03-29,65.17857142857143,62.59324645996094,2024-03-28,117.05081939697266
2023-03-30,68.66666666666667,62.149940490722656,2024-04-01,123.41519927978516
2023-03-31,68.66666666666667,59.44092559814453,2024-04-01,123.41519927978516
2023-04-03,68.66666666666667,58.7218017578125,2024-04-02,121.87623596191406
2023-04-04,68.66666666666667,56.41666793823242,2024-04-03,127.09879302978516
2023-04-05,68.66666666666667,56.17039108276367,2024-04-04,123.20669555664062
2023-04-06,68.66666666666667,57.80403137207031,2024-04-05,122.70033264160156
2023-04-10,68.66666666666667,62.45322799682617,2024-04-09,121.75709533691406
2023-04-11,68.66666666666667,62.749359130859375,2024-04-10,121.33015441894531
2023-04-12,68.66666666666667,61.160133361816406,2024-04-11,126.60235595703125
2023-04-13,70.0952380952381,62.186710357666016,2024-04-12,121.64786529541016
2023-04-14,70.0952380952381,61.82148361206055,2024-04-15,120.50605010986328
2023-04-17,70.0952380952381,61.7326545715332,2024-04-16,120.90320587158203
2023-04-18,70.0952380952381,61.13052749633789,2024-04-17,115.50193786621094
2023-04-19,70.0952380952381,59.86705017089844,2024-04-18,111.13325500488281
2023-04-20,70.0952380952381,60.66659164428711,2024-04-19,106.0099868774414
2023-04-21,70.0952380952381,60.34084701538086,2024-04-22,108.34325408935547
2023-04-24,70.0952380952381,58.74176025390625,2024-04-23,111.65948486328125
2023-04-25,70.0952380952381,57.38945007324219,2024-04-24,110.98432159423828
2023-04-26,70.0952380952381,60.232276916503906,2024-04-25,110.7857437133789
2023-04-27,70.0952380952381,61.10091781616211,2024-04-26,114.02253723144531
2023-04-28,70.0952380952381,63.52914810180664,2024-04-29,113.54595947265625
2023-05-01,70.0952380952381,61.54509353637695,2024-04-30,112.15592193603516
2023-05-02,70.0952380952381,61.10091781616211,2024-05-01,108.91912841796875
2023-05-03,70.0952380952381,60.123695373535156,2024-05-02,111.53041076660156
2023-05-04,70.0952380952381,59.728851318359375,2024-05-03,113.883544921875
2023-05-05,70.0952380952381,60.43955993652344,2024-05-06,119.27488708496094
2023-05-08,70.0952380952381,60.08420944213867,2024-05-07,118.3614273071289
2023-05-09,70.0952380952381,60.143436431884766,2024-05-08,118.47066497802734
2023-05-10,70.0952380952381,59.2155647277832,2024-05-09,116.97139739990234
2023-05-11,70.0952380952381,60.814659118652344,2024-05-10,120.37698364257812
2023-05-12,70.0952380952381,60.1335563659668,2024-05-13,122.12447357177734
2023-05-15,70.0952380952381,63.8055305480957,2024-05-14,123.92156982421875
2023-05-16,69.84210526315789,62.907291412353516,2024-05-15,126.90023040771484
2023-05-17,69.55555555555556,64.0819320678711,2024-05-16,126.9796371459961
2023-05-18,69.55555555555556,66.69771575927734,2024-05-17,124.39815521240234
2023-05-19,69.55555555555556,67.28997039794922,2024-05-20,128.08175659179688
2023-05-22,69.55555555555556,65.3750228881836,2024-05-21,126.59242248535156
2023-05-23,69.55555555555556,65.15785217285156,2024-05-22,125.38111877441406
2023-05-24,69.55555555555556,65.671142578125,2024-05-23,125.37117767333984
2023-05-25,69.55555555555556,68.71138763427734,2024-05-24,128.56826782226562
2023-05-26,70.10526315789474,72.97561645507812,2024-05-28,131.72561645507812
2023-05-30,71.22222222222223,70.76453399658203,2024-05-29,130.6433868408203
2023-05-31,71.22222222222223,67.319580078125,2024-05-30,125.39103698730469
2023-06-01,71.22222222222223,68.19808197021484,2024-05-31,124.11021423339844
2023-06-02,71.22222222222223,68.27705383300781,2024-06-03,127.25765991210938
2023-06-05,71.95,66.89513397216797,2024-06-04,125.7385482788086
2023-06-06,72.05263157894737,66.66810607910156,2024-06-05,132.7582244873047
2023-06-07,72.05263157894737,66.19429779052734,2024-06-06,129.14414978027344
2023-06-08,72.05263157894737,64.47676849365234,2024-06-07,130.00794982910156
2023-06-09,72.05263157894737,64.58535766601562,2024-06-10,133.86033630371094
2023-06-12,72.57894736842105,66.57925415039062,2024-06-11,134.1085662841797
2023-06-13,72.57894736842105,66.99385070800781,2024-06-12,139.74810791015625
2023-06-14,72.57894736842105,68.22771453857422,2024-06-13,142.12112426757812
2023-06-15,72.57894736842105,67.93157958984375,2024-06-14,140.35379028320312
2023-06-16,72.2,66.78655242919922,2024-06-17,146.77769470214844
2023-06-20,72.2,66.03636932373047,2024-06-20,143.1636199951172
2023-06-21,75.29411764705883,64.95056915283203,2024-06-20,143.1636199951172
2023-06-22,75.55555555555556,65.3947525024414,2024-06-21,138.5467071533203
2023-06-23,75.55555555555556,64.4372787475586,2024-06-24,138.0204620361328
2023-06-26,75.0,64.60509490966797,2024-06-25,140.11544799804688
2023-06-27,75.0,65.92778778076172,2024-06-26,141.34664916992188
2023-06-28,75.0,66.20416259765625,2024-06-27,131.2887420654297
2023-06-29,75.21428571428571,63.49954605102539,2024-06-28,130.59373474121094
2023-06-30,75.20689655172414,62.29529571533203,2024-07-01,130.5838165283203
2023-07-03,75.20689655172414,63.0750846862793,2024-07-02,131.64620971679688
2023-07-05,75.20689655172414,61.25884246826172,2024-07-05,130.66323852539062
2023-07-06,75.20689655172414,60.43955993652344,2024-07-05,130.66323852539062
2023-07-07,75.20689655172414,59.97970199584961,2024-07-08,129.87319946289062
2023-07-10,75.20689655172414,61.78947067260742,2024-07-09,130.3203887939453
2023-07-11,75.20689655172414,62.8970947265625,2024-07-10,135.53762817382812
2023-07-12,75.20689655172414,63.08500289916992,2024-07-11,129.4160614013672
2023-07-13,75.20689655172414,63.81680679321289,2024-07-12,132.71534729003906
2023-07-14,75.20689655172414,63.37179183959961,2024-07-15,130.0520782470703
2023-07-17,75.20689655172414,64.43986511230469,2024-07-16,126.69320678710938
2023-07-18,75.20689655172414,64.22229766845703,2024-07-17,118.75314331054688
2023-07-19,75.20689655172414,64.24207305908203,2024-07-18,116.7159423828125
2023-07-20,75.36666666666666,63.97505569458008,2024-07-19,113.54589080810547
2023-07-21,75.36666666666666,64.9244384765625,2024-07-22,114.55951690673828
2023-07-24,75.36666666666666,64.75630950927734,2024-07-23,113.53596496582031
2023-07-25,75.36666666666666,64.9541015625,2024-07-24,109.59077453613281
2023-07-26,75.36666666666666,66.63532257080078,2024-07-25,106.77845764160156
2023-07-27,75.36666666666666,70.28453826904297,2024-07-26,108.72620391845703
2023-07-28,75.36666666666666,70.4130859375,2024-07-29,107.17595672607422
2023-07-31,75.36666666666666,70.60100555419922,2024-07-30,101.91902160644531
2023-08-01,75.36666666666666,69.97796630859375,2024-07-31,109.1336441040039
2023-08-02,75.36666666666666,67.41659545898438,2024-08-01,100.87557983398438
2023-08-03,75.36666666666666,68.4154281616211,2024-08-02,92.12063598632812
2023-08-04,75.36666666666666,69.13736724853516,2024-08-05,89.85488891601562
2023-08-07,75.36666666666666,68.61321258544922,2024-08-06,88.44377136230469
2023-08-08,75.36666666666666,66.9023208618164,2024-08-07,86.25751495361328
2023-08-09,75.36666666666666,65.96283721923828,2024-08-08,91.49457550048828
2023-08-10,75.48275862068965,64.71675872802734,2024-08-09,92.4982681274414
2023-08-11,75.48275862068965,63.65859603881836,2024-08-12,94.04851531982422
2023-08-14,75.48275862068965,67.52538299560547,2024-08-13,96.83101654052734
2023-08-15,75.48275862068965,64.60797119140625,2024-08-14,99.78245544433594
2023-08-16,75.48275862068965,63.51024627685547,2024-08-15,106.28158569335938
2023-08-17,75.48275862068965,62.857540130615234,2024-08-16,107.31509399414062
2023-08-18,75.48275862068965,62.88720703125,2024-08-19,107.9510726928711
2023-08-21,75.48275862068965,63.25311279296875,2024-08-20,107.31509399414062
2023-08-22,75.48275862068965,62.709197998046875,2024-08-21,107.65296173095703
2023-08-23,75.48275862068965,64.46952056884766,2024-08-22,103.6083984375
2023-08-24,75.48275862068965,62.98609924316406,2024-08-23,102.20719909667969
2023-08-25,75.48275862068965,63.01577377319336,2024-08-26,98.29183197021484
2023-08-28,75.48275862068965,64.58821105957031,2024-08-27,97.2483901977539
2023-08-29,75.48275862068965,65.94305419921875,2024-08-28,94.26714324951172
2023-08-30,75.48275862068965,67.33747863769531,2024-08-29,94.97271728515625
2023-08-31,75.48275862068965,69.16703033447266,2024-08-30,95.63851928710938
2023-09-01,75.48275862068965,69.61205291748047,2024-09-03,88.0263900756836
2023-09-05,75.48275862068965,69.5131607055664,2024-09-04,88.73194122314453
2023-09-06,75.48275862068965,69.6318359375,2024-09-05,88.83132934570312
2023-09-07,75.8,69.09779357910156,2024-09-06,85.84013366699219
2023-09-08,75.8,69.40436553955078,2024-09-09,85.73082733154297
2023-09-11,75.8,69.25604248046875,2024-09-10,86.30719757080078
2023-09-12,75.8,69.53292083740234,2024-09-11,90.08345031738281
2023-09-13,75.8,70.06695556640625,2024-09-12,86.66494750976562
2023-09-14,75.93548387096774,70.99658966064453,2024-09-13,90.64988708496094
2023-09-15,75.93548387096774,69.10768127441406,2024-09-16,86.63513946533203
2023-09-18,76.21875,69.7208480834961,2024-09-17,88.17546081542969
2023-09-19,76.48484848484848,69.92851257324219,2024-09-18,86.80406951904297
2023-09-20,76.48484848484848,68.909912109375,2024-09-19,88.69219970703125
2023-09-21,76.58823529411765,67.14958953857422,2024-09-20,90.33190155029297
2023-09-22,76.74285714285715,68.11874389648438,2024-09-23,92.98519897460938
2023-09-25,76.54411764705883,67.82205200195312,2024-09-24,93.41251373291016
2023-09-26,77.87931034482759,67.18913269042969,2024-09-25,95.17145538330078
2023-09-27,78.33928571428571,67.45616149902344,2024-09-26,109.19327545166016
2023-09-28,78.1875,64.47942352294922,2024-09-27,106.8281478881836
2023-09-29,78.1875,67.27812957763672,2024-09-30,103.06184387207031
2023-10-02,78.1875,67.20890808105469,2024-10-01,99.6830825805664
2023-10-03,78.1875,67.0803451538086,2024-10-02,99.2259521484375
2023-10-04,78.1875,67.35725402832031,2024-10-03,101.18364715576172
2023-10-05,78.1875,68.28687286376953,2024-10-04,101.6109619140625
2023-10-06,78.1875,69.3022232055664,2024-10-07,102.38198852539062
2023-10-09,78.1875,68.82674407958984,2024-10-08,102.01388549804688
2023-10-10,78.1875,68.42058563232422,2024-10-09,101.17817687988281
2023-10-11,77.48387096774194,69.54987335205078,2024-10-10,105.14771270751953
2023-10-12,77.48387096774194,69.09420776367188,2024-10-11,106.37139892578125
2023-10-13,77.48387096774194,68.55927276611328,2024-10-14,107.78411865234375
2023-10-16,77.48387096774194,68.43051147460938,2024-10-15,103.78472900390625
2023-10-17,77.48387096774194,68.35124206542969,2024-10-16,108.67950439453125
2023-10-18,77.48387096774194,68.48994445800781,2024-10-17,111.4750747680664
2023-10-19,77.48387096774194,66.89507293701172,2024-10-18,110.57970428466797
2023-10-20,77.48387096774194,66.58798217773438,2024-10-21,108.52032470703125
2023-10-23,77.48387096774194,66.25117492675781,2024-10-22,107.26679229736328
2023-10-24,77.48387096774194,67.42999267578125,2024-10-23,104.51100158691406
2023-10-25,77.48387096774194,65.87474822998047,2024-10-24,106.3017578125
2023-10-26,77.48387096774194,63.92327117919922,2024-10-25,107.3563232421875
2023-10-27,77.48387096774194,65.03275299072266,2024-10-28,105.8441162109375
2023-10-30,77.48387096774194,65.44880676269531,2024-10-29,107.62493133544922
2023-10-31,77.48387096774194,66.24128723144531,2024-10-30,103.54598236083984
2023-11-01,77.48387096774194,68.74749755859375,2024-10-31,99.13871002197266
2023-11-02,77.48387096774194,69.77771759033203,2024-11-01,99.21829223632812
2023-11-03,77.48387096774194,71.89759826660156,2024-11-04,101.20801544189453
2023-11-06,77.48387096774194,72.23440551757812,2024-11-05,104.94873809814453
2023-11-07,77.48387096774194,72.11552429199219,2024-11-06,111.25621032714844
2023-11-08,77.48387096774194,71.60041809082031,2024-11-07,112.8281021118164
2023-11-09,77.48387096774194,72.87828826904297,2024-11-08,111.32585144042969
2023-11-10,77.48387096774194,74.65145111083984,2024-11-11,108.092529296875
2023-11-13,77.48387096774194,74.07689666748047,2024-11-12,103.56586456298828
2023-11-14,77.48387096774194,76.4444351196289,2024-11-13,99.40731811523438
2023-11-15,77.48387096774194,76.41471099853516,2024-11-14,98.67111206054688
2023-11-16,77.48387096774194,75.94912719726562,2024-11-15,95.84569549560547
2023-11-17,77.48387096774194,76.83077239990234,2024-11-18,97.00968933105469
2023-11-20,77.48387096774194,77.88079833984375,2024-11-19,97.22855377197266
2023-11-21,77.48387096774194,75.98875427246094,2024-11-20,97.86528015136719
2023-11-22,77.48387096774194,76.37509155273438,2024-11-21,102.23274993896484
2023-11-24,77.4,76.14725494384766,2024-11-25,103.94393157958984
2023-11-27,77.20967741935483,76.78125,2024-11-26,101.27767181396484
2023-11-28,77.20967741935483,75.40431213378906,2024-11-27,97.69613647460938
2023-11-29,78.1,75.96895599365234,2024-11-29,97.44741821289062
2023-11-30,78.1,75.40431213378906,2024-11-29,97.44741821289062
2023-12-01,78.1,75.21610260009766,2024-12-02,98.04434967041016
2023-12-04,78.07575757575758,73.59151458740234,2024-12-03,99.32772827148438
2023-12-05,78.07575757575758,72.99716186523438,2024-12-04,102.67049407958984
2023-12-06,78.30882352941177,72.44243621826172,2024-12-05,100.35245513916016
2023-12-07,78.30882352941177,72.95753479003906,2024-12-06,100.65090942382812
2023-12-08,78.30882352941177,74.25521850585938,2024-12-09,102.29243469238281
2023-12-11,79.04411764705883,77.05860137939453,2024-12-10,97.5966567993164
2023-12-12,79.04411764705883,77.42514038085938,2024-12-11,101.53633117675781
2023-12-13,79.04411764705883,79.03981018066406,2024-12-12,97.7359390258789
2023-12-14,79.46969696969697,81.417236328125,2024-12-13,101.97408294677734
2023-12-15,79.81428571428572,80.64457702636719,2024-12-16,107.70452880859375
2023-12-18,80.95945945945945,80.79316711425781,2024-12-17,108.04278564453125
2023-12-19,81.46052631578948,81.39743041992188,2024-12-18,103.36690521240234
2023-12-20,81.5,77.95014953613281,2024-12-19,86.64313507080078
2023-12-21,86.33796296296296,84.67631530761719,2024-12-20,89.65760040283203
2023-12-22,86.33796296296296,85.67681121826172,2024-12-23,89.25965118408203
2023-12-26,86.74056603773585,86.24143981933594,2024-12-26,89.35914611816406
2023-12-27,89.00568181818181,85.84521484375,2024-12-26,89.35914611816406
2023-12-28,89.3313953488372,85.19141387939453,2024-12-27,88.17524719238281
2023-12-29,89.3313953488372,84.65082550048828,2024-12-30,84.98255157470703
2024-01-02,89.3313953488372,81.67503356933594,2025-01-02,86.99479675292969
2024-01-03,89.3313953488372,81.59569549560547,2025-01-02,86.99479675292969
2024-01-04,89.46022727272727,82.04206085205078,2025-01-03,89.5250473022461
2024-01-05,89.46022727272727,82.77606964111328,2025-01-06,98.8790054321289
2024-01-08,89.46022727272727,84.26396942138672,2025-01-07,101.51883697509766
2024-01-09,89.46022727272727,82.65705108642578,2025-01-08,99.02842712402344
2024-01-10,89.46022727272727,81.7147216796875,2025-01-10,98.95869445800781
2024-01-11,89.46022727272727,82.716552734375,2025-01-10,98.95869445800781
2024-01-12,89.46022727272727,81.72463989257812,2025-01-13,94.69512176513672
2024-01-16,90.02777777777777,83.92671966552734,2025-01-15,102.7939224243164
2024-01-17,90.25568181818181,82.60745239257812,2025-01-16,102.2061767578125
2024-01-18,90.25568181818181,84.13501739501953,2025-01-17,105.34410095214844
2024-01-19,90.47222222222223,86.80330657958984,2025-01-21,108.96015930175781
2024-01-22,90.47222222222223,88.51932525634766,2025-01-21,108.96015930175781
2024-01-23,90.67934782608695,86.8231201171875,2025-01-22,108.81073760986328
2024-01-24,90.67934782608695,87.36869049072266,2025-01-23,104.43758392333984
2024-01-25,90.67934782608695,88.47964477539062,2025-01-24,102.7939224243164
2024-01-26,90.67934782608695,87.33894348144531,2025-01-27,90.76029205322266
2024-01-29,90.67934782608695,88.35069274902344,2025-01-28,87.91126251220703
2024-01-30,90.67934782608695,85.46419525146484,2025-01-29,88.66835021972656
2024-01-31,90.67934782608695,85.0575180053711,2025-01-30,92.14494323730469
2024-02-01,90.67934782608695,84.91864776611328,2025-01-31,90.8897933959961
2024-02-02,90.67934782608695,85.78162384033203,2025-02-03,89.5748519897461
2024-02-05,90.67934782608695,86.27757263183594,2025-02-04,90.31200408935547
2024-02-06,90.67934782608695,83.91678619384766,2025-02-05,93.24073028564453
2024-02-07,90.67934782608695,84.48219299316406,2025-02-06,94.17711639404297
2024-02-08,90.67934782608695,84.19452667236328,2025-02-07,91.94572448730469
2024-02-09,90.67934782608695,84.8690414428711,2025-02-10,95.56177520751953
2024-02-12,90.67934782608695,85.00791931152344,2025-02-11,93.71888732910156
2024-02-13,90.67934782608695,80.87158203125,2025-02-12,91.3281021118164
2024-02-14,90.67934782608695,81.16918182373047,2025-02-13,95.2928237915039
2024-02-15,90.67934782608695,80.97078704833984,2025-02-14,99.13800048828125
2024-02-16,90.67934782608695,78.85798645019531,2025-02-18,106.3801040649414
2024-02-20,90.67934782608695,80.0582046508789,2025-02-19,103.95942687988281
2024-02-21,90.67934782608695,80.83192443847656,2025-02-20,102.7839584350586
2024-02-22,90.67934782608695,85.21623229980469,2025-02-21,98.46061706542969
2024-02-23,90.67934782608695,85.30548858642578,2025-02-24,95.04379272460938
2024-02-26,90.67934782608695,88.73754119873047,2025-02-25,92.86219024658203
2024-02-27,90.67934782608695,91.10823822021484,2025-02-26,97.33494567871094
2024-02-28,90.67934782608695,88.98551177978516,2025-02-27,91.46756744384766
2024-02-29,90.67934782608695,89.87825775146484,2025-02-28,93.27061462402344
2024-03-01,90.98404255319149,94.38160705566406,2025-03-03,90.1924819946289
2024-03-04,90.98404255319149,94.99658203125,2025-03-04,90.84993743896484
2024-03-05,90.98404255319149,93.70708465576172,2025-03-05,93.9778823852539
2024-03-06,91.11413043478261,94.78828430175781,2025-03-06,88.92733764648438
2024-03-07,91.72872340425532,98.18067169189453,2025-03-07,92.60318756103516
2024-03-08,92.421875,96.83165740966797,2025-03-10,86.74576568603516
2024-03-11,92.5765306122449,93.74675750732422,2025-03-11,88.70819854736328
2024-03-12,92.785,96.63326263427734,2025-03-12,95.27290344238281
2024-03-13,93.04591836734694,93.39959716796875,2025-03-13,94.51580810546875
2024-03-14,93.04591836734694,90.69164276123047,2025-03-14,100.40313720703125
2024-03-15,94.69117647058823,92.4969482421875,2025-03-17,102.71421813964844
2024-03-18,96.90865384615384,93.02265167236328,2025-03-18,101.3295669555664
2024-03-19,97.67129629629629,93.24088287353516,2025-03-19,101.66826629638672
2024-03-20,98.59722222222223,95.47270965576172,2025-03-20,102.60464477539062
2024-03-21,106.125,108.9628677368164,2025-03-21,94.35643005371094
2024-03-22,106.125,109.3199691772461,2025-03-24,96.56790924072266
2024-03-25,107.23412698412699,116.18408966064453,2025-03-25,93.81849670410156
2024-03-26,107.58984375,117.8405990600586,2025-03-26,91.77637481689453
2024-03-27,109.62083333333334,118.28697204589844,2025-03-27,90.81009674072266
2024-03-28,109.62083333333334,117.05081939697266,2025-03-28,88.10053253173828
2024-04-01,110.18442622950819,123.41519927978516,2025-04-01,88.48456573486328
2024-04-02,110.18442622950819,121.87623596191406,2025-04-02,88.37483215332031
2024-04-03,110.18442622950819,127.09879302978516,2025-04-03,74.15106964111328
2024-04-04,110.82661290322581,123.20669555664062,2025-04-04,64.5555191040039
2024-04-05,110.82661290322581,122.70033264160156,2025-04-07,68.19625091552734
2024-04-08,112.05078125,122.07481384277344,2025-04-08,65.3734359741211
2024-04-09,112.05078125,121.75709533691406,2025-04-09,77.67210388183594
2024-04-10,112.05078125,121.33015441894531,2025-04-10,69.87198638916016
2024-04-11,112.05078125,126.60235595703125,2025-04-11,69.37326049804688
2024-04-12,112.48076923076923,121.64786529541016,2025-04-14,70.83950805664062
2024-04-15,112.48076923076923,120.50605010986328,2025-04-15,70.85946655273438
2024-04-16,112.48076923076923,120.90320587158203,2025-04-16,69.15380859375
2024-04-17,112.48076923076923,115.50193786621094,2025-04-17,68.62515258789062
2024-04-18,112.48076923076923,111.13325500488281,2025-04-21,66.57038116455078
2024-04-19,112.48076923076923,106.0099868774414,2025-04-21,66.57038116455078
2024-04-22,112.48076923076923,108.34325408935547,2025-04-22,70.03157043457031
2024-04-23,112.48076923076923,111.65948486328125,2025-04-23,72.74466705322266
2024-04-24,112.48076923076923,110.98432159423828,2025-04-24,77.22325134277344
2024-04-25,112.48076923076923,110.7857437133789,2025-04-25,79.5772476196289
2024-04-26,112.48076923076923,114.02253723144531,2025-04-28,78.36034393310547
2024-04-29,112.48076923076923,113.54595947265625,2025-04-29,76.68462371826172
2024-04-30,112.48076923076923,112.15592193603516,2025-04-30,76.75444793701172
2024-05-01,112.48076923076923,108.91912841796875,2025-05-01,77.5723648071289
2024-05-02,112.48076923076923,111.53041076660156,2025-05-02,80.5148696899414
2024-05-03,112.48076923076923,113.883544921875,2025-05-05,80.21562194824219
2024-05-06,113.04924242424242,119.27488708496094,2025-05-06,80.3053970336914
2024-05-07,113.04924242424242,118.3614273071289,2025-05-07,82.41002655029297
2024-05-08,113.04924242424242,118.47066497802734,2025-05-08,84.93360137939453
2024-05-09,113.04924242424242,116.97139739990234,2025-05-09,85.64179992675781
2024-05-10,113.04924242424242,120.37698364257812,2025-05-12,92.05546569824219
2024-05-13,113.52611940298507,122.12447357177734,2025-05-13,96.68367004394531
2024-05-14,113.52611940298507,123.92156982421875,2025-05-14,95.0777587890625
2024-05-15,113.52611940298507,126.90023040771484,2025-05-15,95.20742797851562
2024-05-16,113.52611940298507,126.9796371459961,2025-05-16,97.75094604492188
2024-05-17,114.0625,124.39815521240234,2025-05-19,98.3992919921875
2024-05-20,114.29347826086956,128.08175659179688,2025-05-20,97.85069274902344
2024-05-21,114.29347826086956,126.59242248535156,2025-05-21,95.596435546875
2024-05-22,114.29347826086956,125.38111877441406,2025-05-22,94.58900451660156
2024-05-23,114.29347826086956,125.37117767333984,2025-05-23,93.13272094726562
2024-05-24,114.29347826086956,128.56826782226562,2025-05-27,96.13506317138672
2024-05-28,116.79296875,131.72561645507812,2025-05-28,95.93557739257812
2024-05-29,116.79296875,130.6433868408203,2025-05-29,96.55400848388672
2024-05-30,116.79296875,125.39103698730469,2025-05-30,94.2199478149414
2024-05-31,117.38076923076923,124.11021423339844,2025-06-02,97.93049621582031
2024-06-03,117.38076923076923,127.25765991210938,2025-06-03,101.99015045166016
2024-06-04,118.18076923076923,125.7385482788086,2025-06-04,102.98760986328125
2024-06-05,118.18076923076923,132.7582244873047,2025-06-05,106.0198745727539
2024-06-06,118.18076923076923,129.14414978027344,2025-06-06,108.28411865234375
2024-06-07,118.18076923076923,130.00794982910156,2025-06-09,110.66803741455078
2024-06-10,119.18076923076923,133.86033630371094,2025-06-10,113.84992980957031
2024-06-11,119.18076923076923,134.1085662841797,2025-06-11,115.73512268066406
2024-06-12,119.18076923076923,139.74810791015625,2025-06-12,115.88475036621094
2024-06-13,120.25,142.12112426757812,2025-06-13,115.30621337890625
2024-06-14,120.25,140.35379028320312,2025-06-16,119.53543853759766
2024-06-17,123.9484126984127,146.77769470214844,2025-06-17,120.03417205810547
2024-06-18,125.28846153846153,152.35769653320312,2025-06-18,121.51041412353516
2024-06-20,136.46938775510205,143.1636199951172,2025-06-20,123.28589630126953
2024-06-21,138.1764705882353,138.5467071533203,2025-06-23,121.76974487304688
2024-06-24,139.5185185185185,138.0204620361328,2025-06-24,127.58494567871094
2024-06-25,141.07272727272726,140.11544799804688,2025-06-25,126.9266128540039
2024-06-26,141.07272727272726,141.34664916992188,2025-06-26,125.67979431152344
2024-06-27,144.52380952380952,131.2887420654297,2025-06-27,124.44293975830078
2024-06-28,144.52380952380952,130.59373474121094,2025-06-30,122.93677520751953
2024-07-01,144.52380952380952,130.5838165283203,2025-07-01,120.58277130126953
2024-07-02,144.52380952380952,131.64620971679688,2025-07-02,121.43061065673828
2024-07-03,145.32258064516128,135.8460693359375,2025-07-03,121.9792251586914
2024-07-05,145.32258064516128,130.66323852539062,2025-07-07,119.72783660888672
2024-07-08,145.32258064516128,129.87319946289062,2025-07-08,124.22061157226562
2024-07-09,145.63492063492063,130.3203887939453,2025-07-09,122.04411315917969
2024-07-10,145.63492063492063,135.53762817382812,2025-07-10,122.91272735595703
2024-07-11,145.63492063492063,129.4160614013672,2025-07-11,124.3304443359375
2024-07-12,145.63492063492063,132.71534729003906,2025-07-14,118.41993713378906
2024-07-15,146.1290322580645,130.0520782470703,2025-07-15,119.91753387451172
2024-07-16,146.1290322580645,126.69320678710938,2025-07-16,116.24341583251953
2024-07-17,146.1290322580645,118.75314331054688,2025-07-17,113.07850646972656
2024-07-18,146.88524590163934,116.7159423828125,2025-07-18,114.20669555664062
2024-07-19,146.88524590163934,113.54589080810547,2025-07-21,113.0485610961914
2024-07-22,147.66666666666666,114.55951690673828,2025-07-22,109.04498291015625
2024-07-23,147.66666666666666,113.53596496582031,2025-07-23,109.65400695800781
2024-07-24,147.66666666666666,109.59077453613281,2025-07-24,111.55096435546875
2024-07-25,147.66666666666666,106.77845764160156,2025-07-25,111.08171081542969
2024-07-26,147.66666666666666,108.72620391845703,2025-07-28,111.07173156738281
2024-07-29,147.66666666666666,107.17595672607422,2025-07-29,111.78058624267578
2024-07-30,147.66666666666666,101.91902160644531,2025-07-30,114.5561294555664
2024-07-31,147.66666666666666,109.1336441040039,2025-07-31,108.96510314941406
2024-08-01,147.66666666666666,100.87557983398438,2025-08-01,104.71192932128906
2024-08-02,147.66666666666666,92.12063598632812,2025-08-04,107.59729766845703
2024-08-05,147.66666666666666,89.85488891601562,2025-08-05,108.88523864746094
2024-08-06,147.62295081967213,88.44377136230469,2025-08-06,108.60568237304688
2024-08-07,147.62295081967213,86.25751495361328,2025-08-07,111.69073486328125
2024-08-08,147.62295081967213,91.49457550048828,2025-08-08,118.6994857788086
2024-08-09,147.62295081967213,92.4982681274414,2025-08-11,123.5217514038086
2024-08-12,147.62295081967213,94.04851531982422,2025-08-12,127.54528045654297
2024-08-13,147.62295081967213,96.83101654052734,2025-08-13,124.07085418701172
2024-08-14,147.62295081967213,99.78245544433594,2025-08-14,125.08922576904297
2024-08-15,147.62295081967213,106.28158569335938,2025-08-15,120.67630767822266
2024-08-16,147.62295081967213,107.31509399414062,2025-08-18,123.3520278930664
2024-08-19,147.62295081967213,107.9510726928711,2025-08-19,121.85442352294922
2024-08-20,147.62295081967213,107.31509399414062,2025-08-20,117.02217102050781
2024-08-21,147.62295081967213,107.65296173095703,2025-08-21,115.60445404052734
2024-08-22,148.06451612903226,103.6083984375,2025-08-22,117.49142456054688
2024-08-23,148.06451612903226,102.20719909667969,2025-08-25,116.23343658447266
2024-08-26,147.93650793650792,98.29183197021484,2025-08-26,116.31332397460938
2024-08-27,147.93650793650792,97.2483901977539,2025-08-27,117.56131744384766
2024-08-28,147.93650793650792,94.26714324951172,2025-08-28,121.80450439453125
2024-08-29,148.6290322580645,94.97271728515625,2025-08-29,118.81929779052734
2024-08-30,148.6290322580645,95.63851928710938,2025-09-02,118.29014587402344
2024-09-03,148.6290322580645,88.0263900756836,2025-09-03,118.52975463867188
2024-09-04,149.0983606557377,88.73194122314453,2025-09-04,124.0109634399414
2024-09-05,149.5,88.83132934570312,2025-09-05,131.15948486328125
2024-09-06,149.5,85.84013366699219,2025-09-08,131.24935913085938
2024-09-09,151.1551724137931,85.73082733154297,2025-09-09,135.02330017089844
2024-09-10,151.1551724137931,86.30719757080078,2025-09-10,139.77566528320312
2024-09-11,151.1551724137931,90.08345031738281,2025-09-11,150.32872009277344
2024-09-12,149.81034482758622,86.66494750976562,2025-09-12,156.97804260253906
2024-09-13,149.81034482758622,90.64988708496094,2025-09-15,157.51719665527344
2024-09-16,151.37037037037038,86.63513946533203,2025-09-16,158.56552124023438
2024-09-17,151.43636363636364,88.17546081542969,2025-09-17,159.73362731933594
2024-09-18,156.7906976744186,86.80406951904297,2025-09-18,168.61936950683594
2024-09-19,155.37777777777777,88.69219970703125,2025-09-19,162.46922302246094
2024-09-20,155.37777777777777,90.33190155029297,2025-09-22,164.356201171875
2024-09-23,155.95454545454547,92.98519897460938,2025-09-23,166.14334106445312
2024-09-24,155.95454545454547,93.41251373291016,2025-09-24,161.45086669921875
2024-09-25,155.95454545454547,95.17145538330078,2025-09-25,156.5786895751953
2024-09-26,155.21153846153845,109.19327545166016,2025-09-26,157.0179901123047
2024-09-27,155.11320754716982,106.8281478881836,2025-09-29,163.63734436035156
2024-09-30,155.32692307692307,103.06184387207031,2025-09-30,167.0518798828125
2024-10-01,155.22641509433961,99.6830825805664,2025-10-01,181.85809326171875
2024-10-02,155.32692307692307,99.2259521484375,2025-10-02,183.45555114746094
2024-10-03,155.32692307692307,101.18364715576172,2025-10-03,187.64645385742188
2024-10-04,155.32692307692307,101.6109619140625,2025-10-06,190.7733917236328
2024-10-07,155.54,102.38198852539062,2025-10-07,185.508544921875
2024-10-08,155.13725490196077,102.01388549804688,2025-10-08,196.34793090820312
2024-10-09,155.13725490196077,101.17817687988281,2025-10-09,192.1420440673828
2024-10-10,155.44,105.14771270751953,2025-10-10,181.42254638671875
2024-10-11,155.44,106.37139892578125,2025-10-13,192.5816192626953
2024-10-14,155.44,107.78411865234375,2025-10-14,186.877197265625
2024-10-15,155.44,103.78472900390625,2025-10-15,191.75242614746094
2024-10-16,155.44,108.67950439453125,2025-10-16,202.33209228515625
2024-10-17,155.44,111.4750747680664,2025-10-17,202.18223571777344
2024-10-18,155.44,110.57970428466797,2025-10-20,206.5679473876953
2024-10-21,155.44,108.52032470703125,2025-10-21,202.09230041503906
2024-10-22,155.44,107.26679229736328,2025-10-22,198.27606201171875
2024-10-23,155.44,104.51100158691406,2025-10-23,206.5080108642578
2024-10-24,155.44,106.3017578125,2025-10-24,218.8059844970703
2024-10-25,155.44,107.3563232421875,2025-10-27,219.88491821289062
2024-10-28,155.44,105.8441162109375,2025-10-28,221.69314575195312
2024-10-29,155.44,107.62493133544922,2025-10-29,226.40853881835938
2024-10-30,155.44,103.54598236083984,2025-10-30,223.7910919189453
2024-10-31,155.44,99.13871002197266,2025-10-31,223.55133056640625
2024-11-01,155.44,99.21829223632812,2025-11-03,234.4706573486328
2024-11-04,155.55102040816325,101.20801544189453,2025-11-04,217.8169403076172
2024-11-05,155.55102040816325,104.94873809814453,2025-11-05,237.26791381835938
2024-11-06,155.55102040816325,111.25621032714844,2025-11-06,238.09710693359375
2024-11-07,155.55102040816325,112.8281021118164,2025-11-07,237.68748474121094
2024-11-08,155.55102040816325,111.32585144042969,2025-11-10,253.05245971679688
2024-11-11,155.77083333333334,108.092529296875,2025-11-11,240.87437438964844
2024-11-12,155.77083333333334,103.56586456298828,2025-11-12,244.66067504882812
2024-11-13,155.77083333333334,99.40731811523438,2025-11-13,236.71844482421875
2024-11-14,155.89361702127658,98.67111206054688,2025-11-14,246.5887908935547
2024-11-15,155.89361702127658,95.84569549560547,2025-11-17,241.71356201171875
2024-11-18,156.45652173913044,97.00968933105469,2025-11-18,228.27670288085938
2024-11-19,156.45652173913044,97.22855377197266,2025-11-19,225.69921875
2024-11-20,156.45652173913044,97.86528015136719,2025-11-20,201.17320251464844
2024-11-21,156.45652173913044,102.23274993896484,2025-11-21,207.16734313964844
2024-11-22,156.45652173913044,102.11336517333984,2025-11-24,223.71116638183594
2024-11-25,156.45652173913044,103.94393157958984,2025-11-25,224.31057739257812
2024-11-26,156.45652173913044,101.27767181396484,2025-11-26,230.03497314453125
2024-11-27,156.45652173913044,97.69613647460938,2025-11-28,236.24891662597656
2024-11-29,156.48888888888888,97.44741821289062,2025-12-01,240.2250213623047
2024-12-02,156.9090909090909,98.04434967041016,2025-12-02,239.25596618652344
2024-12-03,156.9090909090909,99.32772827148438,2025-12-03,233.93118286132812
2024-12-04,156.9090909090909,102.67049407958984,2025-12-04,226.4285125732422
2024-12-05,156.9090909090909,100.35245513916016,2025-12-05,236.98817443847656
2024-12-06,156.9090909090909,100.65090942382812,2025-12-08,246.6787109375
2024-12-09,156.95348837209303,102.29243469238281,2025-12-09,252.17332458496094
2024-12-10,156.95348837209303,97.5966567993164,2025-12-10,263.4522705078125
2024-12-11,156.95348837209303,101.53633117675781,2025-12-11,258.2074279785156
2024-12-12,156.95348837209303,97.7359390258789,2025-12-12,240.90435791015625
2024-12-13,156.45454545454547,101.97408294677734,2025-12-15,237.26791381835938
2024-12-16,154.2051282051282,107.70452880859375,2025-12-16,232.2827911376953
2024-12-17,153.85,108.04278564453125,2025-12-17,225.29962158203125
2024-12-18,154.4878048780488,103.36690521240234,2025-12-18,248.30711364746094
2024-12-19,147.0,86.64313507080078,2025-12-19,265.66015625
2024-12-20,146.33928571428572,89.65760040283203,2025-12-22,276.3197021484375
2024-12-23,143.90384615384616,89.25965118408203,2025-12-23,276.0
2024-12-24,143.90384615384616,88.82190704345703,2025-12-24,286.3998718261719
2024-12-26,139.47727272727272,89.35914611816406,2025-12-26,284.5117492675781
2024-12-27,139.47727272727272,88.17524719238281,2025-12-29,294.2011413574219
2024-12-30,139.47727272727272,84.98255157470703,2025-12-30,292.4621276855469
2024-12-31,139.47727272727272,83.83695983886719,2025-12-31,285.24627685546875
2025-01-02,139.47727272727272,86.99479675292969,2026-01-02,315.2391052246094
2025-01-03,139.47727272727272,89.5250473022461,2026-01-05,311.970947265625
2025-01-06,138.88372093023256,98.8790054321289,2026-01-06,343.23297119140625
2025-01-07,138.88372093023256,101.51883697509766,2026-01-07,339.355224609375
2025-01-08,138.88372093023256,99.02842712402344,2026-01-08,326.8323974609375
2025-01-10,138.88372093023256,98.95869445800781,2026-01-12,345.6716003417969
2025-01-13,138.88372093023256,94.69512176513672,2026-01-13,337.93603515625
2025-01-14,138.88372093023256,96.98629760742188,2026-01-14,333.1587829589844
2025-01-15,138.88372093023256,102.7939224243164,2026-01-15,336.4369201660156
2025-01-16,138.88372093023256,102.2061767578125,2026-01-16,362.5419006347656
2025-01-17,138.88372093023256,105.34410095214844,2026-01-20,364.7906188964844
2025-01-21,138.88372093023256,108.96015930175781,2026-01-21,388.88677978515625
2025-01-22,138.88372093023256,108.81073760986328,2026-01-22,397.3519287109375
2025-01-23,138.88372093023256,104.43758392333984,2026-01-23,399.4207458496094
2025-01-24,138.88372093023256,102.7939224243164,2026-01-26,388.8667907714844
2025-01-27,138.88372093023256,90.76029205322266,2026-01-27,410.0046691894531
2025-01-28,137.79545454545453,87.91126251220703,2026-01-28,435.03033447265625
2025-01-29,137.79545454545453,88.66835021972656,2026-01-29,435.5400390625
2025-01-30,137.79545454545453,92.14494323730469,2026-01-30,414.6419982910156
2025-01-31,137.79545454545453,90.8897933959961,2026-02-02,437.5488586425781
2025-02-03,137.62790697674419,89.5748519897461,2026-02-03,419.1993713378906
2025-02-04,137.62790697674419,90.31200408935547,2026-02-04,379.1823425292969
2025-02-05,137.62790697674419,93.24073028564453,2026-02-05,382.6703796386719
2025-02-06,137.62790697674419,94.17711639404297,2026-02-06,394.4635925292969
2025-02-07,137.62790697674419,91.94572448730469,2026-02-09,383.280029296875
2025-02-10,137.62790697674419,95.56177520751953,2026-02-10,373.035888671875
2025-02-11,137.62790697674419,93.71888732910156,2026-02-11,410.1046142578125
2025-02-12,137.62790697674419,91.3281021118164,2026-02-12,413.7325439453125
2025-02-13,137.62790697674419,95.2928237915039,2026-02-13,411.42388916015625
2025-02-14,137.62790697674419,99.13800048828125,2026-02-17,399.5506591796875
2025-02-18,137.62790697674419,106.3801040649414,2026-02-18,420.70855712890625
2025-02-19,136.73809523809524,103.95942687988281,2026-02-19,417.110595703125
2025-02-20,136.73809523809524,102.7839584350586,2026-02-20,427.92437744140625
2025-02-21,136.73809523809524,98.46061706542969,2026-02-23,420.728515625
2025-02-24,136.65853658536585,95.04379272460938,2026-02-24,417.7702331542969
2025-02-25,136.65853658536585,92.86219024658203,2026-02-25,428.75390625
2025-02-26,136.65853658536585,97.33494567871094,2026-02-26,415.3216247558594
2025-02-27,136.65853658536585,91.46756744384766,2026-02-27,412.1334533691406
2025-02-28,136.65853658536585,93.27061462402344,2026-03-02,412.4333190917969
2025-03-03,136.65853658536585,90.1924819946289,2026-03-03,379.4621887207031
2025-03-04,136.65853658536585,90.84993743896484,2026-03-04,400.5400695800781
2025-03-05,136.65853658536585,93.9778823852539,2026-03-05,396.8222351074219
2025-03-06,136.65853658536585,88.92733764648438,2026-03-06,370.08758544921875
2025-03-07,136.65853658536585,92.60318756103516,2026-03-09,389.0966796875
2025-03-10,136.65853658536585,86.74576568603516,2026-03-10,402.8787536621094
2025-03-11,136.65853658536585,88.70819854736328,2026-03-11,418.4498291015625
2025-03-12,138.74358974358975,95.27290344238281,2026-03-12,405.1174621582031
2025-03-13,138.525,94.51580810546875,2026-03-13,425.88555908203125
2025-03-14,138.525,100.40313720703125,2026-03-16,441.54656982421875
2025-03-17,138.74358974358975,102.71421813964844,2026-03-17,461.4251708984375
2025-03-18,137.78947368421052,101.3295669555664,2026-03-18,461.46514892578125
2025-03-19,137.86486486486487,101.66826629638672,2026-03-19,444.01513671875
2025-03-20,137.86486486486487,102.60464477539062,2026-03-20,422.65740966796875
2025-03-21,137.6086956521739,94.35643005371094,2026-03-23,404.1180419921875
2025-03-24,137.6086956521739,96.56790924072266,2026-03-24,395.3031005859375
2025-03-25,137.6086956521739,93.81849670410156,2026-03-25,381.8708190917969
2025-03-26,133.46153846153845,91.77637481689453,2026-03-26,355.256103515625
2025-03-27,133.02631578947367,90.81009674072266,2026-03-27,357.01507568359375
2025-03-28,133.02631578947367,88.10053253173828,2026-03-30,321.75048828125
2025-03-31,132.56756756756758,86.66918182373047,2026-03-31,337.7880554199219
2025-04-01,132.56756756756758,88.48456573486328,2026-04-01,367.7934265136719
2025-04-02,132.56756756756758,88.37483215332031,2026-04-02,366.18365478515625
2025-04-03,132.56756756756758,74.15106964111328,2026-04-06,377.701904296875
2025-04-04,132.56756756756758,64.5555191040039,2026-04-06,377.701904296875
2025-04-07,132.5,68.19625091552734,2026-04-07,377.52191162109375
2025-04-08,132.5,65.3734359741211,2026-04-08,406.6674499511719
2025-04-09,132.5,77.67210388183594,2026-04-09,421.4451904296875
2025-04-10,132.5,69.87198638916016,2026-04-10,420.52532958984375
2025-04-11,131.8918918918919,69.37326049804688,2026-04-13,426.4944152832031
2025-04-14,131.8918918918919,70.83950805664062,2026-04-14,465.5884094238281
2025-04-15,131.8918918918919,70.85946655273438,2026-04-15,456.15985107421875
2025-04-16,130.6315789473684,69.15380859375,2026-04-16,457.1596984863281
2025-04-17,130.6315789473684,68.62515258789062,2026-04-17,455.0000305175781
2025-04-21,130.6315789473684,66.57038116455078,2026-04-21,449.3109130859375
2025-04-22,129.71794871794873,70.03157043457031,2026-04-22,487.4050598144531
2025-04-23,129.71794871794873,72.74466705322266,2026-04-23,481.64593505859375
2025-04-24,129.71794871794873,77.22325134277344,2026-04-24,496.64361572265625
2025-04-25,129.71794871794873,79.5772476196289,2026-04-27,524.4793090820312
2025-04-28,128.775,78.36034393310547,2026-04-28,504.21246337890625
2025-04-29,128.775,76.68462371826172,2026-04-29,518.3803100585938
2025-04-30,128.775,76.75444793701172,2026-04-30,517.0804443359375
2025-05-01,128.775,77.5723648071289,2026-05-01,542.1266479492188
2025-05-02,128.775,80.5148696899414,2026-05-04,576.3613891601562
2025-05-05,128.775,80.21562194824219,2026-05-05,640.1015625
2025-05-06,128.775,80.3053970336914,2026-05-06,666.487548828125
2025-05-07,128.02439024390245,82.41002655029297,2026-05-07,646.5305786132812
2025-05-08,128.02439024390245,84.93360137939453,2026-05-08,746.6951293945312
2025-05-09,128.02439024390245,85.64179992675781,2026-05-11,795.2077026367188
2025-05-12,128.02439024390245,92.05546569824219,2026-05-12,766.462158203125
2025-05-13,128.02439024390245,96.68367004394531,2026-05-13,803.5064086914062
2025-05-14,128.02439024390245,95.0777587890625,2026-05-14,775.8906860351562
2025-05-15,128.02439024390245,95.20742797851562,2026-05-15,724.5485229492188
2025-05-16,128.02439024390245,97.75094604492188,2026-05-18,681.4351806640625
2025-05-19,128.02439024390245,98.3992919921875,2026-05-19,698.632568359375
2025-05-20,128.02439024390245,97.85069274902344,2026-05-20,731.87744140625
2025-05-21,128.02439024390245,95.596435546875,2026-05-21,761.9827880859375
2025-05-22,128.02439024390245,94.58900451660156,2026-05-22,750.884521484375
2025-05-23,128.02439024390245,93.13272094726562,2026-05-26,895.7422485351562
2025-05-27,128.02439024390245,96.13506317138672,2026-05-27,928.2672119140625
2025-05-28,128.02439024390245,95.93557739257812,2026-05-28,923.3779907226562
2025-05-29,128.02439024390245,96.55400848388672,2026-05-29,970.8507080078125
2025-05-30,128.02439024390245,94.2199478149414,2026-06-01,1035.3408203125
2025-06-02,128.02439024390245,97.93049621582031,2026-06-02,1063.936279296875
2025-06-03,128.02439024390245,101.99015045166016,2026-06-03,1079.4039306640625
2025-06-04,128.02439024390245,102.98760986328125,2026-06-04,995.8468627929688
2025-06-05,127.88372093023256,106.0198745727539,2026-06-05,863.8771362304688
2025-06-06,127.88372093023256,108.28411865234375,2026-06-08,949.134033203125
2025-06-09,127.93181818181819,110.66803741455078,2026-06-09,935.74609375
2025-06-10,127.93181818181819,113.84992980957031,2026-06-10,891.7428588867188
2025-06-11,127.93181818181819,115.73512268066406,2026-06-11,995.7168579101562
2025-06-12,127.76744186046511,115.88475036621094,2026-06-12,981.4590454101562
2025-06-13,127.76744186046511,115.30621337890625,2026-06-15,1087.8226318359375
2025-06-16,127.47619047619048,119.53543853759766,2026-06-16,1020.60302734375
2025-06-17,124.6,120.03417205810547,2026-06-17,1043.029541015625
2025-06-18,119.70833333333333,121.51041412353516,2026-06-18,1133.8155517578125
2025-06-20,122.52,123.28589630126953,2026-06-22,1211.1937255859375
2025-06-23,124.42307692307692,121.76974487304688,2026-06-23,1051.6082763671875
2025-06-24,124.42307692307692,127.58494567871094,2026-06-24,1048.3487548828125
2025-06-25,124.42307692307692,126.9266128540039,2026-06-25,1213.3734130859375
2025-06-26,136.66666666666666,125.67979431152344,2026-06-26,1132.1558837890625
2025-06-27,138.13953488372093,124.44293975830078,2026-06-29,1145.1038818359375
2025-06-30,138.13953488372093,122.93677520751953,2026-06-30,1154.112548828125
2025-07-01,138.13953488372093,120.58277130126953,2026-07-01,1032.121337890625
2025-07-02,138.13953488372093,121.43061065673828,2026-07-02,975.4099731445312
2025-07-03,138.13953488372093,121.9792251586914,2026-07-06,984.75
2025-07-07,138.13953488372093,119.72783660888672,2026-07-07,938.3800048828125
2025-07-08,138.13953488372093,124.22061157226562,2026-07-08,948.7999877929688
2025-07-09,138.13953488372093,122.04411315917969,2026-07-09,991.6400146484375
2025-07-10,138.22222222222223,122.91272735595703,2026-07-10,979.2999877929688
2025-07-11,138.22222222222223,124.3304443359375,2026-07-13,937.0
2025-07-14,138.22222222222223,118.41993713378906,2026-07-14,983.1199951171875
2025-07-15,138.22222222222223,119.91753387451172,2026-07-15,904.280029296875
2025-07-16,138.22222222222223,116.24341583251953,,
2025-07-17,138.22222222222223,113.07850646972656,,
2025-07-18,138.22222222222223,114.20669555664062,,
2025-07-21,138.22222222222223,113.0485610961914,,
2025-07-22,138.22222222222223,109.04498291015625,,
2025-07-23,138.22222222222223,109.65400695800781,,
2025-07-24,138.22222222222223,111.55096435546875,,
2025-07-25,138.22222222222223,111.08171081542969,,
2025-07-28,139.29545454545453,111.07173156738281,,
2025-07-29,139.29545454545453,111.78058624267578,,
2025-07-30,139.29545454545453,114.5561294555664,,
2025-07-31,139.29545454545453,108.96510314941406,,
2025-08-01,139.29545454545453,104.71192932128906,,
2025-08-04,139.29545454545453,107.59729766845703,,
2025-08-05,139.29545454545453,108.88523864746094,,
2025-08-06,139.29545454545453,108.60568237304688,,
2025-08-07,139.29545454545453,111.69073486328125,,
2025-08-08,139.29545454545453,118.6994857788086,,
2025-08-11,140.84782608695653,123.5217514038086,,
2025-08-12,141.7872340425532,127.54528045654297,,
2025-08-13,141.7872340425532,124.07085418701172,,
2025-08-14,141.7872340425532,125.08922576904297,,
2025-08-15,141.7872340425532,120.67630767822266,,
2025-08-18,141.7872340425532,123.3520278930664,,
2025-08-19,141.7872340425532,121.85442352294922,,
2025-08-20,141.7872340425532,117.02217102050781,,
2025-08-21,141.7872340425532,115.60445404052734,,
2025-08-22,141.7872340425532,117.49142456054688,,
2025-08-25,141.7872340425532,116.23343658447266,,
2025-08-26,141.7872340425532,116.31332397460938,,
2025-08-27,142.0625,117.56131744384766,,
2025-08-28,142.0625,121.80450439453125,,
2025-08-29,142.0625,118.81929779052734,,
2025-09-02,142.0625,118.29014587402344,,
2025-09-03,142.0625,118.52975463867188,,
2025-09-04,142.0625,124.0109634399414,,
2025-09-05,142.0625,131.15948486328125,,
2025-09-08,142.0625,131.24935913085938,,
2025-09-09,142.0625,135.02330017089844,,
2025-09-10,142.31914893617022,139.77566528320312,,
2025-09-11,143.0,150.32872009277344,,
2025-09-12,143.0,156.97804260253906,,
2025-09-15,146.0,157.51719665527344,,
2025-09-16,147.3673469387755,158.56552124023438,,
2025-09-17,149.0392156862745,159.73362731933594,,
2025-09-18,153.9090909090909,168.61936950683594,,
2025-09-19,154.37777777777777,162.46922302246094,,
2025-09-22,154.89361702127658,164.356201171875,,
2025-09-23,156.43478260869566,166.14334106445312,,
2025-09-24,168.5079365079365,161.45086669921875,,
2025-09-25,168.5079365079365,156.5786895751953,,
2025-09-26,168.5079365079365,157.0179901123047,,
2025-09-29,168.5079365079365,163.63734436035156,,
2025-09-30,168.5079365079365,167.0518798828125,,
2025-10-01,168.5079365079365,181.85809326171875,,
2025-10-02,168.5079365079365,183.45555114746094,,
2025-10-03,168.5079365079365,187.64645385742188,,
2025-10-06,169.3125,190.7733917236328,,
2025-10-07,170.53846153846155,185.508544921875,,
2025-10-08,171.36363636363637,196.34793090820312,,
2025-10-09,172.42424242424244,192.1420440673828,,
2025-10-10,172.42424242424244,181.42254638671875,,
2025-10-13,172.42424242424244,192.5816192626953,,
2025-10-14,173.7846153846154,186.877197265625,,
2025-10-15,173.7846153846154,191.75242614746094,,
2025-10-16,175.83582089552237,202.33209228515625,,
2025-10-17,176.77941176470588,202.18223571777344,,
2025-10-20,178.91176470588235,206.5679473876953,,
2025-10-21,178.91176470588235,202.09230041503906,,
2025-10-22,178.91176470588235,198.27606201171875,,
2025-10-23,178.91176470588235,206.5080108642578,,
2025-10-24,178.91176470588235,218.8059844970703,,
2025-10-27,181.60294117647058,219.88491821289062,,
2025-10-28,182.81159420289856,221.69314575195312,,
2025-10-29,182.81159420289856,226.40853881835938,,
2025-10-30,182.81159420289856,223.7910919189453,,
2025-10-31,182.81159420289856,223.55133056640625,,
2025-11-03,182.81159420289856,234.4706573486328,,
2025-11-04,184.05882352941177,217.8169403076172,,
2025-11-05,184.05882352941177,237.26791381835938,,
2025-11-06,184.05882352941177,238.09710693359375,,
2025-11-07,185.7391304347826,237.68748474121094,,
2025-11-10,185.7391304347826,253.05245971679688,,
2025-11-11,185.7391304347826,240.87437438964844,,
2025-11-12,185.7391304347826,244.66067504882812,,
2025-11-13,187.72857142857143,236.71844482421875,,
2025-11-14,187.72857142857143,246.5887908935547,,
2025-11-17,189.30985915492957,241.71356201171875,,
2025-11-18,189.30985915492957,228.27670288085938,,
2025-11-19,189.30985915492957,225.69921875,,
2025-11-20,190.5,201.17320251464844,,
2025-11-21,190.5,207.16734313964844,,
2025-11-24,192.5205479452055,223.71116638183594,,
2025-11-25,192.5205479452055,224.31057739257812,,
2025-11-26,192.5205479452055,230.03497314453125,,
2025-11-28,192.5205479452055,236.24891662597656,,
2025-12-01,192.5205479452055,240.2250213623047,,
2025-12-02,192.5205479452055,239.25596618652344,,
2025-12-03,194.56944444444446,233.93118286132812,,
2025-12-04,195.6027397260274,226.4285125732422,,
2025-12-05,195.6027397260274,236.98817443847656,,
2025-12-08,197.93150684931507,246.6787109375,,
2025-12-09,200.78666666666666,252.17332458496094,,
2025-12-10,202.0921052631579,263.4522705078125,,
2025-12-11,202.0921052631579,258.2074279785156,,
2025-12-12,203.36363636363637,240.90435791015625,,
2025-12-15,205.81012658227849,237.26791381835938,,
2025-12-16,206.9875,232.2827911376953,,
2025-12-17,206.9875,225.29962158203125,,
2025-12-18,229.72916666666666,248.30711364746094,,
2025-12-19,229.72916666666666,265.66015625,,
2025-12-22,230.33684210526314,276.3197021484375,,
2025-12-23,230.33684210526314,276.0,,
2025-12-24,245.27848101265823,286.3998718261719,,
2025-12-26,245.85897435897436,284.5117492675781,,
2025-12-29,245.85897435897436,294.2011413574219,,
2025-12-30,245.85897435897436,292.4621276855469,,
2025-12-31,245.85897435897436,285.24627685546875,,
2026-01-02,245.85897435897436,315.2391052246094,,
2026-01-05,245.85897435897436,311.970947265625,,
2026-01-06,245.85897435897436,343.23297119140625,,
2026-01-07,252.52564102564102,339.355224609375,,
2026-01-08,252.52564102564102,326.8323974609375,,
2026-01-09,254.26582278481013,344.89202880859375,,
2026-01-12,257.9625,345.6716003417969,,
2026-01-13,262.0365853658537,337.93603515625,,
2026-01-14,264.30120481927713,333.1587829589844,,
2026-01-15,269.2674418604651,336.4369201660156,,
2026-01-16,269.2674418604651,362.5419006347656,,
2026-01-20,274.91011235955057,364.7906188964844,,
2026-01-21,274.91011235955057,388.88677978515625,,
2026-01-22,274.91011235955057,397.3519287109375,,
2026-01-23,274.91011235955057,399.4207458496094,,
2026-01-26,274.91011235955057,388.8667907714844,,
2026-01-27,277.18888888888887,410.0046691894531,,
2026-01-28,277.18888888888887,435.03033447265625,,
2026-01-29,277.18888888888887,435.5400390625,,
2026-01-30,277.18888888888887,414.6419982910156,,
2026-02-02,277.18888888888887,437.5488586425781,,
2026-02-03,277.18888888888887,419.1993713378906,,
2026-02-04,277.18888888888887,379.1823425292969,,
2026-02-05,277.18888888888887,382.6703796386719,,
2026-02-06,277.18888888888887,394.4635925292969,,
2026-02-09,280.5977011494253,383.280029296875,,
2026-02-10,280.5977011494253,373.035888671875,,
2026-02-11,282.52272727272725,410.1046142578125,,
2026-02-12,282.52272727272725,413.7325439453125,,
2026-02-13,282.52272727272725,411.42388916015625,,
2026-02-17,284.40449438202245,399.5506591796875,,
2026-02-18,284.40449438202245,420.70855712890625,,
2026-02-19,284.40449438202245,417.110595703125,,
2026-02-20,284.40449438202245,427.92437744140625,,
2026-02-23,284.40449438202245,420.728515625,,
2026-02-24,285.875,417.7702331542969,,
2026-02-25,285.875,428.75390625,,
2026-02-26,285.875,415.3216247558594,,
2026-02-27,285.875,412.1334533691406,,
2026-03-02,290.9111111111111,412.4333190917969,,
2026-03-03,290.9111111111111,379.4621887207031,,
2026-03-04,290.9111111111111,400.5400695800781,,
2026-03-05,290.9111111111111,396.8222351074219,,
2026-03-06,290.9111111111111,370.08758544921875,,
2026-03-09,294.9673913043478,389.0966796875,,
2026-03-10,294.9673913043478,402.8787536621094,,
2026-03-11,296.2857142857143,418.4498291015625,,
2026-03-12,298.17391304347825,405.1174621582031,,
2026-03-13,300.3440860215054,425.88555908203125,,
2026-03-16,312.2826086956522,441.54656982421875,,
2026-03-17,315.0,461.4251708984375,,
2026-03-18,319.7752808988764,461.46514892578125,,
2026-03-19,359.7641509433962,444.01513671875,,
2026-03-20,359.7641509433962,422.65740966796875,,
2026-03-23,363.4807692307692,404.1180419921875,,
2026-03-24,395.1954022988506,395.3031005859375,,
2026-03-25,395.1954022988506,381.8708190917969,,
2026-03-26,395.1954022988506,355.256103515625,,
2026-03-27,395.1954022988506,357.01507568359375,,
2026-03-30,395.1954022988506,321.75048828125,,
2026-03-31,395.53409090909093,337.7880554199219,,
2026-04-01,395.53409090909093,367.7934265136719,,
2026-04-02,395.53409090909093,366.18365478515625,,
2026-04-06,399.27906976744185,377.701904296875,,
2026-04-07,401.32941176470587,377.52191162109375,,
2026-04-08,405.50588235294117,406.6674499511719,,
2026-04-09,405.50588235294117,421.4451904296875,,
2026-04-10,405.50588235294117,420.52532958984375,,
2026-04-13,405.50588235294117,426.4944152832031,,
2026-04-14,405.50588235294117,465.5884094238281,,
2026-04-15,409.43373493975906,456.15985107421875,,
2026-04-16,411.5,457.1596984863281,,
2026-04-17,411.5,455.0000305175781,,
2026-04-20,413.61728395061726,448.3510437011719,,
2026-04-21,413.61728395061726,449.3109130859375,,
2026-04-22,413.61728395061726,487.4050598144531,,
2026-04-23,413.61728395061726,481.64593505859375,,
2026-04-24,413.61728395061726,496.64361572265625,,
2026-04-27,420.7875,524.4793090820312,,
2026-04-28,430.7682926829268,504.21246337890625,,
2026-04-29,430.7682926829268,518.3803100585938,,
2026-04-30,430.7682926829268,517.0804443359375,,
2026-05-01,430.7682926829268,542.1266479492188,,
2026-05-04,430.7682926829268,576.3613891601562,,
2026-05-05,430.7682926829268,640.1015625,,
2026-05-06,430.7682926829268,666.487548828125,,
2026-05-07,432.38271604938274,646.5305786132812,,
2026-05-08,432.38271604938274,746.6951293945312,,
2026-05-11,439.3048780487805,795.2077026367188,,
2026-05-12,439.3048780487805,766.462158203125,,
2026-05-13,440.71604938271605,803.5064086914062,,
2026-05-14,440.71604938271605,775.8906860351562,,
2026-05-15,440.71604938271605,724.5485229492188,,
2026-05-18,442.475,681.4351806640625,,
2026-05-19,459.49397590361446,698.632568359375,,
2026-05-20,461.7439024390244,731.87744140625,,
2026-05-21,461.7439024390244,761.9827880859375,,
2026-05-22,461.7439024390244,750.884521484375,,
2026-05-26,477.4390243902439,895.7422485351562,,
2026-05-27,485.8433734939759,928.2672119140625,,
2026-05-28,505.5882352941176,923.3779907226562,,
2026-05-29,520.0581395348837,970.8507080078125,,
2026-06-01,526.7241379310345,1035.3408203125,,
2026-06-02,530.4651162790698,1063.936279296875,,
2026-06-03,539.5348837209302,1079.4039306640625,,
2026-06-04,539.5348837209302,995.8468627929688,,
2026-06-05,539.5348837209302,863.8771362304688,,
2026-06-08,567.1764705882352,949.134033203125,,
2026-06-09,570.3571428571429,935.74609375,,
2026-06-10,574.2352941176471,891.7428588867188,,
2026-06-11,585.4117647058823,995.7168579101562,,
2026-06-12,585.4117647058823,981.4590454101562,,
2026-06-15,613.8095238095239,1087.8226318359375,,
2026-06-16,613.8095238095239,1020.60302734375,,
2026-06-17,712.7205882352941,1043.029541015625,,
2026-06-18,738.943661971831,1133.8155517578125,,
2026-06-22,750.2083333333334,1211.1937255859375,,
2026-06-23,760.4794520547945,1051.6082763671875,,
2026-06-24,760.4794520547945,1048.3487548828125,,
2026-06-25,917.1978021978022,1213.3734130859375,,
2026-06-26,917.1978021978022,1132.1558837890625,,
2026-06-29,928.9673913043479,1145.1038818359375,,
2026-06-30,928.9673913043479,1154.112548828125,,
2026-07-01,928.9673913043479,1032.121337890625,,
2026-07-02,928.9673913043479,975.4099731445312,,
2026-07-06,928.9673913043479,984.75,,
2026-07-07,940.7222222222222,938.3800048828125,,
2026-07-08,940.7222222222222,948.7999877929688,,
2026-07-09,946.9101123595506,991.6400146484375,,
2026-07-10,946.9101123595506,979.2999877929688,,
2026-07-13,963.6627906976744,937.0,,
2026-07-14,978.7790697674419,983.1199951171875,,
2026-07-15,999.4578313253012,904.280029296875,,
