Date,ConsensusTarget,StockPrice,ForwardDate,StockPrice12mForward
2016-08-10,40.0,1.4343795776367188,2017-08-10,4.0615081787109375
2016-08-11,40.0,1.4635525941848755,2017-08-11,3.845045566558838
2016-08-12,59.833333333333336,1.5454334020614624,2017-08-14,4.151742458343506
2016-08-15,59.833333333333336,1.5439621210098267,2017-08-15,4.116733551025391
2016-08-16,59.833333333333336,1.5346463918685913,2017-08-16,4.0716166496276855
2016-08-17,59.833333333333336,1.4990993738174438,2017-08-17,3.9808881282806396
2016-08-18,59.833333333333336,1.52238929271698,2017-08-18,3.981628656387329
2016-08-19,59.833333333333336,1.5263110399246216,2017-08-21,3.923691749572754
2016-08-22,59.833333333333336,1.5326851606369019,2017-08-22,4.011043548583984
2016-08-23,59.833333333333336,1.5450881719589233,2017-08-23,4.091241359710693
2016-08-24,59.833333333333336,1.5212645530700684,2017-08-24,4.076185703277588
2016-08-25,59.833333333333336,1.5111949443817139,2017-08-25,4.042134761810303
2016-08-26,59.833333333333336,1.523475170135498,2017-08-28,4.07075834274292
2016-08-29,59.833333333333336,1.5224930047988892,2017-08-29,4.064096927642822
2016-08-30,59.833333333333336,1.5136507749557495,2017-08-30,4.088279724121094
2016-08-31,59.833333333333336,1.5065284967422485,2017-08-31,4.181060314178467
2016-09-01,59.833333333333336,1.5509828329086304,2017-09-01,4.206228733062744
2016-09-02,59.833333333333336,1.5357555150985718,2017-09-05,4.093955039978027
2016-09-06,59.833333333333336,1.5502458810806274,2017-09-06,4.091485977172852
2016-09-07,59.833333333333336,1.527405023574829,2017-09-07,4.1104865074157715
2016-09-08,59.833333333333336,1.5384573936462402,2017-09-08,4.0391740798950195
2016-09-09,59.833333333333336,1.4618290662765503,2017-09-11,4.170201301574707
2016-09-12,59.833333333333336,1.4920377731323242,2017-09-12,4.185256004333496
2016-09-13,59.833333333333336,1.4704248905181885,2017-09-13,4.204008102416992
2016-09-14,59.833333333333336,1.483441710472107,2017-09-14,4.18007230758667
2016-09-15,59.833333333333336,1.5396853685379028,2017-09-15,4.444349765777588
2016-09-16,59.833333333333336,1.5433690547943115,2017-09-18,4.627936363220215
2016-09-19,59.833333333333336,1.5637540817260742,2017-09-19,4.6230034828186035
2016-09-20,60.5,1.549509048461914,2017-09-20,4.5857415199279785
2016-09-21,60.5,1.5929808616638184,2017-09-21,4.460388660430908
2016-09-22,60.5,1.5969102382659912,2017-09-22,4.416959285736084
2016-09-23,60.5,1.5951910018920898,2017-09-25,4.2195539474487305
2016-09-26,60.5,1.5802096128463745,2017-09-26,4.2432427406311035
2016-09-27,60.5,1.634242296218872,2017-09-27,4.336269855499268
2016-09-28,60.5,1.6401365995407104,2017-09-28,4.335036277770996
2016-09-29,60.5,1.655363917350769,2017-09-29,4.411285400390625
2016-09-30,60.5,1.6828718185424805,2017-10-02,4.416959285736084
2016-10-03,60.5,1.6811522245407104,2017-10-03,4.426089763641357
2016-10-04,60.5,1.677468180656433,2017-10-04,4.463103771209717
2016-10-05,60.5,1.6757493019104004,2017-10-05,4.460635185241699
2016-10-06,60.5,1.6538904905319214,2017-10-06,4.473714828491211
2016-10-07,60.5,1.6418558359146118,2017-10-09,4.574638366699219
2016-10-10,60.5,1.6479958295822144,2017-10-10,4.661990165710449
2016-10-11,60.5,1.6241724491119385,2017-10-11,4.711587905883789
2016-10-12,60.5,1.6315404176712036,2017-10-12,4.713809490203857
2016-10-13,60.5,1.6050153970718384,2017-10-13,4.80165433883667
2016-10-14,60.5,1.6207340955734253,2017-10-16,4.884071350097656
2016-10-17,60.5,1.611401081085205,2017-10-17,4.879629135131836
2016-10-18,60.5,1.6359610557556152,2017-10-18,4.875434398651123
2016-10-19,60.5,1.632522702217102,2017-10-19,4.88086462020874
2016-10-20,60.5,1.663468837738037,2017-10-20,4.858656406402588
2016-10-21,60.5,1.6588023900985718,2017-10-23,4.851747035980225
2016-10-24,60.5,1.7366585731506348,2017-10-24,4.902580261230469
2016-10-25,60.5,1.7651480436325073,2017-10-25,4.77870512008667
2016-10-26,60.5,1.772270917892456,2017-10-26,4.828798770904541
2016-10-27,60.5,1.7359215021133423,2017-10-27,4.981049060821533
2016-10-28,60.5,1.732974648475647,2017-10-30,5.029905319213867
2016-10-31,60.5,1.7477108240127563,2017-10-31,5.103193759918213
2016-11-01,60.5,1.6958881616592407,2017-11-01,5.112816333770752
2016-11-02,60.5,1.6887662410736084,2017-11-02,5.081724166870117
2016-11-03,60.5,1.66911780834198,2017-11-03,5.149582862854004
2016-11-04,60.5,1.659538984298706,2017-11-06,5.172778606414795
2016-11-07,60.5,1.7504122257232666,2017-11-07,5.232000827789307
2016-11-08,60.5,1.7477108240127563,2017-11-08,5.16118049621582
2016-11-09,60.5,1.7182382345199585,2017-11-09,5.06642484664917
2016-11-10,60.5,1.6644514799118042,2017-11-10,5.333416938781738
2016-11-11,61.77777777777778,2.160569190979004,2017-11-13,5.246805667877197
2016-11-14,61.77777777777778,2.054222822189331,2017-11-14,5.28505277633667
2016-11-15,61.77777777777778,2.116852045059204,2017-11-15,5.181414604187012
2016-11-16,61.77777777777778,2.250460624694824,2017-11-16,5.2216362953186035
2016-11-17,61.77777777777778,2.2691256999969482,2017-11-17,5.2154669761657715
2016-11-18,61.77777777777778,2.2929487228393555,2017-11-20,5.282586097717285
2016-11-21,61.77777777777778,2.283616542816162,2017-11-21,5.3311967849731445
2016-11-22,66.2,2.300072431564331,2017-11-22,5.307244777679443
2016-11-23,66.2,2.3113863468170166,2017-11-24,5.357370376586914
2016-11-25,66.2,2.316060781478882,2017-11-27,5.287737846374512
2016-11-28,66.2,2.3148295879364014,2017-11-28,5.20304012298584
2016-11-29,66.2,2.2936761379241943,2017-11-29,4.8501787185668945
2016-11-30,66.2,2.267849922180176,2017-11-30,4.956110000610352
2016-12-01,66.2,2.155687093734741,2017-12-01,4.881292819976807
2016-12-02,66.2,2.1756112575531006,2017-12-04,4.6091766357421875
2016-12-05,66.2,2.259978771209717,2017-12-05,4.635843753814697
2016-12-06,66.2,2.2971200942993164,2017-12-06,4.673378944396973
2016-12-07,66.2,2.3384435176849365,2017-12-07,4.740787982940674
2016-12-08,66.2,2.2993338108062744,2017-12-08,4.728443622589111
2016-12-09,66.2,2.2585031986236572,2017-12-11,4.806718826293945
2016-12-12,66.2,2.203651189804077,2017-12-12,4.712391376495361
2016-12-13,70.0909090909091,2.2425148487091064,2017-12-13,4.597323894500732
2016-12-14,74.25,2.3723866939544678,2017-12-14,4.6044840812683105
2016-12-15,74.25,2.427976608276367,2017-12-15,4.730170249938965
2016-12-16,74.25,2.469791889190674,2017-12-18,4.886724948883057
2016-12-19,74.25,2.499800443649292,2017-12-19,4.84252405166626
2016-12-20,77.38461538461539,2.5868725776672363,2017-12-20,4.859560966491699
2016-12-21,77.38461538461539,2.6031079292297363,2017-12-21,4.837091445922852
2016-12-22,77.38461538461539,2.634592294692993,2017-12-22,4.821782112121582
2016-12-23,77.38461538461539,2.7002663612365723,2017-12-26,4.8753662109375
2016-12-27,77.38461538461539,2.885728597640991,2017-12-27,4.868697166442871
2016-12-28,77.38461538461539,2.6872293949127197,2017-12-28,4.874377250671387
2016-12-29,77.38461538461539,2.740851402282715,2017-12-29,4.778075218200684
2016-12-30,77.38461538461539,2.62549090385437,2018-01-02,4.92252779006958
2017-01-03,77.38461538461539,2.5091471672058105,2018-01-03,5.246500492095947
2017-01-04,77.38461538461539,2.5676887035369873,2018-01-04,5.274155616760254
2017-01-05,77.38461538461539,2.502505302429199,2018-01-05,5.318850994110107
2017-01-06,77.38461538461539,2.5359575748443604,2018-01-08,5.481823444366455
2017-01-09,77.38461538461539,2.638772487640381,2018-01-09,5.48034143447876
2017-01-10,77.38461538461539,2.618849992752075,2018-01-10,5.523307800292969
2017-01-11,77.38461538461539,2.5866270065307617,2018-01-11,5.53318452835083
2017-01-12,77.38461538461539,2.544321060180664,2018-01-12,5.506021022796631
2017-01-13,77.38461538461539,2.544074773788452,2018-01-16,5.435154438018799
2017-01-17,77.38461538461539,2.487009286880493,2018-01-17,5.548986911773682
2017-01-18,77.38461538461539,2.5322682857513428,2018-01-18,5.542074680328369
2017-01-19,77.38461538461539,2.5866270065307617,2018-01-19,5.682084083557129
2017-01-20,77.38461538461539,2.5583410263061523,2018-01-22,5.77048397064209
2017-01-23,77.38461538461539,2.5849058628082275,2018-01-23,5.899379730224609
2017-01-24,77.38461538461539,2.640003204345703,2018-01-24,5.822585105895996
2017-01-25,77.38461538461539,2.651317596435547,2018-01-25,5.836167335510254
2017-01-26,77.38461538461539,2.697068929672241,2018-01-26,6.008524417877197
2017-01-27,77.38461538461539,2.7492148876190186,2018-01-29,6.09544038772583
2017-01-30,77.38461538461539,2.7061703205108643,2018-01-30,5.9934587478637695
2017-01-31,77.38461538461539,2.6855075359344482,2018-01-31,6.069512367248535
2017-02-01,77.38461538461539,2.802835702896118,2018-02-01,5.938642501831055
2017-02-02,77.38461538461539,2.8382554054260254,2018-02-02,5.766284465789795
2017-02-03,77.38461538461539,2.813412666320801,2018-02-05,5.276872634887695
2017-02-06,77.38461538461539,2.8854823112487793,2018-02-06,5.570225238800049
2017-02-07,80.5,2.930248737335205,2018-02-07,5.649735450744629
2017-02-08,80.5,2.9174582958221436,2018-02-08,5.371199131011963
2017-02-09,92.42857142857143,2.862607479095459,2018-02-09,5.7307281494140625
2017-02-10,92.42857142857143,2.7947187423706055,2018-02-12,5.630720138549805
2017-02-13,92.42857142857143,2.665830373764038,2018-02-13,5.74431037902832
2017-02-14,92.42857142857143,2.6756691932678223,2018-02-14,5.961359977722168
2017-02-15,92.42857142857143,2.6810805797576904,2018-02-15,6.086799621582031
2017-02-16,92.42857142857143,2.638035297393799,2018-02-16,6.021115779876709
2017-02-17,92.42857142857143,2.637542724609375,2018-02-20,6.150506496429443
2017-02-21,92.42857142857143,2.731996536254883,2018-02-21,5.963581562042236
2017-02-22,92.125,2.727809429168701,2018-02-22,5.983100891113281
2017-02-23,91.33333333333333,2.4748787879943848,2018-02-23,6.0764994621276855
2017-02-24,91.33333333333333,2.4987690448760986,2018-02-26,6.09255838394165
2017-02-27,91.33333333333333,2.571420907974243,2018-02-27,6.079711437225342
2017-02-28,91.33333333333333,2.499260425567627,2018-02-28,5.979395389556885
2017-03-01,91.33333333333333,2.5315232276916504,2018-03-01,5.737501621246338
2017-03-02,91.33333333333333,2.4381823539733887,2018-03-02,5.844486713409424
2017-03-03,91.33333333333333,2.424144744873047,2018-03-05,5.822497844696045
2017-03-06,91.33333333333333,2.4054272174835205,2018-03-06,5.983347415924072
2017-03-07,91.33333333333333,2.431779623031616,2018-03-07,5.975442886352539
2017-03-08,91.33333333333333,2.4273464679718018,2018-03-08,5.959133625030518
2017-03-09,91.33333333333333,2.426854372024536,2018-03-09,6.061674118041992
2017-03-10,91.33333333333333,2.44113826751709,2018-03-12,6.171130180358887
2017-03-13,91.33333333333333,2.508373260498047,2018-03-13,6.120479583740234
2017-03-14,91.33333333333333,2.5066497325897217,2018-03-14,6.145928859710693
2017-03-15,91.33333333333333,2.5256130695343018,2018-03-15,6.1607537269592285
2017-03-16,91.33333333333333,2.5566437244415283,2018-03-16,6.188920497894287
2017-03-17,91.33333333333333,2.6123037338256836,2018-03-19,5.954685688018799
2017-03-20,99.57142857142857,2.6955463886260986,2018-03-20,6.166682243347168
2017-03-21,99.57142857142857,2.608362913131714,2018-03-21,6.141481399536133
2017-03-22,99.57142857142857,2.661559820175171,2018-03-22,5.97568941116333
2017-03-23,99.57142857142857,2.6374242305755615,2018-03-23,5.756278038024902
2017-03-24,99.57142857142857,2.646782875061035,2018-03-26,6.040671348571777
2017-03-27,99.57142857142857,2.6659929752349854,2018-03-27,5.572203159332275
2017-03-28,99.57142857142857,2.6522016525268555,2018-03-28,5.469169616699219
2017-03-29,99.57142857142857,2.643580913543701,2018-03-29,5.7221808433532715
2017-03-30,99.57142857142857,2.694314956665039,2018-04-02,5.461756229400635
2017-03-31,99.57142857142857,2.6827404499053955,2018-04-02,5.461756229400635
2017-04-03,99.57142857142857,2.6691951751708984,2018-04-03,5.568002700805664
2017-04-04,99.57142857142857,2.4820210933685303,2018-04-04,5.589993000030518
2017-04-05,99.57142857142857,2.463549852371216,2018-04-05,5.469911575317383
2017-04-06,99.57142857142857,2.4815280437469482,2018-04-06,5.293740272521973
2017-04-07,99.57142857142857,2.4709384441375732,2018-04-09,5.322403430938721
2017-04-10,99.57142857142857,2.407890558242798,2018-04-10,5.631256103515625
2017-04-11,99.57142857142857,2.4165103435516357,2018-04-11,5.589993000030518
2017-04-12,99.57142857142857,2.39656138420105,2018-04-12,5.796553134918213
2017-04-13,99.57142857142857,2.351738452911377,2018-04-13,5.719958782196045
2017-04-17,99.57142857142857,2.443847417831421,2018-04-17,5.86919641494751
2017-04-18,99.57142857142857,2.445324659347534,2018-04-18,5.840287685394287
2017-04-19,99.57142857142857,2.454930067062378,2018-04-19,5.659176349639893
2017-04-20,99.57142857142857,2.4938418865203857,2018-04-20,5.6510233879089355
2017-04-21,99.57142857142857,2.5041873455047607,2018-04-23,5.53168249130249
2017-04-24,99.57142857142857,2.535463333129883,2018-04-24,5.465464115142822
2017-04-25,99.57142857142857,2.5795485973358154,2018-04-25,5.353288650512695
2017-04-26,99.57142857142857,2.561816692352295,2018-04-26,5.564790725708008
2017-04-27,99.57142857142857,2.601712942123413,2018-04-27,5.592216968536377
2017-04-28,99.57142857142857,2.5687122344970703,2018-04-30,5.556882858276367
2017-05-01,99.57142857142857,2.6263418197631836,2018-05-01,5.612229824066162
2017-05-02,99.57142857142857,2.5485167503356934,2018-05-02,5.591722011566162
2017-05-03,99.57142857142857,2.5674808025360107,2018-05-03,5.756772518157959
2017-05-04,99.57142857142857,2.557629346847534,2018-05-04,5.906752586364746
2017-05-05,99.57142857142857,2.5578761100769043,2018-05-07,6.144445419311523
2017-05-08,99.57142857142857,2.5310311317443848,2018-05-08,6.186944484710693
2017-05-09,99.57142857142857,2.535217046737671,2018-05-09,6.3198747634887695
2017-05-10,99.57142857142857,2.9871439933776855,2018-05-10,6.42735481262207
2017-05-11,104.16666666666667,3.1154561042785645,2018-05-11,6.288989543914795
2017-05-12,104.16666666666667,3.149688959121704,2018-05-14,6.309498310089111
2017-05-15,104.16666666666667,3.3078014850616455,2018-05-15,6.067356109619141
2017-05-16,104.16666666666667,3.369370698928833,2018-05-16,6.0784759521484375
2017-05-17,104.16666666666667,3.1455023288726807,2018-05-17,6.120479583740234
2017-05-18,104.16666666666667,3.2772624492645264,2018-05-18,6.076744556427002
2017-05-19,112.85714285714286,3.352950096130371,2018-05-21,6.034741401672363
2017-05-22,114.0,3.424447536468506,2018-05-22,5.996689796447754
2017-05-23,114.0,3.3783440589904785,2018-05-23,6.120059490203857
2017-05-24,114.0,3.4163119792938232,2018-05-24,6.1237688064575195
2017-05-25,114.0,3.4086687564849854,2018-05-25,6.163079261779785
2017-05-26,114.0,3.4969305992126465,2018-05-29,6.146020412445068
2017-05-30,114.0,3.5716323852539062,2018-05-30,6.254803657531738
2017-05-31,114.0,3.558812379837036,2018-05-31,6.235025882720947
2017-06-01,114.0,3.559058427810669,2018-06-01,6.3692731857299805
2017-06-02,114.0,3.541306972503662,2018-06-04,6.548024654388428
2017-06-05,114.0,3.64904522895813,2018-06-05,6.553464889526367
2017-06-06,114.0,3.6325275897979736,2018-06-06,6.555441856384277
2017-06-07,114.0,3.6764113903045654,2018-06-07,6.499815464019775
2017-06-08,114.0,3.9431681632995605,2018-06-08,6.484487056732178
2017-06-09,114.0,3.6882457733154297,2018-06-11,6.443443298339844
2017-06-12,115.0,3.6973674297332764,2018-06-12,6.491902828216553
2017-06-13,113.75,3.7326226234436035,2018-06-13,6.487451553344727
2017-06-14,113.75,3.7405123710632324,2018-06-14,6.598954677581787
2017-06-15,113.75,3.756537914276123,2018-06-15,6.558161735534668
2017-06-16,113.75,3.738046646118164,2018-06-18,6.553958892822266
2017-06-19,113.33333333333333,3.878575325012207,2018-06-19,6.432319164276123
2017-06-20,113.33333333333333,3.8729043006896973,2018-06-20,6.485227584838867
2017-06-21,113.33333333333333,3.9315807819366455,2018-06-21,6.35666561126709
2017-06-22,113.33333333333333,3.9044620990753174,2018-06-22,6.204366683959961
2017-06-23,113.33333333333333,3.792531967163086,2018-06-25,5.911890029907227
2017-06-26,113.33333333333333,3.7511143684387207,2018-06-26,5.982844829559326
2017-06-27,113.33333333333333,3.613790273666382,2018-06-27,5.827829837799072
2017-06-28,113.33333333333333,3.7412517070770264,2018-06-28,5.95490837097168
2017-06-29,113.33333333333333,3.616255760192871,2018-06-29,5.857004642486572
2017-06-30,113.33333333333333,3.5639898777008057,2018-07-02,5.989027976989746
2017-07-03,113.33333333333333,3.4350481033325195,2018-07-03,5.8555192947387695
2017-07-05,113.33333333333333,3.526761531829834,2018-07-05,6.00114107131958
2017-07-06,113.33333333333333,3.5373635292053223,2018-07-06,6.114868640899658
2017-07-07,113.33333333333333,3.6182281970977783,2018-07-09,6.162337779998779
2017-07-10,130.0,3.789327383041382,2018-07-10,6.261232376098633
2017-07-11,130.0,3.8430728912353516,2018-07-11,6.119813919067383
2017-07-12,130.0,4.006529331207275,2018-07-12,6.21129035949707
2017-07-13,130.0,3.9601800441741943,2018-07-13,6.164068698883057
2017-07-14,130.0,4.066685676574707,2018-07-16,6.136377811431885
2017-07-17,130.0,4.049427032470703,2018-07-17,6.272111892700195
2017-07-18,130.0,4.091585159301758,2018-07-18,6.222910404205322
2017-07-19,130.0,4.0703840255737305,2018-07-19,6.2310686111450195
2017-07-20,130.0,4.12955379486084,2018-07-20,6.20288610458374
2017-07-21,130.0,4.144344806671143,2018-07-23,6.166294574737549
2017-07-24,130.0,4.0962700843811035,2018-07-24,6.14898681640625
2017-07-25,130.0,4.0765461921691895,2018-07-25,6.227113723754883
2017-07-26,130.0,4.1236371994018555,2018-07-26,6.30054235458374
2017-07-27,130.0,3.9875457286834717,2018-07-27,6.2308220863342285
2017-07-28,130.0,4.052878379821777,2018-07-30,6.0357537269592285
2017-07-31,130.0,4.006529331207275,2018-07-31,6.0538010597229
2017-08-01,130.0,4.05534553527832,2018-08-01,6.093606472015381
2017-08-02,130.0,4.052878379821777,2018-08-02,6.196208477020264
2017-08-03,130.0,4.104405879974365,2018-08-03,6.2328009605407715
2017-08-04,130.0,4.122404098510742,2018-08-06,6.280516624450684
2017-08-07,130.0,4.2491254806518555,2018-08-07,6.35270881652832
2017-08-08,130.0,4.198585510253906,2018-08-08,6.389052867889404
2017-08-09,130.0,4.243209362030029,2018-08-09,6.34059476852417
2017-08-10,130.0,4.0615081787109375,2018-08-10,6.299307823181152
2017-08-11,136.42857142857142,3.845045566558838,2018-08-13,6.332188129425049
2017-08-14,143.125,4.151742458343506,2018-08-14,6.463471412658691
2017-08-15,143.125,4.116733551025391,2018-08-15,6.405368804931641
2017-08-16,143.125,4.0716166496276855,2018-08-16,6.3648247718811035
2017-08-17,143.125,3.9808881282806396,2018-08-17,6.052811145782471
2017-08-18,143.125,3.981628656387329,2018-08-20,6.127479076385498
2017-08-21,143.125,3.923691749572754,2018-08-21,6.262962818145752
2017-08-22,150.71428571428572,4.011043548583984,2018-08-22,6.497835159301758
2017-08-23,161.66666666666666,4.091241359710693,2018-08-23,6.59722375869751
2017-08-24,161.66666666666666,4.076185703277588,2018-08-24,6.73023796081543
2017-08-25,161.66666666666666,4.042134761810303,2018-08-27,6.821220397949219
2017-08-28,161.66666666666666,4.07075834274292,2018-08-28,6.783639430999756
2017-08-29,161.66666666666666,4.064096927642822,2018-08-29,6.889020919799805
2017-08-30,161.66666666666666,4.088279724121094,2018-08-30,6.872200012207031
2017-08-31,161.66666666666666,4.181060314178467,2018-08-31,6.94319486618042
2017-09-01,161.66666666666666,4.206228733062744,2018-09-04,7.017899990081787
2017-09-05,161.66666666666666,4.093955039978027,2018-09-05,6.887287616729736
2017-09-06,161.66666666666666,4.091485977172852,2018-09-06,6.7462873458862305
2017-09-07,161.66666666666666,4.1104865074157715,2018-09-07,6.725014686584473
2017-09-08,161.66666666666666,4.0391740798950195,2018-09-10,6.796009540557861
2017-09-11,161.66666666666666,4.170201301574707,2018-09-11,6.748266696929932
2017-09-12,161.66666666666666,4.185256004333496,2018-09-12,6.6344757080078125
2017-09-13,161.66666666666666,4.204008102416992,2018-09-13,6.712151527404785
2017-09-14,161.66666666666666,4.18007230758667,2018-09-14,6.838061809539795
2017-09-15,161.66666666666666,4.444349765777588,2018-09-17,6.776220321655273
2017-09-18,168.57142857142858,4.627936363220215,2018-09-18,6.704235076904297
2017-09-19,168.57142857142858,4.6230034828186035,2018-09-19,6.727982997894287
2017-09-20,168.57142857142858,4.5857415199279785,2018-09-20,6.586981773376465
2017-09-21,168.57142857142858,4.460388660430908,2018-09-21,6.516974925994873
2017-09-22,168.57142857142858,4.416959285736084,2018-09-24,6.572633266448975
2017-09-25,168.57142857142858,4.2195539474487305,2018-09-25,6.639671325683594
2017-09-26,168.57142857142858,4.2432427406311035,2018-09-26,6.602812767028809
2017-09-27,168.57142857142858,4.336269855499268,2018-09-27,6.614686489105225
2017-09-28,168.57142857142858,4.335036277770996,2018-09-28,6.95160436630249
2017-09-29,168.57142857142858,4.411285400390625,2018-10-01,7.15791130065918
2017-10-02,168.57142857142858,4.416959285736084,2018-10-02,7.086669445037842
2017-10-03,168.57142857142858,4.426089763641357,2018-10-03,7.092854022979736
2017-10-04,172.5,4.463103771209717,2018-10-04,6.908811569213867
2017-10-05,172.5,4.460635185241699,2018-10-05,6.675538539886475
2017-10-06,172.5,4.473714828491211,2018-10-08,6.574365615844727
2017-10-09,172.5,4.574638366699219,2018-10-09,6.568676471710205
2017-10-10,172.5,4.661990165710449,2018-10-10,6.077645778656006
2017-10-11,172.5,4.711587905883789,2018-10-11,5.816421985626221
2017-10-12,172.5,4.713809490203857,2018-10-12,6.0986714363098145
2017-10-13,172.5,4.80165433883667,2018-10-15,5.822607040405273
2017-10-16,172.5,4.884071350097656,2018-10-16,6.081108093261719
2017-10-17,172.5,4.879629135131836,2018-10-17,6.01258659362793
2017-10-18,172.5,4.875434398651123,2018-10-18,5.925264835357666
2017-10-19,172.5,4.88086462020874,2018-10-19,5.668990135192871
2017-10-20,172.5,4.858656406402588,2018-10-22,5.719700336456299
2017-10-23,172.5,4.851747035980225,2018-10-23,5.468371868133545
2017-10-24,172.5,4.902580261230469,2018-10-24,4.932814598083496
2017-10-25,172.5,4.77870512008667,2018-10-25,5.141347885131836
2017-10-26,172.5,4.828798770904541,2018-10-26,4.905109405517578
2017-10-27,172.5,4.981049060821533,2018-10-29,4.591691017150879
2017-10-30,172.5,5.029905319213867,2018-10-30,5.0216193199157715
2017-10-31,172.5,5.103193759918213,2018-10-31,5.215311527252197
2017-11-01,172.5,5.112816333770752,2018-11-01,5.395397663116455
2017-11-02,172.5,5.081724166870117,2018-11-02,5.31648588180542
2017-11-03,172.5,5.149582862854004,2018-11-05,5.238564491271973
2017-11-06,172.5,5.172778606414795,2018-11-06,5.221002101898193
2017-11-07,172.5,5.232000827789307,2018-11-07,5.288532257080078
2017-11-08,174.44444444444446,5.16118049621582,2018-11-08,5.095585346221924
2017-11-09,174.44444444444446,5.06642484664917,2018-11-09,5.087666988372803
2017-11-10,188.42857142857142,5.333416938781738,2018-11-12,4.688659191131592
2017-11-13,188.42857142857142,5.246805667877197,2018-11-13,4.930341720581055
2017-11-14,188.42857142857142,5.28505277633667,2018-11-14,4.877898693084717
2017-11-15,188.42857142857142,5.181414604187012,2018-11-15,5.006531715393066
2017-11-16,190.23076923076923,5.2216362953186035,2018-11-16,4.067511081695557
2017-11-17,194.5,5.2154669761657715,2018-11-19,3.579451084136963
2017-11-20,194.5,5.282586097717285,2018-11-20,3.6877989768981934
2017-11-21,194.5,5.3311967849731445,2018-11-21,3.579698085784912
2017-11-22,194.5,5.307244777679443,2018-11-23,3.586871385574341
2017-11-24,194.5,5.357370376586914,2018-11-26,3.7860052585601807
2017-11-27,194.5,5.287737846374512,2018-11-27,3.8028266429901123
2017-11-28,194.5,5.20304012298584,2018-11-28,3.9596593379974365
2017-11-29,194.5,4.8501787185668945,2018-11-29,3.8965163230895996
2017-11-30,194.5,4.956110000610352,2018-11-30,4.046820163726807
2017-12-01,194.5,4.881292819976807,2018-12-03,4.210496425628662
2017-12-04,194.5,4.6091766357421875,2018-12-04,3.8903257846832275
2017-12-05,194.5,4.635843753814697,2018-12-06,3.919545888900757
2017-12-06,194.5,4.673378944396973,2018-12-06,3.919545888900757
2017-12-07,194.5,4.740787982940674,2018-12-07,3.6550889015197754
2017-12-08,194.5,4.728443622589111,2018-12-10,3.760327100753784
2017-12-11,194.5,4.806718826293945,2018-12-11,3.6694507598876953
2017-12-12,194.5,4.712391376495361,2018-12-12,3.6870317459106445
2017-12-13,194.5,4.597323894500732,2018-12-13,3.686783790588379
2017-12-14,194.5,4.6044840812683105,2018-12-14,3.6263654232025146
2017-12-15,194.5,4.730170249938965,2018-12-17,3.5552990436553955
2017-12-18,194.5,4.886724948883057,2018-12-18,3.638498544692993
2017-12-19,194.5,4.84252405166626,2018-12-19,3.4297566413879395
2017-12-20,194.5,4.859560966491699,2018-12-20,3.3453187942504883
2017-12-21,194.5,4.837091445922852,2018-12-21,3.208386182785034
2017-12-22,194.5,4.821782112121582,2018-12-24,3.1467294692993164
2017-12-26,194.5,4.8753662109375,2018-12-26,3.295795202255249
2017-12-27,194.5,4.868697166442871,2018-12-27,3.24800443649292
2017-12-28,194.5,4.874377250671387,2018-12-28,3.3094141483306885
2017-12-29,194.5,4.778075218200684,2018-12-31,3.3056998252868652
2018-01-02,194.5,4.92252779006958,2019-01-02,3.3730528354644775
2018-01-03,194.5,5.246500492095947,2019-01-03,3.169262170791626
2018-01-04,194.5,5.274155616760254,2019-01-04,3.3723089694976807
2018-01-05,194.5,5.318850994110107,2019-01-07,3.550842046737671
2018-01-08,195.6153846153846,5.481823444366455,2019-01-08,3.46244215965271
2018-01-09,195.6153846153846,5.48034143447876,2019-01-09,3.5305371284484863
2018-01-10,195.6153846153846,5.523307800292969,2019-01-10,3.596156120300293
2018-01-11,195.6153846153846,5.53318452835083,2019-01-11,3.685298204421997
2018-01-12,195.6153846153846,5.506021022796631,2019-01-14,3.7251651287078857
2018-01-16,195.6153846153846,5.435154438018799,2019-01-16,3.6855459213256836
2018-01-17,195.6153846153846,5.548986911773682,2019-01-17,3.75685977935791
2018-01-18,195.6153846153846,5.542074680328369,2019-01-18,3.885868787765503
2018-01-19,195.6153846153846,5.682084083557129,2019-01-22,3.6838130950927734
2018-01-22,195.6153846153846,5.77048397064209,2019-01-22,3.6838130950927734
2018-01-23,195.6153846153846,5.899379730224609,2019-01-23,3.6966891288757324
2018-01-24,195.6153846153846,5.822585105895996,2019-01-24,3.908402442932129
2018-01-25,195.6153846153846,5.836167335510254,2019-01-25,3.965602397918701
2018-01-26,195.6153846153846,6.008524417877197,2019-01-28,3.4173760414123535
2018-01-29,195.6153846153846,6.09544038772583,2019-01-29,3.2586522102355957
2018-01-30,195.6153846153846,5.9934587478637695,2019-01-30,3.402024030685425
2018-01-31,195.6153846153846,6.069512367248535,2019-01-31,3.5595085620880127
2018-02-01,195.6153846153846,5.938642501831055,2019-02-01,3.583775043487549
2018-02-02,195.6153846153846,5.766284465789795,2019-02-04,3.6939644813537598
2018-02-05,195.6153846153846,5.276872634887695,2019-02-05,3.71303129196167
2018-02-06,195.6153846153846,5.570225238800049,2019-02-06,3.7885549068450928
2018-02-07,195.6153846153846,5.649735450744629,2019-02-07,3.6503844261169434
2018-02-08,210.8,5.371199131011963,2019-02-08,3.668955087661743
2018-02-09,225.4,5.7307281494140625,2019-02-11,3.6263654232025146
2018-02-12,227.92857142857142,5.630720138549805,2019-02-12,3.7432408332824707
2018-02-13,227.92857142857142,5.74431037902832,2019-02-13,3.785583734512329
2018-02-14,227.92857142857142,5.961359977722168,2019-02-14,3.8264410495758057
2018-02-15,227.92857142857142,6.086799621582031,2019-02-15,3.8960208892822266
2018-02-16,227.92857142857142,6.021115779876709,2019-02-19,3.878687858581543
2018-02-20,227.92857142857142,6.150506496429443,2019-02-20,3.925983190536499
2018-02-21,227.92857142857142,5.963581562042236,2019-02-21,3.857145071029663
2018-02-22,227.92857142857142,5.983100891113281,2019-02-22,3.94183087348938
2018-02-23,227.92857142857142,6.0764994621276855,2019-02-25,3.9294490814208984
2018-02-26,227.92857142857142,6.09255838394165,2019-02-26,3.890078067779541
2018-02-27,227.92857142857142,6.079711437225342,2019-02-27,3.848231077194214
2018-02-28,227.92857142857142,5.979395389556885,2019-02-28,3.8236913681030273
2018-03-01,227.92857142857142,5.737501621246338,2019-03-01,3.8779759407043457
2018-03-02,227.92857142857142,5.844486713409424,2019-03-04,3.886155128479004
2018-03-05,227.92857142857142,5.822497844696045,2019-03-05,3.879711151123047
2018-03-06,227.92857142857142,5.983347415924072,2019-03-06,3.768911361694336
2018-03-07,227.92857142857142,5.975442886352539,2019-03-07,3.6997556686401367
2018-03-08,227.92857142857142,5.959133625030518,2019-03-08,3.7339608669281006
2018-03-09,227.92857142857142,6.061674118041992,2019-03-11,3.9942283630371094
2018-03-12,227.92857142857142,6.171130180358887,2019-03-12,4.028435230255127
2018-03-13,227.92857142857142,6.120479583740234,2019-03-13,4.179638385772705
2018-03-14,227.92857142857142,6.145928859710693,2019-03-14,4.103788375854492
2018-03-15,227.92857142857142,6.1607537269592285,2019-03-15,4.209134101867676
2018-03-16,227.92857142857142,6.188920497894287,2019-03-18,4.187817573547363
2018-03-19,229.30769230769232,5.954685688018799,2019-03-19,4.355380058288574
2018-03-20,229.30769230769232,6.166682243347168,2019-03-20,4.322908878326416
2018-03-21,229.30769230769232,6.141481399536133,2019-03-21,4.559378147125244
2018-03-22,229.30769230769232,5.97568941116333,2019-03-22,4.399749279022217
2018-03-23,229.30769230769232,5.756278038024902,2019-03-25,4.307539939880371
2018-03-26,229.30769230769232,6.040671348571777,2019-03-26,4.384132385253906
2018-03-27,229.30769230769232,5.572203159332275,2019-03-27,4.374961853027344
2018-03-28,229.30769230769232,5.469169616699219,2019-03-28,4.393551349639893
2018-03-29,229.30769230769232,5.7221808433532715,2019-03-29,4.450809478759766
2018-04-02,229.30769230769232,5.461756229400635,2019-04-02,4.536080360412598
2018-04-03,231.75,5.568002700805664,2019-04-03,4.675384044647217
2018-04-04,231.75,5.589993000030518,2019-04-04,4.666460037231445
2018-04-05,233.15384615384616,5.469911575317383,2019-04-05,4.733138561248779
2018-04-06,233.15384615384616,5.293740272521973,2019-04-08,4.753957748413086
2018-04-09,234.92857142857142,5.322403430938721,2019-04-09,4.691248416900635
2018-04-10,234.92857142857142,5.631256103515625,2019-04-10,4.761643886566162
2018-04-11,234.92857142857142,5.589993000030518,2019-04-11,4.7477641105651855
2018-04-12,234.92857142857142,5.796553134918213,2019-04-12,4.709837913513184
2018-04-13,234.92857142857142,5.719958782196045,2019-04-15,4.578216552734375
2018-04-16,234.92857142857142,5.719710350036621,2019-04-16,4.665221214294434
2018-04-17,234.92857142857142,5.86919641494751,2019-04-17,4.642415523529053
2018-04-18,234.92857142857142,5.840287685394287,2019-04-18,4.617877960205078
2018-04-19,234.92857142857142,5.659176349639893,2019-04-22,4.671665668487549
2018-04-20,234.92857142857142,5.6510233879089355,2019-04-22,4.671665668487549
2018-04-23,234.92857142857142,5.53168249130249,2019-04-23,4.726197242736816
2018-04-24,234.92857142857142,5.465464115142822,2019-04-24,4.73859167098999
2018-04-25,234.92857142857142,5.353288650512695,2019-04-25,4.632996559143066
2018-04-26,234.92857142857142,5.564790725708008,2019-04-26,4.414373397827148
2018-04-27,234.92857142857142,5.592216968536377,2019-04-29,4.445108890533447
2018-04-30,234.92857142857142,5.556882858276367,2019-04-30,4.48650598526001
2018-05-01,234.92857142857142,5.612229824066162,2019-05-01,4.473368167877197
2018-05-02,234.92857142857142,5.591722011566162,2019-05-02,4.5407891273498535
2018-05-03,234.92857142857142,5.756772518157959,2019-05-03,4.536327362060547
2018-05-04,234.92857142857142,5.906752586364746,2019-05-06,4.457998752593994
2018-05-07,234.92857142857142,6.144445419311523,2019-05-07,4.290933132171631
2018-05-08,238.5,6.186944484710693,2019-05-08,4.311010360717773
2018-05-09,238.5,6.3198747634887695,2019-05-09,4.218552589416504
2018-05-10,252.33333333333334,6.42735481262207,2019-05-10,4.184596538543701
2018-05-11,261.4166666666667,6.288989543914795,2019-05-13,3.927551031112671
2018-05-14,261.4166666666667,6.309498310089111,2019-05-14,4.016538619995117
2018-05-15,261.4166666666667,6.067356109619141,2019-05-15,3.9555599689483643
2018-05-16,261.4166666666667,6.0784759521484375,2019-05-16,3.970679521560669
2018-05-17,267.6666666666667,6.120479583740234,2019-05-17,3.8799588680267334
2018-05-18,267.6666666666667,6.076744556427002,2019-05-20,3.7614758014678955
2018-05-21,267.6666666666667,6.034741401672363,2019-05-21,3.8435213565826416
2018-05-22,267.6666666666667,5.996689796447754,2019-05-22,3.772630453109741
2018-05-23,267.6666666666667,6.120059490203857,2019-05-23,3.6516685485839844
2018-05-24,267.6666666666667,6.1237688064575195,2019-05-24,3.597879409790039
2018-05-25,267.6666666666667,6.163079261779785,2019-05-28,3.552766799926758
2018-05-29,267.6666666666667,6.146020412445068,2019-05-29,3.4786524772644043
2018-05-30,267.6666666666667,6.254803657531738,2019-05-30,3.4521002769470215
2018-05-31,267.6666666666667,6.235025882720947,2019-05-31,3.361522674560547
2018-06-01,267.6666666666667,6.3692731857299805,2019-06-03,3.3198320865631104
2018-06-04,267.6666666666667,6.548024654388428,2019-06-04,3.5486326217651367
2018-06-05,267.6666666666667,6.553464889526367,2019-06-05,3.5059502124786377
2018-06-06,267.6666666666667,6.555441856384277,2019-06-06,3.567988634109497
2018-06-07,267.6666666666667,6.499815464019775,2019-06-07,3.6106715202331543
2018-06-08,267.6666666666667,6.484487056732178,2019-06-10,3.6833813190460205
2018-06-11,267.6666666666667,6.443443298339844,2019-06-11,3.7409534454345703
2018-06-12,267.6666666666667,6.491902828216553,2019-06-12,3.628041982650757
2018-06-13,267.6666666666667,6.487451553344727,2019-06-13,3.6791629791259766
2018-06-14,267.6666666666667,6.598954677581787,2019-06-14,3.589329719543457
2018-06-15,267.6666666666667,6.558161735534668,2019-06-17,3.599008083343506
2018-06-18,267.6666666666667,6.553958892822266,2019-06-18,3.7938106060028076
2018-06-19,267.6666666666667,6.432319164276123,2019-06-19,3.7997665405273438
2018-06-20,267.6666666666667,6.485227584838867,2019-06-20,3.824084997177124
2018-06-21,267.6666666666667,6.35666561126709,2019-06-21,3.7660176753997803
2018-06-22,267.6666666666667,6.204366683959961,2019-06-24,3.788351535797119
2018-06-25,267.6666666666667,5.911890029907227,2019-06-25,3.7590689659118652
2018-06-26,270.85714285714283,5.982844829559326,2019-06-26,3.952134370803833
2018-06-27,270.85714285714283,5.827829837799072,2019-06-27,4.050652503967285
2018-06-28,270.85714285714283,5.95490837097168,2019-06-28,4.075467586517334
2018-06-29,270.85714285714283,5.857004642486572,2019-07-01,4.123610496520996
2018-07-02,270.85714285714283,5.989027976989746,2019-07-02,4.02583646774292
2018-07-03,270.85714285714283,5.8555192947387695,2019-07-03,4.038740158081055
2018-07-05,270.85714285714283,6.00114107131958,2019-07-05,3.9762051105499268
2018-07-06,270.85714285714283,6.114868640899658,2019-07-08,3.9012622833251953
2018-07-09,270.85714285714283,6.162337779998779,2019-07-09,3.903743028640747
2018-07-10,270.85714285714283,6.261232376098633,2019-07-10,3.971986770629883
2018-07-11,270.85714285714283,6.119813919067383,2019-07-11,4.126340389251709
2018-07-12,270.85714285714283,6.21129035949707,2019-07-12,4.1593451499938965
2018-07-13,270.85714285714283,6.164068698883057,2019-07-15,4.150908470153809
2018-07-16,270.85714285714283,6.136377811431885,2019-07-16,4.14619255065918
2018-07-17,270.85714285714283,6.272111892700195,2019-07-17,4.211458683013916
2018-07-18,270.85714285714283,6.222910404205322,2019-07-18,4.223120212554932
2018-07-19,270.85714285714283,6.2310686111450195,2019-07-19,4.179942607879639
2018-07-20,270.85714285714283,6.20288610458374,2019-07-22,4.251411437988281
2018-07-23,270.85714285714283,6.166294574737549,2019-07-23,4.359109878540039
2018-07-24,270.85714285714283,6.14898681640625,2019-07-24,4.433557510375977
2018-07-25,270.85714285714283,6.227113723754883,2019-07-25,4.302529811859131
2018-07-26,270.85714285714283,6.30054235458374,2019-07-26,4.34446907043457
2018-07-27,270.85714285714283,6.2308220863342285,2019-07-29,4.338264465332031
2018-07-30,270.85714285714283,6.0357537269592285,2019-07-30,4.353898048400879
2018-07-31,270.85714285714283,6.0538010597229,2019-07-31,4.186887741088867
2018-08-01,270.85714285714283,6.093606472015381,2019-08-01,4.092591762542725
2018-08-02,270.85714285714283,6.196208477020264,2019-08-02,4.000030040740967
2018-08-03,270.85714285714283,6.2328009605407715,2019-08-05,3.7419466972351074
2018-08-06,270.85714285714283,6.280516624450684,2019-08-06,3.780658483505249
2018-08-07,270.85714285714283,6.35270881652832,2019-08-07,3.8188745975494385
2018-08-08,270.85714285714283,6.389052867889404,2019-08-08,3.927318811416626
2018-08-09,279.8888888888889,6.34059476852417,2019-08-09,3.8260700702667236
2018-08-10,279.8888888888889,6.299307823181152,2019-08-12,3.758324146270752
2018-08-13,279.8888888888889,6.332188129425049,2019-08-13,3.8724758625030518
2018-08-14,279.8888888888889,6.463471412658691,2019-08-14,3.724078893661499
2018-08-15,283.4,6.405368804931641,2019-08-15,3.6918187141418457
2018-08-16,283.4,6.3648247718811035,2019-08-16,3.9595789909362793
2018-08-17,280.3636363636364,6.052811145782471,2019-08-19,4.238010883331299
2018-08-20,280.3636363636364,6.127479076385498,2019-08-20,4.165798187255859
2018-08-21,280.3636363636364,6.262962818145752,2019-08-21,4.249176502227783
2018-08-22,280.3636363636364,6.497835159301758,2019-08-22,4.255380153656006
2018-08-23,280.3636363636364,6.59722375869751,2019-08-23,4.031047344207764
2018-08-24,280.3636363636364,6.73023796081543,2019-08-26,4.105742454528809
2018-08-27,280.3636363636364,6.821220397949219,2019-08-27,4.015166282653809
2018-08-28,280.3636363636364,6.783639430999756,2019-08-28,4.004733085632324
2018-08-29,280.3636363636364,6.889020919799805,2019-08-29,4.148310661315918
2018-08-30,280.3636363636364,6.872200012207031,2019-08-30,4.160977363586426
2018-08-31,280.3636363636364,6.94319486618042,2019-09-03,4.078011989593506
2018-09-04,280.3636363636364,7.017899990081787,2019-09-04,4.192027568817139
2018-09-05,280.3636363636364,6.887287616729736,2019-09-05,4.464774131774902
2018-09-06,280.3636363636364,6.7462873458862305,2019-09-06,4.437698841094971
2018-09-07,280.3636363636364,6.725014686584473,2019-09-09,4.483652114868164
2018-09-10,280.3636363636364,6.796009540557861,2019-09-10,4.550222873687744
2018-09-11,280.3636363636364,6.748266696929932,2019-09-11,4.578789234161377
2018-09-12,280.3636363636364,6.6344757080078125,2019-09-12,4.57729959487915
2018-09-13,280.3636363636364,6.712151527404785,2019-09-13,4.519421577453613
2018-09-14,280.3636363636364,6.838061809539795,2019-09-16,4.476448059082031
2018-09-17,280.3636363636364,6.776220321655273,2019-09-17,4.497810363769531
2018-09-18,280.3636363636364,6.704235076904297,2019-09-18,4.470733642578125
2018-09-19,280.3636363636364,6.727982997894287,2019-09-19,4.39522123336792
2018-09-20,280.3636363636364,6.586981773376465,2019-09-20,4.289649486541748
2018-09-21,280.3636363636364,6.516974925994873,2019-09-23,4.3430562019348145
2018-09-24,280.3636363636364,6.572633266448975,2019-09-24,4.285676002502441
2018-09-25,280.3636363636364,6.639671325683594,2019-09-25,4.427263259887695
2018-09-26,280.3636363636364,6.602812767028809,2019-09-26,4.405155658721924
2018-09-27,280.3636363636364,6.614686489105225,2019-09-27,4.266549587249756
2018-09-28,280.3636363636364,6.95160436630249,2019-09-30,4.323929786682129
2018-10-01,280.3636363636364,7.15791130065918,2019-10-01,4.322189807891846
2018-10-02,280.3636363636364,7.086669445037842,2019-10-02,4.298346519470215
2018-10-03,283.4,7.092854022979736,2019-10-03,4.503771781921387
2018-10-04,283.4,6.908811569213867,2019-10-04,4.520167350769043
2018-10-05,283.4,6.675538539886475,2019-10-07,4.578789234161377
2018-10-08,286.22222222222223,6.574365615844727,2019-10-08,4.402423858642578
2018-10-09,286.22222222222223,6.568676471710205,2019-10-09,4.48886775970459
2018-10-10,286.22222222222223,6.077645778656006,2019-10-10,4.546497821807861
2018-10-11,286.22222222222223,5.816421985626221,2019-10-11,4.620023250579834
2018-10-12,286.22222222222223,6.0986714363098145,2019-10-14,4.633437633514404
2018-10-15,286.22222222222223,5.822607040405273,2019-10-15,4.877864360809326
2018-10-16,286.22222222222223,6.081108093261719,2019-10-16,4.824211120605469
2018-10-17,286.22222222222223,6.01258659362793,2019-10-17,4.826198577880859
2018-10-18,286.22222222222223,5.925264835357666,2019-10-18,4.731803894042969
2018-10-19,286.22222222222223,5.668990135192871,2019-10-21,4.868922233581543
2018-10-22,286.22222222222223,5.719700336456299,2019-10-22,4.858987331390381
2018-10-23,286.22222222222223,5.468371868133545,2019-10-23,4.846069812774658
2018-10-24,286.22222222222223,4.932814598083496,2019-10-24,4.890036582946777
2018-10-25,286.22222222222223,5.141347885131836,2019-10-25,5.080810070037842
2018-10-26,286.22222222222223,4.905109405517578,2019-10-28,5.136700630187988
2018-10-29,286.22222222222223,4.591691017150879,2019-10-29,5.040568828582764
2018-10-30,283.1,5.0216193199157715,2019-10-30,5.04255485534668
2018-10-31,283.1,5.215311527252197,2019-10-31,4.993371963500977
2018-11-01,283.1,5.395397663116455,2019-11-01,5.0323710441589355
2018-11-02,283.1,5.31648588180542,2019-11-04,5.228857517242432
2018-11-05,287.8888888888889,5.238564491271973,2019-11-05,5.206749439239502
2018-11-06,287.8888888888889,5.221002101898193,2019-11-06,5.157567024230957
2018-11-07,287.8888888888889,5.288532257080078,2019-11-07,5.175203323364258
2018-11-08,283.57142857142856,5.095585346221924,2019-11-08,5.16129207611084
2018-11-09,283.57142857142856,5.087666988372803,2019-11-11,5.171227931976318
2018-11-12,281.875,4.688659191131592,2019-11-12,5.206749439239502
2018-11-13,277.22222222222223,4.930341720581055,2019-11-13,5.180915832519531
2018-11-14,271.25,4.877898693084717,2019-11-14,5.211221218109131
2018-11-15,271.25,5.006531715393066,2019-11-15,5.072116374969482
2018-11-16,241.72222222222223,4.067511081695557,2019-11-18,5.273073196411133
2018-11-19,241.72222222222223,3.579451084136963,2019-11-19,5.166507720947266
2018-11-20,241.72222222222223,3.6877989768981934,2019-11-20,5.245748043060303
2018-11-21,241.72222222222223,3.579698085784912,2019-11-21,5.220908164978027
2018-11-23,241.72222222222223,3.586871385574341,2019-11-25,5.4948954582214355
2018-11-26,240.8421052631579,3.7860052585601807,2019-11-26,5.390318870544434
2018-11-27,240.8421052631579,3.8028266429901123,2019-11-27,5.425120830535889
2018-11-28,240.8421052631579,3.9596593379974365,2019-11-29,5.3878326416015625
2018-11-29,240.8421052631579,3.8965163230895996,2019-11-29,5.3878326416015625
2018-11-30,240.8421052631579,4.046820163726807,2019-12-02,5.201642036437988
2018-12-03,240.8421052631579,4.210496425628662,2019-12-03,5.1621174812316895
2018-12-04,240.8421052631579,3.8903257846832275,2019-12-04,5.205867767333984
2018-12-06,240.8421052631579,3.919545888900757,2019-12-06,5.274229049682617
2018-12-07,240.8421052631579,3.6550889015197754,2019-12-09,5.274229049682617
2018-12-10,240.8421052631579,3.760327100753784,2019-12-10,5.319222450256348
2018-12-11,240.8421052631579,3.6694507598876953,2019-12-11,5.402747631072998
2018-12-12,240.3,3.6870317459106445,2019-12-12,5.570044994354248
2018-12-13,240.3,3.686783790588379,2019-12-13,5.568056583404541
2018-12-14,240.3,3.6263654232025146,2019-12-16,5.5968918800354
2018-12-17,240.3,3.5552990436553955,2019-12-17,5.674948215484619
2018-12-18,240.3,3.638498544692993,2019-12-18,5.70527458190918
2018-12-19,240.3,3.4297566413879395,2019-12-19,5.853184223175049
2018-12-20,240.3,3.3453187942504883,2019-12-20,5.950381278991699
2018-12-21,240.3,3.208386182785034,2019-12-23,5.936707019805908
2018-12-24,234.77777777777777,3.1467294692993164,2019-12-24,5.931735992431641
2018-12-26,234.77777777777777,3.295795202255249,2019-12-26,5.945905685424805
2018-12-27,232.94736842105263,3.24800443649292,2019-12-27,5.888235092163086
2018-12-28,232.94736842105263,3.3094141483306885,2019-12-30,5.775128364562988
2018-12-31,232.94736842105263,3.3056998252868652,2019-12-31,5.849206924438477
2019-01-02,232.94736842105263,3.3730528354644775,2020-01-02,5.963803768157959
2019-01-03,232.94736842105263,3.169262170791626,2020-01-03,5.86834716796875
2019-01-04,232.94736842105263,3.3723089694976807,2020-01-06,5.892956733703613
2019-01-07,232.94736842105263,3.550842046737671,2020-01-07,5.964300632476807
2019-01-08,232.94736842105263,3.46244215965271,2020-01-08,5.975487232208252
2019-01-09,232.94736842105263,3.5305371284484863,2020-01-09,6.04111385345459
2019-01-10,232.94736842105263,3.596156120300293,2020-01-10,6.073428630828857
2019-01-11,232.94736842105263,3.685298204421997,2020-01-13,6.263845920562744
2019-01-14,232.94736842105263,3.7251651287078857,2020-01-14,6.147010326385498
2019-01-15,232.94736842105263,3.711050510406494,2020-01-15,6.104501724243164
2019-01-16,232.94736842105263,3.6855459213256836,2020-01-16,6.188028335571289
2019-01-17,232.94736842105263,3.75685977935791,2020-01-17,6.196727275848389
2019-01-18,232.94736842105263,3.885868787765503,2020-01-21,6.163417339324951
2019-01-22,232.94736842105263,3.6838130950927734,2020-01-22,6.217360019683838
2019-01-23,232.94736842105263,3.6966891288757324,2020-01-23,6.285721778869629
2019-01-24,232.94736842105263,3.908402442932129,2020-01-24,6.226557731628418
2019-01-25,232.94736842105263,3.965602397918701,2020-01-27,5.971013069152832
2019-01-28,232.94736842105263,3.4173760414123535,2020-01-28,6.164163112640381
2019-01-29,226.38095238095238,3.2586522102355957,2020-01-29,6.103756904602051
2019-01-30,226.38095238095238,3.402024030685425,2020-01-30,6.110469818115234
2019-01-31,226.38095238095238,3.5595085620880127,2020-01-31,5.87729549407959
2019-02-01,226.38095238095238,3.583775043487549,2020-02-03,5.974243640899658
2019-02-04,226.38095238095238,3.6939644813537598,2020-02-04,6.143281936645508
2019-02-05,226.38095238095238,3.71303129196167,2020-02-05,6.233517646789551
2019-02-06,226.38095238095238,3.7885549068450928,2020-02-06,6.320274829864502
2019-02-07,226.38095238095238,3.6503844261169434,2020-02-07,6.254151821136475
2019-02-08,226.38095238095238,3.668955087661743,2020-02-10,6.537042140960693
2019-02-11,224.04545454545453,3.6263654232025146,2020-02-11,6.65934419631958
2019-02-12,219.71428571428572,3.7432408332824707,2020-02-12,6.774936676025391
2019-02-13,219.71428571428572,3.785583734512329,2020-02-13,6.731185436248779
2019-02-14,218.2,3.8264410495758057,2020-02-14,7.203746318817139
2019-02-15,218.2,3.8960208892822266,2020-02-18,7.372286796569824
2019-02-19,218.2,3.878687858581543,2020-02-19,7.822971820831299
2019-02-20,218.2,3.925983190536499,2020-02-20,7.673820495605469
2019-02-21,218.2,3.857145071029663,2020-02-21,7.310139179229736
2019-02-22,217.0952380952381,3.94183087348938,2020-02-24,6.793332099914551
2019-02-25,217.0952380952381,3.9294490814208984,2020-02-25,6.514170169830322
2019-02-26,217.0952380952381,3.890078067779541,2020-02-26,6.653378009796143
2019-02-27,217.0952380952381,3.848231077194214,2020-02-27,6.283013343811035
2019-02-28,217.0952380952381,3.8236913681030273,2020-02-28,6.7175517082214355
2019-03-01,217.0952380952381,3.8779759407043457,2020-03-02,6.87574577331543
2019-03-04,217.0952380952381,3.886155128479004,2020-03-03,6.613580703735352
2019-03-05,217.0952380952381,3.879711151123047,2020-03-04,7.076722621917725
2019-03-06,217.0952380952381,3.768911361694336,2020-03-05,6.797644138336182
2019-03-07,217.0952380952381,3.6997556686401367,2020-03-06,6.617313861846924
2019-03-08,217.0952380952381,3.7339608669281006,2020-03-09,6.104921340942383
2019-03-11,217.0952380952381,3.9942283630371094,2020-03-10,6.493940830230713
2019-03-12,217.0952380952381,4.028435230255127,2020-03-11,6.130539894104004
2019-03-13,217.0952380952381,4.179638385772705,2020-03-12,5.3803582191467285
2019-03-14,217.0952380952381,4.103788375854492,2020-03-13,5.99050235748291
2019-03-15,217.0952380952381,4.209134101867676,2020-03-16,4.885130882263184
2019-03-18,217.0952380952381,4.187817573547363,2020-03-17,5.404236793518066
2019-03-19,217.0952380952381,4.355380058288574,2020-03-18,5.044817924499512
2019-03-20,217.0952380952381,4.322908878326416,2020-03-19,5.297282695770264
2019-03-21,217.0952380952381,4.559378147125244,2020-03-20,5.117696762084961
2019-03-22,217.0952380952381,4.399749279022217,2020-03-23,5.290317058563232
2019-03-25,217.0952380952381,4.307539939880371,2020-03-24,6.197947025299072
2019-03-26,216.3181818181818,4.384132385253906,2020-03-25,6.1093974113464355
2019-03-27,216.3181818181818,4.374961853027344,2020-03-26,6.398426532745361
2019-03-28,216.3181818181818,4.393551349639893,2020-03-27,6.2862467765808105
2019-03-29,216.3181818181818,4.450809478759766,2020-03-30,6.606118679046631
2019-04-01,216.3181818181818,4.518232345581055,2020-03-31,6.556621551513672
2019-04-02,216.3181818181818,4.536080360412598,2020-04-01,6.045969009399414
2019-04-03,213.30434782608697,4.675384044647217,2020-04-02,6.354401111602783
2019-04-04,213.30434782608697,4.666460037231445,2020-04-03,6.066863536834717
2019-04-05,213.30434782608697,4.733138561248779,2020-04-06,6.676013469696045
2019-04-08,213.30434782608697,4.753957748413086,2020-04-07,6.442949295043945
2019-04-09,213.30434782608697,4.691248416900635,2020-04-08,6.639946460723877
2019-04-10,213.30434782608697,4.761643886566162,2020-04-09,6.5404534339904785
2019-04-11,213.30434782608697,4.7477641105651855,2020-04-13,6.712080478668213
2019-04-12,211.5,4.709837913513184,2020-04-13,6.712080478668213
2019-04-15,211.5,4.578216552734375,2020-04-14,7.062794208526611
2019-04-16,211.5,4.665221214294434,2020-04-15,6.985438823699951
2019-04-17,211.5,4.642415523529053,2020-04-16,7.330183029174805
2019-04-18,211.5,4.617877960205078,2020-04-17,7.270984649658203
2019-04-22,211.5,4.671665668487549,2020-04-21,6.703622817993164
2019-04-23,211.5,4.726197242736816,2020-04-22,7.1175150871276855
2019-04-24,211.5,4.73859167098999,2020-04-23,7.064285755157471
2019-04-25,211.5,4.632996559143066,2020-04-24,7.203079700469971
2019-04-26,211.5,4.414373397827148,2020-04-27,7.389381408691406
2019-04-29,209.6086956521739,4.445108890533447,2020-04-28,7.247105598449707
2019-04-30,209.6086956521739,4.48650598526001,2020-04-29,7.423707485198975
2019-05-01,209.6086956521739,4.473368167877197,2020-04-30,7.2699875831604
2019-05-02,209.6086956521739,4.5407891273498535,2020-05-01,7.033693313598633
2019-05-03,209.6086956521739,4.536327362060547,2020-05-04,7.245365142822266
2019-05-06,209.6086956521739,4.457998752593994,2020-05-05,7.306304931640625
2019-05-07,209.6086956521739,4.290933132171631,2020-05-06,7.407041072845459
2019-05-08,207.3181818181818,4.311010360717773,2020-05-07,7.583144664764404
2019-05-09,207.3181818181818,4.218552589416504,2020-05-08,7.772928714752197
2019-05-10,207.3181818181818,4.184596538543701,2020-05-11,8.024646759033203
2019-05-13,201.0,3.927551031112671,2020-05-12,7.762979030609131
2019-05-14,198.45454545454547,4.016538619995117,2020-05-13,7.740593910217285
2019-05-15,198.45454545454547,3.9555599689483643,2020-05-14,7.989823341369629
2019-05-16,182.08333333333334,3.970679521560669,2020-05-15,8.44774341583252
2019-05-17,183.07692307692307,3.8799588680267334,2020-05-18,8.705926895141602
2019-05-20,183.07692307692307,3.7614758014678955,2020-05-19,8.760899543762207
2019-05-21,183.07692307692307,3.8435213565826416,2020-05-20,8.924567222595215
2019-05-22,183.07692307692307,3.772630453109741,2020-05-21,8.730803489685059
2019-05-23,183.07692307692307,3.6516685485839844,2020-05-22,8.9805326461792
2019-05-24,183.07692307692307,3.597879409790039,2020-05-26,8.673592567443848
2019-05-28,179.58333333333334,3.552766799926758,2020-05-27,8.482068061828613
2019-05-29,179.58333333333334,3.4786524772644043,2020-05-28,8.444012641906738
2019-05-30,179.58333333333334,3.4521002769470215,2020-05-29,8.830546379089355
2019-05-31,179.58333333333334,3.361522674560547,2020-06-01,8.761643409729004
2019-06-03,179.58333333333334,3.3198320865631104,2020-06-02,8.780547142028809
2019-06-04,179.58333333333334,3.5486326217651367,2020-06-03,8.725081443786621
2019-06-05,179.58333333333334,3.5059502124786377,2020-06-04,8.72607707977295
2019-06-06,179.6153846153846,3.567988634109497,2020-06-05,8.878868103027344
2019-06-07,179.6153846153846,3.6106715202331543,2020-06-08,8.764400482177734
2019-06-10,179.6153846153846,3.6833813190460205,2020-06-09,9.004286766052246
2019-06-11,175.41666666666666,3.7409534454345703,2020-06-10,9.323556900024414
2019-06-12,175.41666666666666,3.628041982650757,2020-06-11,8.755691528320312
2019-06-13,175.41666666666666,3.6791629791259766,2020-06-12,8.891313552856445
2019-06-14,175.41666666666666,3.589329719543457,2020-06-15,9.131448745727539
2019-06-17,175.41666666666666,3.599008083343506,2020-06-16,9.026684761047363
2019-06-18,175.41666666666666,3.7938106060028076,2020-06-17,9.193410873413086
2019-06-19,175.41666666666666,3.7997665405273438,2020-06-18,9.175495147705078
2019-06-20,175.41666666666666,3.824084997177124,2020-06-19,9.218546867370605
2019-06-21,175.41666666666666,3.7660176753997803,2020-06-22,9.482821464538574
2019-06-24,175.41666666666666,3.788351535797119,2020-06-23,9.406425476074219
2019-06-25,175.41666666666666,3.7590689659118652,2020-06-24,9.192914962768555
2019-06-26,173.1818181818182,3.952134370803833,2020-06-25,9.44624137878418
2019-06-27,174.08333333333334,4.050652503967285,2020-06-26,9.112786293029785
2019-06-28,174.08333333333334,4.075467586517334,2020-06-29,9.157576560974121
2019-07-01,174.08333333333334,4.123610496520996,2020-06-30,9.453954696655273
2019-07-02,174.08333333333334,4.02583646774292,2020-07-01,9.486056327819824
2019-07-03,174.08333333333334,4.038740158081055,2020-07-02,9.567928314208984
2019-07-05,174.08333333333334,3.9762051105499268,2020-07-06,9.793882369995117
2019-07-08,174.08333333333334,3.9012622833251953,2020-07-07,9.826231956481934
2019-07-09,174.08333333333334,3.903743028640747,2020-07-08,10.168891906738281
2019-07-10,174.08333333333334,3.971986770629883,2020-07-09,10.460541725158691
2019-07-11,175.30769230769232,4.126340389251709,2020-07-10,10.430929183959961
2019-07-12,175.30769230769232,4.1593451499938965,2020-07-13,10.005899429321289
2019-07-15,175.30769230769232,4.150908470153809,2020-07-14,10.329153060913086
2019-07-16,175.30769230769232,4.14619255065918,2020-07-15,10.18009090423584
2019-07-17,175.30769230769232,4.211458683013916,2020-07-16,10.088018417358398
2019-07-18,175.30769230769232,4.223120212554932,2020-07-17,10.154458999633789
2019-07-19,175.30769230769232,4.179942607879639,2020-07-20,10.462284088134766
2019-07-22,175.30769230769232,4.251411437988281,2020-07-21,10.280872344970703
2019-07-23,175.30769230769232,4.359109878540039,2020-07-22,10.390616416931152
2019-07-24,175.30769230769232,4.433557510375977,2020-07-23,10.083041191101074
2019-07-25,175.30769230769232,4.302529811859131,2020-07-24,10.147491455078125
2019-07-26,175.30769230769232,4.34446907043457,2020-07-27,10.37344741821289
2019-07-29,177.36363636363637,4.338264465332031,2020-07-28,10.16839599609375
2019-07-30,177.36363636363637,4.353898048400879,2020-07-29,10.417242050170898
2019-07-31,177.36363636363637,4.186887741088867,2020-07-30,10.565057754516602
2019-08-01,177.36363636363637,4.092591762542725,2020-07-31,10.56580638885498
2019-08-02,177.36363636363637,4.000030040740967,2020-08-03,10.959480285644531
2019-08-05,177.36363636363637,3.7419466972351074,2020-08-04,11.175979614257812
2019-08-06,177.36363636363637,3.780658483505249,2020-08-05,11.234703063964844
2019-08-07,177.36363636363637,3.8188745975494385,2020-08-06,11.283232688903809
2019-08-08,177.36363636363637,3.927318811416626,2020-08-07,11.147858619689941
2019-08-09,177.36363636363637,3.8260700702667236,2020-08-10,11.113515853881836
2019-08-12,177.6,3.758324146270752,2020-08-11,10.799970626831055
2019-08-13,177.6,3.8724758625030518,2020-08-12,11.387499809265137
2019-08-14,177.6,3.724078893661499,2020-08-13,11.39023494720459
2019-08-15,177.6,3.6918187141418457,2020-08-14,11.5106782913208
2019-08-16,177.8181818181818,3.9595789909362793,2020-08-17,12.280112266540527
2019-08-19,177.8181818181818,4.238010883331299,2020-08-18,12.204216003417969
2019-08-20,177.8181818181818,4.165798187255859,2020-08-19,12.082527160644531
2019-08-21,177.8181818181818,4.249176502227783,2020-08-20,12.085018157958984
2019-08-22,176.1,4.255380153656006,2020-08-21,12.625016212463379
2019-08-23,176.1,4.031047344207764,2020-08-24,12.661596298217773
2019-08-26,176.1,4.105742454528809,2020-08-25,12.691210746765137
2019-08-27,176.1,4.015166282653809,2020-08-26,12.714102745056152
2019-08-28,176.1,4.004733085632324,2020-08-27,12.570019721984863
2019-08-29,176.1,4.148310661315918,2020-08-28,13.087125778198242
2019-08-30,176.1,4.160977363586426,2020-08-31,13.312829971313477
2019-09-03,176.1,4.078011989593506,2020-09-02,14.284621238708496
2019-09-04,176.1,4.192027568817139,2020-09-03,12.95936107635498
2019-09-05,176.1,4.464774131774902,2020-09-04,12.5680570602417
2019-09-06,176.1,4.437698841094971,2020-09-08,11.861614227294922
2019-09-09,176.1,4.483652114868164,2020-09-08,11.861614227294922
2019-09-10,176.1,4.550222873687744,2020-09-09,12.66015625
2019-09-11,176.1,4.578789234161377,2020-09-10,12.258645057678223
2019-09-12,176.1,4.57729959487915,2020-09-11,12.112031936645508
2019-09-13,176.1,4.519421577453613,2020-09-14,12.816727638244629
2019-09-16,176.1,4.476448059082031,2020-09-15,12.934964179992676
2019-09-17,176.1,4.497810363769531,2020-09-16,12.460521697998047
2019-09-18,176.1,4.470733642578125,2020-09-17,12.409740447998047
2019-09-19,176.1,4.39522123336792,2020-09-18,12.136675834655762
2019-09-20,176.1,4.289649486541748,2020-09-21,12.463262557983398
2019-09-23,177.7,4.3430562019348145,2020-09-22,12.583240509033203
2019-09-24,177.7,4.285676002502441,2020-09-23,12.071459770202637
2019-09-25,177.7,4.427263259887695,2020-09-24,12.294740676879883
2019-09-26,177.7,4.405155658721924,2020-09-25,12.81822395324707
2019-09-27,177.7,4.266549587249756,2020-09-28,12.978776931762695
2019-09-30,177.7,4.323929786682129,2020-09-29,13.16870403289795
2019-10-01,181.11111111111111,4.322189807891846,2020-09-30,13.472139358520508
2019-10-02,181.11111111111111,4.298346519470215,2020-10-01,13.555776596069336
2019-10-03,181.11111111111111,4.503771781921387,2020-10-02,13.005908966064453
2019-10-04,181.11111111111111,4.520167350769043,2020-10-05,13.583654403686523
2019-10-07,188.36363636363637,4.578789234161377,2020-10-06,13.677250862121582
2019-10-08,188.36363636363637,4.402423858642578,2020-10-07,13.903768539428711
2019-10-09,188.36363636363637,4.48886775970459,2020-10-08,13.779059410095215
2019-10-10,190.2,4.546497821807861,2020-10-09,13.703388214111328
2019-10-11,190.2,4.620023250579834,2020-10-12,14.164640426635742
2019-10-14,190.2,4.633437633514404,2020-10-13,14.186793327331543
2019-10-15,197.66666666666666,4.877864360809326,2020-10-14,14.034455299377441
2019-10-16,197.66666666666666,4.824211120605469,2020-10-15,13.909745216369629
2019-10-17,197.66666666666666,4.826198577880859,2020-10-16,13.75192642211914
2019-10-18,197.66666666666666,4.731803894042969,2020-10-19,13.439530372619629
2019-10-21,197.66666666666666,4.868922233581543,2020-10-20,13.586644172668457
2019-10-22,199.3846153846154,4.858987331390381,2020-10-21,13.466413497924805
2019-10-23,199.3846153846154,4.846069812774658,2020-10-22,13.30337142944336
2019-10-24,199.3846153846154,4.890036582946777,2020-10-23,13.531633377075195
2019-10-25,199.3846153846154,5.080810070037842,2020-10-26,13.084568977355957
2019-10-28,199.3846153846154,5.136700630187988,2020-10-27,13.338968276977539
2019-10-29,199.3846153846154,5.040568828582764,2020-10-28,12.57253646850586
2019-10-30,199.3846153846154,5.04255485534668,2020-10-29,12.967824935913086
2019-10-31,199.3846153846154,4.993371963500977,2020-10-30,12.479935646057129
2019-11-01,199.3846153846154,5.0323710441589355,2020-11-02,12.52648639678955
2019-11-04,199.3846153846154,5.228857517242432,2020-11-03,12.963343620300293
2019-11-05,199.3846153846154,5.206749439239502,2020-11-04,13.734752655029297
2019-11-06,199.3846153846154,5.157567024230957,2020-11-05,14.09892463684082
2019-11-07,199.3846153846154,5.175203323364258,2020-11-06,14.499190330505371
2019-11-08,199.3846153846154,5.16129207611084,2020-11-09,13.5719575881958
2019-11-11,208.23076923076923,5.171227931976318,2020-11-10,12.714919090270996
2019-11-12,213.13333333333333,5.206749439239502,2020-11-11,13.360125541687012
2019-11-13,213.13333333333333,5.180915832519531,2020-11-12,13.398706436157227
2019-11-14,214.42857142857142,5.211221218109131,2020-11-13,13.239646911621094
2019-11-15,223.64,5.072116374969482,2020-11-16,13.45695686340332
2019-11-18,223.64,5.273073196411133,2020-11-17,13.364358901977539
2019-11-19,223.64,5.166507720947266,2020-11-18,13.370828628540039
2019-11-20,223.64,5.245748043060303,2020-11-19,13.382279396057129
2019-11-21,223.64,5.220908164978027,2020-11-20,13.031296730041504
2019-11-22,223.64,5.2385454177856445,2020-11-23,13.083325386047363
2019-11-25,225.92592592592592,5.4948954582214355,2020-11-24,12.90185832977295
2019-11-26,225.92592592592592,5.390318870544434,2020-11-25,13.177665710449219
2019-11-27,225.92592592592592,5.425120830535889,2020-11-27,13.204050064086914
2019-11-29,225.92592592592592,5.3878326416015625,2020-11-30,13.343696594238281
2019-12-02,225.92592592592592,5.201642036437988,2020-12-01,13.332249641418457
2019-12-03,225.92592592592592,5.1621174812316895,2020-12-02,13.48608112335205
2019-12-04,227.69230769230768,5.205867767333984,2020-12-03,13.34216022491455
2019-12-05,227.69230769230768,5.188964366912842,2020-12-04,13.503759384155273
2019-12-06,227.69230769230768,5.274229049682617,2020-12-07,13.552063941955566
2019-12-09,227.69230769230768,5.274229049682617,2020-12-08,13.296345710754395
2019-12-10,227.69230769230768,5.319222450256348,2020-12-09,12.878780364990234
2019-12-11,227.69230769230768,5.402747631072998,2020-12-10,12.920112609863281
2019-12-12,227.69230769230768,5.570044994354248,2020-12-11,12.960947036743164
2019-12-13,227.69230769230768,5.568056583404541,2020-12-14,13.25526237487793
2019-12-16,227.69230769230768,5.5968918800354,2020-12-15,13.306803703308105
2019-12-17,228.5185185185185,5.674948215484619,2020-12-16,13.189277648925781
2019-12-18,228.5185185185185,5.70527458190918,2020-12-17,13.28763198852539
2019-12-19,228.5185185185185,5.853184223175049,2020-12-18,13.218660354614258
2019-12-20,230.0,5.950381278991699,2020-12-21,13.278667449951172
2019-12-23,230.0,5.936707019805908,2020-12-22,13.224881172180176
2019-12-24,230.0,5.931735992431641,2020-12-23,12.956964492797852
2019-12-26,231.7037037037037,5.945905685424805,2020-12-28,12.848153114318848
2019-12-27,231.7037037037037,5.888235092163086,2020-12-28,12.848153114318848
2019-12-30,231.7037037037037,5.775128364562988,2020-12-29,12.891229629516602
2019-12-31,233.25,5.849206924438477,2020-12-30,13.092915534973145
2020-01-02,233.25,5.963803768157959,2021-01-04,13.060794830322266
2020-01-03,233.25,5.86834716796875,2021-01-04,13.060794830322266
2020-01-06,233.25,5.892956733703613,2021-01-05,13.350874900817871
2020-01-07,233.25,5.964300632476807,2021-01-06,12.563801765441895
2020-01-08,234.85185185185185,5.975487232208252,2021-01-07,13.29037094116211
2020-01-09,234.85185185185185,6.04111385345459,2021-01-08,13.22339153289795
2020-01-10,237.17857142857142,6.073428630828857,2021-01-11,13.566754341125488
2020-01-13,241.36666666666667,6.263845920562744,2021-01-12,13.43055534362793
2020-01-14,241.36666666666667,6.147010326385498,2021-01-13,13.477363586425781
2020-01-15,242.4516129032258,6.104501724243164,2021-01-14,13.147194862365723
2020-01-16,242.4516129032258,6.188028335571289,2021-01-15,12.807818412780762
2020-01-17,242.4516129032258,6.196727275848389,2021-01-19,12.972902297973633
2020-01-21,242.4516129032258,6.163417339324951,2021-01-20,13.312031745910645
2020-01-22,242.4516129032258,6.217360019683838,2021-01-21,13.81176471710205
2020-01-23,244.25,6.285721778869629,2021-01-22,13.657389640808105
2020-01-24,244.25,6.226557731628418,2021-01-25,13.598376274108887
2020-01-27,244.25,5.971013069152832,2021-01-26,13.381251335144043
2020-01-28,244.25,6.164163112640381,2021-01-27,12.865833282470703
2020-01-29,244.25,6.103756904602051,2021-01-28,12.998546600341797
2020-01-30,244.25,6.110469818115234,2021-01-29,12.937542915344238
2020-01-31,244.25,5.87729549407959,2021-02-01,13.183797836303711
2020-02-03,244.25,5.974243640899658,2021-02-02,13.502265930175781
2020-02-04,244.25,6.143281936645508,2021-02-03,13.476119995117188
2020-02-05,244.25,6.233517646789551,2021-02-04,13.609333038330078
2020-02-06,244.25,6.320274829864502,2021-02-05,13.536376953125
2020-02-07,244.25,6.254151821136475,2021-02-08,14.380721092224121
2020-02-10,245.96969696969697,6.537042140960693,2021-02-09,14.205926895141602
2020-02-11,248.77142857142857,6.65934419631958,2021-02-10,14.704910278320312
2020-02-12,251.67567567567568,6.774936676025391,2021-02-11,15.189454078674316
2020-02-13,256.4736842105263,6.731185436248779,2021-02-12,14.901117324829102
2020-02-14,269.5,7.203746318817139,2021-02-16,15.268636703491211
2020-02-18,270.9387755102041,7.372286796569824,2021-02-17,14.846092224121094
2020-02-19,272.72,7.822971820831299,2021-02-18,14.769402503967285
2020-02-20,272.72,7.673820495605469,2021-02-19,14.866510391235352
2020-02-21,272.72,7.310139179229736,2021-02-22,14.298053741455078
2020-02-24,272.72,6.793332099914551,2021-02-23,14.085160255432129
2020-02-25,271.88235294117646,6.514170169830322,2021-02-24,14.440725326538086
2020-02-26,271.88235294117646,6.653378009796143,2021-02-25,13.254015922546387
2020-02-27,271.88235294117646,6.283013343811035,2021-02-26,13.659380912780762
2020-02-28,271.88235294117646,6.7175517082214355,2021-03-01,13.786117553710938
2020-03-02,271.88235294117646,6.87574577331543,2021-03-02,13.35236930847168
2020-03-03,271.88235294117646,6.613580703735352,2021-03-03,12.75328540802002
2020-03-04,271.88235294117646,7.076722621917725,2021-03-04,12.32053279876709
2020-03-05,271.88235294117646,6.797644138336182,2021-03-05,12.411417961120605
2020-03-06,271.88235294117646,6.617313861846924,2021-03-08,11.546655654907227
2020-03-09,271.88235294117646,6.104921340942383,2021-03-09,12.474233627319336
2020-03-10,271.88235294117646,6.493940830230713,2021-03-10,12.422425270080566
2020-03-11,271.88235294117646,6.130539894104004,2021-03-11,12.945743560791016
2020-03-12,271.88235294117646,5.3803582191467285,2021-03-12,12.80875015258789
2020-03-13,271.88235294117646,5.99050235748291,2021-03-15,13.142765998840332
2020-03-16,271.88235294117646,4.885130882263184,2021-03-16,13.242401123046875
2020-03-17,271.88235294117646,5.404236793518066,2021-03-17,13.292217254638672
2020-03-18,271.8076923076923,5.044817924499512,2021-03-18,12.675740242004395
2020-03-19,271.8076923076923,5.297282695770264,2021-03-19,12.798537254333496
2020-03-20,271.9622641509434,5.117696762084961,2021-03-22,13.137787818908691
2020-03-23,273.03846153846155,5.290317058563232,2021-03-23,13.022711753845215
2020-03-24,272.9811320754717,6.197947025299072,2021-03-24,12.596532821655273
2020-03-25,272.9811320754717,6.1093974113464355,2021-03-25,12.489178657531738
2020-03-26,272.9811320754717,6.398426532745361,2021-03-26,12.792060852050781
2020-03-27,272.9811320754717,6.2862467765808105,2021-03-29,12.900659561157227
2020-03-30,272.9811320754717,6.606118679046631,2021-03-30,12.824441909790039
2020-03-31,274.037037037037,6.556621551513672,2021-03-31,13.29919147491455
2020-04-01,274.037037037037,6.045969009399414,2021-04-01,13.760986328125
2020-04-02,274.037037037037,6.354401111602783,2021-04-05,13.936090469360352
2020-04-03,274.037037037037,6.066863536834717,2021-04-05,13.936090469360352
2020-04-06,276.0769230769231,6.676013469696045,2021-04-06,13.810553550720215
2020-04-07,276.0769230769231,6.442949295043945,2021-04-07,14.09151840209961
2020-04-08,276.0769230769231,6.639946460723877,2021-04-08,14.264381408691406
2020-04-09,276.0769230769231,6.5404534339904785,2021-04-09,14.347075462341309
2020-04-13,277.72,6.712080478668213,2021-04-13,15.621871948242188
2020-04-14,277.72,7.062794208526611,2021-04-14,15.220852851867676
2020-04-15,277.72,6.985438823699951,2021-04-15,16.077939987182617
2020-04-16,277.72,7.330183029174805,2021-04-16,15.854019165039062
2020-04-17,278.7450980392157,7.270984649658203,2021-04-19,15.305291175842285
2020-04-20,279.92,7.139901161193848,2021-04-20,15.11549186706543
2020-04-21,279.92,6.703622817993164,2021-04-21,15.304048538208008
2020-04-22,279.92,7.1175150871276855,2021-04-22,14.795672416687012
2020-04-23,279.92,7.064285755157471,2021-04-23,15.209147453308105
2020-04-24,279.92,7.203079700469971,2021-04-26,15.421113014221191
2020-04-27,279.92,7.389381408691406,2021-04-27,15.325221061706543
2020-04-28,279.96078431372547,7.247105598449707,2021-04-28,15.220602989196777
2020-04-29,279.96078431372547,7.423707485198975,2021-04-29,15.268425941467285
2020-04-30,279.96078431372547,7.2699875831604,2021-04-30,14.954334259033203
2020-05-01,279.96078431372547,7.033693313598633,2021-05-03,14.782220840454102
2020-05-04,281.40384615384613,7.245365142822266,2021-05-04,14.298504829406738
2020-05-05,281.40384615384613,7.306304931640625,2021-05-05,14.405359268188477
2020-05-06,281.40384615384613,7.407041072845459,2021-05-06,14.469624519348145
2020-05-07,282.2641509433962,7.583144664764404,2021-05-07,14.7578125
2020-05-08,282.2641509433962,7.772928714752197,2021-05-10,14.213318824768066
2020-05-11,288.0,8.024646759033203,2021-05-11,14.253668785095215
2020-05-12,288.0,7.762979030609131,2021-05-12,13.707934379577637
2020-05-13,289.01960784313724,7.740593910217285,2021-05-13,13.61502456665039
2020-05-14,303.775,7.989823341369629,2021-05-14,14.190653800964355
2020-05-15,304.4146341463415,8.44774341583252,2021-05-17,14.113435745239258
2020-05-18,307.2857142857143,8.705926895141602,2021-05-18,13.964238166809082
2020-05-19,311.3863636363636,8.760899543762207,2021-05-19,14.014055252075195
2020-05-20,311.3863636363636,8.924567222595215,2021-05-20,14.558794975280762
2020-05-21,311.3863636363636,8.730803489685059,2021-05-21,14.936649322509766
2020-05-22,328.7931034482759,8.9805326461792,2021-05-24,15.554618835449219
2020-05-26,332.0,8.673592567443848,2021-05-26,15.642298698425293
2020-05-27,332.0,8.482068061828613,2021-05-27,15.431076049804688
2020-05-28,332.0,8.444012641906738,2021-05-28,16.18479347229004
2020-05-29,332.0,8.830546379089355,2021-06-01,16.204723358154297
2020-06-01,332.0,8.761643409729004,2021-06-01,16.204723358154297
2020-06-02,332.0,8.780547142028809,2021-06-02,16.716585159301758
2020-06-03,332.0,8.725081443786621,2021-06-03,16.90738296508789
2020-06-04,332.0,8.72607707977295,2021-06-04,17.513647079467773
2020-06-05,332.0,8.878868103027344,2021-06-07,17.554243087768555
2020-06-08,332.0,8.764400482177734,2021-06-08,17.392845153808594
2020-06-09,332.0,9.004286766052246,2021-06-09,17.29841423034668
2020-06-10,332.0,9.323556900024414,2021-06-10,17.36493682861328
2020-06-11,332.0,8.755691528320312,2021-06-11,17.763805389404297
2020-06-12,332.0,8.891313552856445,2021-06-14,17.956640243530273
2020-06-15,333.4642857142857,9.131448745727539,2021-06-15,17.727184295654297
2020-06-16,334.280701754386,9.026684761047363,2021-06-16,17.74886131286621
2020-06-17,335.67241379310343,9.193410873413086,2021-06-17,18.592939376831055
2020-06-18,336.82456140350877,9.175495147705078,2021-06-18,18.574501037597656
2020-06-19,336.82456140350877,9.218546867370605,2021-06-21,18.363733291625977
2020-06-22,336.82456140350877,9.482821464538574,2021-06-22,18.821645736694336
2020-06-23,336.82456140350877,9.406425476074219,2021-06-23,18.991558074951172
2020-06-24,336.82456140350877,9.192914962768555,2021-06-24,19.139301300048828
2020-06-25,336.82456140350877,9.44624137878418,2021-06-25,18.96540069580078
2020-06-26,336.82456140350877,9.112786293029785,2021-06-28,19.91611099243164
2020-06-29,337.92857142857144,9.157576560974121,2021-06-29,19.957721710205078
2020-06-30,337.92857142857144,9.453954696655273,2021-06-30,19.933551788330078
2020-07-01,337.92857142857144,9.486056327819824,2021-07-01,20.1423282623291
2020-07-02,337.92857142857144,9.567928314208984,2021-07-02,20.416379928588867
2020-07-06,337.92857142857144,9.793882369995117,2021-07-06,20.627155303955078
2020-07-07,340.0701754385965,9.826231956481934,2021-07-07,20.301528930664062
2020-07-08,340.0701754385965,10.168891906738281,2021-07-08,19.834144592285156
2020-07-09,340.7857142857143,10.460541725158691,2021-07-09,19.981136322021484
2020-07-10,343.57894736842104,10.430929183959961,2021-07-12,20.441795349121094
2020-07-13,345.1636363636364,10.005899429321289,2021-07-13,20.180198669433594
2020-07-14,346.462962962963,10.329153060913086,2021-07-14,19.77310562133789
2020-07-15,346.462962962963,10.18009090423584,2021-07-15,18.900875091552734
2020-07-16,346.462962962963,10.088018417358398,2021-07-16,18.098398208618164
2020-07-17,346.462962962963,10.154458999633789,2021-07-19,18.715017318725586
2020-07-20,348.3454545454546,10.462284088134766,2021-07-20,18.5478458404541
2020-07-21,348.3454545454546,10.280872344970703,2021-07-21,19.343095779418945
2020-07-22,349.24074074074076,10.390616416931152,2021-07-22,19.526456832885742
2020-07-23,349.24074074074076,10.083041191101074,2021-07-23,19.490581512451172
2020-07-24,349.24074074074076,10.147491455078125,2021-07-26,19.22749900817871
2020-07-27,349.24074074074076,10.37344741821289,2021-07-27,19.141788482666016
2020-07-28,349.24074074074076,10.16839599609375,2021-07-28,19.43577766418457
2020-07-29,349.24074074074076,10.417242050170898,2021-07-29,19.59422492980957
2020-07-30,349.24074074074076,10.565057754516602,2021-07-30,19.431793212890625
2020-07-31,349.24074074074076,10.56580638885498,2021-08-02,19.68192481994629
2020-08-03,349.24074074074076,10.959480285644531,2021-08-03,19.746706008911133
2020-08-04,349.24074074074076,11.175979614257812,2021-08-04,20.204118728637695
2020-08-05,349.24074074074076,11.234703063964844,2021-08-05,20.56586456298828
2020-08-06,349.24074074074076,11.283232688903809,2021-08-06,20.295795440673828
2020-08-07,349.24074074074076,11.147858619689941,2021-08-09,20.225046157836914
2020-08-10,352.3137254901961,11.113515853881836,2021-08-10,19.867284774780273
2020-08-11,354.3469387755102,10.799970626831055,2021-08-11,19.6310977935791
2020-08-12,356.36170212765956,11.387499809265137,2021-08-12,19.836387634277344
2020-08-13,369.9736842105263,11.39023494720459,2021-08-13,20.118412017822266
2020-08-14,373.3076923076923,11.5106782913208,2021-08-16,19.8812313079834
2020-08-17,377.6666666666667,12.280112266540527,2021-08-17,19.390926361083984
2020-08-18,378.13157894736844,12.204216003417969,2021-08-18,18.974369049072266
2020-08-19,378.13157894736844,12.082527160644531,2021-08-19,19.72974967956543
2020-08-20,421.2549019607843,12.085018157958984,2021-08-20,20.744247436523438
2020-08-21,421.2549019607843,12.625016212463379,2021-08-23,21.882307052612305
2020-08-24,425.08,12.661596298217773,2021-08-24,21.717880249023438
2020-08-25,425.08,12.691210746765137,2021-08-25,22.136432647705078
2020-08-26,425.08,12.714102745056152,2021-08-26,21.991933822631836
2020-08-27,425.08,12.570019721984863,2021-08-27,22.557981491088867
2020-08-28,425.08,13.087125778198242,2021-08-30,22.60979461669922
2020-08-31,425.08,13.312829971313477,2021-08-31,22.31177520751953
2020-09-01,425.08,13.761387825012207,2021-09-01,22.367589950561523
2020-09-02,444.5357142857143,14.284621238708496,2021-09-02,22.322738647460938
2020-09-03,444.5357142857143,12.95936107635498,2021-09-03,22.76827621459961
2020-09-04,444.5357142857143,12.5680570602417,2021-09-07,22.587867736816406
2020-09-08,444.5357142857143,11.861614227294922,2021-09-08,22.26592254638672
2020-09-09,444.5357142857143,12.66015625,2021-09-09,22.104455947875977
2020-09-10,444.5357142857143,12.258645057678223,2021-09-10,22.404468536376953
2020-09-11,444.5357142857143,12.112031936645508,2021-09-13,22.07953643798828
2020-09-14,448.6666666666667,12.816727638244629,2021-09-14,22.16924476623535
2020-09-15,457.0,12.934964179992676,2021-09-15,22.26791763305664
2020-09-16,457.0,12.460521697998047,2021-09-16,22.16924476623535
2020-09-17,460.10526315789474,12.409740447998047,2021-09-17,21.828359603881836
2020-09-18,460.10526315789474,12.136675834655762,2021-09-20,21.043935775756836
2020-09-21,463.5,12.463262557983398,2021-09-21,21.17650032043457
2020-09-22,463.5,12.583240509033203,2021-09-22,21.869224548339844
2020-09-23,463.5,12.071459770202637,2021-09-23,22.4084529876709
2020-09-24,463.5,12.294740676879883,2021-09-24,22.008766174316406
2020-09-25,463.5,12.81822395324707,2021-09-27,21.589147567749023
2020-09-28,465.92727272727274,12.978776931762695,2021-09-28,20.63129234313965
2020-09-29,465.92727272727274,13.16870403289795,2021-09-29,20.449886322021484
2020-09-30,465.92727272727274,13.472139358520508,2021-09-30,20.648231506347656
2020-10-01,465.92727272727274,13.555776596069336,2021-10-01,20.67414665222168
2020-10-02,465.92727272727274,13.005908966064453,2021-10-04,19.667451858520508
2020-10-05,465.92727272727274,13.583654403686523,2021-10-05,20.38409996032715
2020-10-06,475.77966101694915,13.677250862121582,2021-10-06,20.632291793823242
2020-10-07,475.77966101694915,13.903768539428711,2021-10-07,21.00605583190918
2020-10-08,475.77966101694915,13.779059410095215,2021-10-08,20.762855529785156
2020-10-09,475.77966101694915,13.703388214111328,2021-10-11,20.627302169799805
2020-10-12,478.23333333333335,14.164640426635742,2021-10-12,20.603378295898438
2020-10-13,478.23333333333335,14.186793327331543,2021-10-13,20.870498657226562
2020-10-14,478.23333333333335,14.034455299377441,2021-10-14,21.674863815307617
2020-10-15,480.7457627118644,13.909745216369629,2021-10-15,21.79048728942871
2020-10-16,480.7457627118644,13.75192642211914,2021-10-18,22.149307250976562
2020-10-19,480.7457627118644,13.439530372619629,2021-10-19,22.217086791992188
2020-10-20,480.7457627118644,13.586644172668457,2021-10-20,22.030696868896484
2020-10-21,480.7457627118644,13.466413497924805,2021-10-21,22.61777114868164
2020-10-22,480.7457627118644,13.30337142944336,2021-10-22,22.65165901184082
2020-10-23,480.7457627118644,13.531633377075195,2021-10-25,23.090219497680664
2020-10-26,484.17241379310343,13.084568977355957,2021-10-26,24.636144638061523
2020-10-27,484.17241379310343,13.338968276977539,2021-10-27,24.371017456054688
2020-10-28,484.17241379310343,12.57253646850586,2021-10-28,24.859411239624023
2020-10-29,484.17241379310343,12.967824935913086,2021-10-29,25.48336410522461
2020-10-30,484.17241379310343,12.479935646057129,2021-11-01,25.742511749267578
2020-11-02,486.43859649122805,12.52648639678955,2021-11-02,26.31463623046875
2020-11-03,486.43859649122805,12.963343620300293,2021-11-03,26.510990142822266
2020-11-04,489.2857142857143,13.734752655029297,2021-11-04,29.703514099121094
2020-11-05,489.2857142857143,14.09892463684082,2021-11-05,29.65467643737793
2020-11-06,489.2857142857143,14.499190330505371,2021-11-08,30.703235626220703
2020-11-09,491.6363636363636,13.5719575881958,2021-11-09,30.556711196899414
2020-11-10,494.44444444444446,12.714919090270996,2021-11-10,29.362634658813477
2020-11-11,494.44444444444446,13.360125541687012,2021-11-11,30.290586471557617
2020-11-12,497.54716981132077,13.398706436157227,2021-11-12,30.290586471557617
2020-11-13,497.54716981132077,13.239646911621094,2021-11-15,29.926780700683594
2020-11-16,503.0,13.45695686340332,2021-11-16,30.10420036315918
2020-11-17,503.0,13.364358901977539,2021-11-17,29.1652774810791
2020-11-18,503.0,13.370828628540039,2021-11-18,31.571380615234375
2020-11-19,557.525,13.382279396057129,2021-11-19,32.877098083496094
2020-11-20,557.525,13.031296730041504,2021-11-22,31.851457595825195
2020-11-23,562.5128205128206,13.083325386047363,2021-11-23,31.64215087890625
2020-11-24,562.5128205128206,12.90185832977295,2021-11-24,32.567108154296875
2020-11-25,562.5128205128206,13.177665710449219,2021-11-26,31.399948120117188
2020-11-27,562.5128205128206,13.204050064086914,2021-11-29,33.266815185546875
2020-11-30,562.5128205128206,13.343696594238281,2021-11-30,32.56910705566406
2020-12-01,562.5128205128206,13.332249641418457,2021-12-01,31.336002349853516
2020-12-02,562.5128205128206,13.48608112335205,2021-12-02,32.02483367919922
2020-12-03,562.5128205128206,13.34216022491455,2021-12-03,30.596336364746094
2020-12-04,562.5128205128206,13.503759384155273,2021-12-06,29.94240951538086
2020-12-07,562.5128205128206,13.552063941955566,2021-12-07,32.32487106323242
2020-12-08,562.5128205128206,13.296345710754395,2021-12-08,31.72577667236328
2020-12-09,562.5128205128206,12.878780364990234,2021-12-09,30.393980026245117
2020-12-10,562.5128205128206,12.920112609863281,2021-12-10,30.102901458740234
2020-12-11,562.5128205128206,12.960947036743164,2021-12-13,28.072315216064453
2020-12-14,567.3157894736842,13.25526237487793,2021-12-14,28.247760772705078
2020-12-15,571.4324324324324,13.306803703308105,2021-12-15,30.363075256347656
2020-12-16,571.4324324324324,13.189277648925781,2021-12-16,28.297603607177734
2020-12-17,571.4324324324324,13.28763198852539,2021-12-17,27.713451385498047
2020-12-18,571.4324324324324,13.218660354614258,2021-12-20,27.631710052490234
2020-12-21,571.4324324324324,13.278667449951172,2021-12-21,28.98343849182129
2020-12-22,571.4324324324324,13.224881172180176,2021-12-22,29.30741310119629
2020-12-23,571.4324324324324,12.956964492797852,2021-12-23,29.546661376953125
2020-12-24,571.4324324324324,12.941526412963867,2021-12-27,30.84754753112793
2020-12-28,571.4324324324324,12.848153114318848,2021-12-28,30.226511001586914
2020-12-29,571.4324324324324,12.891229629516602,2021-12-29,29.906517028808594
2020-12-30,571.4324324324324,13.092915534973145,2021-12-30,29.492828369140625
2020-12-31,571.4324324324324,13.002530097961426,2021-12-31,29.318376541137695
2021-01-04,574.5277777777778,13.060794830322266,2022-01-04,29.19776153564453
2021-01-05,574.5277777777778,13.350874900817871,2022-01-05,27.517070770263672
2021-01-06,574.5277777777778,12.563801765441895,2022-01-06,28.08926010131836
2021-01-07,576.6571428571428,13.29037094116211,2022-01-07,27.16119384765625
2021-01-08,576.6571428571428,13.22339153289795,2022-01-10,27.313711166381836
2021-01-11,576.6571428571428,13.566754341125488,2022-01-11,27.729398727416992
2021-01-12,576.6571428571428,13.43055534362793,2022-01-12,27.91082763671875
2021-01-13,576.6571428571428,13.477363586425781,2022-01-13,26.491317749023438
2021-01-14,576.6571428571428,13.147194862365723,2022-01-14,26.85715675354004
2021-01-15,580.5405405405405,12.807818412780762,2022-01-18,25.821428298950195
2021-01-19,584.1666666666666,12.972902297973633,2022-01-19,24.988061904907227
2021-01-20,584.1666666666666,13.312031745910645,2022-01-20,24.073942184448242
2021-01-21,584.1666666666666,13.81176471710205,2022-01-21,23.30039405822754
2021-01-22,584.1666666666666,13.657389640808105,2022-01-24,23.29839515686035
2021-01-25,584.1666666666666,13.598376274108887,2022-01-25,22.25369644165039
2021-01-26,584.5945945945946,13.381251335144043,2022-01-26,22.700286865234375
2021-01-27,584.5945945945946,12.865833282470703,2022-01-27,21.87489128112793
2021-01-28,584.5945945945946,12.998546600341797,2022-01-28,22.7680721282959
2021-01-29,584.5945945945946,12.937542915344238,2022-01-31,24.40888786315918
2021-02-01,584.5945945945946,13.183797836303711,2022-02-01,24.560409545898438
2021-02-02,584.5945945945946,13.502265930175781,2022-02-02,25.162508010864258
2021-02-03,584.5945945945946,13.476119995117188,2022-02-03,23.87257957458496
2021-02-04,584.5945945945946,13.609333038330078,2022-02-04,24.24241065979004
2021-02-05,584.5945945945946,13.536376953125,2022-02-07,24.65012550354004
2021-02-08,584.5945945945946,14.380721092224121,2022-02-08,25.0289306640625
2021-02-09,584.5945945945946,14.205926895141602,2022-02-09,26.62089729309082
2021-02-10,586.9444444444445,14.704910278320312,2022-02-10,25.742671966552734
2021-02-11,589.4285714285714,15.189454078674316,2022-02-11,23.87357521057129
2021-02-12,589.4285714285714,14.901117324829102,2022-02-14,24.190574645996094
2021-02-16,591.7647058823529,15.268636703491211,2022-02-16,26.427513122558594
2021-02-17,619.2857142857143,14.846092224121094,2022-02-17,24.429821014404297
2021-02-18,622.9545454545455,14.769402503967285,2022-02-18,23.56754493713379
2021-02-19,622.9545454545455,14.866510391235352,2022-02-22,23.31633758544922
2021-02-22,623.125,14.298053741455078,2022-02-22,23.31633758544922
2021-02-23,623.125,14.085160255432129,2022-02-23,22.316497802734375
2021-02-24,623.8,14.440725326538086,2022-02-24,23.673213958740234
2021-02-25,632.96875,13.254015922546387,2022-02-25,24.080923080444336
2021-02-26,632.96875,13.659380912780762,2022-02-28,24.30820655822754
2021-03-01,632.96875,13.786117553710938,2022-03-01,23.403064727783203
2021-03-02,639.0384615384615,13.35236930847168,2022-03-02,24.14784049987793
2021-03-03,639.0384615384615,12.75328540802002,2022-03-03,23.643348693847656
2021-03-04,639.0384615384615,12.32053279876709,2022-03-04,22.86766242980957
2021-03-05,639.0384615384615,12.411417961120605,2022-03-07,21.288381576538086
2021-03-08,639.0384615384615,11.546655654907227,2022-03-08,21.449901580810547
2021-03-09,639.0384615384615,12.474233627319336,2022-03-09,22.945432662963867
2021-03-10,639.0384615384615,12.422425270080566,2022-03-10,22.59049415588379
2021-03-11,639.0384615384615,12.945743560791016,2022-03-11,22.034156799316406
2021-03-12,639.0384615384615,12.80875015258789,2022-03-14,21.266450881958008
2021-03-15,640.6521739130435,13.142765998840332,2022-03-15,22.904556274414062
2021-03-16,640.6521739130435,13.242401123046875,2022-03-16,24.423017501831055
2021-03-17,640.6521739130435,13.292217254638672,2022-03-17,24.692214965820312
2021-03-18,640.6521739130435,12.675740242004395,2022-03-18,26.374187469482422
2021-03-19,640.6521739130435,12.798537254333496,2022-03-21,26.654346466064453
2021-03-22,640.6521739130435,13.137787818908691,2022-03-22,26.444976806640625
2021-03-23,640.6521739130435,13.022711753845215,2022-03-23,25.557626724243164
2021-03-24,640.6521739130435,12.596532821655273,2022-03-24,28.066131591796875
2021-03-25,640.6521739130435,12.489178657531738,2022-03-25,27.609495162963867
2021-03-26,640.6521739130435,12.792060852050781,2022-03-28,28.134925842285156
2021-03-29,640.6521739130435,12.900659561157227,2022-03-29,28.57062530517578
2021-03-30,640.6521739130435,12.824441909790039,2022-03-30,27.60750389099121
2021-03-31,640.6521739130435,13.29919147491455,2022-03-31,27.2047061920166
2021-04-01,640.6521739130435,13.760986328125,2022-04-01,26.632415771484375
2021-04-05,646.8421052631579,13.936090469360352,2022-04-05,25.85373878479004
2021-04-06,646.8421052631579,13.810553550720215,2022-04-06,24.33428382873535
2021-04-07,646.8421052631579,14.09151840209961,2022-04-07,24.135879516601562
2021-04-08,646.8421052631579,14.264381408691406,2022-04-08,23.050121307373047
2021-04-09,646.8421052631579,14.347075462341309,2022-04-11,21.85169792175293
2021-04-12,648.1666666666666,15.15310287475586,2022-04-12,21.439931869506836
2021-04-13,656.5416666666666,15.621871948242188,2022-04-13,22.136844635009766
2021-04-14,656.5416666666666,15.220852851867676,2022-04-14,21.194664001464844
2021-04-15,660.28,16.077939987182617,2022-04-18,21.718101501464844
2021-04-16,660.28,15.854019165039062,2022-04-18,21.718101501464844
2021-04-19,660.28,15.305291175842285,2022-04-19,22.13186264038086
2021-04-20,660.28,15.11549186706543,2022-04-20,21.417999267578125
2021-04-21,660.28,15.304048538208008,2022-04-21,20.122867584228516
2021-04-22,660.28,14.795672416687012,2022-04-22,19.456857681274414
2021-04-23,660.28,15.209147453308105,2022-04-25,19.842702865600586
2021-04-26,660.28,15.421113014221191,2022-04-26,18.732025146484375
2021-04-27,660.28,15.325221061706543,2022-04-27,18.360136032104492
2021-04-28,660.28,15.220602989196777,2022-04-28,19.72306251525879
2021-04-29,660.28,15.268425941467285,2022-04-29,18.491744995117188
2021-04-30,660.28,14.954334259033203,2022-05-02,19.474803924560547
2021-05-03,660.28,14.782220840454102,2022-05-03,19.543601989746094
2021-05-04,660.28,14.298504829406738,2022-05-04,20.273420333862305
2021-05-05,665.6538461538462,14.405359268188477,2022-05-05,18.78785514831543
2021-05-06,665.6538461538462,14.469624519348145,2022-05-06,18.619356155395508
2021-05-07,665.6538461538462,14.7578125,2022-05-09,16.89949607849121
2021-05-10,665.6538461538462,14.213318824768066,2022-05-10,17.542577743530273
2021-05-11,665.6538461538462,14.253668785095215,2022-05-11,16.58045196533203
2021-05-12,665.6538461538462,13.707934379577637,2022-05-12,16.126806259155273
2021-05-13,665.6538461538462,13.61502456665039,2022-05-13,17.653249740600586
2021-05-14,665.6538461538462,14.190653800964355,2022-05-16,17.21256446838379
2021-05-17,665.6538461538462,14.113435745239258,2022-05-17,18.122846603393555
2021-05-18,665.6538461538462,13.964238166809082,2022-05-18,16.887535095214844
2021-05-19,672.1363636363636,14.014055252075195,2022-05-19,17.072980880737305
2021-05-20,672.1363636363636,14.558794975280762,2022-05-20,16.64426612854004
2021-05-21,672.1363636363636,14.936649322509766,2022-05-23,16.84765625
2021-05-24,672.1363636363636,15.554618835449219,2022-05-24,16.105873107910156
2021-05-25,673.3478260869565,15.590239524841309,2022-05-25,16.92443084716797
2021-05-26,673.3478260869565,15.642298698425293,2022-05-26,17.797809600830078
2021-05-27,692.3611111111111,15.431076049804688,2022-05-27,18.75495147705078
2021-05-28,692.3611111111111,16.18479347229004,2022-05-31,18.61637306213379
2021-06-01,692.3611111111111,16.204723358154297,2022-06-01,18.26542091369629
2021-06-02,692.3611111111111,16.716585159301758,2022-06-02,19.533626556396484
2021-06-03,692.3611111111111,16.90738296508789,2022-06-03,18.66422462463379
2021-06-04,692.3611111111111,17.513647079467773,2022-06-06,18.730026245117188
2021-06-07,692.3611111111111,17.554243087768555,2022-06-07,18.869611740112305
2021-06-08,692.3611111111111,17.392845153808594,2022-06-08,18.596370697021484
2021-06-09,692.3611111111111,17.29841423034668,2022-06-09,17.99803352355957
2021-06-10,692.3611111111111,17.36493682861328,2022-06-10,16.927005767822266
2021-06-11,692.3611111111111,17.763805389404297,2022-06-13,15.603680610656738
2021-06-14,692.3611111111111,17.956640243530273,2022-06-14,15.792157173156738
2021-06-15,692.3611111111111,17.727184295654297,2022-06-15,16.481246948242188
2021-06-16,692.3611111111111,17.74886131286621,2022-06-16,15.557806968688965
2021-06-17,696.7297297297297,18.592939376831055,2022-06-17,15.836034774780273
2021-06-18,702.078947368421,18.574501037597656,2022-06-21,16.520137786865234
2021-06-21,702.078947368421,18.363733291625977,2022-06-21,16.520137786865234
2021-06-22,707.1538461538462,18.821645736694336,2022-06-22,16.314712524414062
2021-06-23,707.1538461538462,18.991558074951172,2022-06-23,16.180084228515625
2021-06-24,707.1538461538462,19.139301300048828,2022-06-24,17.07858657836914
2021-06-25,707.1538461538462,18.96540069580078,2022-06-27,16.822294235229492
2021-06-28,707.1538461538462,19.91611099243164,2022-06-28,15.937751770019531
2021-06-29,707.1538461538462,19.957721710205078,2022-06-29,15.498970031738281
2021-06-30,707.1538461538462,19.933551788330078,2022-06-30,15.117033004760742
2021-07-01,714.475,20.1423282623291,2022-07-01,14.482794761657715
2021-07-02,714.475,20.416379928588867,2022-07-05,14.922572135925293
2021-07-06,720.219512195122,20.627155303955078,2022-07-06,15.08811092376709
2021-07-07,720.219512195122,20.301528930664062,2022-07-07,15.814095497131348
2021-07-08,724.7380952380952,19.834144592285156,2022-07-08,15.79415225982666
2021-07-09,724.7380952380952,19.981136322021484,2022-07-11,15.110050201416016
2021-07-12,724.7380952380952,20.441795349121094,2022-07-12,15.040243148803711
2021-07-13,724.7380952380952,20.180198669433594,2022-07-13,15.122016906738281
2021-07-14,724.7380952380952,19.77310562133789,2022-07-14,15.32944107055664
2021-07-15,732.7317073170732,18.900875091552734,2022-07-15,15.718361854553223
2021-07-16,732.7317073170732,18.098398208618164,2022-07-18,16.05642318725586
2021-07-19,732.7317073170732,18.715017318725586,2022-07-19,16.94495964050293
2021-07-20,732.7317073170732,18.5478458404541,2022-07-20,17.75769805908203
2021-07-21,732.7317073170732,19.343095779418945,2022-07-21,18.00002670288086
2021-07-22,732.7317073170732,19.526456832885742,2022-07-22,17.271055221557617
2021-07-23,732.7317073170732,19.490581512451172,2022-07-25,16.976865768432617
2021-07-26,736.05,19.22749900817871,2022-07-26,16.487226486206055
2021-07-27,736.05,19.141788482666016,2022-07-27,17.740747451782227
2021-07-28,736.05,19.43577766418457,2022-07-28,17.934207916259766
2021-07-29,736.05,19.59422492980957,2022-07-29,18.112712860107422
2021-07-30,736.05,19.431793212890625,2022-08-01,18.38994598388672
2021-08-02,736.05,19.68192481994629,2022-08-02,18.474708557128906
2021-08-03,736.05,19.746706008911133,2022-08-03,18.840694427490234
2021-08-04,724.1951219512196,20.204118728637695,2022-08-04,19.161806106567383
2021-08-05,724.1951219512196,20.56586456298828,2022-08-05,18.93642807006836
2021-08-06,724.1951219512196,20.295795440673828,2022-08-08,17.74373435974121
2021-08-09,724.1951219512196,20.225046157836914,2022-08-09,17.0386905670166
2021-08-10,724.1951219512196,19.867284774780273,2022-08-10,18.04689598083496
2021-08-11,724.1951219512196,19.6310977935791,2022-08-11,17.8923282623291
2021-08-12,691.2954545454545,19.836387634277344,2022-08-12,18.657201766967773
2021-08-13,691.2954545454545,20.118412017822266,2022-08-15,18.979307174682617
2021-08-16,691.2954545454545,19.8812313079834,2022-08-16,18.826732635498047
2021-08-17,691.2954545454545,19.390926361083984,2022-08-17,18.284236907958984
2021-08-18,691.0930232558139,18.974369049072266,2022-08-18,18.721027374267578
2021-08-19,627.54,19.72974967956543,2022-08-19,17.79958152770996
2021-08-20,627.54,20.744247436523438,2022-08-22,16.986841201782227
2021-08-23,627.6458333333334,21.882307052612305,2022-08-23,17.133434295654297
2021-08-24,627.3829787234042,21.717880249023438,2022-08-24,17.174320220947266
2021-08-25,620.675,22.136432647705078,2022-08-25,17.8634090423584
2021-08-26,620.675,21.991933822631836,2022-08-26,16.214981079101562
2021-08-27,620.675,22.557981491088867,2022-08-29,15.75725269317627
2021-08-30,620.675,22.60979461669922,2022-08-30,15.425174713134766
2021-08-31,620.675,22.31177520751953,2022-08-31,15.052210807800293
2021-09-01,620.675,22.367589950561523,2022-09-01,13.898415565490723
2021-09-02,620.675,22.322738647460938,2022-09-02,13.609217643737793
2021-09-03,620.675,22.76827621459961,2022-09-06,13.427721977233887
2021-09-07,620.675,22.587867736816406,2022-09-07,13.680097579956055
2021-09-08,620.675,22.26592254638672,2022-09-08,13.955412864685059
2021-09-09,620.675,22.104455947875977,2022-09-09,14.351433753967285
2021-09-10,620.675,22.404468536376953,2022-09-12,14.469141006469727
2021-09-13,620.675,22.07953643798828,2022-09-13,13.09853744506836
2021-09-14,620.675,22.16924476623535,2022-09-14,13.09554386138916
2021-09-15,620.675,22.26791763305664,2022-09-15,12.897034645080566
2021-09-16,620.675,22.16924476623535,2022-09-16,13.165369987487793
2021-09-17,612.2439024390244,21.828359603881836,2022-09-19,13.348917007446289
2021-09-20,612.2439024390244,21.043935775756836,2022-09-20,13.143424034118652
2021-09-21,612.2439024390244,21.17650032043457,2022-09-21,13.228215217590332
2021-09-22,612.2439024390244,21.869224548339844,2022-09-22,12.529946327209473
2021-09-23,612.2439024390244,22.4084529876709,2022-09-23,12.48505687713623
2021-09-24,612.2439024390244,22.008766174316406,2022-09-26,12.197769165039062
2021-09-27,612.2439024390244,21.589147567749023,2022-09-27,12.38231372833252
2021-09-28,603.6190476190476,20.63129234313965,2022-09-28,12.704513549804688
2021-09-29,603.6190476190476,20.449886322021484,2022-09-29,12.189790725708008
2021-09-30,603.6190476190476,20.648231506347656,2022-09-30,12.108986854553223
2021-10-01,603.6190476190476,20.67414665222168,2022-10-03,12.481066703796387
2021-10-04,603.6190476190476,19.667451858520508,2022-10-04,13.134449005126953
2021-10-05,595.6279069767442,20.38409996032715,2022-10-05,13.176342964172363
2021-10-06,595.6279069767442,20.632291793823242,2022-10-06,13.097539901733398
2021-10-07,595.6279069767442,21.00605583190918,2022-10-07,12.046146392822266
2021-10-08,595.6279069767442,20.762855529785156,2022-10-10,11.64115047454834
2021-10-11,581.6756756756756,20.627302169799805,2022-10-11,11.557357788085938
2021-10-12,581.6756756756756,20.603378295898438,2022-10-12,11.471567153930664
2021-10-13,577.0,20.870498657226562,2022-10-13,11.930432319641113
2021-10-14,577.0,21.674863815307617,2022-10-14,11.19924545288086
2021-10-15,577.0,21.79048728942871,2022-10-17,11.85860824584961
2021-10-18,577.0,22.149307250976562,2022-10-18,11.93741512298584
2021-10-19,577.0,22.217086791992188,2022-10-19,12.02120590209961
2021-10-20,577.0,22.030696868896484,2022-10-20,12.16385269165039
2021-10-21,577.0,22.61777114868164,2022-10-21,12.435179710388184
2021-10-22,577.0,22.65165901184082,2022-10-24,12.567852020263672
2021-10-25,568.4324324324324,23.090219497680664,2022-10-25,13.228215217590332
2021-10-26,568.4324324324324,24.636144638061523,2022-10-26,12.864117622375488
2021-10-27,568.4324324324324,24.371017456054688,2022-10-27,13.143424034118652
2021-10-28,568.4324324324324,24.859411239624023,2022-10-28,13.799798011779785
2021-10-29,568.4324324324324,25.48336410522461,2022-10-31,13.463630676269531
2021-11-01,568.4324324324324,25.742511749267578,2022-11-01,13.509516716003418
2021-11-02,562.0,26.31463623046875,2022-11-02,13.186319351196289
2021-11-03,562.0,26.510990142822266,2022-11-03,13.387819290161133
2021-11-04,555.4594594594595,29.703514099121094,2022-11-04,14.121004104614258
2021-11-05,555.4594594594595,29.65467643737793,2022-11-07,14.265644073486328
2021-11-08,555.4594594594595,30.703235626220703,2022-11-08,14.565901756286621
2021-11-09,555.4594594594595,30.556711196899414,2022-11-09,13.741943359375
2021-11-10,549.7894736842105,29.362634658813477,2022-11-10,15.71106243133545
2021-11-11,540.05,30.290586471557617,2022-11-11,16.286636352539062
2021-11-12,534.1951219512196,30.290586471557617,2022-11-14,16.254716873168945
2021-11-15,534.1951219512196,29.926780700683594,2022-11-15,16.624799728393555
2021-11-16,531.0,30.10420036315918,2022-11-16,15.87066650390625
2021-11-17,531.0,29.1652774810791,2022-11-17,15.6382417678833
2021-11-18,505.6326530612245,31.571380615234375,2022-11-18,15.370904922485352
2021-11-19,505.6326530612245,32.877098083496094,2022-11-21,15.279133796691895
2021-11-22,501.5833333333333,31.851457595825195,2022-11-22,15.998353958129883
2021-11-23,501.5833333333333,31.64215087890625,2022-11-23,16.478160858154297
2021-11-24,418.22857142857146,32.567108154296875,2022-11-25,16.229780197143555
2021-11-26,418.22857142857146,31.399948120117188,2022-11-28,15.787871360778809
2021-11-29,418.22857142857146,33.266815185546875,2022-11-29,15.600337028503418
2021-11-30,418.22857142857146,32.56910705566406,2022-11-30,16.885480880737305
2021-12-01,418.22857142857146,31.336002349853516,2022-12-01,17.09701156616211
2021-12-02,418.22857142857146,32.02483367919922,2022-12-02,16.838584899902344
2021-12-03,418.22857142857146,30.596336364746094,2022-12-05,16.57317543029785
2021-12-06,418.22857142857146,29.94240951538086,2022-12-06,15.951556205749512
2021-12-07,418.22857142857146,32.32487106323242,2022-12-07,16.08426284790039
2021-12-08,418.22857142857146,31.72577667236328,2022-12-08,17.130935668945312
2021-12-09,418.22857142857146,30.393980026245117,2022-12-09,16.963308334350586
2021-12-10,418.22857142857146,30.102901458740234,2022-12-12,17.496122360229492
2021-12-13,418.22857142857146,28.072315216064453,2022-12-13,18.031938552856445
2021-12-14,418.22857142857146,28.247760772705078,2022-12-14,17.634817123413086
2021-12-15,405.4117647058824,30.363075256347656,2022-12-15,16.914413452148438
2021-12-16,390.42424242424244,28.297603607177734,2022-12-16,16.53426170349121
2021-12-17,390.42424242424244,27.713451385498047,2022-12-19,16.217960357666016
2021-12-20,374.5,27.631710052490234,2022-12-20,16.049339294433594
2021-12-21,374.5,28.98343849182129,2022-12-21,16.464412689208984
2021-12-22,374.5,29.30741310119629,2022-12-22,15.30499267578125
2021-12-23,374.5,29.546661376953125,2022-12-23,15.17228889465332
2021-12-27,374.5,30.84754753112793,2022-12-27,14.089694023132324
2021-12-28,374.5,30.226511001586914,2022-12-28,14.004880905151367
2021-12-29,354.3225806451613,29.906517028808594,2022-12-29,14.570625305175781
2021-12-30,354.3225806451613,29.492828369140625,2022-12-30,14.5816011428833
2021-12-31,354.3225806451613,29.318376541137695,2023-01-03,14.283263206481934
2022-01-03,334.46666666666664,30.026142120361328,2023-01-03,14.283263206481934
2022-01-04,334.46666666666664,29.19776153564453,2023-01-04,14.716300010681152
2022-01-05,314.62068965517244,27.517070770263672,2023-01-05,14.233373641967773
2022-01-06,314.62068965517244,28.08926010131836,2023-01-06,14.826058387756348
2022-01-07,314.62068965517244,27.16119384765625,2023-01-09,15.593351364135742
2022-01-10,314.62068965517244,27.313711166381836,2023-01-10,15.87372875213623
2022-01-11,314.62068965517244,27.729398727416992,2023-01-11,15.965521812438965
2022-01-12,293.7142857142857,27.91082763671875,2023-01-12,16.474393844604492
2022-01-13,293.7142857142857,26.491317749023438,2023-01-13,16.86153221130371
2022-01-14,293.7142857142857,26.85715675354004,2023-01-17,17.662757873535156
2022-01-18,293.7142857142857,25.821428298950195,2023-01-18,17.338476181030273
2022-01-19,293.7142857142857,24.988061904907227,2023-01-19,16.72783088684082
2022-01-20,293.7142857142857,24.073942184448242,2023-01-20,17.799448013305664
2022-01-21,293.7142857142857,23.30039405822754,2023-01-23,19.150449752807617
2022-01-24,293.7142857142857,23.29839515686035,2023-01-24,19.222288131713867
2022-01-25,293.7142857142857,22.25369644165039,2023-01-25,19.28015899658203
2022-01-26,293.7142857142857,22.700286865234375,2023-01-26,19.758098602294922
2022-01-27,293.7142857142857,21.87489128112793,2023-01-27,20.319849014282227
2022-01-28,293.7142857142857,22.7680721282959,2023-01-30,19.119518280029297
2022-01-31,293.7142857142857,24.40888786315918,2023-01-31,19.49368667602539
2022-02-01,295.3333333333333,24.560409545898438,2023-02-01,20.896570205688477
2022-02-02,295.3333333333333,25.162508010864258,2023-02-02,21.660865783691406
2022-02-03,295.3333333333333,23.87257957458496,2023-02-03,21.0532169342041
2022-02-04,295.3333333333333,24.24241065979004,2023-02-06,21.042245864868164
2022-02-07,295.3333333333333,24.65012550354004,2023-02-07,22.123844146728516
2022-02-08,295.3333333333333,25.0289306640625,2023-02-08,22.155773162841797
2022-02-09,304.36,26.62089729309082,2023-02-09,22.287477493286133
2022-02-10,304.36,25.742671966552734,2023-02-10,21.217853546142578
2022-02-11,304.36,23.87357521057129,2023-02-13,21.739696502685547
2022-02-14,306.11538461538464,24.190574645996094,2023-02-14,22.920072555541992
2022-02-15,306.11538461538464,26.411561965942383,2023-02-15,22.713533401489258
2022-02-16,331.5263157894737,26.427513122558594,2023-02-16,21.953222274780273
2022-02-17,332.2,24.429821014404297,2023-02-17,21.340585708618164
2022-02-18,332.2,23.56754493713379,2023-02-21,20.609207153320312
2022-02-22,332.2,23.31633758544922,2023-02-22,20.70798683166504
2022-02-23,332.2,22.316497802734375,2023-02-23,23.61153793334961
2022-02-24,332.2,23.673213958740234,2023-02-24,23.234373092651367
2022-02-25,332.2,24.080923080444336,2023-02-27,23.448896408081055
2022-02-28,332.2,24.30820655822754,2023-02-28,23.16452980041504
2022-03-01,332.2,23.403064727783203,2023-03-01,22.64767837524414
2022-03-02,332.2,24.14784049987793,2023-03-02,23.262310028076172
2022-03-03,332.2,23.643348693847656,2023-03-03,23.837038040161133
2022-03-04,332.2,22.86766242980957,2023-03-06,23.501785278320312
2022-03-07,332.2,21.288381576538086,2023-03-07,23.240312576293945
2022-03-08,332.2,21.449901580810547,2023-03-08,24.13148307800293
2022-03-09,332.2,22.945432662963867,2023-03-09,23.388015747070312
2022-03-10,332.2,22.59049415588379,2023-03-10,22.91797637939453
2022-03-11,332.2,22.034156799316406,2023-03-13,22.918973922729492
2022-03-14,332.2,21.266450881958008,2023-03-14,24.013729095458984
2022-03-15,333.04761904761904,22.904556274414062,2023-03-15,24.178388595581055
2022-03-16,333.04761904761904,24.423017501831055,2023-03-16,25.48870277404785
2022-03-17,335.95,24.692214965820312,2023-03-17,25.672327041625977
2022-03-18,335.95,26.374187469482422,2023-03-20,25.846965789794922
2022-03-21,335.95,26.654346466064453,2023-03-21,26.145355224609375
2022-03-22,335.95,26.444976806640625,2023-03-22,26.413806915283203
2022-03-23,335.95,25.557626724243164,2023-03-23,27.135324478149414
2022-03-24,335.95,28.066131591796875,2023-03-24,26.724170684814453
2022-03-25,335.95,27.609495162963867,2023-03-27,26.476673126220703
2022-03-28,340.4736842105263,28.134925842285156,2023-03-28,26.355924606323242
2022-03-29,343.95,28.57062530517578,2023-03-29,26.928747177124023
2022-03-30,343.95,27.60750389099121,2023-03-30,27.32693099975586
2022-03-31,343.95,27.2047061920166,2023-03-31,27.720125198364258
2022-04-01,343.95,26.632415771484375,2023-04-03,27.907737731933594
2022-04-04,348.36842105263156,27.278484344482422,2023-04-04,27.396787643432617
2022-04-05,348.36842105263156,25.85373878479004,2023-04-05,26.825958251953125
2022-04-06,348.36842105263156,24.33428382873535,2023-04-06,26.981637954711914
2022-04-07,348.36842105263156,24.135879516601562,2023-04-10,27.52252960205078
2022-04-08,345.85,23.050121307373047,2023-04-10,27.52252960205078
2022-04-11,340.0952380952381,21.85169792175293,2023-04-11,27.113370895385742
2022-04-12,337.9130434782609,21.439931869506836,2023-04-12,26.440752029418945
2022-04-13,335.5,22.136844635009766,2023-04-13,26.4088134765625
2022-04-14,335.5,21.194664001464844,2023-04-14,26.703210830688477
2022-04-18,335.5,21.718101501464844,2023-04-18,27.6103515625
2022-04-19,335.5,22.13186264038086,2023-04-19,27.87380599975586
2022-04-20,332.28,21.417999267578125,2023-04-20,27.04850196838379
2022-04-21,332.28,20.122867584228516,2023-04-21,27.06346893310547
2022-04-22,332.28,19.456857681274414,2023-04-24,26.986629486083984
2022-04-25,333.68,19.842702865600586,2023-04-25,26.18726921081543
2022-04-26,333.68,18.732025146484375,2023-04-26,26.900802612304688
2022-04-27,333.68,18.360136032104492,2023-04-27,27.170249938964844
2022-04-28,333.68,19.72306251525879,2023-04-28,27.692184448242188
2022-04-29,333.68,18.491744995117188,2023-05-01,28.850807189941406
2022-05-02,333.68,19.474803924560547,2023-05-02,28.152236938476562
2022-05-03,333.68,19.543601989746094,2023-05-03,27.745073318481445
2022-05-04,334.25,20.273420333862305,2023-05-04,27.505565643310547
2022-05-05,334.25,18.78785514831543,2023-05-05,28.621273040771484
2022-05-06,334.25,18.619356155395508,2023-05-08,29.091310501098633
2022-05-09,334.25,16.89949607849121,2023-05-09,28.512495040893555
2022-05-10,334.0,17.542577743530273,2023-05-10,28.825857162475586
2022-05-11,332.0,16.58045196533203,2023-05-11,28.519481658935547
2022-05-12,333.6,16.126806259155273,2023-05-12,28.281970977783203
2022-05-13,333.6,17.653249740600586,2023-05-15,28.893712997436523
2022-05-16,330.10526315789474,17.21256446838379,2023-05-16,29.15318489074707
2022-05-17,330.10526315789474,18.122846603393555,2023-05-17,30.116209030151367
2022-05-18,313.6923076923077,16.887535095214844,2023-05-18,31.61313819885254
2022-05-19,304.53333333333336,17.072980880737305,2023-05-19,31.19998550415039
2022-05-20,301.125,16.64426612854004,2023-05-22,31.112165451049805
2022-05-23,295.72222222222223,16.84765625,2023-05-23,30.62516212463379
2022-05-24,295.1578947368421,16.105873107910156,2023-05-24,30.4754695892334
2022-05-25,295.1578947368421,16.92443084716797,2023-05-25,37.9022331237793
2022-05-26,280.25,17.797809600830078,2023-05-26,38.866249084472656
2022-05-27,276.75757575757575,18.75495147705078,2023-05-30,40.02886962890625
2022-05-31,276.75757575757575,18.61637306213379,2023-05-31,37.756534576416016
2022-06-01,276.75757575757575,18.26542091369629,2023-06-01,39.688568115234375
2022-06-02,276.75757575757575,19.533626556396484,2023-06-02,39.2464714050293
2022-06-03,276.75757575757575,18.66422462463379,2023-06-05,39.09079360961914
2022-06-06,276.75757575757575,18.730026245117188,2023-06-06,38.57485580444336
2022-06-07,276.75757575757575,18.869611740112305,2023-06-07,37.402130126953125
2022-06-08,276.75757575757575,18.596370697021484,2023-06-08,38.43512725830078
2022-06-09,276.75757575757575,17.99803352355957,2023-06-09,38.69461441040039
2022-06-10,276.75757575757575,16.927005767822266,2023-06-12,39.40523910522461
2022-06-13,276.75757575757575,15.603680610656738,2023-06-13,40.942237854003906
2022-06-14,276.75757575757575,15.792157173156738,2023-06-14,42.91340255737305
2022-06-15,276.75757575757575,16.481246948242188,2023-06-15,42.570072174072266
2022-06-16,276.75757575757575,15.557806968688965,2023-06-16,42.60898971557617
2022-06-17,276.75757575757575,15.836034774780273,2023-06-20,43.72282028198242
2022-06-21,276.75757575757575,16.520137786865234,2023-06-21,42.961307525634766
2022-06-22,276.75757575757575,16.314712524414062,2023-06-22,42.94134521484375
2022-06-23,276.75757575757575,16.180084228515625,2023-06-23,42.126930236816406
2022-06-24,276.75757575757575,17.07858657836914,2023-06-26,40.55299758911133
2022-06-27,276.75757575757575,16.822294235229492,2023-06-27,41.794578552246094
2022-06-28,276.75757575757575,15.937751770019531,2023-06-28,41.03705596923828
2022-06-29,275.0882352941176,15.498970031738281,2023-06-29,40.74263000488281
2022-06-30,275.0882352941176,15.117033004760742,2023-06-30,42.219749450683594
2022-07-01,275.0882352941176,14.482794761657715,2023-07-03,42.33053207397461
2022-07-05,275.0882352941176,14.922572135925293,2023-07-05,42.2347297668457
2022-07-06,275.0882352941176,15.08811092376709,2023-07-06,42.02113723754883
2022-07-07,275.0882352941176,15.814095497131348,2023-07-07,42.42035675048828
2022-07-08,275.0882352941176,15.79415225982666,2023-07-10,42.09799575805664
2022-07-11,273.9428571428571,15.110050201416016,2023-07-11,42.322547912597656
2022-07-12,273.05405405405406,15.040243148803711,2023-07-12,43.8166389465332
2022-07-13,271.6578947368421,15.122016906738281,2023-07-13,45.887611389160156
2022-07-14,268.53846153846155,15.32944107055664,2023-07-14,45.38059997558594
2022-07-15,268.53846153846155,15.718361854553223,2023-07-17,46.370662689208984
2022-07-18,268.53846153846155,16.05642318725586,2023-07-18,47.40165710449219
2022-07-19,268.53846153846155,16.94495964050293,2023-07-19,46.9854621887207
2022-07-20,266.2,17.75769805908203,2023-07-20,45.43149948120117
2022-07-21,266.2,18.00002670288086,2023-07-21,44.22284698486328
2022-07-22,266.2,17.271055221557617,2023-07-24,44.5252571105957
2022-07-25,264.5853658536585,16.976865768432617,2023-07-25,45.59018325805664
2022-07-26,264.5853658536585,16.487226486206055,2023-07-26,45.363624572753906
2022-07-27,264.5853658536585,17.740747451782227,2023-07-27,45.810752868652344
2022-07-28,264.5853658536585,17.934207916259766,2023-07-28,46.65909957885742
2022-07-29,264.5853658536585,18.112712860107422,2023-07-31,46.638145446777344
2022-08-01,264.5853658536585,18.38994598388672,2023-08-01,46.41657638549805
2022-08-02,264.5853658536585,18.474708557128906,2023-08-02,44.18292999267578
2022-08-03,264.5853658536585,18.840694427490234,2023-08-03,44.42844009399414
2022-08-04,264.5853658536585,19.161806106567383,2023-08-04,44.59313201904297
2022-08-05,264.5853658536585,18.93642807006836,2023-08-07,45.328697204589844
2022-08-08,262.57142857142856,17.74373435974121,2023-08-08,44.57715606689453
2022-08-09,257.4222222222222,17.0386905670166,2023-08-09,42.47126388549805
2022-08-10,257.4222222222222,18.04689598083496,2023-08-10,42.30559158325195
2022-08-11,257.4222222222222,17.8923282623291,2023-08-11,40.77556228637695
2022-08-12,257.4222222222222,18.657201766967773,2023-08-14,43.66792678833008
2022-08-15,255.3181818181818,18.979307174682617,2023-08-15,43.85457229614258
2022-08-16,255.3181818181818,18.826732635498047,2023-08-16,43.40144348144531
2022-08-17,253.2325581395349,18.284236907958984,2023-08-17,43.25973129272461
2022-08-18,253.2325581395349,18.721027374267578,2023-08-18,43.214813232421875
2022-08-19,253.2325581395349,17.79958152770996,2023-08-21,46.87567901611328
2022-08-22,253.2325581395349,16.986841201782227,2023-08-22,45.57920837402344
2022-08-23,253.2325581395349,17.133434295654297,2023-08-23,47.02439880371094
2022-08-24,253.2325581395349,17.174320220947266,2023-08-24,47.0713005065918
2022-08-25,240.17857142857142,17.8634090423584,2023-08-25,45.928531646728516
2022-08-26,240.17857142857142,16.214981079101562,2023-08-28,46.74394226074219
2022-08-29,240.17857142857142,15.75725269317627,2023-08-29,48.689144134521484
2022-08-30,240.17857142857142,15.425174713134766,2023-08-30,49.168216705322266
2022-08-31,240.17857142857142,15.052210807800293,2023-08-31,49.25904083251953
2022-09-01,239.47368421052633,13.898415565490723,2023-09-01,48.41468048095703
2022-09-02,238.27586206896552,13.609217643737793,2023-09-05,48.453609466552734
2022-09-06,238.27586206896552,13.427721977233887,2023-09-06,46.97336196899414
2022-09-07,238.27586206896552,13.680097579956055,2023-09-07,46.1548957824707
2022-09-08,237.03389830508473,13.955412864685059,2023-09-08,45.48713684082031
2022-09-09,237.03389830508473,14.351433753967285,2023-09-11,45.09387969970703
2022-09-12,235.08620689655172,14.469141006469727,2023-09-12,44.78643798828125
2022-09-13,235.08620689655172,13.09853744506836,2023-09-13,45.40030288696289
2022-09-14,235.08620689655172,13.09554386138916,2023-09-14,45.496124267578125
2022-09-15,234.57627118644066,12.897034645080566,2023-09-15,43.8182487487793
2022-09-16,234.57627118644066,13.165369987487793,2023-09-18,43.884124755859375
2022-09-19,234.57627118644066,13.348917007446289,2023-09-19,43.43896484375
2022-09-20,234.57627118644066,13.143424034118652,2023-09-20,42.16034698486328
2022-09-21,233.44262295081967,13.228215217590332,2023-09-21,40.94062042236328
2022-09-22,233.44262295081967,12.529946327209473,2023-09-22,41.53252410888672
2022-09-23,233.44262295081967,12.48505687713623,2023-09-25,42.14338302612305
2022-09-26,230.5,12.197769165039062,2023-09-26,41.83295822143555
2022-09-27,230.5,12.38231372833252,2023-09-27,42.388912200927734
2022-09-28,230.5,12.704513549804688,2023-09-28,43.00876235961914
2022-09-29,229.672131147541,12.189790725708008,2023-09-29,43.41799545288086
2022-09-30,229.672131147541,12.108986854553223,2023-10-02,44.698612213134766
2022-10-03,229.672131147541,12.481066703796387,2023-10-03,43.435970306396484
2022-10-04,229.672131147541,13.134449005126953,2023-10-04,43.95899200439453
2022-10-05,229.672131147541,13.176342964172363,2023-10-05,44.604793548583984
2022-10-06,228.53333333333333,13.097539901733398,2023-10-06,45.676788330078125
2022-10-07,228.53333333333333,12.046146392822266,2023-10-09,45.18869400024414
2022-10-10,225.56140350877192,11.64115047454834,2023-10-10,45.71272277832031
2022-10-11,224.33333333333334,11.557357788085938,2023-10-11,46.718841552734375
2022-10-12,224.33333333333334,11.471567153930664,2023-10-12,46.85758590698242
2022-10-13,224.33333333333334,11.930432319641113,2023-10-13,45.376346588134766
2022-10-14,224.33333333333334,11.19924545288086,2023-10-16,46.00916290283203
2022-10-17,224.33333333333334,11.85860824584961,2023-10-17,43.85618209838867
2022-10-18,222.31578947368422,11.93741512298584,2023-10-18,42.1174201965332
2022-10-19,222.31578947368422,12.02120590209961,2023-10-19,42.022605895996094
2022-10-20,222.31578947368422,12.16385269165039,2023-10-20,41.309932708740234
2022-10-21,222.31578947368422,12.435179710388184,2023-10-23,42.89497375488281
2022-10-24,219.59649122807016,12.567852020263672,2023-10-24,43.581687927246094
2022-10-25,219.59649122807016,13.228215217590332,2023-10-25,41.70120620727539
2022-10-26,219.59649122807016,12.864117622375488,2023-10-26,40.25090789794922
2022-10-27,219.59649122807016,13.143424034118652,2023-10-27,40.424583435058594
2022-10-28,219.59649122807016,13.799798011779785,2023-10-30,41.08435821533203
2022-10-31,219.59649122807016,13.463630676269531,2023-10-31,40.704063415527344
2022-11-01,219.59649122807016,13.509516716003418,2023-11-01,42.24618911743164
2022-11-02,219.59649122807016,13.186319351196289,2023-11-02,43.42498779296875
2022-11-03,219.59649122807016,13.387819290161133,2023-11-03,44.921199798583984
2022-11-04,219.59649122807016,14.121004104614258,2023-11-06,45.665802001953125
2022-11-07,219.59649122807016,14.265644073486328,2023-11-07,45.86942672729492
2022-11-08,219.59649122807016,14.565901756286621,2023-11-08,46.487266540527344
2022-11-09,219.59649122807016,13.741943359375,2023-11-09,46.862579345703125
2022-11-10,219.59649122807016,15.71106243133545,2023-11-10,48.244998931884766
2022-11-11,219.68965517241378,16.286636352539062,2023-11-13,48.52946472167969
2022-11-14,219.68965517241378,16.254716873168945,2023-11-14,49.563533782958984
2022-11-15,218.6315789473684,16.624799728393555,2023-11-15,48.796966552734375
2022-11-16,217.6727272727273,15.87066650390625,2023-11-16,49.38786697387695
2022-11-17,212.4516129032258,15.6382417678833,2023-11-17,49.20620346069336
2022-11-18,212.4516129032258,15.370904922485352,2023-11-20,50.315128326416016
2022-11-21,209.864406779661,15.279133796691895,2023-11-21,49.85099792480469
2022-11-22,209.864406779661,15.998353958129883,2023-11-22,48.62528610229492
2022-11-23,196.1304347826087,16.478160858154297,2023-11-24,47.687042236328125
2022-11-25,196.82222222222222,16.229780197143555,2023-11-27,48.15216827392578
2022-11-28,196.82222222222222,15.787871360778809,2023-11-28,47.73195266723633
2022-11-29,196.82222222222222,15.600337028503418,2023-11-29,48.050357818603516
2022-11-30,196.82222222222222,16.885480880737305,2023-11-30,46.68291091918945
2022-12-01,196.82222222222222,17.09701156616211,2023-12-01,46.67792510986328
2022-12-02,196.82222222222222,16.838584899902344,2023-12-04,45.42525100708008
2022-12-05,196.82222222222222,16.57317543029785,2023-12-05,46.48337936401367
2022-12-06,196.82222222222222,15.951556205749512,2023-12-06,45.422264099121094
2022-12-07,196.82222222222222,16.08426284790039,2023-12-07,46.51332473754883
2022-12-08,196.82222222222222,17.130935668945312,2023-12-08,47.42171096801758
2022-12-09,197.97826086956522,16.963308334350586,2023-12-11,46.54426956176758
2022-12-12,198.4468085106383,17.496122360229492,2023-12-12,47.57244873046875
2022-12-13,198.4468085106383,18.031938552856445,2023-12-13,48.0026741027832
2022-12-14,198.4468085106383,17.634817123413086,2023-12-14,48.26421356201172
2022-12-15,198.12244897959184,16.914413452148438,2023-12-15,48.80324935913086
2022-12-16,198.12244897959184,16.53426170349121,2023-12-18,49.98815155029297
2022-12-19,198.76,16.217960357666016,2023-12-19,49.51598358154297
2022-12-20,198.76,16.049339294433594,2023-12-20,48.02562713623047
2022-12-21,198.76,16.464412689208984,2023-12-21,48.903079986572266
2022-12-22,198.76,15.30499267578125,2023-12-22,48.74336242675781
2022-12-23,198.76,15.17228889465332,2023-12-26,49.19156265258789
2022-12-27,198.3265306122449,14.089694023132324,2023-12-27,49.329322814941406
2022-12-28,198.3265306122449,14.004880905151367,2023-12-28,49.43412399291992
2022-12-29,198.3265306122449,14.570625305175781,2023-12-29,49.43412399291992
2022-12-30,198.3265306122449,14.5816011428833,2024-01-02,48.08253479003906
2023-01-03,198.3265306122449,14.283263206481934,2024-01-03,47.48459243774414
2023-01-04,198.3265306122449,14.716300010681152,2024-01-04,47.912841796875
2023-01-05,198.3265306122449,14.233373641967773,2024-01-05,49.0098876953125
2023-01-06,198.3265306122449,14.826058387756348,2024-01-08,52.1602897644043
2023-01-09,194.95652173913044,15.593351364135742,2024-01-09,53.04571533203125
2023-01-10,194.4,15.87372875213623,2024-01-10,54.25356674194336
2023-01-11,195.95555555555555,15.965521812438965,2024-01-11,54.72472381591797
2023-01-12,195.95555555555555,16.474393844604492,2024-01-12,54.61292266845703
2023-01-13,195.95555555555555,16.86153221130371,2024-01-16,56.281959533691406
2023-01-17,196.4318181818182,17.662757873535156,2024-01-17,55.953548431396484
2023-01-18,196.4318181818182,17.338476181030273,2024-01-18,57.005672454833984
2023-01-19,196.4318181818182,16.72783088684082,2024-01-19,59.38544464111328
2023-01-20,196.4318181818182,17.799448013305664,2024-01-22,59.54815673828125
2023-01-23,198.46666666666667,19.150449752807617,2024-01-23,59.76676559448242
2023-01-24,198.46666666666667,19.222288131713867,2024-01-24,61.25312423706055
2023-01-25,198.46666666666667,19.28015899658203,2024-01-25,61.50767135620117
2023-01-26,198.46666666666667,19.758098602294922,2024-01-26,60.92271423339844
2023-01-27,198.46666666666667,20.319849014282227,2024-01-29,62.35417175292969
2023-01-30,198.46666666666667,19.119518280029297,2024-01-30,62.66261672973633
2023-01-31,198.46666666666667,19.49368667602539,2024-01-31,61.4178352355957
2023-02-01,198.46666666666667,20.896570205688477,2024-02-01,62.9151725769043
2023-02-02,198.46666666666667,21.660865783691406,2024-02-02,66.04261779785156
2023-02-03,198.46666666666667,21.0532169342041,2024-02-05,69.208984375
2023-02-06,195.875,21.042245864868164,2024-02-06,68.1019515991211
2023-02-07,195.875,22.123844146728516,2024-02-07,69.97462463378906
2023-02-08,195.875,22.155773162841797,2024-02-08,69.51742553710938
2023-02-09,195.875,22.287477493286133,2024-02-09,72.00503540039062
2023-02-10,195.875,21.217853546142578,2024-02-12,72.11980438232422
2023-02-13,195.875,21.739696502685547,2024-02-13,72.00003051757812
2023-02-14,197.3170731707317,22.920072555541992,2024-02-14,73.76889038085938
2023-02-15,197.3170731707317,22.713533401489258,2024-02-15,72.52908325195312
2023-02-16,198.8372093023256,21.953222274780273,2024-02-16,72.4841537475586
2023-02-17,201.77777777777777,21.340585708618164,2024-02-20,69.32878112792969
2023-02-21,204.55102040816325,20.609207153320312,2024-02-21,67.35228729248047
2023-02-22,207.75675675675674,20.70798683166504,2024-02-22,78.39865112304688
2023-02-23,226.43103448275863,23.61153793334961,2024-02-23,78.67715454101562
2023-02-24,226.43103448275863,23.234373092651367,2024-02-26,78.95167541503906
2023-02-27,226.43103448275863,23.448896408081055,2024-02-27,78.56134796142578
2023-02-28,226.43103448275863,23.16452980041504,2024-02-28,77.52519989013672
2023-03-01,226.89473684210526,22.64767837524414,2024-02-29,78.97162628173828
2023-03-02,227.91071428571428,23.262310028076172,2024-03-01,82.13300323486328
2023-03-03,227.91071428571428,23.837038040161133,2024-03-04,85.08576202392578
2023-03-06,227.91071428571428,23.501785278320312,2024-03-05,85.81549835205078
2023-03-07,227.91071428571428,23.240312576293945,2024-03-06,88.5467758178711
2023-03-08,229.05454545454546,24.13148307800293,2024-03-07,92.50891876220703
2023-03-09,229.69642857142858,23.388015747070312,2024-03-08,87.37679290771484
2023-03-10,229.69642857142858,22.91797637939453,2024-03-11,85.6258316040039
2023-03-13,229.69642857142858,22.918973922729492,2024-03-12,91.75421905517578
2023-03-14,229.69642857142858,24.013729095458984,2024-03-13,90.73098754882812
2023-03-15,230.14545454545456,24.178388595581055,2024-03-14,87.79207611083984
2023-03-16,229.89285714285714,25.48870277404785,2024-03-15,87.68526458740234
2023-03-17,232.4655172413793,25.672327041625977,2024-03-18,88.30219268798828
2023-03-20,232.4655172413793,25.846965789794922,2024-03-19,89.24356842041016
2023-03-21,233.56140350877192,26.145355224609375,2024-03-20,90.21588897705078
2023-03-22,241.3181818181818,26.413806915283203,2024-03-21,91.27703857421875
2023-03-23,242.19402985074626,27.135324478149414,2024-03-22,94.1261215209961
2023-03-24,242.19402985074626,26.724170684814453,2024-03-25,94.837890625
2023-03-27,243.26470588235293,26.476673126220703,2024-03-26,92.40109252929688
2023-03-28,244.08695652173913,26.355924606323242,2024-03-27,90.09410095214844
2023-03-29,245.82608695652175,26.928747177124023,2024-03-28,90.19991302490234
2023-03-30,246.74285714285713,27.32693099975586,2024-04-01,90.20689392089844
2023-03-31,247.77464788732394,27.720125198364258,2024-04-01,90.20689392089844
2023-04-03,247.77464788732394,27.907737731933594,2024-04-02,89.29747009277344
2023-04-04,247.77464788732394,27.396787643432617,2024-04-03,88.81031799316406
2023-04-05,247.77464788732394,26.825958251953125,2024-04-04,85.75658416748047
2023-04-06,247.77464788732394,26.981637954711914,2024-04-05,87.85597229003906
2023-04-10,248.31428571428572,27.52252960205078,2024-04-09,85.20654296875
2023-04-11,251.26027397260273,27.113370895385742,2024-04-10,86.88864135742188
2023-04-12,251.26027397260273,26.440752029418945,2024-04-11,90.45945739746094
2023-04-13,251.26027397260273,26.4088134765625,2024-04-12,88.03365325927734
2023-04-14,251.26027397260273,26.703210830688477,2024-04-15,85.8524398803711
2023-04-17,252.80555555555554,26.946712493896484,2024-04-16,87.26398468017578
2023-04-18,254.2054794520548,27.6103515625,2024-04-17,83.88983154296875
2023-04-19,255.36486486486487,27.87380599975586,2024-04-18,84.52472686767578
2023-04-20,255.36486486486487,27.04850196838379,2024-04-19,76.068359375
2023-04-21,255.36486486486487,27.06346893310547,2024-04-22,79.38062286376953
2023-04-24,257.7972972972973,26.986629486083984,2024-04-23,82.28060913085938
2023-04-25,257.7972972972973,26.18726921081543,2024-04-24,79.53936767578125
2023-04-26,257.7972972972973,26.900802612304688,2024-04-25,82.4892578125
2023-04-27,257.7972972972973,27.170249938964844,2024-04-26,87.58344268798828
2023-04-28,257.7972972972973,27.692184448242188,2024-04-29,87.60540771484375
2023-05-01,257.7972972972973,28.850807189941406,2024-04-30,86.25275421142578
2023-05-02,257.7972972972973,28.152236938476562,2024-05-01,82.89752960205078
2023-05-03,257.7972972972973,27.745073318481445,2024-05-02,85.66875457763672
2023-05-04,257.7972972972973,27.505565643310547,2024-05-03,88.63561248779297
2023-05-05,257.7972972972973,28.621273040771484,2024-05-06,91.98082733154297
2023-05-08,257.7972972972973,29.091310501098633,2024-05-07,90.39756774902344
2023-05-09,257.7972972972973,28.512495040893555,2024-05-08,90.25581359863281
2023-05-10,258.6533333333333,28.825857162475586,2024-05-09,88.59368896484375
2023-05-11,259.92,28.519481658935547,2024-05-10,89.72273254394531
2023-05-12,259.92,28.281970977783203,2024-05-13,90.24282836914062
2023-05-15,259.92,28.893712997436523,2024-05-14,91.19818115234375
2023-05-16,259.92,29.15318489074707,2024-05-15,94.46653747558594
2023-05-17,269.3134328358209,30.116209030151367,2024-05-16,94.19600677490234
2023-05-18,271.6521739130435,31.61313819885254,2024-05-17,92.31924438476562
2023-05-19,271.6521739130435,31.19998550415039,2024-05-20,94.61627960205078
2023-05-22,273.36619718309856,31.112165451049805,2024-05-21,95.2212142944336
2023-05-23,273.7361111111111,30.62516212463379,2024-05-22,94.78595733642578
2023-05-24,274.958904109589,30.4754695892334,2024-05-23,103.61969757080078
2023-05-25,325.69,37.9022331237793,2024-05-24,106.28507995605469
2023-05-26,326.8217821782178,38.866249084472656,2024-05-28,113.70423889160156
2023-05-30,326.8217821782178,40.02886962890625,2024-05-29,114.62664031982422
2023-05-31,328.51960784313724,37.756534576416016,2024-05-30,110.30912017822266
2023-06-01,328.51960784313724,39.688568115234375,2024-05-31,109.44361114501953
2023-06-02,328.51960784313724,39.2464714050293,2024-06-03,114.80133819580078
2023-06-05,328.51960784313724,39.09079360961914,2024-06-04,116.23584747314453
2023-06-06,328.51960784313724,38.57485580444336,2024-06-05,122.22847747802734
2023-06-07,328.51960784313724,37.402130126953125,2024-06-06,120.78897094726562
2023-06-08,329.2970297029703,38.43512725830078,2024-06-07,120.67916870117188
2023-06-09,329.2970297029703,38.69461441040039,2024-06-10,121.5796127319336
2023-06-12,330.39,39.40523910522461,2024-06-11,120.7110595703125
2023-06-13,330.39,40.942237854003906,2024-06-12,124.99398040771484
2023-06-14,333.2448979591837,42.91340255737305,2024-06-13,129.396728515625
2023-06-15,333.2448979591837,42.570072174072266,2024-06-14,131.66299438476562
2023-06-16,334.92929292929296,42.60898971557617,2024-06-17,130.7644500732422
2023-06-20,336.0,43.72282028198242,2024-06-20,130.56480407714844
2023-06-21,336.0,42.961307525634766,2024-06-20,130.56480407714844
2023-06-22,336.64646464646466,42.94134521484375,2024-06-21,126.36173248291016
2023-06-23,336.64646464646466,42.126930236816406,2024-06-24,117.91564178466797
2023-06-26,336.64646464646466,40.55299758911133,2024-06-25,125.88252258300781
2023-06-27,336.64646464646466,41.794578552246094,2024-06-26,126.19200134277344
2023-06-28,336.64646464646466,41.03705596923828,2024-06-27,123.78596496582031
2023-06-29,339.28,40.74263000488281,2024-06-28,123.33672332763672
2023-06-30,340.6237623762376,42.219749450683594,2024-07-01,124.09547424316406
2023-07-03,340.6237623762376,42.33053207397461,2024-07-02,122.46814727783203
2023-07-05,340.6237623762376,42.2347297668457,2024-07-05,125.62293243408203
2023-07-06,340.6237623762376,42.02113723754883,2024-07-05,125.62293243408203
2023-07-07,342.77450980392155,42.42035675048828,2024-07-08,127.98902130126953
2023-07-10,344.252427184466,42.09799575805664,2024-07-09,131.16383361816406
2023-07-11,347.45631067961165,42.322547912597656,2024-07-10,134.68801879882812
2023-07-12,347.45631067961165,43.8166389465332,2024-07-11,127.19036865234375
2023-07-13,347.45631067961165,45.887611389160156,2024-07-12,129.02735900878906
2023-07-14,349.3557692307692,45.38059997558594,2024-07-15,128.2286376953125
2023-07-17,349.3557692307692,46.370662689208984,2024-07-16,126.1520767211914
2023-07-18,349.3557692307692,47.40165710449219,2024-07-17,117.79583740234375
2023-07-19,349.3557692307692,46.9854621887207,2024-07-18,120.89073181152344
2023-07-20,355.86915887850466,45.43149948120117,2024-07-19,117.73594665527344
2023-07-21,355.86915887850466,44.22284698486328,2024-07-22,123.33672332763672
2023-07-24,359.62264150943395,44.5252571105957,2024-07-23,122.3882827758789
2023-07-25,359.62264150943395,45.59018325805664,2024-07-24,114.06200408935547
2023-07-26,359.62264150943395,45.363624572753906,2024-07-25,112.09524536132812
2023-07-27,359.62264150943395,45.810752868652344,2024-07-26,112.87395477294922
2023-07-28,359.62264150943395,46.65909957885742,2024-07-29,111.40637969970703
2023-07-31,359.62264150943395,46.638145446777344,2024-07-30,103.55931854248047
2023-08-01,359.62264150943395,46.41657638549805,2024-07-31,116.82743072509766
2023-08-02,359.62264150943395,44.18292999267578,2024-08-01,109.03028869628906
2023-08-03,359.62264150943395,44.42844009399414,2024-08-02,107.09347534179688
2023-08-04,359.62264150943395,44.59313201904297,2024-08-05,100.28470611572266
2023-08-07,359.62264150943395,45.328697204589844,2024-08-06,104.07844543457031
2023-08-08,359.62264150943395,44.57715606689453,2024-08-07,98.74724578857422
2023-08-09,359.62264150943395,42.47126388549805,2024-08-08,104.7972640991211
2023-08-10,359.62264150943395,42.30559158325195,2024-08-09,104.57762908935547
2023-08-11,359.62264150943395,40.77556228637695,2024-08-12,108.84061431884766
2023-08-14,360.6190476190476,43.66792678833008,2024-08-13,115.94889068603516
2023-08-15,365.50925925925924,43.85457229614258,2024-08-14,117.88570404052734
2023-08-16,370.50925925925924,43.40144348144531,2024-08-15,122.65782928466797
2023-08-17,377.6388888888889,43.25973129272461,2024-08-16,124.37499237060547
2023-08-18,378.6697247706422,43.214813232421875,2024-08-19,129.7860870361328
2023-08-21,391.5,46.87567901611328,2024-08-20,127.04061889648438
2023-08-22,393.05607476635515,45.57920837402344,2024-08-21,128.28855895996094
2023-08-23,425.7093023255814,47.02439880371094,2024-08-22,123.536376953125
2023-08-24,480.1666666666667,47.0713005065918,2024-08-23,129.1571044921875
2023-08-25,480.1666666666667,45.928531646728516,2024-08-26,126.25190734863281
2023-08-28,480.1666666666667,46.74394226074219,2024-08-27,128.08889770507812
2023-08-29,480.1666666666667,48.689144134521484,2024-08-28,125.40331268310547
2023-08-30,480.1666666666667,49.168216705322266,2024-08-29,117.3965072631836
2023-08-31,480.1666666666667,49.25904083251953,2024-08-30,119.173583984375
2023-09-01,480.1666666666667,48.41468048095703,2024-09-03,107.82228088378906
2023-09-05,480.1666666666667,48.453609466552734,2024-09-04,106.03523254394531
2023-09-06,482.070796460177,46.97336196899414,2024-09-05,107.03358459472656
2023-09-07,482.070796460177,46.1548957824707,2024-09-06,102.66079711914062
2023-09-08,482.070796460177,45.48713684082031,2024-09-09,106.2947998046875
2023-09-11,482.070796460177,45.09387969970703,2024-09-10,107.92211151123047
2023-09-12,482.070796460177,44.78643798828125,2024-09-11,116.7176284790039
2023-09-13,484.44642857142856,45.40030288696289,2024-09-12,118.95413970947266
2023-09-14,487.7181818181818,45.496124267578125,2024-09-13,118.9141845703125
2023-09-15,487.7181818181818,43.8182487487793,2024-09-16,116.59780883789062
2023-09-18,490.08256880733944,43.884124755859375,2024-09-17,115.40966796875
2023-09-19,508.05,43.43896484375,2024-09-18,113.19313049316406
2023-09-20,510.1515151515151,42.16034698486328,2024-09-19,117.68611145019531
2023-09-21,510.1515151515151,40.94062042236328,2024-09-20,115.81903076171875
2023-09-22,510.1515151515151,41.53252410888672,2024-09-23,116.07862854003906
2023-09-25,514.3298969072165,42.14338302612305,2024-09-24,120.68143463134766
2023-09-26,516.5625,41.83295822143555,2024-09-25,123.31730651855469
2023-09-27,518.7368421052631,42.388912200927734,2024-09-26,123.84647369384766
2023-09-28,520.8510638297872,43.00876235961914,2024-09-27,121.21060180664062
2023-09-29,520.8510638297872,43.41799545288086,2024-09-30,121.25054931640625
2023-10-02,520.8510638297872,44.698612213134766,2024-10-01,116.81745910644531
2023-10-03,523.2631578947369,43.435970306396484,2024-10-02,118.66458129882812
2023-10-04,523.2631578947369,43.95899200439453,2024-10-03,122.65834045410156
2023-10-05,523.2631578947369,44.604793548583984,2024-10-04,124.72510528564453
2023-10-06,523.2631578947369,45.676788330078125,2024-10-07,127.52073669433594
2023-10-09,529.8913043478261,45.18869400024414,2024-10-08,132.68267822265625
2023-10-10,529.8913043478261,45.71272277832031,2024-10-09,132.44305419921875
2023-10-11,529.8913043478261,46.718841552734375,2024-10-10,134.59967041015625
2023-10-12,529.8913043478261,46.85758590698242,2024-10-11,134.58970642089844
2023-10-13,529.8913043478261,45.376346588134766,2024-10-14,137.85459899902344
2023-10-16,531.8131868131868,46.00916290283203,2024-10-15,131.3946990966797
2023-10-17,533.9444444444445,43.85618209838867,2024-10-16,135.50828552246094
2023-10-18,535.1086956521739,42.1174201965332,2024-10-17,136.71636962890625
2023-10-19,535.1086956521739,42.022605895996094,2024-10-18,137.7847137451172
2023-10-20,536.3440860215054,41.309932708740234,2024-10-21,143.48580932617188
2023-10-23,538.695652173913,42.89497375488281,2024-10-22,143.36599731445312
2023-10-24,538.695652173913,43.581687927246094,2024-10-23,139.34226989746094
2023-10-25,538.695652173913,41.70120620727539,2024-10-24,140.19094848632812
2023-10-26,538.695652173913,40.25090789794922,2024-10-25,141.31918334960938
2023-10-27,538.695652173913,40.424583435058594,2024-10-28,140.30078125
2023-10-30,538.695652173913,41.08435821533203,2024-10-29,141.02963256835938
2023-10-31,538.695652173913,40.704063415527344,2024-10-30,139.12261962890625
2023-11-01,538.695652173913,42.24618911743164,2024-10-31,132.55288696289062
2023-11-02,538.695652173913,43.42498779296875,2024-11-01,135.18875122070312
2023-11-03,538.695652173913,44.921199798583984,2024-11-04,135.83775329589844
2023-11-06,538.695652173913,45.665802001953125,2024-11-05,139.6917266845703
2023-11-07,541.0769230769231,45.86942672729492,2024-11-06,145.38284301757812
2023-11-08,543.5333333333333,46.487266540527344,2024-11-07,148.6477508544922
2023-11-09,544.978021978022,46.862579345703125,2024-11-08,147.39967346191406
2023-11-10,544.978021978022,48.244998931884766,2024-11-11,145.0333709716797
2023-11-13,544.978021978022,48.52946472167969,2024-11-12,148.05862426757812
2023-11-14,544.978021978022,49.563533782958984,2024-11-13,146.0417938232422
2023-11-15,549.3595505617977,48.796966552734375,2024-11-14,146.53102111816406
2023-11-16,549.3595505617977,49.38786697387695,2024-11-15,141.7584686279297
2023-11-17,551.2282608695652,49.20620346069336,2024-11-18,139.93133544921875
2023-11-20,558.9662921348314,50.315128326416016,2024-11-19,146.78065490722656
2023-11-21,561.1931818181819,49.85099792480469,2024-11-20,145.6623992919922
2023-11-22,608.1388888888889,48.62528610229492,2024-11-21,146.44119262695312
2023-11-24,610.5070422535211,47.687042236328125,2024-11-25,135.80780029296875
2023-11-27,610.5070422535211,48.15216827392578,2024-11-26,136.70639038085938
2023-11-28,612.0857142857143,47.73195266723633,2024-11-27,135.12884521484375
2023-11-29,612.0857142857143,48.050357818603516,2024-11-29,138.03433227539062
2023-11-30,612.0857142857143,46.68291091918945,2024-11-29,138.03433227539062
2023-12-01,612.0857142857143,46.67792510986328,2024-12-02,138.41371154785156
2023-12-04,612.0857142857143,45.42525100708008,2024-12-03,140.04119873046875
2023-12-05,612.0857142857143,46.48337936401367,2024-12-04,144.91357421875
2023-12-06,612.0857142857143,45.422264099121094,2024-12-05,144.8436737060547
2023-12-07,612.0857142857143,46.51332473754883,2024-12-06,142.2275848388672
2023-12-08,612.0857142857143,47.42171096801758,2024-12-09,138.6029815673828
2023-12-11,612.0857142857143,46.54426956176758,2024-12-10,134.86856079101562
2023-12-12,612.0857142857143,47.57244873046875,2024-12-11,139.10223388671875
2023-12-13,612.0857142857143,48.0026741027832,2024-12-12,137.1351776123047
2023-12-14,613.7101449275362,48.26421356201172,2024-12-13,134.04978942871094
2023-12-15,613.7101449275362,48.80324935913086,2024-12-16,131.80313110351562
2023-12-18,613.7101449275362,49.98815155029297,2024-12-17,130.19554138183594
2023-12-19,613.7101449275362,49.51598358154297,2024-12-18,128.7177734375
2023-12-20,616.8529411764706,48.02562713623047,2024-12-19,130.48507690429688
2023-12-21,616.8529411764706,48.903079986572266,2024-12-20,134.49911499023438
2023-12-22,616.8529411764706,48.74336242675781,2024-12-23,139.4617156982422
2023-12-26,616.8529411764706,49.19156265258789,2024-12-26,139.72132873535156
2023-12-27,617.1044776119403,49.329322814941406,2024-12-26,139.72132873535156
2023-12-28,619.2575757575758,49.43412399291992,2024-12-27,136.80567932128906
2023-12-29,619.2575757575758,49.43412399291992,2024-12-30,137.28494262695312
2024-01-02,619.2575757575758,48.08253479003906,2025-01-02,138.1037139892578
2024-01-03,616.1343283582089,47.48459243774414,2025-01-02,138.1037139892578
2024-01-04,616.9848484848485,47.912841796875,2025-01-03,144.2545623779297
2024-01-05,616.9848484848485,49.0098876953125,2025-01-06,149.20713806152344
2024-01-08,619.9375,52.1602897644043,2025-01-07,139.93099975585938
2024-01-09,619.9375,53.04571533203125,2025-01-08,139.90106201171875
2024-01-10,619.9375,54.25356674194336,2025-01-10,135.7073211669922
2024-01-11,621.1269841269841,54.72472381591797,2025-01-10,135.7073211669922
2024-01-12,621.1269841269841,54.61292266845703,2025-01-13,133.03131103515625
2024-01-16,622.984375,56.281959533691406,2025-01-15,136.03683471679688
2024-01-17,625.016393442623,55.953548431396484,2025-01-16,133.37081909179688
2024-01-18,627.6774193548387,57.005672454833984,2025-01-17,137.504638671875
2024-01-19,628.8253968253969,59.38544464111328,2025-01-21,140.61996459960938
2024-01-22,630.4193548387096,59.54815673828125,2025-01-21,140.61996459960938
2024-01-23,632.7142857142857,59.76676559448242,2025-01-22,146.85069274902344
2024-01-24,632.7142857142857,61.25312423706055,2025-01-23,147.00045776367188
2024-01-25,632.7142857142857,61.50767135620117,2025-01-24,142.4073028564453
2024-01-26,632.7142857142857,60.92271423339844,2025-01-27,118.24340057373047
2024-01-29,634.9375,62.35417175292969,2025-01-28,128.79762268066406
2024-01-30,634.9375,62.66261672973633,2025-01-29,123.5155258178711
2024-01-31,634.9375,61.4178352355957,2025-01-30,124.464111328125
2024-02-01,634.9375,62.9151725769043,2025-01-31,119.89093780517578
2024-02-02,634.9375,66.04261779785156,2025-02-03,116.48602294921875
2024-02-05,637.4769230769231,69.208984375,2025-02-04,118.47305297851562
2024-02-06,637.4769230769231,68.1019515991211,2025-02-05,124.64383697509766
2024-02-07,639.1818181818181,69.97462463378906,2025-02-06,128.4881134033203
2024-02-08,639.1818181818181,69.51742553710938,2025-02-07,129.64633178710938
2024-02-09,639.1818181818181,72.00503540039062,2025-02-10,133.37081909179688
2024-02-12,646.109375,72.11980438232422,2025-02-11,132.6019744873047
2024-02-13,653.5873015873016,72.00003051757812,2025-02-12,130.94442749023438
2024-02-14,656.8709677419355,73.76889038085938,2025-02-13,135.08822631835938
2024-02-15,659.6065573770492,72.52908325195312,2025-02-14,138.64292907714844
2024-02-16,675.7846153846153,72.4841537475586,2025-02-18,139.19210815429688
2024-02-20,690.7846153846153,69.32878112792969,2025-02-19,139.02236938476562
2024-02-21,723.5945945945946,67.35228729248047,2025-02-20,139.90106201171875
2024-02-22,775.2413793103449,78.39865112304688,2025-02-21,134.22950744628906
2024-02-23,775.2413793103449,78.67715454101562,2025-02-24,130.08572387695312
2024-02-26,775.2413793103449,78.95167541503906,2025-02-25,126.44115447998047
2024-02-27,775.2413793103449,78.56134796142578,2025-02-26,131.084228515625
2024-02-28,775.2413793103449,77.52519989013672,2025-02-27,119.9708251953125
2024-02-29,778.7966101694915,78.97162628173828,2025-02-28,124.73370361328125
2024-03-01,778.7966101694915,82.13300323486328,2025-03-03,113.88990020751953
2024-03-04,780.8166666666667,85.08576202392578,2025-03-04,115.81702423095703
2024-03-05,780.8166666666667,85.81549835205078,2025-03-05,117.12507629394531
2024-03-06,782.2786885245902,88.5467758178711,2025-03-06,110.40510559082031
2024-03-07,785.7903225806451,92.50891876220703,2025-03-07,112.52195739746094
2024-03-08,785.7903225806451,87.37679290771484,2025-03-10,106.82046508789062
2024-03-11,792.3650793650794,85.6258316040039,2025-03-11,108.5978012084961
2024-03-12,792.3650793650794,91.75421905517578,2025-03-12,115.57803344726562
2024-03-13,797.171875,90.73098754882812,2025-03-13,115.41825103759766
2024-03-14,797.171875,87.79207611083984,2025-03-14,121.49972534179688
2024-03-15,797.171875,87.68526458740234,2025-03-17,119.36272430419922
2024-03-18,806.7575757575758,88.30219268798828,2025-03-18,115.26846313476562
2024-03-19,819.5142857142857,89.24356842041016,2025-03-19,117.35553741455078
2024-03-20,836.6153846153846,90.21588897705078,2025-03-20,118.3641128540039
2024-03-21,839.9493670886076,91.27703857421875,2025-03-21,117.5352783203125
2024-03-22,843.2,94.1261215209961,2025-03-24,121.24009704589844
2024-03-25,843.2,94.837890625,2025-03-25,120.52110290527344
2024-03-26,843.2,92.40109252929688,2025-03-26,113.60079956054688
2024-03-27,843.2,90.09410095214844,2025-03-27,111.27406311035156
2024-03-28,843.2,90.19991302490234,2025-03-28,109.51652526855469
2024-04-01,844.379746835443,90.20689392089844,2025-04-01,109.99585723876953
2024-04-02,844.379746835443,89.29747009277344,2025-04-02,110.26546478271484
2024-04-03,844.379746835443,88.81031799316406,2025-04-03,101.65753936767578
2024-04-04,846.95,85.75658416748047,2025-04-04,94.17801666259766
2024-04-05,846.95,87.85597229003906,2025-04-07,97.50334930419922
2024-04-08,851.3086419753087,86.98247528076172,2025-04-08,96.16522979736328
2024-04-09,851.3086419753087,85.20654296875,2025-04-09,114.17000579833984
2024-04-10,851.3086419753087,86.88864135742188,2025-04-10,107.4194564819336
2024-04-11,854.3414634146342,90.45945739746094,2025-04-11,110.77476501464844
2024-04-12,854.3414634146342,88.03365325927734,2025-04-14,110.55506896972656
2024-04-15,854.3414634146342,85.8524398803711,2025-04-15,112.04297637939453
2024-04-16,864.7037037037037,87.26398468017578,2025-04-16,104.3437728881836
2024-04-17,864.7037037037037,83.88983154296875,2025-04-17,101.34796142578125
2024-04-18,867.3875,84.52472686767578,2025-04-21,96.77438354492188
2024-04-19,867.3875,76.068359375,2025-04-21,96.77438354492188
2024-04-22,867.3875,79.38062286376953,2025-04-22,98.75159454345703
2024-04-23,867.3875,82.28060913085938,2025-04-23,102.5662612915039
2024-04-24,867.3875,79.53936767578125,2025-04-24,106.28105163574219
2024-04-25,867.3875,82.4892578125,2025-04-25,110.85465240478516
2024-04-26,867.3875,87.58344268798828,2025-04-28,108.57785034179688
2024-04-29,867.3875,87.60540771484375,2025-04-29,108.867431640625
2024-04-30,870.8765432098766,86.25275421142578,2025-04-30,108.76756286621094
2024-05-01,870.8765432098766,82.89752960205078,2025-05-01,111.45380401611328
2024-05-02,870.8765432098766,85.66875457763672,2025-05-02,114.33976745605469
2024-05-03,870.8765432098766,88.63561248779297,2025-05-05,113.66072082519531
2024-05-06,870.8765432098766,91.98082733154297,2025-05-06,113.38111114501953
2024-05-07,873.670731707317,90.39756774902344,2025-05-07,116.89617919921875
2024-05-08,876.1234567901234,90.25581359863281,2025-05-08,117.20574951171875
2024-05-09,876.1234567901234,88.59368896484375,2025-05-09,116.48675537109375
2024-05-10,881.9024390243902,89.72273254394531,2025-05-12,122.82786560058594
2024-05-13,881.9024390243902,90.24282836914062,2025-05-13,129.7481689453125
2024-05-14,885.1325301204819,91.19818115234375,2025-05-14,135.1505889892578
2024-05-15,885.1325301204819,94.46653747558594,2025-05-15,134.64132690429688
2024-05-16,896.8641975308642,94.19600677490234,2025-05-16,135.21051025390625
2024-05-17,899.3414634146342,92.31924438476562,2025-05-19,135.38026428222656
2024-05-20,915.2988505747127,94.61627960205078,2025-05-20,134.1919403076172
2024-05-21,957.0131578947369,95.2212142944336,2025-05-21,131.6155548095703
2024-05-22,957.0131578947369,94.78595733642578,2025-05-22,132.64410400390625
2024-05-23,1032.2952380952381,103.61969757080078,2025-05-23,131.10626220703125
2024-05-24,1032.2952380952381,106.28507995605469,2025-05-27,135.31036376953125
2024-05-28,1032.2952380952381,113.70423889160156,2025-05-28,134.621337890625
2024-05-29,1032.2952380952381,114.62664031982422,2025-05-29,138.99520874023438
2024-05-30,1032.2952380952381,110.30912017822266,2025-05-30,134.94090270996094
2024-05-31,1032.2952380952381,109.44361114501953,2025-06-02,137.187744140625
2024-06-03,1032.2952380952381,114.80133819580078,2025-06-03,141.02235412597656
2024-06-04,1034.5849056603774,116.23584747314453,2025-06-04,141.7213897705078
2024-06-05,1034.5849056603774,122.22847747802734,2025-06-05,139.79408264160156
2024-06-06,1034.5849056603774,120.78897094726562,2025-06-06,141.5216522216797
2024-06-07,1034.5849056603774,120.67916870117188,2025-06-09,142.43040466308594
2024-06-10,1010.0550458715596,121.5796127319336,2025-06-10,143.75852966308594
2024-06-11,986.8392857142857,120.7110595703125,2025-06-11,142.6400146484375
2024-06-12,986.8392857142857,124.99398040771484,2025-06-12,144.80712890625
2024-06-13,986.8392857142857,129.396728515625,2025-06-13,141.78114318847656
2024-06-14,986.8392857142857,131.66299438476562,2025-06-16,144.49754333496094
2024-06-17,986.8392857142857,130.7644500732422,2025-06-17,143.92828369140625
2024-06-18,965.6608695652174,135.35690307617188,2025-06-18,145.28648376464844
2024-06-20,965.6608695652174,130.56480407714844,2025-06-20,143.65866088867188
2024-06-21,958.7155172413793,126.36173248291016,2025-06-23,143.97824096679688
2024-06-24,951.8034188034188,117.91564178466797,2025-06-24,147.70326232910156
2024-06-25,951.8034188034188,125.88252258300781,2025-06-25,154.10475158691406
2024-06-26,938.5378151260504,126.19200134277344,2025-06-26,154.8137969970703
2024-06-27,931.8833333333333,123.78596496582031,2025-06-27,157.5401611328125
2024-06-28,931.8833333333333,123.33672332763672,2025-06-30,157.7798614501953
2024-07-01,925.3719008264463,124.09547424316406,2025-07-01,153.09609985351562
2024-07-02,929.6666666666666,122.46814727783203,2025-07-02,157.04083251953125
2024-07-03,929.6666666666666,128.06890869140625,2025-07-03,159.1280517578125
2024-07-05,929.6666666666666,125.62293243408203,2025-07-07,158.02952575683594
2024-07-08,923.2231404958678,127.98902130126953,2025-07-08,159.78717041015625
2024-07-09,917.1311475409836,131.16383361816406,2025-07-09,162.66334533691406
2024-07-10,917.1311475409836,134.68801879882812,2025-07-10,163.88172912597656
2024-07-11,917.1311475409836,127.19036865234375,2025-07-11,164.7006378173828
2024-07-12,911.0569105691056,129.02735900878906,2025-07-14,163.85177612304688
2024-07-15,906.3821138211382,128.2286376953125,2025-07-15,170.4729461669922
2024-07-16,906.3821138211382,126.1520767211914,2025-07-16,171.14205932617188
2024-07-17,907.3360655737705,117.79583740234375,2025-07-17,172.7698974609375
2024-07-18,909.0495867768595,120.89073181152344,2025-07-18,172.18067932128906
2024-07-19,909.0495867768595,117.73594665527344,2025-07-21,171.1520538330078
2024-07-22,897.827868852459,123.33672332763672,2025-07-22,166.80784606933594
2024-07-23,897.827868852459,122.3882827758789,2025-07-23,170.55284118652344
2024-07-24,897.827868852459,114.06200408935547,2025-07-24,173.5089111328125
2024-07-25,897.827868852459,112.09524536132812,2025-07-25,173.26922607421875
2024-07-26,897.827868852459,112.87395477294922,2025-07-28,176.514892578125
2024-07-29,898.8429752066115,111.40637969970703,2025-07-29,175.27655029296875
2024-07-30,898.8429752066115,103.55931854248047,2025-07-30,179.03155517578125
2024-07-31,898.8429752066115,116.82743072509766,2025-07-31,177.63340759277344
2024-08-01,898.8429752066115,109.03028869628906,2025-08-01,173.4889373779297
2024-08-02,898.8429752066115,107.09347534179688,2025-08-04,179.76058959960938
2024-08-05,886.844262295082,100.28470611572266,2025-08-05,178.02288818359375
2024-08-06,881.6803278688525,104.07844543457031,2025-08-06,179.1813507080078
2024-08-07,881.6803278688525,98.74724578857422,2025-08-07,180.52957153320312
2024-08-08,881.6803278688525,104.7972640991211,2025-08-08,182.4569854736328
2024-08-09,881.6803278688525,104.57762908935547,2025-08-11,181.8178253173828
2024-08-12,883.0416666666666,108.84061431884766,2025-08-12,182.9163818359375
2024-08-13,883.3193277310925,115.94889068603516,2025-08-13,181.3484649658203
2024-08-14,883.3193277310925,117.88570404052734,2025-08-14,181.7778778076172
2024-08-15,881.9565217391304,122.65782928466797,2025-08-15,180.20997619628906
2024-08-16,881.9565217391304,124.37499237060547,2025-08-18,181.76788330078125
2024-08-19,872.8761061946902,129.7860870361328,2025-08-19,175.4063720703125
2024-08-20,872.8761061946902,127.04061889648438,2025-08-20,175.16668701171875
2024-08-21,866.5483870967741,128.28855895996094,2025-08-21,174.7472381591797
2024-08-22,859.4574468085107,123.536376953125,2025-08-22,177.75326538085938
2024-08-23,844.5520833333334,129.1571044921875,2025-08-25,179.57083129882812
2024-08-26,837.6494845360825,126.25190734863281,2025-08-26,181.52822875976562
2024-08-27,830.5816326530612,128.08889770507812,2025-08-27,181.3584442138672
2024-08-28,828.9896907216495,125.40331268310547,2025-08-28,179.93035888671875
2024-08-29,723.2,117.3965072631836,2025-08-29,173.94830322265625
2024-08-30,723.2,119.173583984375,2025-09-02,170.55284118652344
2024-09-03,720.3362831858407,107.82228088378906,2025-09-03,170.39306640625
2024-09-04,717.8392857142857,106.03523254394531,2025-09-04,171.4316864013672
2024-09-05,712.9469026548672,107.03358459472656,2025-09-05,166.79786682128906
2024-09-06,712.9469026548672,102.66079711914062,2025-09-08,168.08612060546875
2024-09-09,708.5982142857143,106.2947998046875,2025-09-09,170.53285217285156
2024-09-10,705.072072072072,107.92211151123047,2025-09-10,177.09413146972656
2024-09-11,705.072072072072,116.7176284790039,2025-09-11,176.9443359375
2024-09-12,705.072072072072,118.95413970947266,2025-09-12,177.59349060058594
2024-09-13,705.072072072072,118.9141845703125,2025-09-15,177.52359008789062
2024-09-16,684.9142857142857,116.59780883789062,2025-09-16,174.65724182128906
2024-09-17,660.0618556701031,115.40966796875,2025-09-17,170.0730743408203
2024-09-18,655.4791666666666,113.19313049316406,2025-09-18,176.01551818847656
2024-09-19,650.8,117.68611145019531,2025-09-19,176.4449462890625
2024-09-20,650.8,115.81903076171875,2025-09-22,183.37611389160156
2024-09-23,650.8,116.07862854003906,2025-09-23,178.2027130126953
2024-09-24,650.8,120.68143463134766,2025-09-24,176.74456787109375
2024-09-25,650.8,123.31730651855469,2025-09-25,177.4636688232422
2024-09-26,650.8,123.84647369384766,2025-09-26,177.96302795410156
2024-09-27,650.8,121.21060180664062,2025-09-29,181.61837768554688
2024-09-30,650.8,121.25054931640625,2025-09-30,186.3423309326172
2024-10-01,650.8,116.81745910644531,2025-10-01,187.00149536132812
2024-10-02,646.5531914893617,118.66458129882812,2025-10-02,188.64939880371094
2024-10-03,646.5531914893617,122.65834045410156,2025-10-03,187.38101196289062
2024-10-04,646.5531914893617,124.72510528564453,2025-10-06,185.30364990234375
2024-10-07,640.6021505376344,127.52073669433594,2025-10-07,184.80429077148438
2024-10-08,630.5368421052632,132.68267822265625,2025-10-08,188.86911010742188
2024-10-09,625.5425531914893,132.44305419921875,2025-10-09,192.32470703125
2024-10-10,620.5368421052632,134.59967041015625,2025-10-10,182.92669677734375
2024-10-11,615.6354166666666,134.58970642089844,2025-10-13,188.0801239013672
2024-10-14,609.9052631578948,137.85459899902344,2025-10-14,179.8006591796875
2024-10-15,609.9052631578948,131.3946990966797,2025-10-15,179.60093688964844
2024-10-16,609.9052631578948,135.50828552246094,2025-10-16,181.5784149169922
2024-10-17,609.9052631578948,136.71636962890625,2025-10-17,182.9866180419922
2024-10-18,605.53125,137.7847137451172,2025-10-20,182.4073486328125
2024-10-21,605.53125,143.48580932617188,2025-10-21,180.92922973632812
2024-10-22,605.53125,143.36599731445312,2025-10-22,180.05035400390625
2024-10-23,605.53125,139.34226989746094,2025-10-23,181.92796325683594
2024-10-24,605.53125,140.19094848632812,2025-10-24,186.02272033691406
2024-10-25,605.53125,141.31918334960938,2025-10-27,191.24607849121094
2024-10-28,599.8,140.30078125,2025-10-28,200.77394104003906
2024-10-29,599.8,141.02963256835938,2025-10-29,206.77627563476562
2024-10-30,599.8,139.12261962890625,2025-10-30,202.63156127929688
2024-10-31,599.8,132.55288696289062,2025-10-31,202.23207092285156
2024-11-01,599.8,135.18875122070312,2025-11-03,206.61647033691406
2024-11-04,594.4787234042553,135.83775329589844,2025-11-04,198.43690490722656
2024-11-05,594.4787234042553,139.6917266845703,2025-11-05,194.9613494873047
2024-11-06,594.4787234042553,145.38284301757812,2025-11-06,187.84042358398438
2024-11-07,586.3548387096774,148.6477508544922,2025-11-07,187.91033935546875
2024-11-08,586.3548387096774,147.39967346191406,2025-11-10,198.7964630126953
2024-11-11,563.3958333333334,145.0333709716797,2025-11-11,192.91395568847656
2024-11-12,555.3979591836735,148.05862426757812,2025-11-12,193.5531463623047
2024-11-13,546.9285714285714,146.0417938232422,2025-11-13,186.62196350097656
2024-11-14,523.3725490196078,146.53102111816406,2025-11-14,189.92774963378906
2024-11-15,523.3725490196078,141.7584686279297,2025-11-17,186.3623046875
2024-11-18,486.7244897959184,139.93133544921875,2025-11-18,181.1289825439453
2024-11-19,480.46,146.78065490722656,2025-11-19,186.28240966796875
2024-11-20,174.48611111111111,145.6623992919922,2025-11-20,180.40989685058594
2024-11-21,174.8913043478261,146.44119262695312,2025-11-21,178.6521453857422
2024-11-22,174.30851063829786,141.72854614257812,2025-11-24,182.31747436523438
2024-11-25,174.30851063829786,135.80780029296875,2025-11-25,177.59349060058594
2024-11-26,174.30851063829786,136.70639038085938,2025-11-26,180.03038024902344
2024-11-27,174.30851063829786,135.12884521484375,2025-11-28,176.7745361328125
2024-11-29,174.30851063829786,138.03433227539062,2025-12-01,179.69082641601562
2024-12-02,162.4731182795699,138.41371154785156,2025-12-02,181.22885131835938
2024-12-03,162.4731182795699,140.04119873046875,2025-12-03,179.36123657226562
2024-12-04,162.4731182795699,144.91357421875,2025-12-04,183.1566162109375
2024-12-05,162.4731182795699,144.8436737060547,2025-12-05,182.1877899169922
2024-12-06,162.4731182795699,142.2275848388672,2025-12-08,185.323974609375
2024-12-09,163.79310344827587,138.6029815673828,2025-12-09,184.7446746826172
2024-12-10,163.79310344827587,134.86856079101562,2025-12-10,183.55612182617188
2024-12-11,163.79310344827587,139.10223388671875,2025-12-11,180.70957946777344
2024-12-12,163.79310344827587,137.1351776123047,2025-12-12,174.80679321289062
2024-12-13,163.79310344827587,134.04978942871094,2025-12-15,176.0752410888672
2024-12-16,163.87058823529412,131.80313110351562,2025-12-16,177.50350952148438
2024-12-17,163.87058823529412,130.19554138183594,2025-12-17,170.7317657470703
2024-12-18,163.87058823529412,128.7177734375,2025-12-18,173.9278564453125
2024-12-19,163.91666666666666,130.48507690429688,2025-12-19,180.76951599121094
2024-12-20,163.94117647058823,134.49911499023438,2025-12-22,183.4662322998047
2024-12-23,164.10714285714286,139.4617156982422,2025-12-23,188.97950744628906
2024-12-24,164.14634146341464,140.01089477539062,2025-12-24,188.38023376464844
2024-12-26,164.44444444444446,139.72132873535156,2025-12-26,190.2978973388672
2024-12-27,164.44444444444446,136.80567932128906,2025-12-29,187.99070739746094
2024-12-30,164.7,137.28494262695312,2025-12-30,187.31153869628906
2024-12-31,164.7,134.08973693847656,2025-12-31,186.27281188964844
2025-01-02,164.7,138.1037139892578,2026-01-02,188.6199493408203
2025-01-03,164.7,144.2545623779297,2026-01-05,187.89083862304688
2025-01-06,164.69230769230768,149.20713806152344,2026-01-06,187.0119171142578
2025-01-07,165.325,139.93099975585938,2026-01-07,188.87962341308594
2025-01-08,166.0,139.90106201171875,2026-01-08,184.81459045410156
2025-01-10,165.95,135.7073211669922,2026-01-12,184.71470642089844
2025-01-13,166.2,133.03131103515625,2026-01-13,185.58364868164062
2025-01-14,166.2,131.56350708007812,2026-01-14,182.91688537597656
2025-01-15,166.2,136.03683471679688,2026-01-15,186.8221435546875
2025-01-16,166.2,133.37081909179688,2026-01-16,186.0031280517578
2025-01-17,166.30864197530863,137.504638671875,2026-01-20,177.8530731201172
2025-01-21,166.53164556962025,140.61996459960938,2026-01-21,183.09669494628906
2025-01-22,166.53164556962025,146.85069274902344,2026-01-22,184.6148223876953
2025-01-23,166.53164556962025,147.00045776367188,2026-01-23,187.44137573242188
2025-01-24,166.53164556962025,142.4073028564453,2026-01-26,186.2428436279297
2025-01-27,166.95,118.24340057373047,2026-01-27,188.29034423828125
2025-01-28,167.41463414634146,128.79762268066406,2026-01-28,191.2866973876953
2025-01-29,167.41463414634146,123.5155258178711,2026-01-29,192.27548217773438
2025-01-30,167.41463414634146,124.464111328125,2026-01-30,190.8971710205078
2025-01-31,167.41463414634146,119.89093780517578,2026-02-02,185.38389587402344
2025-02-03,169.27848101265823,116.48602294921875,2026-02-03,180.12030029296875
2025-02-04,169.27848101265823,118.47305297851562,2026-02-04,173.97779846191406
2025-02-05,169.27848101265823,124.64383697509766,2026-02-05,171.6706085205078
2025-02-06,169.27848101265823,128.4881134033203,2026-02-06,185.1841278076172
2025-02-07,169.27848101265823,129.64633178710938,2026-02-09,189.80848693847656
2025-02-10,169.27848101265823,133.37081909179688,2026-02-10,188.31031799316406
2025-02-11,169.27848101265823,132.6019744873047,2026-02-11,189.8184814453125
2025-02-12,169.27848101265823,130.94442749023438,2026-02-12,186.7122802734375
2025-02-13,169.27848101265823,135.08822631835938,2026-02-13,182.58731079101562
2025-02-14,169.27848101265823,138.64292907714844,2026-02-17,184.7446746826172
2025-02-18,170.03896103896105,139.19210815429688,2026-02-18,187.75099182128906
2025-02-19,169.64473684210526,139.02236938476562,2026-02-19,187.6710968017578
2025-02-20,170.92105263157896,139.90106201171875,2026-02-20,189.58877563476562
2025-02-21,170.92105263157896,134.22950744628906,2026-02-23,191.31666564941406
2025-02-24,171.86666666666667,130.08572387695312,2026-02-24,192.61508178710938
2025-02-25,172.10526315789474,126.44115447998047,2026-02-25,195.32176208496094
2025-02-26,178.0,131.084228515625,2026-02-26,184.66476440429688
2025-02-27,178.72727272727272,119.9708251953125,2026-02-27,176.97415161132812
2025-02-28,178.72727272727272,124.73370361328125,2026-03-02,182.25770568847656
2025-03-03,178.72727272727272,113.88990020751953,2026-03-03,179.83065795898438
2025-03-04,178.72727272727272,115.81702423095703,2026-03-04,182.8170166015625
2025-03-05,178.93846153846152,117.12507629394531,2026-03-05,183.1166534423828
2025-03-06,178.93846153846152,110.40510559082031,2026-03-06,177.60337829589844
2025-03-07,178.93846153846152,112.52195739746094,2026-03-09,182.427490234375
2025-03-10,178.93846153846152,106.82046508789062,2026-03-10,184.544921875
2025-03-11,178.93846153846152,108.5978012084961,2026-03-11,185.8134307861328
2025-03-12,178.93846153846152,115.57803344726562,2026-03-12,182.9268035888672
2025-03-13,178.93846153846152,115.41825103759766,2026-03-13,180.0401611328125
2025-03-14,178.77272727272728,121.49972534179688,2026-03-16,183.0067138671875
2025-03-17,178.77272727272728,119.36272430419922,2026-03-17,181.71820068359375
2025-03-18,178.77272727272728,115.26846313476562,2026-03-18,180.1899871826172
2025-03-19,179.84722222222223,117.35553741455078,2026-03-19,178.3521270751953
2025-03-20,179.24324324324326,118.3641128540039,2026-03-20,172.4989471435547
2025-03-21,179.24324324324326,117.5352783203125,2026-03-23,175.43553161621094
2025-03-24,179.24324324324326,121.24009704589844,2026-03-24,174.99603271484375
2025-03-25,179.24324324324326,120.52110290527344,2026-03-25,178.47198486328125
2025-03-26,179.24324324324326,113.60079956054688,2026-03-26,171.04066467285156
2025-03-27,179.24324324324326,111.27406311035156,2026-03-27,167.32498168945312
2025-03-28,179.24324324324326,109.51652526855469,2026-03-30,164.97772216796875
2025-03-31,179.24324324324326,108.22832489013672,2026-03-31,174.1969757080078
2025-04-01,179.24324324324326,109.99585723876953,2026-04-01,175.54541015625
2025-04-02,179.24324324324326,110.26546478271484,2026-04-02,177.18348693847656
2025-04-03,179.24324324324326,101.65753936767578,2026-04-06,177.43319702148438
2025-04-04,179.24324324324326,94.17801666259766,2026-04-06,177.43319702148438
2025-04-07,179.70833333333334,97.50334930419922,2026-04-07,177.89266967773438
2025-04-08,179.70833333333334,96.16522979736328,2026-04-08,181.8680419921875
2025-04-09,179.56944444444446,114.17000579833984,2026-04-09,183.69590759277344
2025-04-10,179.98591549295776,107.4194564819336,2026-04-10,188.41041564941406
2025-04-11,179.56944444444446,110.77476501464844,2026-04-13,189.08961486816406
2025-04-14,178.75342465753425,110.55506896972656,2026-04-14,196.28123474121094
2025-04-15,178.75342465753425,112.04297637939453,2026-04-15,198.63848876953125
2025-04-16,177.7037037037037,104.3437728881836,2026-04-16,198.1190948486328
2025-04-17,177.58024691358025,101.34796142578125,2026-04-17,201.44520568847656
2025-04-21,177.58024691358025,96.77438354492188,2026-04-21,199.64732360839844
2025-04-22,177.3048780487805,98.75159454345703,2026-04-22,202.26426696777344
2025-04-23,177.3132530120482,102.5662612915039,2026-04-23,199.4075927734375
2025-04-24,177.3132530120482,106.28105163574219,2026-04-24,208.0275421142578
2025-04-25,177.10714285714286,110.85465240478516,2026-04-27,216.3578338623047
2025-04-28,177.10714285714286,108.57785034179688,2026-04-28,212.92184448242188
2025-04-29,177.10714285714286,108.867431640625,2026-04-29,209.00640869140625
2025-04-30,176.2,108.76756286621094,2026-04-30,199.33767700195312
2025-05-01,176.2,111.45380401611328,2026-05-01,198.21897888183594
2025-05-02,176.2,114.33976745605469,2026-05-04,198.24893188476562
2025-05-05,176.2,113.66072082519531,2026-05-05,196.271240234375
2025-05-06,176.2,113.38111114501953,2026-05-06,207.5880584716797
2025-05-07,176.2,116.89617919921875,2026-05-07,211.2537841796875
2025-05-08,176.2,117.20574951171875,2026-05-08,214.94947814941406
2025-05-09,176.2,116.48675537109375,2026-05-11,219.18453979492188
2025-05-12,176.3,122.82786560058594,2026-05-12,220.52297973632812
2025-05-13,176.37974683544303,129.7481689453125,2026-05-13,225.56710815429688
2025-05-14,176.12,135.1505889892578,2026-05-14,235.465576171875
2025-05-15,176.12,134.64132690429688,2026-05-15,225.05770874023438
2025-05-16,176.12,135.21051025390625,2026-05-18,222.0612030029297
2025-05-19,175.86111111111111,135.38026428222656,2026-05-19,220.35317993164062
2025-05-20,175.8732394366197,134.1919403076172,2026-05-20,223.20985412597656
2025-05-21,175.68627450980392,131.6155548095703,2026-05-21,219.25445556640625
2025-05-22,176.8,132.64410400390625,2026-05-22,215.07933044433594
2025-05-23,176.8,131.10626220703125,2026-05-26,214.60987854003906
2025-05-27,176.8,135.31036376953125,2026-05-27,212.35250854492188
2025-05-28,176.8,134.621337890625,2026-05-28,214.00057983398438
2025-05-29,176.61290322580646,138.99520874023438,2026-05-29,210.8942108154297
2025-05-30,176.61290322580646,134.94090270996094,2026-06-01,224.09881591796875
2025-06-02,176.61290322580646,137.187744140625,2026-06-02,222.56060791015625
2025-06-03,176.61290322580646,141.02235412597656,2026-06-03,214.5
2025-06-04,176.61290322580646,141.7213897705078,2026-06-04,218.66000366210938
2025-06-05,176.61290322580646,139.79408264160156,2026-06-05,205.10000610351562
2025-06-06,176.61290322580646,141.5216522216797,2026-06-08,208.63999938964844
2025-06-09,176.61290322580646,142.43040466308594,2026-06-09,208.19000244140625
2025-06-10,176.61290322580646,143.75852966308594,2026-06-10,200.4199981689453
2025-06-11,176.61290322580646,142.6400146484375,2026-06-11,204.8699951171875
2025-06-12,176.61290322580646,144.80712890625,2026-06-12,205.19000244140625
2025-06-13,176.61290322580646,141.78114318847656,2026-06-15,212.4499969482422
2025-06-16,176.1451612903226,144.49754333496094,2026-06-16,207.41000366210938
2025-06-17,176.52380952380952,143.92828369140625,2026-06-17,204.64999389648438
2025-06-18,176.52380952380952,145.28648376464844,2026-06-18,210.69000244140625
2025-06-20,176.69354838709677,143.65866088867188,2026-06-22,208.64999389648438
2025-06-23,176.69354838709677,143.97824096679688,2026-06-23,200.0399932861328
2025-06-24,176.69354838709677,147.70326232910156,2026-06-24,199.0
2025-06-25,177.85714285714286,154.10475158691406,2026-06-25,195.74000549316406
2025-06-26,177.85714285714286,154.8137969970703,2026-06-26,192.52999877929688
2025-06-27,177.85714285714286,157.5401611328125,2026-06-29,194.97000122070312
2025-06-30,177.85714285714286,157.7798614501953,2026-06-30,200.08999633789062
2025-07-01,177.85714285714286,153.09609985351562,2026-07-01,197.5800018310547
2025-07-02,177.85714285714286,157.04083251953125,2026-07-02,194.8300018310547
2025-07-03,177.96875,159.1280517578125,2026-07-06,195.5500030517578
2025-07-07,177.77777777777777,158.02952575683594,2026-07-07,196.92999267578125
2025-07-08,177.09677419354838,159.78717041015625,2026-07-08,204.1199951171875
2025-07-09,177.09677419354838,162.66334533691406,2026-07-09,202.77999877929688
2025-07-10,177.22222222222223,163.88172912597656,2026-07-10,210.9600067138672
2025-07-11,177.22222222222223,164.7006378173828,2026-07-13,203.52999877929688
2025-07-14,177.09677419354838,163.85177612304688,2026-07-14,211.8000030517578
2025-07-15,179.24242424242425,170.4729461669922,2026-07-15,212.5
2025-07-16,179.73529411764707,171.14205932617188,,
2025-07-17,179.80597014925374,172.7698974609375,,
2025-07-18,179.80597014925374,172.18067932128906,,
2025-07-21,179.80597014925374,171.1520538330078,,
2025-07-22,179.80597014925374,166.80784606933594,,
2025-07-23,179.80597014925374,170.55284118652344,,
2025-07-24,179.80597014925374,173.5089111328125,,
2025-07-25,179.80597014925374,173.26922607421875,,
2025-07-28,179.296875,176.514892578125,,
2025-07-29,179.296875,175.27655029296875,,
2025-07-30,179.6153846153846,179.03155517578125,,
2025-07-31,179.6153846153846,177.63340759277344,,
2025-08-01,179.6153846153846,173.4889373779297,,
2025-08-04,180.22727272727272,179.76058959960938,,
2025-08-05,180.22727272727272,178.02288818359375,,
2025-08-06,180.22727272727272,179.1813507080078,,
2025-08-07,180.52238805970148,180.52957153320312,,
2025-08-08,180.52238805970148,182.4569854736328,,
2025-08-11,181.10294117647058,181.8178253173828,,
2025-08-12,181.10294117647058,182.9163818359375,,
2025-08-13,181.7391304347826,181.3484649658203,,
2025-08-14,182.07142857142858,181.7778778076172,,
2025-08-15,182.07142857142858,180.20997619628906,,
2025-08-18,183.20833333333334,181.76788330078125,,
2025-08-19,183.91780821917808,175.4063720703125,,
2025-08-20,184.11111111111111,175.16668701171875,,
2025-08-21,184.74324324324326,174.7472381591797,,
2025-08-22,185.13333333333333,177.75326538085938,,
2025-08-25,185.49333333333334,179.57083129882812,,
2025-08-26,185.49333333333334,181.52822875976562,,
2025-08-27,185.67164179104478,181.3584442138672,,
2025-08-28,192.0843373493976,179.93035888671875,,
2025-08-29,192.0843373493976,173.94830322265625,,
2025-09-02,192.0843373493976,170.55284118652344,,
2025-09-03,192.0843373493976,170.39306640625,,
2025-09-04,192.35714285714286,171.4316864013672,,
2025-09-05,192.35714285714286,166.79786682128906,,
2025-09-08,192.4470588235294,168.08612060546875,,
2025-09-09,192.4470588235294,170.53285217285156,,
2025-09-10,192.4470588235294,177.09413146972656,,
2025-09-11,192.94117647058823,176.9443359375,,
2025-09-12,192.94117647058823,177.59349060058594,,
2025-09-15,192.94117647058823,177.52359008789062,,
2025-09-16,193.0379746835443,174.65724182128906,,
2025-09-17,193.96103896103895,170.0730743408203,,
2025-09-18,193.96103896103895,176.01551818847656,,
2025-09-19,193.96103896103895,176.4449462890625,,
2025-09-22,193.96103896103895,183.37611389160156,,
2025-09-23,194.8125,178.2027130126953,,
2025-09-24,194.8125,176.74456787109375,,
2025-09-25,195.37037037037038,177.4636688232422,,
2025-09-26,195.37037037037038,177.96302795410156,,
2025-09-29,195.67073170731706,181.61837768554688,,
2025-09-30,196.48809523809524,186.3423309326172,,
2025-10-01,196.48809523809524,187.00149536132812,,
2025-10-02,196.48809523809524,188.64939880371094,,
2025-10-03,197.0,187.38101196289062,,
2025-10-06,197.0,185.30364990234375,,
2025-10-07,197.67857142857142,184.80429077148438,,
2025-10-08,197.67857142857142,188.86911010742188,,
2025-10-09,199.46428571428572,192.32470703125,,
2025-10-10,199.46428571428572,182.92669677734375,,
2025-10-13,200.71428571428572,188.0801239013672,,
2025-10-14,204.14473684210526,179.8006591796875,,
2025-10-15,205.98684210526315,179.60093688964844,,
2025-10-16,205.98684210526315,181.5784149169922,,
2025-10-17,205.98684210526315,182.9866180419922,,
2025-10-20,206.66666666666666,182.4073486328125,,
2025-10-21,207.05405405405406,180.92922973632812,,
2025-10-22,207.05405405405406,180.05035400390625,,
2025-10-23,207.6986301369863,181.92796325683594,,
2025-10-24,207.6986301369863,186.02272033691406,,
2025-10-27,207.6986301369863,191.24607849121094,,
2025-10-28,209.19444444444446,200.77394104003906,,
2025-10-29,212.1315789473684,206.77627563476562,,
2025-10-30,212.1315789473684,202.63156127929688,,
2025-10-31,212.1315789473684,202.23207092285156,,
2025-11-03,214.58227848101265,206.61647033691406,,
2025-11-04,214.58227848101265,198.43690490722656,,
2025-11-05,214.58227848101265,194.9613494873047,,
2025-11-06,214.58227848101265,187.84042358398438,,
2025-11-07,214.58227848101265,187.91033935546875,,
2025-11-10,215.15189873417722,198.7964630126953,,
2025-11-11,215.85897435897436,192.91395568847656,,
2025-11-12,215.85897435897436,193.5531463623047,,
2025-11-13,216.65,186.62196350097656,,
2025-11-14,217.67469879518072,189.92774963378906,,
2025-11-17,217.67469879518072,186.3623046875,,
2025-11-18,218.0595238095238,181.1289825439453,,
2025-11-19,218.57831325301206,186.28240966796875,,
2025-11-20,227.34615384615384,180.40989685058594,,
2025-11-21,227.34615384615384,178.6521453857422,,
2025-11-24,227.34615384615384,182.31747436523438,,
2025-11-25,227.34615384615384,177.59349060058594,,
2025-11-26,234.06521739130434,180.03038024902344,,
2025-11-28,234.06521739130434,176.7745361328125,,
2025-12-01,234.23655913978496,179.69082641601562,,
2025-12-02,234.23655913978496,181.22885131835938,,
2025-12-03,234.23655913978496,179.36123657226562,,
2025-12-04,234.23655913978496,183.1566162109375,,
2025-12-05,234.23655913978496,182.1877899169922,,
2025-12-08,234.23655913978496,185.323974609375,,
2025-12-09,234.23655913978496,184.7446746826172,,
2025-12-10,234.23655913978496,183.55612182617188,,
2025-12-11,234.23655913978496,180.70957946777344,,
2025-12-12,234.23655913978496,174.80679321289062,,
2025-12-15,235.26373626373626,176.0752410888672,,
2025-12-16,235.26373626373626,177.50350952148438,,
2025-12-17,235.26373626373626,170.7317657470703,,
2025-12-18,236.5108695652174,173.9278564453125,,
2025-12-19,236.9247311827957,180.76951599121094,,
2025-12-22,236.9247311827957,183.4662322998047,,
2025-12-23,236.7826086956522,188.97950744628906,,
2025-12-24,236.7826086956522,188.38023376464844,,
2025-12-26,237.98947368421054,190.2978973388672,,
2025-12-29,238.49484536082474,187.99070739746094,,
2025-12-30,238.49484536082474,187.31153869628906,,
2025-12-31,239.05208333333334,186.27281188964844,,
2026-01-02,239.05208333333334,188.6199493408203,,
2026-01-05,239.56842105263158,187.89083862304688,,
2026-01-06,239.56842105263158,187.0119171142578,,
2026-01-07,240.14893617021278,188.87962341308594,,
2026-01-08,240.14893617021278,184.81459045410156,,
2026-01-09,240.5157894736842,184.63479614257812,,
2026-01-12,241.74725274725276,184.71470642089844,,
2026-01-13,242.77528089887642,185.58364868164062,,
2026-01-14,242.77528089887642,182.91688537597656,,
2026-01-15,242.74444444444444,186.8221435546875,,
2026-01-16,243.0989010989011,186.0031280517578,,
2026-01-20,243.0989010989011,177.8530731201172,,
2026-01-21,243.0989010989011,183.09669494628906,,
2026-01-22,243.0989010989011,184.6148223876953,,
2026-01-23,243.0989010989011,187.44137573242188,,
2026-01-26,243.0989010989011,186.2428436279297,,
2026-01-27,243.57777777777778,188.29034423828125,,
2026-01-28,243.57777777777778,191.2866973876953,,
2026-01-29,243.57777777777778,192.27548217773438,,
2026-01-30,243.57777777777778,190.8971710205078,,
2026-02-02,243.8426966292135,185.38389587402344,,
2026-02-03,243.8426966292135,180.12030029296875,,
2026-02-04,244.3409090909091,173.97779846191406,,
2026-02-05,244.3409090909091,171.6706085205078,,
2026-02-06,244.3409090909091,185.1841278076172,,
2026-02-09,244.6206896551724,189.80848693847656,,
2026-02-10,244.84883720930233,188.31031799316406,,
2026-02-11,245.31764705882352,189.8184814453125,,
2026-02-12,245.31764705882352,186.7122802734375,,
2026-02-13,245.31764705882352,182.58731079101562,,
2026-02-17,246.37037037037038,184.7446746826172,,
2026-02-18,247.2625,187.75099182128906,,
2026-02-19,247.68354430379748,187.6710968017578,,
2026-02-20,247.68354430379748,189.58877563476562,,
2026-02-23,248.5625,191.31666564941406,,
2026-02-24,249.320987654321,192.61508178710938,,
2026-02-25,256.8,195.32176208496094,,
2026-02-26,259.5625,184.66476440429688,,
2026-02-27,259.5625,176.97415161132812,,
2026-03-02,259.5625,182.25770568847656,,
2026-03-03,260.0617283950617,179.83065795898438,,
2026-03-04,260.625,182.8170166015625,,
2026-03-05,261.85185185185185,183.1166534423828,,
2026-03-06,261.85185185185185,177.60337829589844,,
2026-03-09,262.625,182.427490234375,,
2026-03-10,262.625,184.544921875,,
2026-03-11,263.2911392405063,185.8134307861328,,
2026-03-12,263.75,182.9268035888672,,
2026-03-13,263.75,180.0401611328125,,
2026-03-16,263.75,183.0067138671875,,
2026-03-17,264.06976744186045,181.71820068359375,,
2026-03-18,264.7415730337079,180.1899871826172,,
2026-03-19,265.3888888888889,178.3521270751953,,
2026-03-20,265.3888888888889,172.4989471435547,,
2026-03-23,268.08988764044943,175.43553161621094,,
2026-03-24,268.08988764044943,174.99603271484375,,
2026-03-25,268.40909090909093,178.47198486328125,,
2026-03-26,268.40909090909093,171.04066467285156,,
2026-03-27,268.40909090909093,167.32498168945312,,
2026-03-30,269.88235294117646,164.97772216796875,,
2026-03-31,269.6511627906977,174.1969757080078,,
2026-04-01,269.6511627906977,175.54541015625,,
2026-04-02,270.0,177.18348693847656,,
2026-04-06,270.0,177.43319702148438,,
2026-04-07,270.0,177.89266967773438,,
2026-04-08,269.64285714285717,181.8680419921875,,
2026-04-09,269.64285714285717,183.69590759277344,,
2026-04-10,269.64285714285717,188.41041564941406,,
2026-04-13,270.1807228915663,189.08961486816406,,
2026-04-14,269.5731707317073,196.28123474121094,,
2026-04-15,269.5731707317073,198.63848876953125,,
2026-04-16,269.5731707317073,198.1190948486328,,
2026-04-17,269.5731707317073,201.44520568847656,,
2026-04-20,269.5731707317073,201.82476806640625,,
2026-04-21,269.5731707317073,199.64732360839844,,
2026-04-22,269.5731707317073,202.26426696777344,,
2026-04-23,269.5731707317073,199.4075927734375,,
2026-04-24,269.5731707317073,208.0275421142578,,
2026-04-27,269.5731707317073,216.3578338623047,,
2026-04-28,269.8076923076923,212.92184448242188,,
2026-04-29,269.8076923076923,209.00640869140625,,
2026-04-30,269.8076923076923,199.33767700195312,,
2026-05-01,269.8076923076923,198.21897888183594,,
2026-05-04,269.53333333333336,198.24893188476562,,
2026-05-05,269.53333333333336,196.271240234375,,
2026-05-06,269.53333333333336,207.5880584716797,,
2026-05-07,269.53333333333336,211.2537841796875,,
2026-05-08,269.53333333333336,214.94947814941406,,
2026-05-11,270.2027027027027,219.18453979492188,,
2026-05-12,270.8,220.52297973632812,,
2026-05-13,271.43835616438355,225.56710815429688,,
2026-05-14,273.35616438356163,235.465576171875,,
2026-05-15,273.3783783783784,225.05770874023438,,
2026-05-18,274.87012987012986,222.0612030029297,,
2026-05-19,275.5128205128205,220.35317993164062,,
2026-05-20,280.49122807017545,223.20985412597656,,
2026-05-21,290.2432432432432,219.25445556640625,,
2026-05-22,290.2432432432432,215.07933044433594,,
2026-05-26,290.2432432432432,214.60987854003906,,
2026-05-27,292.04,212.35250854492188,,
2026-05-28,292.04,214.00057983398438,,
2026-05-29,292.04,210.8942108154297,,
2026-06-01,292.70666666666665,224.09881591796875,,
2026-06-02,292.4078947368421,222.56060791015625,,
2026-06-03,292.4078947368421,214.5,,
2026-06-04,292.4078947368421,218.66000366210938,,
2026-06-05,292.75324675324674,205.10000610351562,,
2026-06-08,292.75324675324674,208.63999938964844,,
2026-06-09,292.75324675324674,208.19000244140625,,
2026-06-10,292.75324675324674,200.4199981689453,,
2026-06-11,292.75324675324674,204.8699951171875,,
2026-06-12,292.75324675324674,205.19000244140625,,
2026-06-15,292.75324675324674,212.4499969482422,,
2026-06-16,292.75324675324674,207.41000366210938,,
2026-06-17,292.0,204.64999389648438,,
2026-06-18,292.2266666666667,210.69000244140625,,
2026-06-22,292.2266666666667,208.64999389648438,,
2026-06-23,292.2266666666667,200.0399932861328,,
2026-06-24,292.2266666666667,199.0,,
2026-06-25,292.94444444444446,195.74000549316406,,
2026-06-26,292.94444444444446,192.52999877929688,,
2026-06-29,293.8142857142857,194.97000122070312,,
2026-06-30,293.8142857142857,200.08999633789062,,
2026-07-01,293.8142857142857,197.5800018310547,,
2026-07-02,293.8142857142857,194.8300018310547,,
2026-07-06,293.8142857142857,195.5500030517578,,
2026-07-07,293.8142857142857,196.92999267578125,,
2026-07-08,293.8142857142857,204.1199951171875,,
2026-07-09,294.0869565217391,202.77999877929688,,
2026-07-10,294.0869565217391,210.9600067138672,,
2026-07-13,294.0869565217391,203.52999877929688,,
2026-07-14,294.6,211.8000030517578,,
2026-07-15,295.39130434782606,212.5,,
