Date,ConsensusTarget,StockPrice,ForwardDate,StockPrice12mForward
2019-04-25,346.0,16.5086669921875,2020-04-24,48.34333419799805
2019-04-26,346.0,15.675999641418457,2020-04-27,53.25
2019-04-29,346.0,16.097999572753906,2020-04-28,51.27466583251953
2019-04-30,346.0,15.912667274475098,2020-04-29,53.367332458496094
2019-05-01,346.0,15.600666999816895,2020-04-30,52.12533187866211
2019-05-02,346.0,16.273332595825195,2020-05-01,46.75466537475586
2019-05-03,346.0,17.00200080871582,2020-05-04,50.74599838256836
2019-05-06,307.0,17.022666931152344,2020-05-05,51.2140007019043
2019-05-07,307.0,16.470666885375977,2020-05-06,52.172000885009766
2019-05-08,307.0,16.32266616821289,2020-05-07,52.00266647338867
2019-05-09,307.0,16.131999969482422,2020-05-08,54.62799835205078
2019-05-10,307.0,15.968000411987305,2020-05-11,54.08599853515625
2019-05-13,307.0,15.133999824523926,2020-05-12,53.96066665649414
2019-05-14,307.0,15.487333297729492,2020-05-13,52.73066711425781
2019-05-15,307.0,15.463333129882812,2020-05-14,53.55533218383789
2019-05-16,307.0,15.222000122070312,2020-05-15,53.27799987792969
2019-05-17,307.0,14.0686674118042,2020-05-18,54.242000579833984
2019-05-20,307.0,13.690667152404785,2020-05-19,53.867332458496094
2019-05-21,313.6,13.67199993133545,2020-05-20,54.37066650390625
2019-05-22,267.7,12.84866714477539,2020-05-21,55.17333221435547
2019-05-23,267.7,13.03266716003418,2020-05-22,54.45866775512695
2019-05-24,267.7,12.708666801452637,2020-05-26,54.591331481933594
2019-05-28,267.7,12.579999923706055,2020-05-27,54.68199920654297
2019-05-29,267.7,12.657333374023438,2020-05-28,53.72066879272461
2019-05-30,250.8857142857143,12.54800033569336,2020-05-29,55.66666793823242
2019-05-31,250.8857142857143,12.343999862670898,2020-06-01,59.87333297729492
2019-06-03,250.8857142857143,11.9313325881958,2020-06-02,58.770668029785156
2019-06-04,250.8857142857143,12.90666675567627,2020-06-03,58.86399841308594
2019-06-05,250.8857142857143,13.105999946594238,2020-06-04,57.62533187866211
2019-06-06,250.8857142857143,13.729999542236328,2020-06-05,59.04399871826172
2019-06-07,250.8857142857143,13.633333206176758,2020-06-08,63.327999114990234
2019-06-10,249.275,14.192000389099121,2020-06-09,62.711334228515625
2019-06-11,249.275,14.473333358764648,2020-06-10,68.336669921875
2019-06-12,249.275,13.950667381286621,2020-06-11,64.85600280761719
2019-06-13,249.275,14.260666847229004,2020-06-12,62.35200119018555
2019-06-14,249.275,14.32800006866455,2020-06-15,66.05999755859375
2019-06-17,249.275,15.001999855041504,2020-06-16,65.47533416748047
2019-06-18,249.275,14.982666969299316,2020-06-17,66.11933135986328
2019-06-19,249.275,15.095333099365234,2020-06-18,66.9306640625
2019-06-20,239.13333333333333,14.641332626342773,2020-06-19,66.72666931152344
2019-06-21,239.13333333333333,14.790666580200195,2020-06-22,66.28800201416016
2019-06-24,239.13333333333333,14.909333229064941,2020-06-23,66.78533172607422
2019-06-25,239.13333333333333,14.650667190551758,2020-06-24,64.0566635131836
2019-06-26,239.13333333333333,14.618000030517578,2020-06-25,65.73200225830078
2019-06-27,234.11999999999998,14.855999946594238,2020-06-26,63.982666015625
2019-06-28,227.38181818181818,14.897333145141602,2020-06-29,67.29000091552734
2019-07-01,237.35,15.14466667175293,2020-06-30,71.98733520507812
2019-07-02,237.35,14.970000267028809,2020-07-01,74.64199829101562
2019-07-03,237.35,15.65999984741211,2020-07-02,80.57733154296875
2019-07-05,237.35,15.539999961853027,2020-07-06,91.43866729736328
2019-07-08,237.35,15.355999946594238,2020-07-07,92.65733337402344
2019-07-09,237.35,15.337332725524902,2020-07-08,91.05867004394531
2019-07-10,237.35,15.928000450134277,2020-07-09,92.9520034790039
2019-07-11,237.35,15.90666675567627,2020-07-10,102.97666931152344
2019-07-12,237.35,16.338666915893555,2020-07-13,99.80400085449219
2019-07-15,237.35,16.899999618530273,2020-07-14,101.12000274658203
2019-07-16,237.35,16.825332641601562,2020-07-15,103.06732940673828
2019-07-17,237.35,16.99066734313965,2020-07-16,100.04266357421875
2019-07-18,237.35,16.902666091918945,2020-07-17,100.05599975585938
2019-07-19,237.35,17.211999893188477,2020-07-20,109.53333282470703
2019-07-22,237.35,17.045333862304688,2020-07-21,104.55733489990234
2019-07-23,237.35,17.344667434692383,2020-07-22,106.15533447265625
2019-07-24,237.35,17.658666610717773,2020-07-23,100.87133026123047
2019-07-25,241.2133333333333,15.254667282104492,2020-07-24,94.46666717529297
2019-07-26,241.2133333333333,15.202667236328125,2020-07-27,102.63999938964844
2019-07-29,241.2133333333333,15.718000411987305,2020-07-28,98.43267059326172
2019-07-30,241.2133333333333,16.150667190551758,2020-07-29,99.94066619873047
2019-07-31,241.2133333333333,16.107332229614258,2020-07-30,99.16600036621094
2019-08-01,241.2133333333333,15.59000015258789,2020-07-31,95.38400268554688
2019-08-02,241.2133333333333,15.62266731262207,2020-08-03,99.0
2019-08-05,241.2133333333333,15.221332550048828,2020-08-04,99.13333129882812
2019-08-06,241.2133333333333,15.383333206176758,2020-08-05,99.00133514404297
2019-08-07,241.2133333333333,15.561332702636719,2020-08-06,99.30533599853516
2019-08-08,241.2133333333333,15.886667251586914,2020-08-07,96.84733581542969
2019-08-09,241.2133333333333,15.667332649230957,2020-08-10,94.57133483886719
2019-08-12,241.2133333333333,15.267333030700684,2020-08-11,91.6259994506836
2019-08-13,241.2133333333333,15.666666984558105,2020-08-12,103.65066528320312
2019-08-14,241.2133333333333,14.641332626342773,2020-08-13,108.06666564941406
2019-08-15,241.2133333333333,14.37600040435791,2020-08-14,110.04733276367188
2019-08-16,241.2133333333333,14.662667274475098,2020-08-17,122.3759994506836
2019-08-19,241.2133333333333,15.121999740600586,2020-08-18,125.80599975585938
2019-08-20,241.2133333333333,15.057332992553711,2020-08-19,125.23533630371094
2019-08-21,241.2133333333333,14.722000122070312,2020-08-20,133.45533752441406
2019-08-22,241.2133333333333,14.8100004196167,2020-08-21,136.6653289794922
2019-08-23,241.2133333333333,14.09333324432373,2020-08-24,134.27999877929688
2019-08-26,241.2133333333333,14.333333015441895,2020-08-25,134.8893280029297
2019-08-27,241.2133333333333,14.272000312805176,2020-08-26,143.54466247558594
2019-08-28,241.2133333333333,14.37266731262207,2020-08-27,149.25
2019-08-29,241.2133333333333,14.780667304992676,2020-08-28,147.55999755859375
2019-08-30,241.2133333333333,15.040666580200195,2020-08-31,166.10667419433594
2019-09-03,241.2133333333333,15.000666618347168,2020-09-02,149.1233367919922
2019-09-04,241.2133333333333,14.711999893188477,2020-09-03,135.6666717529297
2019-09-05,241.2133333333333,15.305333137512207,2020-09-04,139.44000244140625
2019-09-06,241.2133333333333,15.16333293914795,2020-09-08,110.06999969482422
2019-09-09,241.2133333333333,15.452667236328125,2020-09-08,110.06999969482422
2019-09-10,241.2133333333333,15.702667236328125,2020-09-09,122.09333038330078
2019-09-11,241.2133333333333,16.47333335876465,2020-09-10,123.77999877929688
2019-09-12,241.2133333333333,16.391332626342773,2020-09-11,124.23999786376953
2019-09-13,241.2133333333333,16.34666633605957,2020-09-14,139.8733367919922
2019-09-16,241.2133333333333,16.187332153320312,2020-09-15,149.9199981689453
2019-09-17,241.2133333333333,16.319332122802734,2020-09-16,147.25332641601562
2019-09-18,241.2133333333333,16.232667922973633,2020-09-17,141.14332580566406
2019-09-19,241.2133333333333,16.440000534057617,2020-09-18,147.38333129882812
2019-09-20,241.2133333333333,16.041332244873047,2020-09-21,149.79666137695312
2019-09-23,241.2133333333333,16.082000732421875,2020-09-22,141.41000366210938
2019-09-24,241.2133333333333,14.880666732788086,2020-09-23,126.78666687011719
2019-09-25,241.2133333333333,15.24666690826416,2020-09-24,129.26333618164062
2019-09-26,246.3875,16.17066764831543,2020-09-25,135.77999877929688
2019-09-27,246.3875,16.142000198364258,2020-09-28,140.39999389648438
2019-09-30,246.3875,16.058000564575195,2020-09-29,139.69000244140625
2019-10-01,246.3875,16.312667846679688,2020-09-30,143.00332641601562
2019-10-02,246.3875,16.208667755126953,2020-10-01,149.3866729736328
2019-10-03,246.3875,15.535332679748535,2020-10-02,138.3633270263672
2019-10-04,246.3875,15.428667068481445,2020-10-05,141.89332580566406
2019-10-07,246.3875,15.847999572753906,2020-10-06,137.9933319091797
2019-10-08,246.3875,16.003332138061523,2020-10-07,141.76666259765625
2019-10-09,246.3875,16.302000045776367,2020-10-08,141.97332763671875
2019-10-10,246.3875,16.31599998474121,2020-10-09,144.6666717529297
2019-10-11,246.3875,16.525999069213867,2020-10-12,147.43333435058594
2019-10-14,246.3875,17.130666732788086,2020-10-13,148.88333129882812
2019-10-15,246.3875,17.19266700744629,2020-10-14,153.76666259765625
2019-10-16,246.3875,17.316667556762695,2020-10-15,149.6266632080078
2019-10-17,246.3875,17.46466636657715,2020-10-16,146.55667114257812
2019-10-18,246.3875,17.1299991607666,2020-10-19,143.61000061035156
2019-10-21,246.3875,16.899999618530273,2020-10-20,140.64666748046875
2019-10-22,246.3875,17.038667678833008,2020-10-21,140.8800048828125
2019-10-23,223.39999999999998,16.978666305541992,2020-10-22,141.92999267578125
2019-10-24,224.20999999999998,19.978666305541992,2020-10-23,140.2100067138672
2019-10-25,215.43809523809523,21.875333786010742,2020-10-26,140.0933380126953
2019-10-28,215.43809523809523,21.847333908081055,2020-10-27,141.55999755859375
2019-10-29,215.43809523809523,21.08133316040039,2020-10-28,135.33999633789062
2019-10-30,215.43809523809523,21.000667572021484,2020-10-29,136.94332885742188
2019-10-31,217.0090909090909,20.994667053222656,2020-10-30,129.34666442871094
2019-11-01,217.0090909090909,20.887332916259766,2020-11-02,133.50332641601562
2019-11-04,218.2952380952381,21.1646671295166,2020-11-03,141.3000030517578
2019-11-05,218.2952380952381,21.148000717163086,2020-11-04,140.32666015625
2019-11-06,218.2952380952381,21.77199935913086,2020-11-05,146.02999877929688
2019-11-07,218.2952380952381,22.369333267211914,2020-11-06,143.31666564941406
2019-11-08,218.2952380952381,22.47599983215332,2020-11-09,140.4199981689453
2019-11-11,226.55454545454543,23.006000518798828,2020-11-10,136.7866668701172
2019-11-12,226.55454545454543,23.32866668701172,2020-11-11,139.0433349609375
2019-11-13,226.55454545454543,23.073999404907227,2020-11-12,137.25332641601562
2019-11-14,226.55454545454543,23.290000915527344,2020-11-13,136.1666717529297
2019-11-15,226.55454545454543,23.47800064086914,2020-11-16,136.02999877929688
2019-11-18,224.28181818181818,23.332666397094727,2020-11-17,147.20333862304688
2019-11-19,233.14285714285714,23.968000411987305,2020-11-18,162.2133331298828
2019-11-20,233.14285714285714,23.481332778930664,2020-11-19,166.42333984375
2019-11-21,233.14285714285714,23.655332565307617,2020-11-20,163.20333862304688
2019-11-22,233.14285714285714,22.202667236328125,2020-11-23,173.9499969482422
2019-11-25,233.14285714285714,22.422666549682617,2020-11-24,185.1266632080078
2019-11-26,225.6909090909091,21.92799949645996,2020-11-25,191.3333282470703
2019-11-27,229.2952380952381,22.086000442504883,2020-11-27,195.25332641601562
2019-11-29,229.2952380952381,21.996000289916992,2020-11-30,189.1999969482422
2019-12-02,229.2952380952381,22.32466697692871,2020-12-01,194.9199981689453
2019-12-03,222.71818181818182,22.413333892822266,2020-12-02,189.60667419433594
2019-12-04,222.68695652173915,22.20199966430664,2020-12-03,197.7933349609375
2019-12-05,222.68695652173915,22.024667739868164,2020-12-04,199.67999267578125
2019-12-06,223.82500000000002,22.392667770385742,2020-12-07,213.9199981689453
2019-12-09,223.20869565217393,22.635332107543945,2020-12-08,216.6266632080078
2019-12-10,230.57499999999996,23.256000518798828,2020-12-09,201.4933319091797
2019-12-11,230.57499999999996,23.51333236694336,2020-12-10,209.02333068847656
2019-12-12,230.57499999999996,23.978666305541992,2020-12-11,203.3300018310547
2019-12-13,230.57499999999996,23.892667770385742,2020-12-14,213.27667236328125
2019-12-16,230.57499999999996,25.433332443237305,2020-12-15,211.0833282470703
2019-12-17,230.57499999999996,25.266000747680664,2020-12-16,207.58999633789062
2019-12-18,233.7304347826087,26.209999084472656,2020-12-17,218.63333129882812
2019-12-19,233.7304347826087,26.93600082397461,2020-12-18,231.6666717529297
2019-12-20,233.7304347826087,27.03933334350586,2020-12-21,216.6199951171875
2019-12-23,233.7304347826087,27.947999954223633,2020-12-22,213.44667053222656
2019-12-24,233.7304347826087,28.350000381469727,2020-12-23,215.32666015625
2019-12-26,245.3090909090909,28.729333877563477,2020-12-28,221.22999572753906
2019-12-27,245.3090909090909,28.691999435424805,2020-12-28,221.22999572753906
2019-12-30,239.08181818181814,27.64666748046875,2020-12-29,221.99667358398438
2019-12-31,239.08181818181814,27.8886661529541,2020-12-30,231.5933380126953
2020-01-02,251.07826086956518,28.68400001525879,2021-01-04,243.2566680908203
2020-01-03,251.07826086956518,29.534000396728516,2021-01-04,243.2566680908203
2020-01-06,253.74166666666665,30.1026668548584,2021-01-05,245.0366668701172
2020-01-07,265.832,31.270666122436523,2021-01-06,251.9933319091797
2020-01-08,265.832,32.80933380126953,2021-01-07,272.0133361816406
2020-01-09,268.54814814814813,32.089332580566406,2021-01-08,293.3399963378906
2020-01-10,278.70714285714286,31.876667022705078,2021-01-11,270.39666748046875
2020-01-13,290.2,34.990665435791016,2021-01-12,283.14666748046875
2020-01-14,300.52666666666664,35.861331939697266,2021-01-13,284.8033447265625
2020-01-15,300.52666666666664,34.56666564941406,2021-01-14,281.6666564941406
2020-01-16,302.4451612903226,34.232666015625,2021-01-15,275.38665771484375
2020-01-17,302.4451612903226,34.03333282470703,2021-01-19,281.51666259765625
2020-01-21,317.99375,36.47999954223633,2021-01-20,283.48333740234375
2020-01-22,331.85999999999996,37.97066879272461,2021-01-21,281.663330078125
2020-01-23,324.7354838709677,38.14666748046875,2021-01-22,282.21331787109375
2020-01-24,324.7354838709677,37.654666900634766,2021-01-25,293.6000061035156
2020-01-27,324.7354838709677,37.201332092285156,2021-01-26,294.36334228515625
2020-01-28,324.7354838709677,37.793331146240234,2021-01-27,288.0533447265625
2020-01-29,325.525,38.732666015625,2021-01-28,278.4766540527344
2020-01-30,350.87619047619046,42.72066879272461,2021-01-29,264.510009765625
2020-01-31,350.87619047619046,43.371334075927734,2021-02-01,279.9366760253906
2020-02-03,361.50697674418603,52.0,2021-02-02,290.92999267578125
2020-02-04,361.50697674418603,59.137332916259766,2021-02-03,284.89666748046875
2020-02-05,361.50697674418603,48.97999954223633,2021-02-04,283.3299865722656
2020-02-06,361.50697674418603,49.930667877197266,2021-02-05,284.07666015625
2020-02-07,361.50697674418603,49.871334075927734,2021-02-08,287.8066711425781
2020-02-10,361.50697674418603,51.41866683959961,2021-02-09,283.1533203125
2020-02-11,361.50697674418603,51.62533187866211,2021-02-10,268.2733459472656
2020-02-12,361.50697674418603,51.15266799926758,2021-02-11,270.5533447265625
2020-02-13,368.06363636363636,53.599998474121094,2021-02-12,272.0400085449219
2020-02-14,368.06363636363636,53.33533477783203,2021-02-16,265.40667724609375
2020-02-18,380.51666666666665,57.22666549682617,2021-02-17,266.04998779296875
2020-02-19,380.51666666666665,61.16133117675781,2021-02-18,262.4599914550781
2020-02-20,380.51666666666665,59.96066665649414,2021-02-19,260.4333190917969
2020-02-21,380.51666666666665,60.06666564941406,2021-02-22,238.1666717529297
2020-02-24,380.51666666666665,55.58599853515625,2021-02-23,232.94667053222656
2020-02-25,389.0775510204081,53.32733154296875,2021-02-24,247.33999633789062
2020-02-26,389.0775510204081,51.91999816894531,2021-02-25,227.4066619873047
2020-02-27,389.0775510204081,45.266666412353516,2021-02-26,225.1666717529297
2020-02-28,389.0775510204081,44.53266525268555,2021-03-01,239.47666931152344
2020-03-02,389.0775510204081,49.574668884277344,2021-03-02,228.81333923339844
2020-03-03,389.0775510204081,49.70066833496094,2021-03-03,217.73333740234375
2020-03-04,389.0775510204081,49.96666717529297,2021-03-04,207.14666748046875
2020-03-05,389.0775510204081,48.30266571044922,2021-03-05,199.31666564941406
2020-03-06,389.0775510204081,46.89866638183594,2021-03-08,187.6666717529297
2020-03-09,389.0775510204081,40.53333282470703,2021-03-09,224.52667236328125
2020-03-10,389.0775510204081,43.02199935913086,2021-03-10,222.68666076660156
2020-03-11,389.0775510204081,42.28200149536133,2021-03-11,233.1999969482422
2020-03-12,390.89599999999996,37.369998931884766,2021-03-12,231.2433319091797
2020-03-13,390.89599999999996,36.44133377075195,2021-03-15,235.97999572753906
2020-03-16,390.89599999999996,29.67133331298828,2021-03-16,225.6266632080078
2020-03-17,390.89599999999996,28.68000030517578,2021-03-17,233.93666076660156
2020-03-18,393.035294117647,24.08133316040039,2021-03-18,217.72000122070312
2020-03-19,394.9962962962963,28.50933265686035,2021-03-19,218.2899932861328
2020-03-20,397.36,28.50200080871582,2021-03-22,223.3333282470703
2020-03-23,397.36,28.952667236328125,2021-03-23,220.72000122070312
2020-03-24,395.4526315789474,33.66666793823242,2021-03-24,210.08999633789062
2020-03-25,396.72857142857146,35.95000076293945,2021-03-25,213.4633331298828
2020-03-26,396.72857142857146,35.21066665649414,2021-03-26,206.23666381835938
2020-03-27,404.1543859649123,34.29066848754883,2021-03-29,203.76333618164062
2020-03-30,404.51379310344834,33.47533416748047,2021-03-30,211.8733367919922
2020-03-31,404.6915254237289,34.93333435058594,2021-03-31,222.64332580566406
2020-04-01,404.6915254237289,32.104000091552734,2021-04-01,220.5833282470703
2020-04-02,404.6915254237289,30.29800033569336,2021-04-05,230.35000610351562
2020-04-03,404.6915254237289,32.000667572021484,2021-04-05,230.35000610351562
2020-04-06,410.6852459016394,34.41600036621094,2021-04-06,230.5399932861328
2020-04-07,410.6852459016394,36.36333465576172,2021-04-07,223.6566619873047
2020-04-08,410.6852459016394,36.589332580566406,2021-04-08,227.93333435058594
2020-04-09,410.6852459016394,38.20000076293945,2021-04-09,225.67333984375
2020-04-13,410.6852459016394,43.39666748046875,2021-04-13,254.10667419433594
2020-04-14,413.4161290322581,47.32600021362305,2021-04-14,244.07666015625
2020-04-15,420.568253968254,48.65533447265625,2021-04-15,246.28334045410156
2020-04-16,420.568253968254,49.680667877197266,2021-04-16,246.5933380126953
2020-04-17,420.568253968254,50.259334564208984,2021-04-19,238.2100067138672
2020-04-20,420.568253968254,49.75733184814453,2021-04-20,239.663330078125
2020-04-21,420.568253968254,45.781333923339844,2021-04-21,248.0399932861328
2020-04-22,445.6280701754386,48.807334899902344,2021-04-22,239.89666748046875
2020-04-23,452.8714285714286,47.04199981689453,2021-04-23,243.13333129882812
2020-04-24,452.8714285714286,48.34333419799805,2021-04-26,246.06666564941406
2020-04-27,452.8714285714286,53.25,2021-04-27,234.913330078125
2020-04-28,452.8714285714286,51.27466583251953,2021-04-28,231.46665954589844
2020-04-29,456.56,53.367332458496094,2021-04-29,225.6666717529297
2020-04-30,493.7548387096774,52.12533187866211,2021-04-30,236.47999572753906
2020-05-01,493.7548387096774,46.75466537475586,2021-05-03,228.3000030517578
2020-05-04,496.7111111111111,50.74599838256836,2021-05-04,224.53334045410156
2020-05-05,496.7111111111111,51.2140007019043,2021-05-05,223.64666748046875
2020-05-06,496.7111111111111,52.172000885009766,2021-05-06,221.17999267578125
2020-05-07,496.7111111111111,52.00266647338867,2021-05-07,224.1233367919922
2020-05-08,496.7111111111111,54.62799835205078,2021-05-10,209.67999267578125
2020-05-11,498.27096774193546,54.08599853515625,2021-05-11,205.73333740234375
2020-05-12,498.27096774193546,53.96066665649414,2021-05-12,196.6300048828125
2020-05-13,498.27096774193546,52.73066711425781,2021-05-13,190.56333923339844
2020-05-14,498.27096774193546,53.55533218383789,2021-05-14,196.5800018310547
2020-05-15,498.27096774193546,53.27799987792969,2021-05-17,192.27667236328125
2020-05-18,501.68524590163935,54.242000579833984,2021-05-18,192.6233367919922
2020-05-19,509.73870967741937,53.867332458496094,2021-05-19,187.82000732421875
2020-05-20,509.73870967741937,54.37066650390625,2021-05-20,195.5933380126953
2020-05-21,509.73870967741937,55.17333221435547,2021-05-21,193.6266632080078
2020-05-22,509.73870967741937,54.45866775512695,2021-05-24,202.14666748046875
2020-05-26,516.9606557377049,54.591331481933594,2021-05-26,206.3766632080078
2020-05-27,521.5258064516129,54.68199920654297,2021-05-27,210.28334045410156
2020-05-28,521.5258064516129,53.72066879272461,2021-05-28,208.4066619873047
2020-05-29,527.6920634920634,55.66666793823242,2021-06-01,207.96665954589844
2020-06-01,534.8387096774194,59.87333297729492,2021-06-01,207.96665954589844
2020-06-02,539.9672131147541,58.770668029785156,2021-06-02,201.7066650390625
2020-06-03,539.9672131147541,58.86399841308594,2021-06-03,190.94667053222656
2020-06-04,544.8,57.62533187866211,2021-06-04,199.68333435058594
2020-06-05,544.8,59.04399871826172,2021-06-07,201.7100067138672
2020-06-08,547.2542372881356,63.327999114990234,2021-06-08,201.19667053222656
2020-06-09,547.2542372881356,62.711334228515625,2021-06-09,199.5933380126953
2020-06-10,554.8,68.336669921875,2021-06-10,203.3733367919922
2020-06-11,554.8,64.85600280761719,2021-06-11,203.29666137695312
2020-06-12,556.360655737705,62.35200119018555,2021-06-14,205.89666748046875
2020-06-15,556.360655737705,66.05999755859375,2021-06-15,199.7866668701172
2020-06-16,556.360655737705,65.47533416748047,2021-06-16,201.6233367919922
2020-06-17,556.360655737705,66.11933135986328,2021-06-17,205.53334045410156
2020-06-18,566.741935483871,66.9306640625,2021-06-18,207.77000427246094
2020-06-19,562.1111111111111,66.72666931152344,2021-06-21,206.94332885742188
2020-06-22,562.1111111111111,66.28800201416016,2021-06-22,207.90333557128906
2020-06-23,562.1111111111111,66.78533172607422,2021-06-23,218.85667419433594
2020-06-24,565.2096774193549,64.0566635131836,2021-06-24,226.60667419433594
2020-06-25,565.2096774193549,65.73200225830078,2021-06-25,223.9566650390625
2020-06-26,565.2096774193549,63.982666015625,2021-06-28,229.57333374023438
2020-06-29,571.0327868852459,67.29000091552734,2021-06-29,226.9199981689453
2020-06-30,571.0327868852459,71.98733520507812,2021-06-30,226.56666564941406
2020-07-01,575.7049180327868,74.64199829101562,2021-07-01,225.97332763671875
2020-07-02,586.5806451612904,80.57733154296875,2021-07-02,226.3000030517578
2020-07-06,582.8852459016393,91.43866729736328,2021-07-06,219.86000061035156
2020-07-07,596.7619047619048,92.65733337402344,2021-07-07,214.88333129882812
2020-07-08,606.4098360655738,91.05867004394531,2021-07-08,217.60333251953125
2020-07-09,607.3,92.9520034790039,2021-07-09,218.98333740234375
2020-07-10,607.3,102.97666931152344,2021-07-12,228.56666564941406
2020-07-13,599.5932203389831,99.80400085449219,2021-07-13,222.84666442871094
2020-07-14,597.6,101.12000274658203,2021-07-14,217.7933349609375
2020-07-15,601.6271186440678,103.06732940673828,2021-07-15,216.86666870117188
2020-07-16,599.1,100.04266357421875,2021-07-16,214.74000549316406
2020-07-17,608.0952380952381,100.05599975585938,2021-07-19,215.4066619873047
2020-07-20,605.0,109.53333282470703,2021-07-20,220.1666717529297
2020-07-21,605.9016393442623,104.55733489990234,2021-07-21,218.42999267578125
2020-07-22,617.1967213114754,106.15533447265625,2021-07-22,216.4199981689453
2020-07-23,689.0929577464789,100.87133026123047,2021-07-23,214.4600067138672
2020-07-24,700.5972602739726,94.46666717529297,2021-07-26,219.2066650390625
2020-07-27,700.5972602739726,102.63999938964844,2021-07-27,214.92666625976562
2020-07-28,698.2684931506849,98.43267059326172,2021-07-28,215.66000366210938
2020-07-29,745.36875,99.94066619873047,2021-07-29,225.78334045410156
2020-07-30,745.36875,99.16600036621094,2021-07-30,229.06666564941406
2020-07-31,745.36875,95.38400268554688,2021-08-02,236.55667114257812
2020-08-03,744.3746031746032,99.0,2021-08-03,236.5800018310547
2020-08-04,741.3375,99.13333129882812,2021-08-04,236.97332763671875
2020-08-05,741.3375,99.00133514404297,2021-08-05,238.2100067138672
2020-08-06,741.3375,99.30533599853516,2021-08-06,233.03334045410156
2020-08-07,741.3375,96.84733581542969,2021-08-09,237.9199981689453
2020-08-10,741.3375,94.57133483886719,2021-08-10,236.663330078125
2020-08-11,741.3375,91.6259994506836,2021-08-11,235.94000244140625
2020-08-12,742.7873015873016,103.65066528320312,2021-08-12,240.75
2020-08-13,742.7873015873016,108.06666564941406,2021-08-13,239.05667114257812
2020-08-14,729.5015384615384,110.04733276367188,2021-08-16,228.72332763671875
2020-08-17,762.058064516129,122.3759994506836,2021-08-17,221.90333557128906
2020-08-18,762.058064516129,125.80599975585938,2021-08-18,229.663330078125
2020-08-19,762.058064516129,125.23533630371094,2021-08-19,224.49000549316406
2020-08-20,762.058064516129,133.45533752441406,2021-08-20,226.75332641601562
2020-08-21,762.058064516129,136.6653289794922,2021-08-23,235.43333435058594
2020-08-24,761.4360655737705,134.27999877929688,2021-08-24,236.163330078125
2020-08-25,761.4360655737705,134.8893280029297,2021-08-25,237.06666564941406
2020-08-26,757.2193548387097,143.54466247558594,2021-08-26,233.72000122070312
2020-08-27,757.2193548387097,149.25,2021-08-27,237.30667114257812
2020-08-28,757.2193548387097,147.55999755859375,2021-08-30,243.6366729736328
2020-08-31,743.6246153846154,166.10667419433594,2021-08-31,245.24000549316406
2020-09-01,736.7515151515152,158.35000610351562,2021-09-01,244.69667053222656
2020-09-02,733.9641791044776,149.1233367919922,2021-09-02,244.1300048828125
2020-09-03,733.9641791044776,135.6666717529297,2021-09-03,244.52333068847656
2020-09-04,729.8029411764705,139.44000244140625,2021-09-07,250.97332763671875
2020-09-08,721.8347826086956,110.06999969482422,2021-09-08,251.2899932861328
2020-09-09,725.3911764705882,122.09333038330078,2021-09-09,251.6199951171875
2020-09-10,725.3911764705882,123.77999877929688,2021-09-10,245.42333984375
2020-09-11,719.5884057971015,124.23999786376953,2021-09-13,247.6666717529297
2020-09-14,719.5884057971015,139.8733367919922,2021-09-14,248.163330078125
2020-09-15,722.8176470588235,149.9199981689453,2021-09-15,251.94332885742188
2020-09-16,726.3671641791044,147.25332641601562,2021-09-16,252.3300018310547
2020-09-17,729.4181818181818,141.14332580566406,2021-09-17,253.163330078125
2020-09-18,722.5235294117647,147.38333129882812,2021-09-20,243.38999938964844
2020-09-21,734.0242424242424,149.79666137695312,2021-09-21,246.4600067138672
2020-09-22,734.0242424242424,141.41000366210938,2021-09-22,250.64666748046875
2020-09-23,720.0376811594202,126.78666687011719,2021-09-23,251.2133331298828
2020-09-24,718.5676470588235,129.26333618164062,2021-09-24,258.1300048828125
2020-09-25,718.5676470588235,135.77999877929688,2021-09-27,263.78668212890625
2020-09-28,727.6151515151515,140.39999389648438,2021-09-28,259.1866760253906
2020-09-29,727.6151515151515,139.69000244140625,2021-09-29,260.4366760253906
2020-09-30,727.6151515151515,143.00332641601562,2021-09-30,258.49334716796875
2020-10-01,727.6151515151515,149.3866729736328,2021-10-01,258.40667724609375
2020-10-02,727.6151515151515,138.3633270263672,2021-10-04,260.510009765625
2020-10-05,721.8861538461538,141.89332580566406,2021-10-05,260.1966552734375
2020-10-06,721.8861538461538,137.9933319091797,2021-10-06,260.9166564941406
2020-10-07,721.8861538461538,141.76666259765625,2021-10-07,264.53668212890625
2020-10-08,719.7060606060605,141.97332763671875,2021-10-08,261.8299865722656
2020-10-09,719.7060606060605,144.6666717529297,2021-10-11,263.9800109863281
2020-10-12,721.8553846153845,147.43333435058594,2021-10-12,268.5733337402344
2020-10-13,710.3630769230768,148.88333129882812,2021-10-13,270.3599853515625
2020-10-14,706.4181818181818,153.76666259765625,2021-10-14,272.7733459472656
2020-10-15,702.5910447761194,149.6266632080078,2021-10-15,281.010009765625
2020-10-16,697.1558823529411,146.55667114257812,2021-10-18,290.03668212890625
2020-10-19,694.2985507246376,143.61000061035156,2021-10-19,288.0899963378906
2020-10-20,697.3764705882353,140.64666748046875,2021-10-20,288.6000061035156
2020-10-21,697.3764705882353,140.8800048828125,2021-10-21,298.0
2020-10-22,685.1472222222222,141.92999267578125,2021-10-22,303.2266540527344
2020-10-23,677.3054054054054,140.2100067138672,2021-10-25,341.6199951171875
2020-10-26,677.3054054054054,140.0933380126953,2021-10-26,339.4766540527344
2020-10-27,670.1013333333333,141.55999755859375,2021-10-27,345.9533386230469
2020-10-28,658.1705882352941,135.33999633789062,2021-10-28,359.0133361816406
2020-10-29,658.1705882352941,136.94332885742188,2021-10-29,371.3333435058594
2020-10-30,658.1705882352941,129.34666442871094,2021-11-01,402.86334228515625
2020-11-02,657.8447761194029,133.50332641601562,2021-11-02,390.6666564941406
2020-11-03,657.8447761194029,141.3000030517578,2021-11-03,404.6199951171875
2020-11-04,657.8447761194029,140.32666015625,2021-11-04,409.9700012207031
2020-11-05,657.8447761194029,146.02999877929688,2021-11-05,407.36334228515625
2020-11-06,657.8447761194029,143.31666564941406,2021-11-08,387.64666748046875
2020-11-09,657.8447761194029,140.4199981689453,2021-11-09,341.1666564941406
2020-11-10,657.8447761194029,136.7866668701172,2021-11-10,355.98333740234375
2020-11-11,657.8447761194029,139.0433349609375,2021-11-11,354.5033264160156
2020-11-12,657.8447761194029,137.25332641601562,2021-11-12,344.47332763671875
2020-11-13,657.8447761194029,136.1666717529297,2021-11-15,337.7966613769531
2020-11-16,652.6454545454545,136.02999877929688,2021-11-16,351.57666015625
2020-11-17,650.3671641791044,147.20333862304688,2021-11-17,363.0033264160156
2020-11-18,648.7441176470588,162.2133331298828,2021-11-18,365.4599914550781
2020-11-19,648.7441176470588,166.42333984375,2021-11-19,379.0199890136719
2020-11-20,648.7441176470588,163.20333862304688,2021-11-22,385.6233215332031
2020-11-23,647.4579710144927,173.9499969482422,2021-11-23,369.6766662597656
2020-11-24,645.214705882353,185.1266632080078,2021-11-24,372.0
2020-11-25,645.214705882353,191.3333282470703,2021-11-26,360.6400146484375
2020-11-27,641.2626865671641,195.25332641601562,2021-11-29,378.9966735839844
2020-11-30,641.2626865671641,189.1999969482422,2021-11-30,381.586669921875
2020-12-01,641.2626865671641,194.9199981689453,2021-12-01,365.0
2020-12-02,641.2626865671641,189.60667419433594,2021-12-02,361.5333251953125
2020-12-03,643.3029411764705,197.7933349609375,2021-12-03,338.3233337402344
2020-12-04,643.3029411764705,199.67999267578125,2021-12-06,336.336669921875
2020-12-07,643.3029411764705,213.9199981689453,2021-12-07,350.5833435058594
2020-12-08,637.9791044776119,216.6266632080078,2021-12-08,356.32000732421875
2020-12-09,629.9205882352941,201.4933319091797,2021-12-09,334.6000061035156
2020-12-10,628.8617647058824,209.02333068847656,2021-12-10,339.010009765625
2020-12-11,629.168115942029,203.3300018310547,2021-12-13,322.13665771484375
2020-12-14,629.168115942029,213.27667236328125,2021-12-14,319.5033264160156
2020-12-15,629.168115942029,211.0833282470703,2021-12-15,325.3299865722656
2020-12-16,620.7735294117647,207.58999633789062,2021-12-16,308.97332763671875
2020-12-17,625.934328358209,218.63333129882812,2021-12-17,310.8566589355469
2020-12-18,627.7588235294118,231.6666717529297,2021-12-20,299.9800109863281
2020-12-21,627.7588235294118,216.6199951171875,2021-12-21,312.84332275390625
2020-12-22,627.7588235294118,213.44667053222656,2021-12-22,336.2900085449219
2020-12-23,627.7588235294118,215.32666015625,2021-12-23,355.6666564941406
2020-12-24,627.7588235294118,220.58999633789062,2021-12-27,364.64666748046875
2020-12-28,627.7588235294118,221.22999572753906,2021-12-28,362.8233337402344
2020-12-29,625.1880597014925,221.99667358398438,2021-12-29,362.0633239746094
2020-12-30,615.7212121212121,231.5933380126953,2021-12-30,356.7799987792969
2020-12-31,615.7212121212121,235.22332763671875,2021-12-31,352.260009765625
2021-01-04,603.80625,243.2566680908203,2022-01-04,383.1966552734375
2021-01-05,599.7476923076923,245.0366668701172,2022-01-05,362.7066650390625
2021-01-06,602.9333333333333,251.9933319091797,2022-01-06,354.8999938964844
2021-01-07,604.3820895522388,272.0133361816406,2022-01-07,342.32000732421875
2021-01-08,605.0529411764705,293.3399963378906,2022-01-10,352.7066650390625
2021-01-11,620.7882352941176,270.39666748046875,2022-01-11,354.79998779296875
2021-01-12,620.7882352941176,283.14666748046875,2022-01-12,368.739990234375
2021-01-13,623.3373134328358,284.8033447265625,2022-01-13,343.85333251953125
2021-01-14,618.1476923076923,281.6666564941406,2022-01-14,349.8699951171875
2021-01-15,623.1757575757575,275.38665771484375,2022-01-18,343.5033264160156
2021-01-19,620.4553846153846,281.51666259765625,2022-01-19,331.8833312988281
2021-01-20,537.3035714285714,283.48333740234375,2022-01-20,332.0899963378906
2021-01-21,516.1296296296297,281.663330078125,2022-01-21,314.6333312988281
2021-01-22,509.0181818181818,282.21331787109375,2022-01-24,310.0
2021-01-25,518.9818181818182,293.6000061035156,2022-01-25,306.1333312988281
2021-01-26,509.14814814814815,294.36334228515625,2022-01-26,312.4700012207031
2021-01-27,509.14814814814815,288.0533447265625,2022-01-27,276.3666687011719
2021-01-28,511.93220338983053,278.4766540527344,2022-01-28,282.1166687011719
2021-01-29,511.93220338983053,264.510009765625,2022-01-31,312.239990234375
2021-02-01,522.9491525423729,279.9366760253906,2022-02-01,310.4166564941406
2021-02-02,528.9,290.92999267578125,2022-02-02,301.88665771484375
2021-02-03,528.9,284.89666748046875,2022-02-03,297.0466613769531
2021-02-04,528.9,283.3299865722656,2022-02-04,307.7733459472656
2021-02-05,528.9,284.07666015625,2022-02-07,302.4466552734375
2021-02-08,528.9,287.8066711425781,2022-02-08,307.3333435058594
2021-02-09,528.9,283.1533203125,2022-02-09,310.6666564941406
2021-02-10,528.9,268.2733459472656,2022-02-10,301.51666259765625
2021-02-11,536.4137931034483,270.5533447265625,2022-02-11,286.6666564941406
2021-02-12,536.4137931034483,272.0400085449219,2022-02-14,291.9200134277344
2021-02-16,512.4912280701755,265.40667724609375,2022-02-16,307.7966613769531
2021-02-17,512.4912280701755,266.04998779296875,2022-02-17,292.1166687011719
2021-02-18,512.4912280701755,262.4599914550781,2022-02-18,285.6600036621094
2021-02-19,512.4912280701755,260.4333190917969,2022-02-22,273.84332275390625
2021-02-22,512.4912280701755,238.1666717529297,2022-02-22,273.84332275390625
2021-02-23,512.7142857142857,232.94667053222656,2022-02-23,254.67999267578125
2021-02-24,512.7142857142857,247.33999633789062,2022-02-24,266.92333984375
2021-02-25,512.7142857142857,227.4066619873047,2022-02-25,269.9566650390625
2021-02-26,512.7142857142857,225.1666717529297,2022-02-28,290.1433410644531
2021-03-01,519.8846153846154,239.47666931152344,2022-03-01,288.1233215332031
2021-03-02,519.2941176470588,228.81333923339844,2022-03-02,293.2966613769531
2021-03-03,523.3461538461538,217.73333740234375,2022-03-03,279.7633361816406
2021-03-04,524.7647058823529,207.14666748046875,2022-03-04,279.42999267578125
2021-03-05,524.7647058823529,199.31666564941406,2022-03-07,268.1933288574219
2021-03-08,531.66,187.6666717529297,2022-03-08,274.79998779296875
2021-03-09,538.8823529411765,224.52667236328125,2022-03-09,286.3233337402344
2021-03-10,538.8823529411765,222.68666076660156,2022-03-10,279.4333190917969
2021-03-11,547.7058823529412,233.1999969482422,2022-03-11,265.1166687011719
2021-03-12,547.7058823529412,231.2433319091797,2022-03-14,255.4566650390625
2021-03-15,547.7058823529412,235.97999572753906,2022-03-15,267.2966613769531
2021-03-16,553.734693877551,225.6266632080078,2022-03-16,280.07666015625
2021-03-17,553.734693877551,233.93666076660156,2022-03-17,290.5333251953125
2021-03-18,556.2340425531914,217.72000122070312,2022-03-18,301.7966613769531
2021-03-19,556.2340425531914,218.2899932861328,2022-03-21,307.0533447265625
2021-03-22,556.2340425531914,223.3333282470703,2022-03-22,331.32666015625
2021-03-23,566.0454545454545,220.72000122070312,2022-03-23,333.03668212890625
2021-03-24,566.0454545454545,210.08999633789062,2022-03-24,337.97332763671875
2021-03-25,566.0454545454545,213.4633331298828,2022-03-25,336.8800048828125
2021-03-26,566.0454545454545,206.23666381835938,2022-03-28,363.9466552734375
2021-03-29,569.0222222222222,203.76333618164062,2022-03-29,366.5233459472656
2021-03-30,569.0222222222222,211.8733367919922,2022-03-30,364.663330078125
2021-03-31,569.0222222222222,222.64332580566406,2022-03-31,359.20001220703125
2021-04-01,569.0222222222222,220.5833282470703,2022-04-01,361.5299987792969
2021-04-05,592.1041666666666,230.35000610351562,2022-04-05,363.7533264160156
2021-04-06,592.1041666666666,230.5399932861328,2022-04-06,348.586669921875
2021-04-07,592.4042553191489,223.6566619873047,2022-04-07,352.4200134277344
2021-04-08,592.4042553191489,227.93333435058594,2022-04-08,341.8299865722656
2021-04-09,592.4042553191489,225.67333984375,2022-04-11,325.30999755859375
2021-04-12,612.7021276595744,233.9933319091797,2022-04-12,328.98333740234375
2021-04-13,616.2391304347826,254.10667419433594,2022-04-13,340.7900085449219
2021-04-14,619.9333333333333,244.07666015625,2022-04-14,328.3333435058594
2021-04-15,626.4545454545455,246.28334045410156,2022-04-18,334.7633361816406
2021-04-16,626.4545454545455,246.5933380126953,2022-04-18,334.7633361816406
2021-04-19,629.3953488372093,238.2100067138672,2022-04-19,342.7166748046875
2021-04-20,633.7272727272727,239.663330078125,2022-04-20,325.73333740234375
2021-04-21,649.375,248.0399932861328,2022-04-21,336.260009765625
2021-04-22,662.7631578947369,239.89666748046875,2022-04-22,335.01666259765625
2021-04-23,668.8461538461538,243.13333129882812,2022-04-25,332.67333984375
2021-04-26,682.8421052631579,246.06666564941406,2022-04-26,292.1400146484375
2021-04-27,710.7441860465116,234.913330078125,2022-04-27,293.836669921875
2021-04-28,710.7441860465116,231.46665954589844,2022-04-28,292.5033264160156
2021-04-29,710.7441860465116,225.6666717529297,2022-04-29,290.2533264160156
2021-04-30,710.7441860465116,236.47999572753906,2022-05-02,300.9800109863281
2021-05-03,710.7441860465116,228.3000030517578,2022-05-03,303.0833435058594
2021-05-04,710.7441860465116,224.53334045410156,2022-05-04,317.5400085449219
2021-05-05,710.7441860465116,223.64666748046875,2022-05-05,291.09332275390625
2021-05-06,710.7441860465116,221.17999267578125,2022-05-06,288.54998779296875
2021-05-07,710.7441860465116,224.1233367919922,2022-05-09,262.3699951171875
2021-05-10,710.7441860465116,209.67999267578125,2022-05-10,266.67999267578125
2021-05-11,710.7441860465116,205.73333740234375,2022-05-11,244.6666717529297
2021-05-12,710.7441860465116,196.6300048828125,2022-05-12,242.6666717529297
2021-05-13,710.7441860465116,190.56333923339844,2022-05-13,256.5299987792969
2021-05-14,710.7441860465116,196.5800018310547,2022-05-16,241.4566650390625
2021-05-17,715.7619047619048,192.27667236328125,2022-05-17,253.8699951171875
2021-05-18,720.0487804878048,192.6233367919922,2022-05-18,236.60333251953125
2021-05-19,720.0487804878048,187.82000732421875,2022-05-19,236.47332763671875
2021-05-20,720.0487804878048,195.5933380126953,2022-05-20,221.3000030517578
2021-05-21,719.5714285714286,193.6266632080078,2022-05-23,224.96665954589844
2021-05-24,720.2857142857143,202.14666748046875,2022-05-24,209.3866729736328
2021-05-25,720.2857142857143,201.56333923339844,2022-05-25,219.60000610351562
2021-05-26,720.2857142857143,206.3766632080078,2022-05-26,235.91000366210938
2021-05-27,720.2857142857143,210.28334045410156,2022-05-27,253.2100067138672
2021-05-28,724.4651162790698,208.4066619873047,2022-05-31,252.75332641601562
2021-06-01,724.4651162790698,207.96665954589844,2022-06-01,246.7899932861328
2021-06-02,723.1428571428571,201.7066650390625,2022-06-02,258.3333435058594
2021-06-03,723.1428571428571,190.94667053222656,2022-06-03,234.51666259765625
2021-06-04,723.1428571428571,199.68333435058594,2022-06-06,238.27999877929688
2021-06-07,723.1428571428571,201.7100067138672,2022-06-07,238.8866729736328
2021-06-08,738.5853658536586,201.19667053222656,2022-06-08,241.86666870117188
2021-06-09,742.6,199.5933380126953,2022-06-09,239.7066650390625
2021-06-10,744.974358974359,203.3733367919922,2022-06-10,232.22999572753906
2021-06-11,744.974358974359,203.29666137695312,2022-06-13,215.73666381835938
2021-06-14,746.65,205.89666748046875,2022-06-14,220.88999938964844
2021-06-15,746.65,199.7866668701172,2022-06-15,233.0
2021-06-16,746.65,201.6233367919922,2022-06-16,213.10000610351562
2021-06-17,746.5641025641025,205.53334045410156,2022-06-17,216.75999450683594
2021-06-18,746.5641025641025,207.77000427246094,2022-06-21,237.0366668701172
2021-06-21,746.5641025641025,206.94332885742188,2022-06-21,237.0366668701172
2021-06-22,746.5641025641025,207.90333557128906,2022-06-22,236.086669921875
2021-06-23,750.4,218.85667419433594,2022-06-23,235.07000732421875
2021-06-24,750.4,226.60667419433594,2022-06-24,245.7066650390625
2021-06-25,750.4,223.9566650390625,2022-06-27,244.9199981689453
2021-06-28,750.4,229.57333374023438,2022-06-28,232.663330078125
2021-06-29,748.1951219512196,226.9199981689453,2022-06-29,228.49000549316406
2021-06-30,748.1951219512196,226.56666564941406,2022-06-30,224.47332763671875
2021-07-01,748.1951219512196,225.97332763671875,2022-07-01,227.26333618164062
2021-07-02,748.1951219512196,226.3000030517578,2022-07-05,233.06666564941406
2021-07-06,774.2368421052631,219.86000061035156,2022-07-06,231.73333740234375
2021-07-07,760.0263157894736,214.88333129882812,2022-07-07,244.5433349609375
2021-07-08,763.0,217.60333251953125,2022-07-08,250.76333618164062
2021-07-09,763.0,218.98333740234375,2022-07-11,234.3433380126953
2021-07-12,758.0285714285715,228.56666564941406,2022-07-12,233.07000732421875
2021-07-13,758.0285714285715,222.84666442871094,2022-07-13,237.0399932861328
2021-07-14,757.3823529411765,217.7933349609375,2022-07-14,238.31333923339844
2021-07-15,751.5454545454545,216.86666870117188,2022-07-15,240.06666564941406
2021-07-16,751.5,214.74000549316406,2022-07-18,240.54666137695312
2021-07-19,751.5,215.4066619873047,2022-07-19,245.52999877929688
2021-07-20,742.8787878787879,220.1666717529297,2022-07-20,247.5
2021-07-21,742.8787878787879,218.42999267578125,2022-07-21,271.7066650390625
2021-07-22,762.1875,216.4199981689453,2022-07-22,272.24334716796875
2021-07-23,762.1875,214.4600067138672,2022-07-25,268.4333190917969
2021-07-26,763.2903225806451,219.2066650390625,2022-07-26,258.8599853515625
2021-07-27,765.7631578947369,214.92666625976562,2022-07-27,274.82000732421875
2021-07-28,799.6666666666666,215.66000366210938,2022-07-28,280.8999938964844
2021-07-29,798.2058823529412,225.78334045410156,2022-07-29,297.1499938964844
2021-07-30,798.2058823529412,229.06666564941406,2022-08-01,297.27667236328125
2021-08-02,785.2727272727273,236.55667114257812,2022-08-02,300.586669921875
2021-08-03,785.2727272727273,236.5800018310547,2022-08-03,307.39666748046875
2021-08-04,785.2727272727273,236.97332763671875,2022-08-04,308.6333312988281
2021-08-05,785.2727272727273,238.2100067138672,2022-08-05,288.1700134277344
2021-08-06,785.2727272727273,233.03334045410156,2022-08-08,290.42333984375
2021-08-09,787.1764705882352,237.9199981689453,2022-08-09,283.3333435058594
2021-08-10,787.1764705882352,236.663330078125,2022-08-10,294.3566589355469
2021-08-11,787.1764705882352,235.94000244140625,2022-08-11,286.6300048828125
2021-08-12,785.4,240.75,2022-08-12,300.0299987792969
2021-08-13,785.4,239.05667114257812,2022-08-15,309.32000732421875
2021-08-16,785.4,228.72332763671875,2022-08-16,306.5633239746094
2021-08-17,771.9166666666666,221.90333557128906,2022-08-17,303.9966735839844
2021-08-18,771.9166666666666,229.663330078125,2022-08-18,302.8699951171875
2021-08-19,775.3783783783783,224.49000549316406,2022-08-19,296.6666564941406
2021-08-20,775.3783783783783,226.75332641601562,2022-08-22,289.913330078125
2021-08-23,775.3783783783783,235.43333435058594,2022-08-23,296.4533386230469
2021-08-24,775.3783783783783,236.163330078125,2022-08-24,297.0966796875
2021-08-25,775.3783783783783,237.06666564941406,2022-08-25,296.07000732421875
2021-08-26,775.3783783783783,233.72000122070312,2022-08-26,288.0899963378906
2021-08-27,775.3783783783783,237.30667114257812,2022-08-29,284.82000732421875
2021-08-30,775.3783783783783,243.6366729736328,2022-08-30,277.70001220703125
2021-08-31,776.6388888888889,245.24000549316406,2022-08-31,275.6099853515625
2021-09-01,776.6388888888889,244.69667053222656,2022-09-01,277.1600036621094
2021-09-02,776.6388888888889,244.1300048828125,2022-09-02,270.2099914550781
2021-09-03,776.6388888888889,244.52333068847656,2022-09-06,274.4200134277344
2021-09-07,773.1142857142858,250.97332763671875,2022-09-07,283.70001220703125
2021-09-08,773.0588235294117,251.2899932861328,2022-09-08,289.260009765625
2021-09-09,773.0588235294117,251.6199951171875,2022-09-09,299.67999267578125
2021-09-10,773.0588235294117,245.42333984375,2022-09-12,304.4200134277344
2021-09-13,773.0588235294117,247.6666717529297,2022-09-13,292.1300048828125
2021-09-14,773.0588235294117,248.163330078125,2022-09-14,302.6099853515625
2021-09-15,773.0588235294117,251.94332885742188,2022-09-15,303.75
2021-09-16,773.0588235294117,252.3300018310547,2022-09-16,303.3500061035156
2021-09-17,773.0588235294117,253.163330078125,2022-09-19,309.07000732421875
2021-09-20,773.0588235294117,243.38999938964844,2022-09-20,308.7300109863281
2021-09-21,773.0588235294117,246.4600067138672,2022-09-21,300.79998779296875
2021-09-22,773.0588235294117,250.64666748046875,2022-09-22,288.5899963378906
2021-09-23,766.3142857142857,251.2133331298828,2022-09-23,275.3299865722656
2021-09-24,766.3142857142857,258.1300048828125,2022-09-26,276.010009765625
2021-09-27,768.2647058823529,263.78668212890625,2022-09-27,282.94000244140625
2021-09-28,768.2647058823529,259.1866760253906,2022-09-28,287.80999755859375
2021-09-29,768.2647058823529,260.4366760253906,2022-09-29,268.2099914550781
2021-09-30,768.2647058823529,258.49334716796875,2022-09-30,265.25
2021-10-01,768.2647058823529,258.40667724609375,2022-10-03,242.39999389648438
2021-10-04,773.4375,260.510009765625,2022-10-04,249.44000244140625
2021-10-05,773.4375,260.1966552734375,2022-10-05,240.80999755859375
2021-10-06,773.4375,260.9166564941406,2022-10-06,238.1300048828125
2021-10-07,773.4375,264.53668212890625,2022-10-07,223.07000732421875
2021-10-08,778.4848484848485,261.8299865722656,2022-10-10,222.9600067138672
2021-10-11,769.34375,263.9800109863281,2022-10-11,216.5
2021-10-12,769.34375,268.5733337402344,2022-10-12,217.24000549316406
2021-10-13,769.34375,270.3599853515625,2022-10-13,221.72000122070312
2021-10-14,755.1212121212121,272.7733459472656,2022-10-14,204.99000549316406
2021-10-15,760.8529411764706,281.010009765625,2022-10-17,219.35000610351562
2021-10-18,763.2058823529412,290.03668212890625,2022-10-18,220.19000244140625
2021-10-19,767.1142857142858,288.0899963378906,2022-10-19,222.0399932861328
2021-10-20,767.1142857142858,288.6000061035156,2022-10-20,207.27999877929688
2021-10-21,777.7857142857143,298.0,2022-10-21,214.44000244140625
2021-10-22,777.7857142857143,303.2266540527344,2022-10-24,211.25
2021-10-25,758.1891891891892,341.6199951171875,2022-10-25,222.4199981689453
2021-10-26,758.1891891891892,339.4766540527344,2022-10-26,224.63999938964844
2021-10-27,767.8421052631579,345.9533386230469,2022-10-27,225.08999633789062
2021-10-28,781.4871794871794,359.0133361816406,2022-10-28,228.52000427246094
2021-10-29,781.4871794871794,371.3333435058594,2022-10-31,227.5399932861328
2021-11-01,781.4871794871794,402.86334228515625,2022-11-01,227.82000732421875
2021-11-02,781.4871794871794,390.6666564941406,2022-11-02,214.97999572753906
2021-11-03,781.4871794871794,404.6199951171875,2022-11-03,215.30999755859375
2021-11-04,781.4871794871794,409.9700012207031,2022-11-04,207.47000122070312
2021-11-05,781.4871794871794,407.36334228515625,2022-11-07,197.0800018310547
2021-11-08,796.95,387.64666748046875,2022-11-08,191.3000030517578
2021-11-09,796.95,341.1666564941406,2022-11-09,177.58999633789062
2021-11-10,796.95,355.98333740234375,2022-11-10,190.72000122070312
2021-11-11,796.95,354.5033264160156,2022-11-11,195.97000122070312
2021-11-12,796.95,344.47332763671875,2022-11-14,190.9499969482422
2021-11-15,796.95,337.7966613769531,2022-11-15,194.4199981689453
2021-11-16,796.95,351.57666015625,2022-11-16,186.9199981689453
2021-11-17,796.5365853658536,363.0033264160156,2022-11-17,183.1699981689453
2021-11-18,798.95,365.4599914550781,2022-11-18,180.19000244140625
2021-11-19,813.609756097561,379.0199890136719,2022-11-21,167.8699951171875
2021-11-22,819.2,385.6233215332031,2022-11-22,169.91000366210938
2021-11-23,819.2,369.6766662597656,2022-11-23,183.1999969482422
2021-11-24,819.2,372.0,2022-11-25,182.86000061035156
2021-11-26,817.1282051282051,360.6400146484375,2022-11-28,182.9199981689453
2021-11-29,817.1282051282051,378.9966735839844,2022-11-29,180.8300018310547
2021-11-30,817.1282051282051,381.586669921875,2022-11-30,194.6999969482422
2021-12-01,817.1282051282051,365.0,2022-12-01,194.6999969482422
2021-12-02,817.1282051282051,361.5333251953125,2022-12-02,194.86000061035156
2021-12-03,817.1282051282051,338.3233337402344,2022-12-05,182.4499969482422
2021-12-06,817.1282051282051,336.336669921875,2022-12-06,179.82000732421875
2021-12-07,821.7,350.5833435058594,2022-12-07,174.0399932861328
2021-12-08,840.1951219512196,356.32000732421875,2022-12-08,173.44000244140625
2021-12-09,840.1951219512196,334.6000061035156,2022-12-09,179.0500030517578
2021-12-10,840.1951219512196,339.010009765625,2022-12-12,167.82000732421875
2021-12-13,840.9,322.13665771484375,2022-12-13,160.9499969482422
2021-12-14,846.0,319.5033264160156,2022-12-14,156.8000030517578
2021-12-15,846.0,325.3299865722656,2022-12-15,157.6699981689453
2021-12-16,846.0,308.97332763671875,2022-12-16,150.22999572753906
2021-12-17,846.0,310.8566589355469,2022-12-19,149.8699951171875
2021-12-20,846.0,299.9800109863281,2022-12-20,137.8000030517578
2021-12-21,844.65,312.84332275390625,2022-12-21,137.57000732421875
2021-12-22,845.7073170731708,336.2900085449219,2022-12-22,125.3499984741211
2021-12-23,845.7073170731708,355.6666564941406,2022-12-23,123.1500015258789
2021-12-27,850.35,364.64666748046875,2022-12-27,109.0999984741211
2021-12-28,861.6341463414634,362.8233337402344,2022-12-28,112.70999908447266
2021-12-29,861.6341463414634,362.0633239746094,2022-12-29,121.81999969482422
2021-12-30,861.6341463414634,356.7799987792969,2022-12-30,123.18000030517578
2021-12-31,869.6904761904761,352.260009765625,2023-01-03,108.0999984741211
2022-01-03,898.0,399.9266662597656,2023-01-03,108.0999984741211
2022-01-04,913.375,383.1966552734375,2023-01-04,113.63999938964844
2022-01-05,913.7884615384615,362.7066650390625,2023-01-05,110.33999633789062
2022-01-06,913.7884615384615,354.8999938964844,2023-01-06,113.05999755859375
2022-01-07,913.7884615384615,342.32000732421875,2023-01-09,119.7699966430664
2022-01-10,913.7884615384615,352.7066650390625,2023-01-10,118.8499984741211
2022-01-11,913.7884615384615,354.79998779296875,2023-01-11,123.22000122070312
2022-01-12,913.7884615384615,368.739990234375,2023-01-12,123.55999755859375
2022-01-13,917.0,343.85333251953125,2023-01-13,122.4000015258789
2022-01-14,917.0,349.8699951171875,2023-01-17,131.49000549316406
2022-01-18,919.0769230769231,343.5033264160156,2023-01-18,128.77999877929688
2022-01-19,919.0769230769231,331.8833312988281,2023-01-19,127.16999816894531
2022-01-20,919.0769230769231,332.0899963378906,2023-01-20,133.4199981689453
2022-01-21,919.0769230769231,314.6333312988281,2023-01-23,143.75
2022-01-24,941.2222222222222,310.0,2023-01-24,143.88999938964844
2022-01-25,941.2222222222222,306.1333312988281,2023-01-25,144.42999267578125
2022-01-26,968.1914893617021,312.4700012207031,2023-01-26,160.27000427246094
2022-01-27,947.3846153846154,276.3666687011719,2023-01-27,177.89999389648438
2022-01-28,947.3846153846154,282.1166687011719,2023-01-30,166.66000366210938
2022-01-31,950.6538461538462,312.239990234375,2023-01-31,173.22000122070312
2022-02-01,950.6538461538462,310.4166564941406,2023-02-01,181.41000366210938
2022-02-02,950.6538461538462,301.88665771484375,2023-02-02,188.27000427246094
2022-02-03,950.6538461538462,297.0466613769531,2023-02-03,189.97999572753906
2022-02-04,950.6538461538462,307.7733459472656,2023-02-06,194.75999450683594
2022-02-07,952.6274509803922,302.4466552734375,2023-02-07,196.80999755859375
2022-02-08,952.6274509803922,307.3333435058594,2023-02-08,201.2899932861328
2022-02-09,957.18,310.6666564941406,2023-02-09,207.32000732421875
2022-02-10,957.18,301.51666259765625,2023-02-10,196.88999938964844
2022-02-11,957.18,286.6666564941406,2023-02-13,194.63999938964844
2022-02-14,978.18,291.9200134277344,2023-02-14,209.25
2022-02-15,978.18,307.4766540527344,2023-02-15,214.24000549316406
2022-02-16,979.7755102040817,307.7966613769531,2023-02-16,202.0399932861328
2022-02-17,979.7755102040817,292.1166687011719,2023-02-17,208.30999755859375
2022-02-18,979.7755102040817,285.6600036621094,2023-02-21,197.3699951171875
2022-02-22,979.7755102040817,273.84332275390625,2023-02-22,200.86000061035156
2022-02-23,979.7755102040817,254.67999267578125,2023-02-23,202.07000732421875
2022-02-24,979.7755102040817,266.92333984375,2023-02-24,196.8800048828125
2022-02-25,978.18,269.9566650390625,2023-02-27,207.6300048828125
2022-02-28,978.18,290.1433410644531,2023-02-28,205.7100067138672
2022-03-01,978.18,288.1233215332031,2023-03-01,202.77000427246094
2022-03-02,978.18,293.2966613769531,2023-03-02,190.89999389648438
2022-03-03,978.18,279.7633361816406,2023-03-03,197.7899932861328
2022-03-04,978.18,279.42999267578125,2023-03-06,193.80999755859375
2022-03-07,978.18,268.1933288574219,2023-03-07,187.7100067138672
2022-03-08,978.18,274.79998779296875,2023-03-08,182.0
2022-03-09,978.18,286.3233337402344,2023-03-09,172.9199981689453
2022-03-10,978.18,279.4333190917969,2023-03-10,173.44000244140625
2022-03-11,978.18,265.1166687011719,2023-03-13,174.47999572753906
2022-03-14,978.18,255.4566650390625,2023-03-14,183.25999450683594
2022-03-15,978.18,267.2966613769531,2023-03-15,180.4499969482422
2022-03-16,978.18,280.07666015625,2023-03-16,184.1300048828125
2022-03-17,978.18,290.5333251953125,2023-03-17,180.1300048828125
2022-03-18,978.18,301.7966613769531,2023-03-20,183.25
2022-03-21,983.5098039215686,307.0533447265625,2023-03-21,197.5800018310547
2022-03-22,983.5098039215686,331.32666015625,2023-03-22,191.14999389648438
2022-03-23,992.44,333.03668212890625,2023-03-23,192.22000122070312
2022-03-24,992.44,337.97332763671875,2023-03-24,190.41000366210938
2022-03-25,992.44,336.8800048828125,2023-03-27,191.80999755859375
2022-03-28,992.44,363.9466552734375,2023-03-28,189.19000244140625
2022-03-29,992.44,366.5233459472656,2023-03-29,193.8800048828125
2022-03-30,992.44,364.663330078125,2023-03-30,195.27999877929688
2022-03-31,992.44,359.20001220703125,2023-03-31,207.4600067138672
2022-04-01,992.44,361.5299987792969,2023-04-03,194.77000427246094
2022-04-04,986.8235294117648,381.8166809082031,2023-04-04,192.5800018310547
2022-04-05,986.8235294117648,363.7533264160156,2023-04-05,185.52000427246094
2022-04-06,986.8235294117648,348.586669921875,2023-04-06,185.05999755859375
2022-04-07,987.76,352.4200134277344,2023-04-10,184.50999450683594
2022-04-08,987.76,341.8299865722656,2023-04-10,184.50999450683594
2022-04-11,987.76,325.30999755859375,2023-04-11,186.7899932861328
2022-04-12,987.76,328.98333740234375,2023-04-12,180.5399932861328
2022-04-13,1001.795918367347,340.7900085449219,2023-04-13,185.89999389648438
2022-04-14,1002.875,328.3333435058594,2023-04-14,185.0
2022-04-18,1012.7234042553191,334.7633361816406,2023-04-18,184.30999755859375
2022-04-19,1015.0625,342.7166748046875,2023-04-19,180.58999633789062
2022-04-20,1050.125,325.73333740234375,2023-04-20,162.99000549316406
2022-04-21,1033.7173913043478,336.260009765625,2023-04-21,165.0800018310547
2022-04-22,1023.4897959183673,335.01666259765625,2023-04-24,162.5500030517578
2022-04-25,1023.4897959183673,332.67333984375,2023-04-25,160.6699981689453
2022-04-26,1021.375,292.1400146484375,2023-04-26,153.75
2022-04-27,1015.4468085106383,293.836669921875,2023-04-27,160.19000244140625
2022-04-28,1015.4468085106383,292.5033264160156,2023-04-28,164.30999755859375
2022-04-29,1015.4468085106383,290.2533264160156,2023-05-01,161.8300018310547
2022-05-02,1015.4468085106383,300.9800109863281,2023-05-02,160.30999755859375
2022-05-03,1015.4468085106383,303.0833435058594,2023-05-03,160.61000061035156
2022-05-04,1015.4468085106383,317.5400085449219,2023-05-04,161.1999969482422
2022-05-05,1015.4468085106383,291.09332275390625,2023-05-05,170.05999755859375
2022-05-06,1015.4468085106383,288.54998779296875,2023-05-08,171.7899932861328
2022-05-09,1007.0869565217391,262.3699951171875,2023-05-09,169.14999389648438
2022-05-10,1004.8085106382979,266.67999267578125,2023-05-10,168.5399932861328
2022-05-11,1004.8085106382979,244.6666717529297,2023-05-11,172.0800018310547
2022-05-12,1002.625,242.6666717529297,2023-05-12,167.97999572753906
2022-05-13,1002.625,256.5299987792969,2023-05-15,166.35000610351562
2022-05-16,1002.625,241.4566650390625,2023-05-16,166.52000427246094
2022-05-17,1007.3617021276596,253.8699951171875,2023-05-17,173.86000061035156
2022-05-18,1007.9375,236.60333251953125,2023-05-18,176.88999938964844
2022-05-19,999.6041666666666,236.47332763671875,2023-05-19,180.13999938964844
2022-05-20,999.6041666666666,221.3000030517578,2023-05-22,188.8699951171875
2022-05-23,999.6041666666666,224.96665954589844,2023-05-23,185.77000427246094
2022-05-24,995.530612244898,209.3866729736328,2023-05-24,182.89999389648438
2022-05-25,995.530612244898,219.60000610351562,2023-05-25,184.47000122070312
2022-05-26,996.62,235.91000366210938,2023-05-26,193.1699981689453
2022-05-27,996.62,253.2100067138672,2023-05-30,201.16000366210938
2022-05-31,996.62,252.75332641601562,2023-05-31,203.92999267578125
2022-06-01,996.6862745098039,246.7899932861328,2023-06-01,207.52000427246094
2022-06-02,986.1730769230769,258.3333435058594,2023-06-02,213.97000122070312
2022-06-03,984.8333333333334,234.51666259765625,2023-06-05,217.61000061035156
2022-06-06,984.5471698113207,238.27999877929688,2023-06-06,221.30999755859375
2022-06-07,973.0961538461538,238.8866729736328,2023-06-07,224.57000732421875
2022-06-08,973.0961538461538,241.86666870117188,2023-06-08,234.86000061035156
2022-06-09,975.4905660377359,239.7066650390625,2023-06-09,244.39999389648438
2022-06-10,964.2777777777778,232.22999572753906,2023-06-12,249.8300018310547
2022-06-13,965.2037037037037,215.73666381835938,2023-06-13,258.7099914550781
2022-06-14,965.2037037037037,220.88999938964844,2023-06-14,256.7900085449219
2022-06-15,965.2037037037037,233.0,2023-06-15,255.89999389648438
2022-06-16,965.2037037037037,213.10000610351562,2023-06-16,260.5400085449219
2022-06-17,965.2037037037037,216.75999450683594,2023-06-20,274.45001220703125
2022-06-21,966.6603773584906,237.0366668701172,2023-06-21,259.4599914550781
2022-06-22,966.6603773584906,236.086669921875,2023-06-22,264.6099853515625
2022-06-23,966.6603773584906,235.07000732421875,2023-06-23,256.6000061035156
2022-06-24,967.2777777777778,245.7066650390625,2023-06-26,241.0500030517578
2022-06-27,964.2592592592592,244.9199981689453,2023-06-27,250.2100067138672
2022-06-28,967.1818181818181,232.663330078125,2023-06-28,256.239990234375
2022-06-29,967.1818181818181,228.49000549316406,2023-06-29,257.5
2022-06-30,962.8703703703703,224.47332763671875,2023-06-30,261.7699890136719
2022-07-01,962.8703703703703,227.26333618164062,2023-07-03,279.82000732421875
2022-07-05,941.9565217391304,233.06666564941406,2023-07-05,282.4800109863281
2022-07-06,945.3191489361702,231.73333740234375,2023-07-06,276.5400085449219
2022-07-07,945.3191489361702,244.5433349609375,2023-07-07,274.42999267578125
2022-07-08,945.3191489361702,250.76333618164062,2023-07-10,269.6099853515625
2022-07-11,945.9183673469388,234.3433380126953,2023-07-11,269.7900085449219
2022-07-12,945.9183673469388,233.07000732421875,2023-07-12,271.989990234375
2022-07-13,947.7,237.0399932861328,2023-07-13,277.8999938964844
2022-07-14,952.5961538461538,238.31333923339844,2023-07-14,281.3800048828125
2022-07-15,952.5961538461538,240.06666564941406,2023-07-17,290.3800048828125
2022-07-18,940.1923076923077,240.54666137695312,2023-07-18,293.3399963378906
2022-07-19,923.8301886792453,245.52999877929688,2023-07-19,291.260009765625
2022-07-20,925.2407407407408,247.5,2023-07-20,262.8999938964844
2022-07-21,925.241935483871,271.7066650390625,2023-07-21,260.0199890136719
2022-07-22,928.3809523809524,272.24334716796875,2023-07-24,269.05999755859375
2022-07-25,928.3809523809524,268.4333190917969,2023-07-25,265.2799987792969
2022-07-26,909.8,258.8599853515625,2023-07-26,264.3500061035156
2022-07-27,924.1636363636363,274.82000732421875,2023-07-27,255.7100067138672
2022-07-28,924.1636363636363,280.8999938964844,2023-07-28,266.44000244140625
2022-07-29,924.1636363636363,297.1499938964844,2023-07-31,267.42999267578125
2022-08-01,922.2962962962963,297.27667236328125,2023-08-01,261.07000732421875
2022-08-02,913.2363636363636,300.586669921875,2023-08-02,254.11000061035156
2022-08-03,913.2363636363636,307.39666748046875,2023-08-03,259.32000732421875
2022-08-04,913.2363636363636,308.6333312988281,2023-08-04,253.86000061035156
2022-08-05,913.2363636363636,288.1700134277344,2023-08-07,251.4499969482422
2022-08-08,913.2363636363636,290.42333984375,2023-08-08,249.6999969482422
2022-08-09,913.2363636363636,283.3333435058594,2023-08-09,242.19000244140625
2022-08-10,913.2363636363636,294.3566589355469,2023-08-10,245.33999633789062
2022-08-11,913.2363636363636,286.6300048828125,2023-08-11,242.64999389648438
2022-08-12,913.2363636363636,300.0299987792969,2023-08-14,239.75999450683594
2022-08-15,905.1481481481482,309.32000732421875,2023-08-15,232.9600067138672
2022-08-16,905.1481481481482,306.5633239746094,2023-08-16,225.60000610351562
2022-08-17,905.1481481481482,303.9966735839844,2023-08-17,219.22000122070312
2022-08-18,911.3272727272728,302.8699951171875,2023-08-18,215.49000549316406
2022-08-19,911.3272727272728,296.6666564941406,2023-08-21,231.27999877929688
2022-08-22,911.3272727272728,289.913330078125,2023-08-22,233.19000244140625
2022-08-23,911.3272727272728,296.4533386230469,2023-08-23,236.86000061035156
2022-08-24,911.3272727272728,297.0966796875,2023-08-24,230.0399932861328
2022-08-25,881.69,296.07000732421875,2023-08-25,238.58999633789062
2022-08-26,864.2259322033899,288.0899963378906,2023-08-28,238.82000732421875
2022-08-29,846.7922950819673,284.82000732421875,2023-08-29,257.17999267578125
2022-08-30,846.7922950819673,277.70001220703125,2023-08-30,256.8999938964844
2022-08-31,846.7922950819673,275.6099853515625,2023-08-31,258.0799865722656
2022-09-01,838.940806451613,277.1600036621094,2023-09-01,245.00999450683594
2022-09-02,838.940806451613,270.2099914550781,2023-09-05,256.489990234375
2022-09-06,831.3385714285714,274.4200134277344,2023-09-06,251.9199981689453
2022-09-07,824.08328125,283.70001220703125,2023-09-07,251.49000549316406
2022-09-08,824.08328125,289.260009765625,2023-09-08,248.5
2022-09-09,824.08328125,299.67999267578125,2023-09-11,273.5799865722656
2022-09-12,824.08328125,304.4200134277344,2023-09-12,267.4800109863281
2022-09-13,824.08328125,292.1300048828125,2023-09-13,271.29998779296875
2022-09-14,824.08328125,302.6099853515625,2023-09-14,276.0400085449219
2022-09-15,824.08328125,303.75,2023-09-15,274.3900146484375
2022-09-16,817.5589230769231,303.3500061035156,2023-09-18,265.2799987792969
2022-09-19,810.80203125,309.07000732421875,2023-09-19,266.5
2022-09-20,810.80203125,308.7300109863281,2023-09-20,262.5899963378906
2022-09-21,810.80203125,300.79998779296875,2023-09-21,255.6999969482422
2022-09-22,810.80203125,288.5899963378906,2023-09-22,244.8800048828125
2022-09-23,810.80203125,275.3299865722656,2023-09-25,246.99000549316406
2022-09-26,810.80203125,276.010009765625,2023-09-26,244.1199951171875
2022-09-27,803.1896923076923,282.94000244140625,2023-09-27,240.5
2022-09-28,803.1896923076923,287.80999755859375,2023-09-28,246.3800048828125
2022-09-29,796.1716666666667,268.2099914550781,2023-09-29,250.22000122070312
2022-09-30,796.1716666666667,265.25,2023-10-02,251.60000610351562
2022-10-03,779.3534848484849,242.39999389648438,2023-10-03,246.52999877929688
2022-10-04,772.6914925373135,249.44000244140625,2023-10-04,261.1600036621094
2022-10-05,772.6914925373135,240.80999755859375,2023-10-05,260.04998779296875
2022-10-06,766.7695588235295,238.1300048828125,2023-10-06,260.5299987792969
2022-10-07,766.7695588235295,223.07000732421875,2023-10-09,259.6700134277344
2022-10-10,760.729420289855,222.9600067138672,2023-10-10,263.6199951171875
2022-10-11,760.729420289855,216.5,2023-10-11,262.989990234375
2022-10-12,760.729420289855,217.24000549316406,2023-10-12,258.8699951171875
2022-10-13,754.1475714285715,221.72000122070312,2023-10-13,251.1199951171875
2022-10-14,746.7652112676057,204.99000549316406,2023-10-16,253.9199981689453
2022-10-17,733.8453623188406,219.35000610351562,2023-10-17,254.85000610351562
2022-10-18,733.8453623188406,220.19000244140625,2023-10-18,242.67999267578125
2022-10-19,715.7036507936508,222.0399932861328,2023-10-19,220.11000061035156
2022-10-20,668.3482089552239,207.27999877929688,2023-10-20,211.99000549316406
2022-10-21,668.3482089552239,214.44000244140625,2023-10-23,212.0800018310547
2022-10-24,668.3482089552239,211.25,2023-10-24,216.52000427246094
2022-10-25,657.4540579710145,222.4199981689453,2023-10-25,212.4199981689453
2022-10-26,657.4540579710145,224.63999938964844,2023-10-26,205.75999450683594
2022-10-27,657.4540579710145,225.08999633789062,2023-10-27,207.3000030517578
2022-10-28,657.4540579710145,228.52000427246094,2023-10-30,197.36000061035156
2022-10-31,657.4540579710145,227.5399932861328,2023-10-31,200.83999633789062
2022-11-01,657.4540579710145,227.82000732421875,2023-11-01,205.66000366210938
2022-11-02,657.4540579710145,214.97999572753906,2023-11-02,218.50999450683594
2022-11-03,657.4540579710145,215.30999755859375,2023-11-03,219.9600067138672
2022-11-04,657.4540579710145,207.47000122070312,2023-11-06,219.27000427246094
2022-11-07,653.887205882353,197.0800018310547,2023-11-07,222.17999267578125
2022-11-08,653.887205882353,191.3000030517578,2023-11-08,222.11000061035156
2022-11-09,641.9019117647059,177.58999633789062,2023-11-09,209.97999572753906
2022-11-10,641.9019117647059,190.72000122070312,2023-11-10,214.64999389648438
2022-11-11,641.9019117647059,195.97000122070312,2023-11-13,223.7100067138672
2022-11-14,636.5844927536232,190.9499969482422,2023-11-14,237.41000366210938
2022-11-15,630.7254411764707,194.4199981689453,2023-11-15,242.83999633789062
2022-11-16,625.213880597015,186.9199981689453,2023-11-16,233.58999633789062
2022-11-17,625.213880597015,183.1699981689453,2023-11-17,234.3000030517578
2022-11-18,625.213880597015,180.19000244140625,2023-11-20,235.60000610351562
2022-11-21,622.5656060606061,167.8699951171875,2023-11-21,241.1999969482422
2022-11-22,622.5656060606061,169.91000366210938,2023-11-22,234.2100067138672
2022-11-23,609.3231818181819,183.1999969482422,2023-11-24,235.4499969482422
2022-11-25,609.3231818181819,182.86000061035156,2023-11-27,236.0800018310547
2022-11-28,609.3231818181819,182.9199981689453,2023-11-28,246.72000122070312
2022-11-29,603.3127692307693,180.8300018310547,2023-11-29,244.13999938964844
2022-11-30,605.70828125,194.6999969482422,2023-11-30,240.0800018310547
2022-12-01,594.6020967741936,194.6999969482422,2023-12-01,238.8300018310547
2022-12-02,589.9258730158731,194.86000061035156,2023-12-04,235.5800018310547
2022-12-05,589.9258730158731,182.4499969482422,2023-12-05,238.72000122070312
2022-12-06,589.9258730158731,179.82000732421875,2023-12-06,239.3699951171875
2022-12-07,581.698870967742,174.0399932861328,2023-12-07,242.63999938964844
2022-12-08,585.1693442622951,173.44000244140625,2023-12-08,243.83999633789062
2022-12-09,585.1693442622951,179.0500030517578,2023-12-11,239.74000549316406
2022-12-12,576.5888333333334,167.82000732421875,2023-12-12,237.00999450683594
2022-12-13,576.5888333333334,160.9499969482422,2023-12-13,239.2899932861328
2022-12-14,570.9890163934426,156.8000030517578,2023-12-14,251.0500030517578
2022-12-15,555.16140625,157.6699981689453,2023-12-15,253.5
2022-12-16,555.16140625,150.22999572753906,2023-12-18,252.0800018310547
2022-12-19,555.16140625,149.8699951171875,2023-12-19,257.2200012207031
2022-12-20,540.1840298507462,137.8000030517578,2023-12-20,247.13999938964844
2022-12-21,536.2107352941176,137.57000732421875,2023-12-21,254.5
2022-12-22,525.5489705882353,125.3499984741211,2023-12-22,252.5399932861328
2022-12-23,520.4685507246377,123.1500015258789,2023-12-26,256.6099853515625
2022-12-27,502.04970149253734,109.0999984741211,2023-12-27,261.44000244140625
2022-12-28,498.3725,112.70999908447266,2023-12-28,253.17999267578125
2022-12-29,494.7728985507247,121.81999969482422,2023-12-29,248.47999572753906
2022-12-30,494.7728985507247,123.18000030517578,2024-01-02,248.4199981689453
2023-01-03,459.4754411764706,108.0999984741211,2024-01-03,238.4499969482422
2023-01-04,459.4754411764706,113.63999938964844,2024-01-04,237.92999267578125
2023-01-05,456.4395652173913,110.33999633789062,2024-01-05,237.49000549316406
2023-01-06,456.4395652173913,113.05999755859375,2024-01-08,240.4499969482422
2023-01-09,441.4079104477612,119.7699966430664,2024-01-09,234.9600067138672
2023-01-10,432.41409090909093,118.8499984741211,2024-01-10,233.94000244140625
2023-01-11,412.33328125,123.22000122070312,2024-01-11,227.22000122070312
2023-01-12,412.33328125,123.55999755859375,2024-01-12,218.88999938964844
2023-01-13,395.0627536231884,122.4000015258789,2024-01-16,219.91000366210938
2023-01-17,384.06367647058823,131.49000549316406,2024-01-17,215.5500030517578
2023-01-18,311.9055,128.77999877929688,2024-01-18,211.8800048828125
2023-01-19,296.9070491803279,127.16999816894531,2024-01-19,212.19000244140625
2023-01-20,296.9070491803279,133.4199981689453,2024-01-22,208.8000030517578
2023-01-23,294.862380952381,143.75,2024-01-23,209.13999938964844
2023-01-24,294.862380952381,143.88999938964844,2024-01-24,207.8300018310547
2023-01-25,291.0204615384616,144.42999267578125,2024-01-25,182.6300048828125
2023-01-26,276.8152702702703,160.27000427246094,2024-01-26,183.25
2023-01-27,276.8152702702703,177.89999389648438,2024-01-29,190.92999267578125
2023-01-30,273.78824324324324,166.66000366210938,2024-01-30,191.58999633789062
2023-01-31,273.78824324324324,173.22000122070312,2024-01-31,187.2899932861328
2023-02-01,273.78824324324324,181.41000366210938,2024-02-01,188.86000061035156
2023-02-02,273.0710666666667,188.27000427246094,2024-02-02,187.91000366210938
2023-02-03,272.3727631578948,189.97999572753906,2024-02-05,181.05999755859375
2023-02-06,271.1324358974359,194.75999450683594,2024-02-06,185.10000610351562
2023-02-07,271.1324358974359,196.80999755859375,2024-02-07,187.5800018310547
2023-02-08,271.1324358974359,201.2899932861328,2024-02-08,189.55999755859375
2023-02-09,270.8649367088608,207.32000732421875,2024-02-09,193.57000732421875
2023-02-10,269.541625,196.88999938964844,2024-02-12,188.1300048828125
2023-02-13,269.541625,194.63999938964844,2024-02-13,184.02000427246094
2023-02-14,269.541625,209.25,2024-02-14,188.7100067138672
2023-02-15,257.416625,214.24000549316406,2024-02-15,200.4499969482422
2023-02-16,257.416625,202.0399932861328,2024-02-16,199.9499969482422
2023-02-17,257.416625,208.30999755859375,2024-02-20,193.75999450683594
2023-02-21,257.416625,197.3699951171875,2024-02-21,194.77000427246094
2023-02-22,254.02597402597402,200.86000061035156,2024-02-22,197.41000366210938
2023-02-23,251.01315789473685,202.07000732421875,2024-02-23,191.97000122070312
2023-02-24,250.24358974358975,196.8800048828125,2024-02-26,199.39999389648438
2023-02-27,248.07894736842104,207.6300048828125,2024-02-27,199.72999572753906
2023-02-28,248.07894736842104,205.7100067138672,2024-02-28,202.0399932861328
2023-03-01,246.58666666666667,202.77000427246094,2024-02-29,201.8800048828125
2023-03-02,246.02597402597402,190.89999389648438,2024-03-01,202.63999938964844
2023-03-03,245.0379746835443,197.7899932861328,2024-03-04,188.13999938964844
2023-03-06,243.39240506329114,193.80999755859375,2024-03-05,180.74000549316406
2023-03-07,241.80769230769232,187.7100067138672,2024-03-06,176.5399932861328
2023-03-08,241.40506329113924,182.0,2024-03-07,178.64999389648438
2023-03-09,241.40506329113924,172.9199981689453,2024-03-08,175.33999633789062
2023-03-10,241.40506329113924,173.44000244140625,2024-03-11,177.77000427246094
2023-03-13,241.40506329113924,174.47999572753906,2024-03-12,177.5399932861328
2023-03-14,241.40506329113924,183.25999450683594,2024-03-13,169.47999572753906
2023-03-15,241.40506329113924,180.4499969482422,2024-03-14,162.5
2023-03-16,239.37179487179486,184.1300048828125,2024-03-15,163.57000732421875
2023-03-17,239.37179487179486,180.1300048828125,2024-03-18,173.8000030517578
2023-03-20,239.37179487179486,183.25,2024-03-19,171.32000732421875
2023-03-21,239.37179487179486,197.5800018310547,2024-03-20,175.66000366210938
2023-03-22,239.37179487179486,191.14999389648438,2024-03-21,172.82000732421875
2023-03-23,239.37179487179486,192.22000122070312,2024-03-22,170.8300018310547
2023-03-24,239.37179487179486,190.41000366210938,2024-03-25,172.6300048828125
2023-03-27,238.025,191.80999755859375,2024-03-26,177.6699981689453
2023-03-28,238.025,189.19000244140625,2024-03-27,179.8300018310547
2023-03-29,236.77777777777777,193.8800048828125,2024-03-28,175.7899932861328
2023-03-30,236.77777777777777,195.27999877929688,2024-04-01,175.22000122070312
2023-03-31,236.77777777777777,207.4600067138672,2024-04-01,175.22000122070312
2023-04-03,228.71604938271605,194.77000427246094,2024-04-02,166.6300048828125
2023-04-04,228.67073170731706,192.5800018310547,2024-04-03,168.3800048828125
2023-04-05,226.92592592592592,185.52000427246094,2024-04-04,171.11000061035156
2023-04-06,226.92592592592592,185.05999755859375,2024-04-05,164.89999389648438
2023-04-10,225.320987654321,184.50999450683594,2024-04-09,176.8800048828125
2023-04-11,225.64634146341464,186.7899932861328,2024-04-10,171.75999450683594
2023-04-12,224.7283950617284,180.5399932861328,2024-04-11,174.60000610351562
2023-04-13,224.6625,185.89999389648438,2024-04-12,171.0500030517578
2023-04-14,224.6625,185.0,2024-04-15,161.47999572753906
2023-04-17,224.73170731707316,187.0399932861328,2024-04-16,157.11000061035156
2023-04-18,224.73170731707316,184.30999755859375,2024-04-17,155.4499969482422
2023-04-19,215.19736842105263,180.58999633789062,2024-04-18,149.92999267578125
2023-04-20,212.8372093023256,162.99000549316406,2024-04-19,147.0500030517578
2023-04-21,211.9438202247191,165.0800018310547,2024-04-22,142.0500030517578
2023-04-24,210.09195402298852,162.5500030517578,2024-04-23,144.67999267578125
2023-04-25,210.09195402298852,160.6699981689453,2024-04-24,162.1300048828125
2023-04-26,209.8068181818182,153.75,2024-04-25,170.17999267578125
2023-04-27,209.8068181818182,160.19000244140625,2024-04-26,168.2899932861328
2023-04-28,209.69662921348313,164.30999755859375,2024-04-29,194.0500030517578
2023-05-01,209.69662921348313,161.8300018310547,2024-04-30,183.27999877929688
2023-05-02,210.4777777777778,160.30999755859375,2024-05-01,179.99000549316406
2023-05-03,210.4777777777778,160.61000061035156,2024-05-02,180.00999450683594
2023-05-04,210.4777777777778,161.1999969482422,2024-05-03,181.19000244140625
2023-05-05,210.4777777777778,170.05999755859375,2024-05-06,184.75999450683594
2023-05-08,210.4777777777778,171.7899932861328,2024-05-07,177.80999755859375
2023-05-09,211.8876404494382,169.14999389648438,2024-05-08,174.72000122070312
2023-05-10,211.8876404494382,168.5399932861328,2024-05-09,171.97000122070312
2023-05-11,211.8876404494382,172.0800018310547,2024-05-10,168.47000122070312
2023-05-12,211.92222222222222,167.97999572753906,2024-05-13,171.88999938964844
2023-05-15,211.2134831460674,166.35000610351562,2024-05-14,177.5500030517578
2023-05-16,211.2134831460674,166.52000427246094,2024-05-15,173.99000549316406
2023-05-17,211.64444444444445,173.86000061035156,2024-05-16,174.83999633789062
2023-05-18,211.64444444444445,176.88999938964844,2024-05-17,177.4600067138672
2023-05-19,211.64444444444445,180.13999938964844,2024-05-20,174.9499969482422
2023-05-22,211.64444444444445,188.8699951171875,2024-05-21,186.60000610351562
2023-05-23,212.04494382022472,185.77000427246094,2024-05-22,180.11000061035156
2023-05-24,212.04494382022472,182.89999389648438,2024-05-23,173.74000549316406
2023-05-25,212.04494382022472,184.47000122070312,2024-05-24,179.24000549316406
2023-05-26,212.04494382022472,193.1699981689453,2024-05-28,176.75
2023-05-30,212.04494382022472,201.16000366210938,2024-05-29,176.19000244140625
2023-05-31,212.04494382022472,203.92999267578125,2024-05-30,178.7899932861328
2023-06-01,211.04545454545453,207.52000427246094,2024-05-31,178.0800018310547
2023-06-02,211.04545454545453,213.97000122070312,2024-06-03,176.2899932861328
2023-06-05,211.08988764044943,217.61000061035156,2024-06-04,174.77000427246094
2023-06-06,211.94505494505495,221.30999755859375,2024-06-05,175.0
2023-06-07,211.94505494505495,224.57000732421875,2024-06-06,177.94000244140625
2023-06-08,211.94505494505495,234.86000061035156,2024-06-07,177.47999572753906
2023-06-09,213.83870967741936,244.39999389648438,2024-06-10,173.7899932861328
2023-06-12,215.12765957446808,249.8300018310547,2024-06-11,170.66000366210938
2023-06-13,214.91397849462365,258.7099914550781,2024-06-12,177.2899932861328
2023-06-14,214.3,256.7900085449219,2024-06-13,182.47000122070312
2023-06-15,216.2173913043478,255.89999389648438,2024-06-14,178.00999450683594
2023-06-16,216.2173913043478,260.5400085449219,2024-06-17,187.44000244140625
2023-06-20,215.45454545454547,274.45001220703125,2024-06-20,181.57000732421875
2023-06-21,215.2840909090909,259.4599914550781,2024-06-20,181.57000732421875
2023-06-22,216.13636363636363,264.6099853515625,2024-06-21,183.00999450683594
2023-06-23,216.44444444444446,256.6000061035156,2024-06-24,182.5800018310547
2023-06-26,215.80645161290323,241.0500030517578,2024-06-25,187.35000610351562
2023-06-27,215.41304347826087,250.2100067138672,2024-06-26,196.3699951171875
2023-06-28,215.03296703296704,256.239990234375,2024-06-27,197.4199981689453
2023-06-29,215.03296703296704,257.5,2024-06-28,197.8800048828125
2023-06-30,215.03296703296704,261.7699890136719,2024-07-01,209.86000061035156
2023-07-03,217.66666666666666,279.82000732421875,2024-07-02,231.25999450683594
2023-07-05,217.66666666666666,282.4800109863281,2024-07-05,251.52000427246094
2023-07-06,219.44897959183675,276.5400085449219,2024-07-05,251.52000427246094
2023-07-07,220.26262626262627,274.42999267578125,2024-07-08,252.94000244140625
2023-07-10,220.26262626262627,269.6099853515625,2024-07-09,262.3299865722656
2023-07-11,220.26262626262627,269.7900085449219,2024-07-10,263.260009765625
2023-07-12,220.84,271.989990234375,2024-07-11,241.02999877929688
2023-07-13,223.30526315789473,277.8999938964844,2024-07-12,248.22999572753906
2023-07-14,223.30526315789473,281.3800048828125,2024-07-15,252.63999938964844
2023-07-17,226.23958333333334,290.3800048828125,2024-07-16,256.55999755859375
2023-07-18,226.23958333333334,293.3399963378906,2024-07-17,248.5
2023-07-19,226.56842105263158,291.260009765625,2024-07-18,249.22999572753906
2023-07-20,227.76415094339623,262.8999938964844,2024-07-19,239.1999969482422
2023-07-21,227.97196261682242,260.0199890136719,2024-07-22,251.50999450683594
2023-07-24,228.9532710280374,269.05999755859375,2024-07-23,246.3800048828125
2023-07-25,230.26415094339623,265.2799987792969,2024-07-24,215.99000549316406
2023-07-26,235.46391752577318,264.3500061035156,2024-07-25,220.25
2023-07-27,235.46391752577318,255.7100067138672,2024-07-26,219.8000030517578
2023-07-28,235.46391752577318,266.44000244140625,2024-07-29,232.10000610351562
2023-07-31,235.83333333333334,267.42999267578125,2024-07-30,222.6199951171875
2023-08-01,235.83333333333334,261.07000732421875,2024-07-31,232.07000732421875
2023-08-02,236.0,254.11000061035156,2024-08-01,216.86000061035156
2023-08-03,236.17021276595744,259.32000732421875,2024-08-02,207.6699981689453
2023-08-04,236.17021276595744,253.86000061035156,2024-08-05,198.8800048828125
2023-08-07,235.50537634408602,251.4499969482422,2024-08-06,200.63999938964844
2023-08-08,235.50537634408602,249.6999969482422,2024-08-07,191.75999450683594
2023-08-09,235.34782608695653,242.19000244140625,2024-08-08,198.83999633789062
2023-08-10,236.12087912087912,245.33999633789062,2024-08-09,200.0
2023-08-11,236.12087912087912,242.64999389648438,2024-08-12,197.49000549316406
2023-08-14,236.12087912087912,239.75999450683594,2024-08-13,207.8300018310547
2023-08-15,235.6888888888889,232.9600067138672,2024-08-14,201.3800048828125
2023-08-16,235.6888888888889,225.60000610351562,2024-08-15,214.13999938964844
2023-08-17,235.6888888888889,219.22000122070312,2024-08-16,216.1199951171875
2023-08-18,235.6888888888889,215.49000549316406,2024-08-19,222.72000122070312
2023-08-21,235.6888888888889,231.27999877929688,2024-08-20,221.10000610351562
2023-08-22,235.6888888888889,233.19000244140625,2024-08-21,223.27000427246094
2023-08-23,235.52808988764045,236.86000061035156,2024-08-22,210.66000366210938
2023-08-24,235.86206896551724,230.0399932861328,2024-08-23,220.32000732421875
2023-08-25,235.86206896551724,238.58999633789062,2024-08-26,213.2100067138672
2023-08-28,235.86206896551724,238.82000732421875,2024-08-27,209.2100067138672
2023-08-29,235.86206896551724,257.17999267578125,2024-08-28,205.75
2023-08-30,234.82558139534885,256.8999938964844,2024-08-29,206.27999877929688
2023-08-31,235.48809523809524,258.0799865722656,2024-08-30,214.11000061035156
2023-09-01,235.48809523809524,245.00999450683594,2024-09-03,210.60000610351562
2023-09-05,235.8658536585366,256.489990234375,2024-09-04,219.41000366210938
2023-09-06,236.63855421686748,251.9199981689453,2024-09-05,230.1699981689453
2023-09-07,236.63855421686748,251.49000549316406,2024-09-06,210.72999572753906
2023-09-08,236.63855421686748,248.5,2024-09-09,216.27000427246094
2023-09-11,238.58333333333334,273.5799865722656,2024-09-10,226.1699981689453
2023-09-12,239.36470588235295,267.4800109863281,2024-09-11,228.1300048828125
2023-09-13,239.36470588235295,271.29998779296875,2024-09-12,229.80999755859375
2023-09-14,239.36470588235295,276.0400085449219,2024-09-13,230.2899932861328
2023-09-15,240.06976744186048,274.3900146484375,2024-09-16,226.77999877929688
2023-09-18,239.1590909090909,265.2799987792969,2024-09-17,227.8699951171875
2023-09-19,239.1590909090909,266.5,2024-09-18,227.1999969482422
2023-09-20,239.1590909090909,262.5899963378906,2024-09-19,243.9199981689453
2023-09-21,239.1590909090909,255.6999969482422,2024-09-20,238.25
2023-09-22,239.3932584269663,244.8800048828125,2024-09-23,250.0
2023-09-25,239.75581395348837,246.99000549316406,2024-09-24,254.27000427246094
2023-09-26,240.5529411764706,244.1199951171875,2024-09-25,257.0199890136719
2023-09-27,241.06976744186048,240.5,2024-09-26,254.22000122070312
2023-09-28,242.89655172413794,246.3800048828125,2024-09-27,260.4599914550781
2023-09-29,244.4777777777778,250.22000122070312,2024-09-30,261.6300048828125
2023-10-02,248.1931818181818,251.60000610351562,2024-10-01,258.0199890136719
2023-10-03,246.92134831460675,246.52999877929688,2024-10-02,249.02000427246094
2023-10-04,246.92134831460675,261.1600036621094,2024-10-03,240.66000366210938
2023-10-05,246.92134831460675,260.04998779296875,2024-10-04,250.0800018310547
2023-10-06,246.92134831460675,260.5299987792969,2024-10-07,240.8300018310547
2023-10-09,246.43333333333334,259.6700134277344,2024-10-08,244.5
2023-10-10,246.64835164835165,263.6199951171875,2024-10-09,241.0500030517578
2023-10-11,246.91304347826087,262.989990234375,2024-10-10,238.77000427246094
2023-10-12,246.91304347826087,258.8699951171875,2024-10-11,217.8000030517578
2023-10-13,246.91304347826087,251.1199951171875,2024-10-14,219.16000366210938
2023-10-16,248.92391304347825,253.9199981689453,2024-10-15,219.57000732421875
2023-10-17,249.27472527472528,254.85000610351562,2024-10-16,221.3300018310547
2023-10-18,256.5243902439024,242.67999267578125,2024-10-17,220.88999938964844
2023-10-19,256.61538461538464,220.11000061035156,2024-10-18,220.6999969482422
2023-10-20,256.61538461538464,211.99000549316406,2024-10-21,218.85000610351562
2023-10-23,256.61538461538464,212.0800018310547,2024-10-22,217.97000122070312
2023-10-24,257.4111111111111,216.52000427246094,2024-10-23,213.64999389648438
2023-10-25,257.4111111111111,212.4199981689453,2024-10-24,260.4800109863281
2023-10-26,258.0561797752809,205.75999450683594,2024-10-25,269.19000244140625
2023-10-27,258.0561797752809,207.3000030517578,2024-10-28,262.510009765625
2023-10-30,257.8068181818182,197.36000061035156,2024-10-29,259.5199890136719
2023-10-31,257.8068181818182,200.83999633789062,2024-10-30,257.54998779296875
2023-11-01,257.8068181818182,205.66000366210938,2024-10-31,249.85000610351562
2023-11-02,257.8068181818182,218.50999450683594,2024-11-01,248.97999572753906
2023-11-03,257.8068181818182,219.9600067138672,2024-11-04,242.83999633789062
2023-11-06,257.8068181818182,219.27000427246094,2024-11-05,251.44000244140625
2023-11-07,257.8068181818182,222.17999267578125,2024-11-06,288.5299987792969
2023-11-08,257.8068181818182,222.11000061035156,2024-11-07,296.9100036621094
2023-11-09,257.02272727272725,209.97999572753906,2024-11-08,321.2200012207031
2023-11-10,257.02272727272725,214.64999389648438,2024-11-11,350.0
2023-11-13,257.02272727272725,223.7100067138672,2024-11-12,328.489990234375
2023-11-14,258.4222222222222,237.41000366210938,2024-11-13,330.239990234375
2023-11-15,258.4222222222222,242.83999633789062,2024-11-14,311.17999267578125
2023-11-16,258.4222222222222,233.58999633789062,2024-11-15,320.7200012207031
2023-11-17,258.4222222222222,234.3000030517578,2024-11-18,338.739990234375
2023-11-20,258.29347826086956,235.60000610351562,2024-11-19,346.0
2023-11-21,258.29347826086956,241.1999969482422,2024-11-20,342.0299987792969
2023-11-22,258.29347826086956,234.2100067138672,2024-11-21,339.6400146484375
2023-11-24,258.29347826086956,235.4499969482422,2024-11-25,338.5899963378906
2023-11-27,258.29347826086956,236.0800018310547,2024-11-26,338.2300109863281
2023-11-28,258.8494623655914,246.72000122070312,2024-11-27,332.8900146484375
2023-11-29,258.8494623655914,244.13999938964844,2024-11-29,345.1600036621094
2023-11-30,259.77894736842103,240.0800018310547,2024-11-29,345.1600036621094
2023-12-01,260.85858585858585,238.8300018310547,2024-12-02,357.0899963378906
2023-12-04,261.5625,235.5800018310547,2024-12-03,351.4200134277344
2023-12-05,261.5625,238.72000122070312,2024-12-04,357.92999267578125
2023-12-06,261.5625,239.3699951171875,2024-12-05,369.489990234375
2023-12-07,260.74468085106383,242.63999938964844,2024-12-06,389.2200012207031
2023-12-08,260.74468085106383,243.83999633789062,2024-12-09,389.7900085449219
2023-12-11,259.9462365591398,239.74000549316406,2024-12-10,400.989990234375
2023-12-12,259.9462365591398,237.00999450683594,2024-12-11,424.7699890136719
2023-12-13,259.010989010989,239.2899932861328,2024-12-12,418.1000061035156
2023-12-14,259.0217391304348,251.0500030517578,2024-12-13,436.2300109863281
2023-12-15,257.6559139784946,253.5,2024-12-16,463.0199890136719
2023-12-18,258.1063829787234,252.0800018310547,2024-12-17,479.8599853515625
2023-12-19,258.0860215053763,257.2200012207031,2024-12-18,440.1300048828125
2023-12-20,258.17391304347825,247.13999938964844,2024-12-19,436.1700134277344
2023-12-21,258.8,254.5,2024-12-20,421.05999755859375
2023-12-22,260.2391304347826,252.5399932861328,2024-12-23,430.6000061035156
2023-12-26,262.3820224719101,256.6099853515625,2024-12-26,454.1300048828125
2023-12-27,263.68888888888887,261.44000244140625,2024-12-26,454.1300048828125
2023-12-28,263.68888888888887,253.17999267578125,2024-12-27,431.6600036621094
2023-12-29,263.68888888888887,248.47999572753906,2024-12-30,417.4100036621094
2024-01-02,264.98765432098764,248.4199981689453,2025-01-02,379.2799987792969
2024-01-03,263.9746835443038,238.4499969482422,2025-01-02,379.2799987792969
2024-01-04,263.5128205128205,237.92999267578125,2025-01-03,410.44000244140625
2024-01-05,263.5128205128205,237.49000549316406,2025-01-06,411.04998779296875
2024-01-08,263.5128205128205,240.4499969482422,2025-01-07,394.3599853515625
2024-01-09,263.3246753246753,234.9600067138672,2025-01-08,394.94000244140625
2024-01-10,263.3246753246753,233.94000244140625,2025-01-10,394.739990234375
2024-01-11,263.3246753246753,227.22000122070312,2025-01-10,394.739990234375
2024-01-12,263.3246753246753,218.88999938964844,2025-01-13,403.30999755859375
2024-01-16,263.3243243243243,219.91000366210938,2025-01-15,428.2200012207031
2024-01-17,267.73015873015873,215.5500030517578,2025-01-16,413.82000732421875
2024-01-18,267.73015873015873,211.8800048828125,2025-01-17,426.5
2024-01-19,267.73015873015873,212.19000244140625,2025-01-21,424.07000732421875
2024-01-22,268.72131147540983,208.8000030517578,2025-01-21,424.07000732421875
2024-01-23,270.03225806451616,209.13999938964844,2025-01-22,415.1099853515625
2024-01-24,268.44444444444446,207.8300018310547,2025-01-23,412.3800048828125
2024-01-25,266.25,182.6300048828125,2025-01-24,406.5799865722656
2024-01-26,263.07894736842104,183.25,2025-01-27,397.1499938964844
2024-01-29,263.07894736842104,190.92999267578125,2025-01-28,398.0899963378906
2024-01-30,263.5584415584416,191.58999633789062,2025-01-29,389.1000061035156
2024-01-31,264.21794871794873,187.2899932861328,2025-01-30,400.2799987792969
2024-02-01,264.21794871794873,188.86000061035156,2025-01-31,404.6000061035156
2024-02-02,264.21794871794873,187.91000366210938,2025-02-03,383.67999267578125
2024-02-05,265.1794871794872,181.05999755859375,2025-02-04,392.2099914550781
2024-02-06,264.2911392405063,185.10000610351562,2025-02-05,378.1700134277344
2024-02-07,264.2911392405063,187.5800018310547,2025-02-06,374.32000732421875
2024-02-08,264.2911392405063,189.55999755859375,2025-02-07,361.6199951171875
2024-02-09,264.2911392405063,193.57000732421875,2025-02-10,350.7300109863281
2024-02-12,264.2911392405063,188.1300048828125,2025-02-11,328.5
2024-02-13,264.2911392405063,184.02000427246094,2025-02-12,336.510009765625
2024-02-14,264.2911392405063,188.7100067138672,2025-02-13,355.94000244140625
2024-02-15,264.2911392405063,200.4499969482422,2025-02-14,355.8399963378906
2024-02-16,264.2911392405063,199.9499969482422,2025-02-18,354.1099853515625
2024-02-20,264.2911392405063,193.75999450683594,2025-02-19,360.55999755859375
2024-02-21,264.2911392405063,194.77000427246094,2025-02-20,354.3999938964844
2024-02-22,264.2911392405063,197.41000366210938,2025-02-21,337.79998779296875
2024-02-23,264.2911392405063,191.97000122070312,2025-02-24,330.5299987792969
2024-02-26,264.2911392405063,199.39999389648438,2025-02-25,302.79998779296875
2024-02-27,266.0769230769231,199.72999572753906,2025-02-26,290.79998779296875
2024-02-28,266.0769230769231,202.0399932861328,2025-02-27,281.95001220703125
2024-02-29,266.46835443037975,201.8800048828125,2025-02-28,292.9800109863281
2024-03-01,266.46835443037975,202.63999938964844,2025-03-03,284.6499938964844
2024-03-04,266.46835443037975,188.13999938964844,2025-03-04,272.0400085449219
2024-03-05,266.44303797468353,180.74000549316406,2025-03-05,279.1000061035156
2024-03-06,267.1125,176.5399932861328,2025-03-06,263.45001220703125
2024-03-07,267.1125,178.64999389648438,2025-03-07,262.6700134277344
2024-03-08,267.1125,175.33999633789062,2025-03-10,222.14999389648438
2024-03-11,264.32911392405066,177.77000427246094,2025-03-11,230.5800018310547
2024-03-12,264.32911392405066,177.5399932861328,2025-03-12,248.08999633789062
2024-03-13,262.0365853658537,169.47999572753906,2025-03-13,240.67999267578125
2024-03-14,260.390243902439,162.5,2025-03-14,249.97999572753906
2024-03-15,260.390243902439,163.57000732421875,2025-03-17,238.00999450683594
2024-03-18,261.01234567901236,173.8000030517578,2025-03-18,225.30999755859375
2024-03-19,261.01234567901236,171.32000732421875,2025-03-19,235.86000061035156
2024-03-20,261.01234567901236,175.66000366210938,2025-03-20,236.25999450683594
2024-03-21,261.025,172.82000732421875,2025-03-21,248.7100067138672
2024-03-22,261.025,170.8300018310547,2025-03-24,278.3900146484375
2024-03-25,259.65,172.6300048828125,2025-03-25,288.1400146484375
2024-03-26,257.5875,177.6699981689453,2025-03-26,272.05999755859375
2024-03-27,255.5679012345679,179.8300018310547,2025-03-27,273.1300048828125
2024-03-28,254.125,175.7899932861328,2025-03-28,263.54998779296875
2024-04-01,252.75324675324674,175.22000122070312,2025-04-01,268.4599914550781
2024-04-02,252.43037974683546,166.6300048828125,2025-04-02,282.760009765625
2024-04-03,248.0952380952381,168.3800048828125,2025-04-03,267.2799987792969
2024-04-04,248.8235294117647,171.11000061035156,2025-04-04,239.42999267578125
2024-04-05,248.8235294117647,164.89999389648438,2025-04-07,233.2899932861328
2024-04-08,248.7560975609756,172.97999572753906,2025-04-08,221.86000061035156
2024-04-09,248.33734939759037,176.8800048828125,2025-04-09,272.20001220703125
2024-04-10,246.8470588235294,171.75999450683594,2025-04-10,252.39999389648438
2024-04-11,246.8470588235294,174.60000610351562,2025-04-11,252.30999755859375
2024-04-12,244.6206896551724,171.0500030517578,2025-04-14,252.35000610351562
2024-04-15,242.8470588235294,161.47999572753906,2025-04-15,254.11000061035156
2024-04-16,239.58658823529413,157.11000061035156,2025-04-16,241.5500030517578
2024-04-17,239.31813333333335,155.4499969482422,2025-04-17,241.3699951171875
2024-04-18,237.78763157894738,149.92999267578125,2025-04-21,227.5
2024-04-19,238.59558441558443,147.0500030517578,2025-04-21,227.5
2024-04-22,238.1648717948718,142.0500030517578,2025-04-22,237.97000122070312
2024-04-23,236.69443037974685,144.67999267578125,2025-04-23,250.74000549316406
2024-04-24,230.12066666666666,162.1300048828125,2025-04-24,259.510009765625
2024-04-25,229.08637362637364,170.17999267578125,2025-04-25,284.95001220703125
2024-04-26,229.08637362637364,168.2899932861328,2025-04-28,285.8800048828125
2024-04-29,228.67591397849463,194.0500030517578,2025-04-29,292.0299987792969
2024-04-30,228.67591397849463,183.27999877929688,2025-04-30,282.1600036621094
2024-05-01,228.67591397849463,179.99000549316406,2025-05-01,280.5199890136719
2024-05-02,228.69,180.00999450683594,2025-05-02,287.2099914550781
2024-05-03,228.69,181.19000244140625,2025-05-05,280.260009765625
2024-05-06,228.69,184.75999450683594,2025-05-06,275.3500061035156
2024-05-07,228.69,177.80999755859375,2025-05-07,276.2200012207031
2024-05-08,229.57913978494625,174.72000122070312,2025-05-08,284.82000732421875
2024-05-09,229.57913978494625,171.97000122070312,2025-05-09,298.260009765625
2024-05-10,229.57913978494625,168.47000122070312,2025-05-12,318.3800048828125
2024-05-13,227.3428888888889,171.88999938964844,2025-05-13,334.07000732421875
2024-05-14,227.3428888888889,177.5500030517578,2025-05-14,347.67999267578125
2024-05-15,227.3428888888889,173.99000549316406,2025-05-15,342.82000732421875
2024-05-16,227.3428888888889,174.83999633789062,2025-05-16,349.9800109863281
2024-05-17,227.3428888888889,177.4600067138672,2025-05-19,342.0899963378906
2024-05-20,226.77113636363637,174.9499969482422,2025-05-20,343.82000732421875
2024-05-21,226.77113636363637,186.60000610351562,2025-05-21,334.6199951171875
2024-05-22,226.77113636363637,180.11000061035156,2025-05-22,341.0400085449219
2024-05-23,226.77113636363637,173.74000549316406,2025-05-23,339.3399963378906
2024-05-24,226.77113636363637,179.24000549316406,2025-05-27,362.8900146484375
2024-05-28,225.8144827586207,176.75,2025-05-28,356.8999938964844
2024-05-29,221.65953488372094,176.19000244140625,2025-05-29,358.42999267578125
2024-05-30,218.49658536585366,178.7899932861328,2025-05-30,346.4599914550781
2024-05-31,218.49658536585366,178.0800018310547,2025-06-02,342.69000244140625
2024-06-03,218.49658536585366,176.2899932861328,2025-06-03,344.2699890136719
2024-06-04,218.49658536585366,174.77000427246094,2025-06-04,332.04998779296875
2024-06-05,218.49658536585366,175.0,2025-06-05,284.70001220703125
2024-06-06,218.49658536585366,177.94000244140625,2025-06-06,295.1400146484375
2024-06-07,218.49658536585366,177.47999572753906,2025-06-09,308.5799865722656
2024-06-10,217.3098795180723,173.7899932861328,2025-06-10,326.0899963378906
2024-06-11,217.3098795180723,170.66000366210938,2025-06-11,326.42999267578125
2024-06-12,218.0561904761905,177.2899932861328,2025-06-12,319.1099853515625
2024-06-13,219.09301204819278,182.47000122070312,2025-06-13,325.30999755859375
2024-06-14,219.3572093023256,178.00999450683594,2025-06-16,329.1300048828125
2024-06-17,218.5432558139535,187.44000244140625,2025-06-17,316.3500061035156
2024-06-18,216.29402298850576,184.86000061035156,2025-06-18,322.04998779296875
2024-06-20,214.9951724137931,181.57000732421875,2025-06-20,322.1600036621094
2024-06-21,214.9951724137931,183.00999450683594,2025-06-23,348.67999267578125
2024-06-24,215.16568181818184,182.5800018310547,2025-06-24,340.4700012207031
2024-06-25,214.32152173913045,187.35000610351562,2025-06-25,327.54998779296875
2024-06-26,214.86645161290323,196.3699951171875,2025-06-26,325.7799987792969
2024-06-27,214.86645161290323,197.4199981689453,2025-06-27,323.6300048828125
2024-06-28,214.86645161290323,197.8800048828125,2025-06-30,317.6600036621094
2024-07-01,214.02715789473686,209.86000061035156,2025-07-01,300.7099914550781
2024-07-02,214.02715789473686,231.25999450683594,2025-07-02,315.6499938964844
2024-07-03,213.24336633663367,246.38999938964844,2025-07-03,315.3500061035156
2024-07-05,213.24336633663367,251.52000427246094,2025-07-07,293.94000244140625
2024-07-08,213.24336633663367,252.94000244140625,2025-07-08,297.80999755859375
2024-07-09,213.24336633663367,262.3299865722656,2025-07-09,295.8800048828125
2024-07-10,214.5201941747573,263.260009765625,2025-07-10,309.8699951171875
2024-07-11,215.3421153846154,241.02999877929688,2025-07-11,313.510009765625
2024-07-12,215.8558878504673,248.22999572753906,2025-07-14,316.8999938964844
2024-07-15,214.7343925233645,252.63999938964844,2025-07-15,310.7799987792969
2024-07-16,215.33870370370371,256.55999755859375,2025-07-16,321.6700134277344
2024-07-17,215.2438532110092,248.5,2025-07-17,319.4100036621094
2024-07-18,216.10527272727273,249.22999572753906,2025-07-18,329.6499938964844
2024-07-19,216.10527272727273,239.1999969482422,2025-07-21,328.489990234375
2024-07-22,213.82183486238534,251.50999450683594,2025-07-22,332.1099853515625
2024-07-23,211.7767272727273,246.3800048828125,2025-07-23,332.55999755859375
2024-07-24,209.22218181818184,215.99000549316406,2025-07-24,305.29998779296875
2024-07-25,209.68925925925927,220.25,2025-07-25,316.05999755859375
2024-07-26,210.38935779816515,219.8000030517578,2025-07-28,325.5899963378906
2024-07-29,210.52218181818185,232.10000610351562,2025-07-29,321.20001220703125
2024-07-30,209.56366972477068,222.6199951171875,2025-07-30,319.0400085449219
2024-07-31,209.56366972477068,232.07000732421875,2025-07-31,308.2699890136719
2024-08-01,209.8858181818182,216.86000061035156,2025-08-01,302.6300048828125
2024-08-02,209.8858181818182,207.6699981689453,2025-08-04,309.260009765625
2024-08-05,210.20587155963304,198.8800048828125,2025-08-05,308.7200012207031
2024-08-06,210.20587155963304,200.63999938964844,2025-08-06,319.9100036621094
2024-08-07,210.20587155963304,191.75999450683594,2025-08-07,322.2699890136719
2024-08-08,210.33127272727276,198.83999633789062,2025-08-08,329.6499938964844
2024-08-09,210.33127272727276,200.0,2025-08-11,339.0299987792969
2024-08-12,210.33127272727276,197.49000549316406,2025-08-12,340.8399963378906
2024-08-13,210.33127272727276,207.8300018310547,2025-08-13,339.3800048828125
2024-08-14,210.37333333333336,201.3800048828125,2025-08-14,335.5799865722656
2024-08-15,210.37333333333336,214.13999938964844,2025-08-15,330.55999755859375
2024-08-16,210.68250000000003,216.1199951171875,2025-08-18,335.1600036621094
2024-08-19,211.76701754385968,222.72000122070312,2025-08-19,329.30999755859375
2024-08-20,212.36034782608698,221.10000610351562,2025-08-20,323.8999938964844
2024-08-21,212.36034782608698,223.27000427246094,2025-08-21,320.1099853515625
2024-08-22,212.36034782608698,210.66000366210938,2025-08-22,340.010009765625
2024-08-23,212.36034782608698,220.32000732421875,2025-08-25,346.6000061035156
2024-08-26,212.36034782608698,213.2100067138672,2025-08-26,351.6700134277344
2024-08-27,212.36034782608698,209.2100067138672,2025-08-27,349.6000061035156
2024-08-28,211.61789473684212,205.75,2025-08-28,345.9800109863281
2024-08-29,211.61789473684212,206.27999877929688,2025-08-29,333.8699951171875
2024-08-30,211.61789473684212,214.11000061035156,2025-09-02,329.3599853515625
2024-09-03,210.18973451327435,210.60000610351562,2025-09-03,334.0899963378906
2024-09-04,210.18973451327435,219.41000366210938,2025-09-04,338.5299987792969
2024-09-05,209.44608695652175,230.1699981689453,2025-09-05,350.8399963378906
2024-09-06,209.44608695652175,210.72999572753906,2025-09-08,346.3999938964844
2024-09-09,209.68086956521742,216.27000427246094,2025-09-09,346.9700012207031
2024-09-10,209.89553571428573,226.1699981689453,2025-09-10,347.7900085449219
2024-09-11,210.30000000000004,228.1300048828125,2025-09-11,368.80999755859375
2024-09-12,210.30000000000004,229.80999755859375,2025-09-12,395.94000244140625
2024-09-13,210.17964601769913,230.2899932861328,2025-09-15,410.0400085449219
2024-09-16,211.0464912280702,226.77999877929688,2025-09-16,421.6199951171875
2024-09-17,211.0464912280702,227.8699951171875,2025-09-17,425.8599853515625
2024-09-18,211.0464912280702,227.1999969482422,2025-09-18,416.8500061035156
2024-09-19,211.0464912280702,243.9199981689453,2025-09-19,426.07000732421875
2024-09-20,211.0464912280702,238.25,2025-09-22,434.2099914550781
2024-09-23,212.29469026548676,250.0,2025-09-23,425.8500061035156
2024-09-24,211.9669642857143,254.27000427246094,2025-09-24,442.7900085449219
2024-09-25,212.2705357142857,257.0199890136719,2025-09-25,423.3900146484375
2024-09-26,210.6120353982301,254.22000122070312,2025-09-26,440.3999938964844
2024-09-27,210.6120353982301,260.4599914550781,2025-09-29,443.2099914550781
2024-09-30,211.16360360360363,261.6300048828125,2025-09-30,444.7200012207031
2024-10-01,212.65245283018868,258.0199890136719,2025-10-01,459.4599914550781
2024-10-02,211.72533333333334,249.02000427246094,2025-10-02,436.0
2024-10-03,212.01074074074074,240.66000366210938,2025-10-03,429.8299865722656
2024-10-04,212.01074074074074,250.0800018310547,2025-10-06,453.25
2024-10-07,211.64914285714286,240.8300018310547,2025-10-07,433.0899963378906
2024-10-08,212.62057142857142,244.5,2025-10-08,438.69000244140625
2024-10-09,212.62057142857142,241.0500030517578,2025-10-09,435.5400085449219
2024-10-10,214.13615384615383,238.77000427246094,2025-10-10,413.489990234375
2024-10-11,212.53851851851852,217.8000030517578,2025-10-13,435.8999938964844
2024-10-14,214.31121495327105,219.16000366210938,2025-10-14,429.239990234375
2024-10-15,214.012380952381,219.57000732421875,2025-10-15,435.1499938964844
2024-10-16,214.8875,221.3300018310547,2025-10-16,428.75
2024-10-17,212.24192307692311,220.88999938964844,2025-10-17,439.30999755859375
2024-10-18,212.24192307692311,220.6999969482422,2025-10-20,447.42999267578125
2024-10-21,213.02097087378644,218.85000610351562,2025-10-21,442.6000061035156
2024-10-22,216.6213043478261,217.97000122070312,2025-10-22,438.9700012207031
2024-10-23,217.80608695652177,213.64999389648438,2025-10-23,448.9800109863281
2024-10-24,219.0792233009709,260.4800109863281,2025-10-24,433.7200012207031
2024-10-25,220.63961904761908,269.19000244140625,2025-10-27,452.4200134277344
2024-10-28,221.58807692307695,262.510009765625,2025-10-28,460.54998779296875
2024-10-29,222.5958490566038,259.5199890136719,2025-10-29,461.510009765625
2024-10-30,222.52533333333338,257.54998779296875,2025-10-30,440.1000061035156
2024-10-31,222.52533333333338,249.85000610351562,2025-10-31,456.55999755859375
2024-11-01,222.52533333333338,248.97999572753906,2025-11-03,468.3699951171875
2024-11-04,222.52533333333338,242.83999633789062,2025-11-04,444.260009765625
2024-11-05,222.52533333333338,251.44000244140625,2025-11-05,462.07000732421875
2024-11-06,222.52533333333338,288.5299987792969,2025-11-06,445.9100036621094
2024-11-07,223.7279245283019,296.9100036621094,2025-11-07,429.5199890136719
2024-11-08,223.7279245283019,321.2200012207031,2025-11-10,445.2300109863281
2024-11-11,225.37532710280377,350.0,2025-11-11,439.6199951171875
2024-11-12,225.37532710280377,328.489990234375,2025-11-12,430.6000061035156
2024-11-13,225.37532710280377,330.239990234375,2025-11-13,401.989990234375
2024-11-14,226.06629629629631,311.17999267578125,2025-11-14,404.3500061035156
2024-11-15,226.8638532110092,320.7200012207031,2025-11-17,408.9200134277344
2024-11-18,228.81225225225228,338.739990234375,2025-11-18,401.25
2024-11-19,228.81225225225228,346.0,2025-11-19,403.989990234375
2024-11-20,228.81225225225228,342.0299987792969,2025-11-20,395.2300109863281
2024-11-21,228.81225225225228,339.6400146484375,2025-11-21,391.0899963378906
2024-11-22,228.81225225225228,352.55999755859375,2025-11-24,417.7799987792969
2024-11-25,228.7871428571429,338.5899963378906,2025-11-25,419.3999938964844
2024-11-26,230.64234234234237,338.2300109863281,2025-11-26,426.5799865722656
2024-11-27,230.64234234234237,332.8900146484375,2025-11-28,430.1700134277344
2024-11-29,230.64234234234237,345.1600036621094,2025-12-01,430.1400146484375
2024-12-02,233.56017699115046,357.0899963378906,2025-12-02,429.239990234375
2024-12-03,233.56017699115046,351.4200134277344,2025-12-03,446.739990234375
2024-12-04,233.56017699115046,357.92999267578125,2025-12-04,454.5299987792969
2024-12-05,234.49826086956523,369.489990234375,2025-12-05,455.0
2024-12-06,234.49826086956523,389.2200012207031,2025-12-08,439.5799865722656
2024-12-09,236.6721739130435,389.7900085449219,2025-12-09,445.1700134277344
2024-12-10,238.62869565217395,400.989990234375,2025-12-10,451.45001220703125
2024-12-11,239.54568965517245,424.7699890136719,2025-12-11,446.8900146484375
2024-12-12,239.88761061946903,418.1000061035156,2025-12-12,458.9599914550781
2024-12-13,239.88761061946903,436.2300109863281,2025-12-15,475.30999755859375
2024-12-16,242.98607142857145,463.0199890136719,2025-12-16,489.8800048828125
2024-12-17,245.3932743362832,479.8599853515625,2025-12-17,467.260009765625
2024-12-18,247.07535714285717,440.1300048828125,2025-12-18,483.3699951171875
2024-12-19,247.07535714285717,436.1700134277344,2025-12-19,481.20001220703125
2024-12-20,247.07535714285717,421.05999755859375,2025-12-22,488.7300109863281
2024-12-23,247.91924528301888,430.6000061035156,2025-12-23,485.55999755859375
2024-12-24,247.75657142857145,462.2799987792969,2025-12-24,485.3999938964844
2024-12-26,247.75657142857145,454.1300048828125,2025-12-26,475.19000244140625
2024-12-27,247.75657142857145,431.6600036621094,2025-12-29,459.6400146484375
2024-12-30,249.16932038834955,417.4100036621094,2025-12-30,454.42999267578125
2024-12-31,252.159175257732,403.8399963378906,2025-12-31,449.7200012207031
2025-01-02,253.25959183673473,379.2799987792969,2026-01-02,438.07000732421875
2025-01-03,253.66960784313727,410.44000244140625,2026-01-05,451.6700134277344
2025-01-06,255.9834951456311,411.04998779296875,2026-01-06,432.9599914550781
2025-01-07,257.82647058823534,394.3599853515625,2026-01-07,431.4100036621094
2025-01-08,257.40891089108914,394.94000244140625,2026-01-08,435.79998779296875
2025-01-10,258.1357142857143,394.739990234375,2026-01-12,448.9599914550781
2025-01-13,259.9721649484536,403.30999755859375,2026-01-13,447.20001220703125
2025-01-14,260.65578947368425,396.3599853515625,2026-01-14,439.20001220703125
2025-01-15,260.81368421052633,428.2200012207031,2026-01-15,438.57000732421875
2025-01-16,260.81368421052633,413.82000732421875,2026-01-16,437.5
2025-01-17,260.81368421052633,426.5,2026-01-20,419.25
2025-01-21,272.7552380952381,424.07000732421875,2026-01-21,431.44000244140625
2025-01-22,277.17397590361446,415.1099853515625,2026-01-22,449.3599853515625
2025-01-23,277.0663414634147,412.3800048828125,2026-01-23,449.05999755859375
2025-01-24,277.0663414634147,406.5799865722656,2026-01-26,435.20001220703125
2025-01-27,277.43050000000005,397.1499938964844,2026-01-27,430.8999938964844
2025-01-28,277.43050000000005,398.0899963378906,2026-01-28,431.4599914550781
2025-01-29,277.64740740740746,389.1000061035156,2026-01-29,416.55999755859375
2025-01-30,284.9595454545455,400.2799987792969,2026-01-30,430.4100036621094
2025-01-31,283.7240449438203,404.6000061035156,2026-02-02,421.80999755859375
2025-02-03,284.16409090909093,383.67999267578125,2026-02-03,421.9599914550781
2025-02-04,284.16409090909093,392.2099914550781,2026-02-04,406.010009765625
2025-02-05,284.8556321839081,378.1700134277344,2026-02-05,397.2099914550781
2025-02-06,284.8556321839081,374.32000732421875,2026-02-06,411.1099853515625
2025-02-07,284.8556321839081,361.6199951171875,2026-02-09,417.32000732421875
2025-02-10,287.00500000000005,350.7300109863281,2026-02-10,425.2099914550781
2025-02-11,287.83264367816093,328.5,2026-02-11,428.2699890136719
2025-02-12,286.9808988764045,336.510009765625,2026-02-12,417.07000732421875
2025-02-13,287.4579545454546,355.94000244140625,2026-02-13,417.44000244140625
2025-02-14,287.4579545454546,355.8399963378906,2026-02-17,410.6300048828125
2025-02-18,287.89764705882357,354.1099853515625,2026-02-18,411.32000732421875
2025-02-19,287.89764705882357,360.55999755859375,2026-02-19,411.7099914550781
2025-02-20,287.89764705882357,354.3999938964844,2026-02-20,411.82000732421875
2025-02-21,287.89764705882357,337.79998779296875,2026-02-23,399.8299865722656
2025-02-24,287.89764705882357,330.5299987792969,2026-02-24,409.3800048828125
2025-02-25,287.89764705882357,302.79998779296875,2026-02-25,417.3999938964844
2025-02-26,287.89764705882357,290.79998779296875,2026-02-26,408.5799865722656
2025-02-27,287.89764705882357,281.95001220703125,2026-02-27,402.510009765625
2025-02-28,287.89764705882357,292.9800109863281,2026-03-02,403.32000732421875
2025-03-03,288.40833333333336,284.6499938964844,2026-03-03,392.42999267578125
2025-03-04,289.4858823529412,272.0400085449219,2026-03-04,405.94000244140625
2025-03-05,292.42698795180723,279.1000061035156,2026-03-05,405.54998779296875
2025-03-06,293.35047619047623,263.45001220703125,2026-03-06,396.7300109863281
2025-03-07,296.3698823529412,262.6700134277344,2026-03-09,398.67999267578125
2025-03-10,296.13458823529413,222.14999389648438,2026-03-10,399.239990234375
2025-03-11,300.2924137931035,230.5800018310547,2026-03-11,407.82000732421875
2025-03-12,296.80269662921353,248.08999633789062,2026-03-12,395.010009765625
2025-03-13,298.9475862068966,240.67999267578125,2026-03-13,391.20001220703125
2025-03-14,297.0277272727273,249.97999572753906,2026-03-16,395.55999755859375
2025-03-17,300.8345454545455,238.00999450683594,2026-03-17,399.2699890136719
2025-03-18,301.04988764044947,225.30999755859375,2026-03-18,392.7799987792969
2025-03-19,302.4271111111111,235.86000061035156,2026-03-19,380.29998779296875
2025-03-20,306.7221739130435,236.25999450683594,2026-03-20,367.9599914550781
2025-03-21,310.40893617021277,248.7100067138672,2026-03-23,380.8500061035156
2025-03-24,311.8308695652174,278.3900146484375,2026-03-24,383.0299987792969
2025-03-25,312.82711111111115,288.1400146484375,2026-03-25,385.95001220703125
2025-03-26,316.0626966292135,272.05999755859375,2026-03-26,372.1099853515625
2025-03-27,318.66200000000003,273.1300048828125,2026-03-27,361.8299865722656
2025-03-28,318.9514285714286,263.54998779296875,2026-03-30,355.2799987792969
2025-03-31,321.25912087912087,259.1600036621094,2026-03-31,371.75
2025-04-01,321.25912087912087,268.4599914550781,2026-04-01,381.260009765625
2025-04-02,324.6429545454546,282.760009765625,2026-04-02,360.5899963378906
2025-04-03,324.70967032967036,267.2799987792969,2026-04-06,352.82000732421875
2025-04-04,324.70967032967036,239.42999267578125,2026-04-06,352.82000732421875
2025-04-07,326.57311111111113,233.2899932861328,2026-04-07,346.6499938964844
2025-04-08,326.57311111111113,221.86000061035156,2026-04-08,343.25
2025-04-09,327.7397777777778,272.20001220703125,2026-04-09,345.6199951171875
2025-04-10,333.8361363636364,252.39999389648438,2026-04-10,348.95001220703125
2025-04-11,333.8361363636364,252.30999755859375,2026-04-13,352.4200134277344
2025-04-14,333.8361363636364,252.35000610351562,2026-04-14,364.20001220703125
2025-04-15,333.8361363636364,254.11000061035156,2026-04-15,391.95001220703125
2025-04-16,338.09909090909093,241.5500030517578,2026-04-16,388.8999938964844
2025-04-17,337.3901123595506,241.3699951171875,2026-04-17,400.6199951171875
2025-04-21,339.0081818181818,227.5,2026-04-21,386.4200134277344
2025-04-22,339.69,237.97000122070312,2026-04-22,387.510009765625
2025-04-23,347.1812643678161,250.74000549316406,2026-04-23,373.7200012207031
2025-04-24,347.3881609195402,259.510009765625,2026-04-24,376.29998779296875
2025-04-25,347.3881609195402,284.95001220703125,2026-04-27,378.6700134277344
2025-04-28,349.69964285714286,285.8800048828125,2026-04-28,376.0199890136719
2025-04-29,349.69964285714286,292.0299987792969,2026-04-29,372.79998779296875
2025-04-30,349.69964285714286,282.1600036621094,2026-04-30,381.6300048828125
2025-05-01,349.70317647058823,280.5199890136719,2026-05-01,390.82000732421875
2025-05-02,349.70317647058823,287.2099914550781,2026-05-04,392.510009765625
2025-05-05,349.70317647058823,280.260009765625,2026-05-05,389.3699951171875
2025-05-06,348.3694186046512,275.3500061035156,2026-05-06,398.7300109863281
2025-05-07,348.3502352941176,276.2200012207031,2026-05-07,411.7900085449219
2025-05-08,348.3502352941176,284.82000732421875,2026-05-08,428.3500061035156
2025-05-09,348.3502352941176,298.260009765625,2026-05-11,445.0
2025-05-12,347.73535714285714,318.3800048828125,2026-05-12,433.45001220703125
2025-05-13,347.73535714285714,334.07000732421875,2026-05-13,445.2699890136719
2025-05-14,348.31048192771084,347.67999267578125,2026-05-14,443.29998779296875
2025-05-15,348.7410975609756,342.82000732421875,2026-05-15,422.239990234375
2025-05-16,349.23819277108436,349.9800109863281,2026-05-18,409.989990234375
2025-05-19,349.58975308641976,342.0899963378906,2026-05-19,404.1099853515625
2025-05-20,349.58975308641976,343.82000732421875,2026-05-20,417.260009765625
2025-05-21,349.58975308641976,334.6199951171875,2026-05-21,417.8500061035156
2025-05-22,349.58975308641976,341.0400085449219,2026-05-22,426.010009765625
2025-05-23,351.4240243902439,339.3399963378906,2026-05-26,433.5899963378906
2025-05-27,352.9724691358025,362.8900146484375,2026-05-27,440.3599853515625
2025-05-28,352.9724691358025,356.8999938964844,2026-05-28,442.1000061035156
2025-05-29,352.9724691358025,358.42999267578125,2026-05-29,435.7900085449219
2025-05-30,352.9724691358025,346.4599914550781,2026-06-01,415.8800048828125
2025-06-02,351.89582278481015,342.69000244140625,2026-06-02,423.739990234375
2025-06-03,351.89582278481015,344.2699890136719,2026-06-03,423.70001220703125
2025-06-04,353.5684415584416,332.04998779296875,2026-06-04,418.45001220703125
2025-06-05,353.5684415584416,284.70001220703125,2026-06-05,391.0
2025-06-06,352.689358974359,295.1400146484375,2026-06-08,408.95001220703125
2025-06-09,352.01,308.5799865722656,2026-06-09,396.67999267578125
2025-06-10,352.10223684210524,326.0899963378906,2026-06-10,381.5899963378906
2025-06-11,352.7242857142857,326.42999267578125,2026-06-11,399.1499938964844
2025-06-12,352.7242857142857,319.1099853515625,2026-06-12,406.42999267578125
2025-06-13,352.7242857142857,325.30999755859375,2026-06-15,411.1499938964844
2025-06-16,350.4636,329.1300048828125,2026-06-16,404.6600036621094
2025-06-17,348.7131081081081,316.3500061035156,2026-06-17,396.3800048828125
2025-06-18,348.7131081081081,322.04998779296875,2026-06-18,400.489990234375
2025-06-20,350.7302666666667,322.1600036621094,2026-06-22,405.04998779296875
2025-06-23,348.65089743589743,348.67999267578125,2026-06-23,381.6099853515625
2025-06-24,348.65089743589743,340.4700012207031,2026-06-24,375.5299987792969
2025-06-25,348.65089743589743,327.54998779296875,2026-06-25,375.1199951171875
2025-06-26,350.25025316455697,325.7799987792969,2026-06-26,379.7099914550781
2025-06-27,350.25025316455697,323.6300048828125,2026-06-29,411.8399963378906
2025-06-30,349.659625,317.6600036621094,2026-06-30,420.6000061035156
2025-07-01,351.5156790123457,300.7099914550781,2026-07-01,425.29998779296875
2025-07-02,351.409625,315.6499938964844,2026-07-02,393.45001220703125
2025-07-03,352.4732051282051,315.3500061035156,2026-07-06,419.7699890136719
2025-07-07,348.8277631578947,293.94000244140625,2026-07-07,402.8999938964844
2025-07-08,348.87227848101264,297.80999755859375,2026-07-08,394.05999755859375
2025-07-09,348.87227848101264,295.8800048828125,2026-07-09,406.54998779296875
2025-07-10,348.87227848101264,309.8699951171875,2026-07-10,407.760009765625
2025-07-11,348.073875,313.510009765625,2026-07-13,394.760009765625
2025-07-14,347.036835443038,316.8999938964844,2026-07-14,396.17999267578125
2025-07-15,347.319358974359,310.7799987792969,2026-07-15,394.4599914550781
2025-07-16,347.319358974359,321.6700134277344,,
2025-07-17,347.319358974359,319.4100036621094,,
2025-07-18,347.319358974359,329.6499938964844,,
2025-07-21,345.28089743589743,328.489990234375,,
2025-07-22,344.6398717948718,332.1099853515625,,
2025-07-23,342.4925316455696,332.55999755859375,,
2025-07-24,340.62146341463415,305.29998779296875,,
2025-07-25,340.7224096385542,316.05999755859375,,
2025-07-28,340.7224096385542,325.5899963378906,,
2025-07-29,342.25560975609756,321.20001220703125,,
2025-07-30,339.7061333333333,319.0400085449219,,
2025-07-31,341.9318918918919,308.2699890136719,,
2025-08-01,341.9318918918919,302.6300048828125,,
2025-08-04,344.03946666666667,309.260009765625,,
2025-08-05,344.03946666666667,308.7200012207031,,
2025-08-06,344.03946666666667,319.9100036621094,,
2025-08-07,344.03946666666667,322.2699890136719,,
2025-08-08,344.03946666666667,329.6499938964844,,
2025-08-11,342.28324324324325,339.0299987792969,,
2025-08-12,344.8486111111111,340.8399963378906,,
2025-08-13,344.8486111111111,339.3800048828125,,
2025-08-14,344.8486111111111,335.5799865722656,,
2025-08-15,344.8486111111111,330.55999755859375,,
2025-08-18,344.8486111111111,335.1600036621094,,
2025-08-19,344.8486111111111,329.30999755859375,,
2025-08-20,344.8486111111111,323.8999938964844,,
2025-08-21,344.8486111111111,320.1099853515625,,
2025-08-22,344.8486111111111,340.010009765625,,
2025-08-25,344.8486111111111,346.6000061035156,,
2025-08-26,344.8486111111111,351.6700134277344,,
2025-08-27,344.8486111111111,349.6000061035156,,
2025-08-28,344.8486111111111,345.9800109863281,,
2025-08-29,344.8486111111111,333.8699951171875,,
2025-09-02,344.35352112676054,329.3599853515625,,
2025-09-03,343.9871428571428,334.0899963378906,,
2025-09-04,341.0014492753623,338.5299987792969,,
2025-09-05,341.0014492753623,350.8399963378906,,
2025-09-08,338.6378787878788,346.3999938964844,,
2025-09-09,344.6890625,346.9700012207031,,
2025-09-10,344.6890625,347.7900085449219,,
2025-09-11,348.09682539682535,368.80999755859375,,
2025-09-12,348.09682539682535,395.94000244140625,,
2025-09-15,348.7885245901639,410.0400085449219,,
2025-09-16,347.5183333333333,421.6199951171875,,
2025-09-17,342.2603448275862,425.8599853515625,,
2025-09-18,338.35263157894735,416.8500061035156,,
2025-09-19,341.96724137931034,426.07000732421875,,
2025-09-22,344.6457627118644,434.2099914550781,,
2025-09-23,346.40166666666664,425.8500061035156,,
2025-09-24,342.9508474576271,442.7900085449219,,
2025-09-25,342.9155172413793,423.3900146484375,,
2025-09-26,348.73499999999996,440.3999938964844,,
2025-09-29,346.9338983050847,443.2099914550781,,
2025-09-30,349.3183333333333,444.7200012207031,,
2025-10-01,350.51052631578943,459.4599914550781,,
2025-10-02,351.5362068965517,436.0,,
2025-10-03,353.90166666666664,429.8299865722656,,
2025-10-06,352.7683333333333,453.25,,
2025-10-07,352.8152542372881,433.0899963378906,,
2025-10-08,357.4844827586207,438.69000244140625,,
2025-10-09,357.4844827586207,435.5400085449219,,
2025-10-10,357.4844827586207,413.489990234375,,
2025-10-13,359.23499999999996,435.8999938964844,,
2025-10-14,358.54406779661014,429.239990234375,,
2025-10-15,359.9844827586207,435.1499938964844,,
2025-10-16,359.8152542372881,428.75,,
2025-10-17,359.65166666666664,439.30999755859375,,
2025-10-20,364.5683333333333,447.42999267578125,,
2025-10-21,380.1970588235294,442.6000061035156,,
2025-10-22,375.782,438.9700012207031,,
2025-10-23,383.09444444444443,448.9800109863281,,
2025-10-24,383.5109090909091,433.7200012207031,,
2025-10-27,383.5109090909091,452.4200134277344,,
2025-10-28,383.5109090909091,460.54998779296875,,
2025-10-29,385.71090909090907,461.510009765625,,
2025-10-30,385.71090909090907,440.1000061035156,,
2025-10-31,385.71090909090907,456.55999755859375,,
2025-11-03,388.5018518518518,468.3699951171875,,
2025-11-04,388.5018518518518,444.260009765625,,
2025-11-05,392.3472727272727,462.07000732421875,,
2025-11-06,392.3472727272727,445.9100036621094,,
2025-11-07,396.05535714285713,429.5199890136719,,
2025-11-10,396.05535714285713,445.2300109863281,,
2025-11-11,396.05535714285713,439.6199951171875,,
2025-11-12,396.05535714285713,430.6000061035156,,
2025-11-13,396.1654545454545,401.989990234375,,
2025-11-14,396.1654545454545,404.3500061035156,,
2025-11-17,398.16249999999997,408.9200134277344,,
2025-11-18,398.16249999999997,401.25,,
2025-11-19,398.16249999999997,403.989990234375,,
2025-11-20,396.3109090909091,395.2300109863281,,
2025-11-21,396.3109090909091,391.0899963378906,,
2025-11-24,396.3109090909091,417.7799987792969,,
2025-11-25,397.7160714285714,419.3999938964844,,
2025-11-26,397.7160714285714,426.5799865722656,,
2025-11-28,397.7160714285714,430.1700134277344,,
2025-12-01,397.7160714285714,430.1400146484375,,
2025-12-02,397.7160714285714,429.239990234375,,
2025-12-03,397.7160714285714,446.739990234375,,
2025-12-04,399.76545454545453,454.5299987792969,,
2025-12-05,399.76545454545453,455.0,,
2025-12-08,401.52037037037036,439.5799865722656,,
2025-12-09,403.3722222222222,445.1700134277344,,
2025-12-10,403.3722222222222,451.45001220703125,,
2025-12-11,403.3722222222222,446.8900146484375,,
2025-12-12,403.3722222222222,458.9599914550781,,
2025-12-15,406.9472727272727,475.30999755859375,,
2025-12-16,406.9472727272727,489.8800048828125,,
2025-12-17,406.9472727272727,467.260009765625,,
2025-12-18,405.22407407407405,483.3699951171875,,
2025-12-19,407.6089285714285,481.20001220703125,,
2025-12-22,413.888679245283,488.7300109863281,,
2025-12-23,416.42777777777775,485.55999755859375,,
2025-12-24,415.32264150943394,485.3999938964844,,
2025-12-26,415.32264150943394,475.19000244140625,,
2025-12-29,415.8647058823529,459.6400146484375,,
2025-12-30,418.4057692307692,454.42999267578125,,
2025-12-31,426.44199999999995,449.7200012207031,,
2026-01-02,426.68823529411765,438.07000732421875,,
2026-01-05,431.48125,451.6700134277344,,
2026-01-06,431.48125,432.9599914550781,,
2026-01-07,423.1914285714285,431.4100036621094,,
2026-01-08,426.0704166666667,435.79998779296875,,
2026-01-09,426.0704166666667,445.010009765625,,
2026-01-12,420.02816326530615,448.9599914550781,,
2026-01-13,420.02816326530615,447.20001220703125,,
2026-01-14,417.7676,439.20001220703125,,
2026-01-15,417.7676,438.57000732421875,,
2026-01-16,417.7676,437.5,,
2026-01-20,422.8165957446808,419.25,,
2026-01-21,431.78022727272725,431.44000244140625,,
2026-01-22,433.70534883720927,449.3599853515625,,
2026-01-23,432.03022727272725,449.05999755859375,,
2026-01-26,434.51930232558146,435.20001220703125,,
2026-01-27,434.51930232558146,430.8999938964844,,
2026-01-28,434.51930232558146,431.4599914550781,,
2026-01-29,428.4155769230769,416.55999755859375,,
2026-01-30,423.0681132075472,430.4100036621094,,
2026-02-02,421.5886538461539,421.80999755859375,,
2026-02-03,421.5886538461539,421.9599914550781,,
2026-02-04,421.5886538461539,406.010009765625,,
2026-02-05,421.5886538461539,397.2099914550781,,
2026-02-06,421.5886538461539,411.1099853515625,,
2026-02-09,421.5886538461539,417.32000732421875,,
2026-02-10,421.5886538461539,425.2099914550781,,
2026-02-11,421.5886538461539,428.2699890136719,,
2026-02-12,421.5886538461539,417.07000732421875,,
2026-02-13,421.5886538461539,417.44000244140625,,
2026-02-17,421.5886538461539,410.6300048828125,,
2026-02-18,421.5886538461539,411.32000732421875,,
2026-02-19,414.1111320754717,411.7099914550781,,
2026-02-20,414.1111320754717,411.82000732421875,,
2026-02-23,414.1111320754717,399.8299865722656,,
2026-02-24,414.1111320754717,409.3800048828125,,
2026-02-25,414.1111320754717,417.3999938964844,,
2026-02-26,414.1111320754717,408.5799865722656,,
2026-02-27,414.1111320754717,402.510009765625,,
2026-03-02,414.1111320754717,403.32000732421875,,
2026-03-03,414.1111320754717,392.42999267578125,,
2026-03-04,414.1111320754717,405.94000244140625,,
2026-03-05,414.1111320754717,405.54998779296875,,
2026-03-06,414.1111320754717,396.7300109863281,,
2026-03-09,414.1111320754717,398.67999267578125,,
2026-03-10,414.1111320754717,399.239990234375,,
2026-03-11,414.1111320754717,407.82000732421875,,
2026-03-12,406.9105555555555,395.010009765625,,
2026-03-13,406.9105555555555,391.20001220703125,,
2026-03-16,405.1541509433962,395.55999755859375,,
2026-03-17,405.1541509433962,399.2699890136719,,
2026-03-18,405.349423076923,392.7799987792969,,
2026-03-19,402.5523529411764,380.29998779296875,,
2026-03-20,402.5523529411764,367.9599914550781,,
2026-03-23,399.59530612244896,380.8500061035156,,
2026-03-24,399.59530612244896,383.0299987792969,,
2026-03-25,399.59530612244896,385.95001220703125,,
2026-03-26,394.57808510638296,372.1099853515625,,
2026-03-27,398.8577083333333,361.8299865722656,,
2026-03-30,389.16729166666664,355.2799987792969,,
2026-03-31,389.79653061224485,371.75,,
2026-04-01,389.37562499999996,381.260009765625,,
2026-04-02,387.9354347826087,360.5899963378906,,
2026-04-06,394.8091489361702,352.82000732421875,,
2026-04-07,392.89195652173913,346.6499938964844,,
2026-04-08,392.89195652173913,343.25,,
2026-04-09,392.89195652173913,345.6199951171875,,
2026-04-10,392.89195652173913,348.95001220703125,,
2026-04-13,392.11431818181813,352.4200134277344,,
2026-04-14,391.22288888888886,364.20001220703125,,
2026-04-15,394.33399999999995,391.95001220703125,,
2026-04-16,395.3415909090909,388.8999938964844,,
2026-04-17,395.3415909090909,400.6199951171875,,
2026-04-20,391.4292857142857,392.5,,
2026-04-21,405.26142857142855,386.4200134277344,,
2026-04-22,400.845641025641,387.510009765625,,
2026-04-23,413.24399999999997,373.7200012207031,,
2026-04-24,413.24399999999997,376.29998779296875,,
2026-04-27,413.24399999999997,378.6700134277344,,
2026-04-28,411.93136363636364,376.0199890136719,,
2026-04-29,411.93136363636364,372.79998779296875,,
2026-04-30,411.93136363636364,381.6300048828125,,
2026-05-01,411.93136363636364,390.82000732421875,,
2026-05-04,411.93136363636364,392.510009765625,,
2026-05-05,407.5576744186046,389.3699951171875,,
2026-05-06,407.5576744186046,398.7300109863281,,
2026-05-07,402.9757142857143,411.7900085449219,,
2026-05-08,402.9757142857143,428.3500061035156,,
2026-05-11,402.9757142857143,445.0,,
2026-05-12,402.9757142857143,433.45001220703125,,
2026-05-13,402.9757142857143,445.2699890136719,,
2026-05-14,402.9757142857143,443.29998779296875,,
2026-05-15,402.9757142857143,422.239990234375,,
2026-05-18,400.4141463414634,409.989990234375,,
2026-05-19,400.4141463414634,404.1099853515625,,
2026-05-20,400.4141463414634,417.260009765625,,
2026-05-21,400.4141463414634,417.8500061035156,,
2026-05-22,400.4141463414634,426.010009765625,,
2026-05-26,398.54949999999997,433.5899963378906,,
2026-05-27,398.54949999999997,440.3599853515625,,
2026-05-28,398.54949999999997,442.1000061035156,,
2026-05-29,398.54949999999997,435.7900085449219,,
2026-06-01,398.54949999999997,415.8800048828125,,
2026-06-02,398.54949999999997,423.739990234375,,
2026-06-03,398.54949999999997,423.70001220703125,,
2026-06-04,400.78,418.45001220703125,,
2026-06-05,402.54714285714283,391.0,,
2026-06-08,399.54949999999997,408.95001220703125,,
2026-06-09,399.54949999999997,396.67999267578125,,
2026-06-10,399.54949999999997,381.5899963378906,,
2026-06-11,399.54949999999997,399.1499938964844,,
2026-06-12,390.4107317073171,406.42999267578125,,
2026-06-15,385.171,411.1499938964844,,
2026-06-16,385.171,404.6600036621094,,
2026-06-17,385.171,396.3800048828125,,
2026-06-18,380.60105263157897,400.489990234375,,
2026-06-22,375.99567567567567,405.04998779296875,,
2026-06-23,375.99567567567567,381.6099853515625,,
2026-06-24,375.99567567567567,375.5299987792969,,
2026-06-25,375.99567567567567,375.1199951171875,,
2026-06-26,375.99567567567567,379.7099914550781,,
2026-06-29,371.21777777777777,411.8399963378906,,
2026-06-30,371.21777777777777,420.6000061035156,,
2026-07-01,371.21777777777777,425.29998779296875,,
2026-07-02,373.4168421052632,393.45001220703125,,
2026-07-06,373.4168421052632,419.7699890136719,,
2026-07-07,385.9094736842106,402.8999938964844,,
2026-07-08,385.9094736842106,394.05999755859375,,
2026-07-09,387.34769230769234,406.54998779296875,,
2026-07-10,387.34769230769234,407.760009765625,,
2026-07-13,394.27076923076925,394.760009765625,,
2026-07-14,389.9160975609756,396.17999267578125,,
2026-07-15,389.9160975609756,394.4599914550781,,
